topt,xopt,uopt,zopt,y,solve_time
"[0.018159866333007812, 0.038159866333007816, 0.05815986633300781, 0.07815986633300781, 0.09815986633300781, 0.11815986633300782, 0.1381598663330078, 0.15815986633300783, 0.17815986633300782, 0.1981598663330078, 0.21815986633300782]","[0.00018736968399835565, 0.0013827098828241404, -0.0005761033740190494, -0.0010112554317911744, 0.0010485019326301342, -0.0003566391262694763, -0.0005091645410998501, 0.00011084486851804523, 0.001445522295861076, -0.0005850754392013373, -0.0009433739121285176, 0.0009755427716952301, -0.00013064812421513807, -0.00041118471152301156, -7.268570094682828e-05, 0.0018218009551928104, -0.0004944623789087013, -0.0006320972297155117, 0.0009216135122426175, 4.549358353384226e-05, -0.0007619512335936537, -0.0004021567230264787, 0.0026321870908376835, -0.00029095430610907115, -4.3642410387544355e-05, 0.0008873485609272558, 0.0001450010593459067, -0.0016084960641781119, -0.0009076873792643371, 0.0039747759106314225, 3.2479885103035195e-05, 0.0008536526582223667, 0.0008645810961218758, 0.00015164353796912609, -0.002874182568860723, -0.0016113519199136706, 0.005925718580338534, 0.0004800449312528837, 0.002115300637399207, 0.0008348985056284503, 6.883016826193904e-05, -0.00435131910758362, -0.002434846512047108, 0.008274734941317289, 0.0010038341859722705, 0.0035639508776981487, 0.0008037628920045795, -0.00010377916410222105, -0.005989630894706558, -0.003317135734026499, 0.01084779560467171, 0.0015582632351309402, 0.005050403089529738, 0.0007766741377360246, -0.0003603641041889437, -0.007734856430271075, -0.0042123534829731695, 0.013506375673157102, 0.0021025879967604072, 0.006455751193504611, 0.0007586782146187062, -0.0006900749952601968, -0.009530141356705785, -0.005087673179675472, 0.016145851981878616, 0.002602910637010022, 0.007692220568106485, 0.0007540841149314731, -0.0010783949152379146, -0.011319389779132546, -0.005921178701021414, 0.01869275669552619, 0.0030334462795133777, 0.008702294836922038, 0.000766304787538493, -0.0015085134455178721, -0.013050660609353783]","[-0.08115139772021635, -0.01305378604427796, -0.14795236811889242, -0.022835289049562852, -0.20101624295534468, -0.0299165372386779, -0.24154425356285422, -0.034862215816589666, -0.27111663253946283, -0.03818433755821211, -0.291516642940146, -0.040318304968710854, -0.3045895195243827, -0.04161770278287184, -0.31180495514904655, -0.04230950257259696, -0.31500364900470884, -0.042610925527182014, -0.3159178013972925, -0.0426974408516409]","[-3.189113735979632e-05, 0.004629242091134245, 0.0002981807651307733, 0.00011041394775190838, 0.004430816799775528, 0.0002585837301927185, 0.0004802017771985412, 0.004473350654810915, 0.0002324238024531411, 0.0011233281050571087, 0.004894351396488972, 0.00021291040281212759, 0.0020144932995747045, 0.005729520799535148, 0.00019160009373608844, 0.0030382149754832888, 0.006861974657093484, 0.0001618567015104766, 0.004167551625751997, 0.008312479118273153, 0.00012189048939337255, 0.005378306776870456, 0.010094461329053228, 7.135943714242643e-05, 0.006647455702684324, 0.012208719425657044, 1.15535432190228e-05, 0.007952495625141331, 0.014641904299296904, -5.436590462348789e-05, 0.009271353655223802, 0.0173672239216498, -0.0001215139151891087]","[-4.148685932159335e-05, 0.005719774961471552, 0.0004929602146148682, -0.00040421566963196043, 0.0006348693966865548, 0.0003862231969833374, -0.0081298828125, 0.00205078125, -4.150921106338412e-05, 0.005723224580287928, 0.0004884302616119385, -0.00040382078886032347, 0.0006320679783821115, 0.00038461387157440186, -0.0081298828125, 0.00205078125, -3.782862424850375e-05, 0.005721190571784968, 0.0004942417144775391, -0.00040325454473495725, 0.0006323361992836007, 0.00038276612758636475, -0.0081298828125, 0.00205078125, -3.9959490299223965e-05, 0.005723142623901362, 0.0004887878894805908, -0.0004032321929931665, 0.0006329694986343393, 0.0003831535577774048, -0.0081298828125, 0.00205078125, -4.678422212600619e-05, 0.0057197377085685674, 0.0004915595054626465, -0.0004050128817558313, 0.0006317550539970407, 0.0003808736801147461, -0.0081298828125, 0.00205078125]",0.03448843955993652
"[0.039308786392211914, 0.05930878639221192, 0.07930878639221192, 0.09930878639221191, 0.11930878639221192, 0.13930878639221192, 0.1593087863922119, 0.17930878639221193, 0.19930878639221192, 0.2193087863922119, 0.23930878639221193]","[0.00015613837808921245, 0.0013772610605012308, -0.0006037703171641786, -0.0010010091683879648, 0.0010469842101733745, -0.00035135866990092756, -0.000506125163290833, 7.365091291151106e-05, 0.0014649915024138353, -0.0006075060504589108, -0.0009162248404016585, 0.0009761517708651462, -0.00012450328066523374, -0.00044996028766067394, -0.0001320978748047047, 0.0019078101603435523, -0.0005050321412812556, -0.0005645917657394376, 0.0009260067877089705, 4.9481106072144946e-05, -0.0009004852921629824, -0.0005042646428412387, 0.0028381870401930505, -0.00028167810067887317, 9.026204485757624e-05, 0.0008969063014116043, 0.0001419048743788781, -0.0019020373673520844, -0.0010754712917826373, 0.004361839730368435, 7.019772919149548e-05, 0.001082707328495724, 0.0008794552411979565, 0.00013544998529537073, -0.0033586775835281147, -0.0018690068716727764, 0.006559340423409136, 0.0005551197047259639, 0.0024749577222874554, 0.0008529354625100877, 3.423914824448648e-05, -0.0050281961525230935, -0.0027919841968568246, 0.009183999403466833, 0.0011192928430481517, 0.004061918510166527, 0.0008244621576115661, -0.00016204144335010893, -0.00685533866601335, -0.0037738600619742152, 0.01203745765383704, 0.0017127345035329608, 0.005675750867384978, 0.0008009013015700318, -0.00044691209849324003, -0.008781641801616207, -0.004763261350123066, 0.01496642792251471, 0.002291632035948426, 0.007186500227682216, 0.0007883180906857708, -0.0008083975859717344, -0.01074695597191609, -0.005724800343114748, 0.01785867822769867, 0.002820171951654527, 0.008501310304331001, 0.0007916819165338005, -0.0012305799309769373, -0.012692600079962528, -0.006635996827514979, 0.020638032585985577, 0.003271536423519624, 0.009562013534057301, 0.0008158972406955267, -0.001695370752936793, -0.014563897257773569]","[-0.09297522806048747, -0.015320436065087715, -0.16776710060191433, -0.0265554519122869, -0.22587403808095236, -0.034475374233950584, -0.26928226889847723, -0.03982311950693109, -0.30024540262995086, -0.04326266496302075, -0.32110404917133767, -0.04535281304132799, -0.334144671224771, -0.0465418109494332, -0.3411852350733895, -0.047133079593631035, -0.3442452418053865, -0.047374351043835666, -0.345105417636577, -0.04743987859775207]","[-3.956456151588128e-05, 0.00462735810426107, 0.00029907823033781256, 0.00012171049012810187, 0.004457124854750916, 0.0002601049770927233, 0.0005445387908782351, 0.00457782829007769, 0.0002341958891047824, 0.0012778889999611742, 0.005136490628307566, 0.00021378414013817348, 0.0022884235633915395, 0.006162885775629956, 0.0001899211212488261, 0.003439872595536908, 0.007514312471961659, 0.00015586126556854651, 0.004701571906527979, 0.00921029483479252, 0.00011077191792630003, 0.006046812505459798, 0.01126256981345275, 5.5430503000497566e-05, 0.007450908143849411, 0.013669407700930503, -7.699368750557767e-06, 0.0088900867551025, 0.016413983752700645, -7.426991376213721e-05, 0.010340488234866774, 0.019464704383824305, -0.00013753916423109303]","[-4.121863842010409e-05, 0.00571721196174621, 0.0004974007606506348, -0.0004040145039558435, 0.0006321052312850961, 0.0003856569528579712, -0.0081298828125, 0.00205078125, -4.4005155563353604e-05, 0.005721034109592432, 0.0004937946796417236, -0.000402986323833468, 0.0006306151151657113, 0.0003848522901535034, -0.0081298828125, 0.00205078125, -3.7999987602233e-05, 0.005719268321990961, 0.0004906654357910156, -0.0004036419749259973, 0.000630056321620942, 0.0003854483366012573, -0.0081298828125, 0.00205078125, -3.9549708366393155e-05, 0.005717025697231287, 0.0004956424236297607, -0.00040459564924240354, 0.000631233513355256, 0.00038424134254455566, -0.0081298828125, 0.00205078125, -4.148685932159335e-05, 0.005719774961471552, 0.0004929602146148682, -0.00040421566963196043, 0.0006348693966865548, 0.0003862231969833374, -0.0081298828125, 0.00205078125]",0.03504467010498047
"[0.05593585968017578, 0.07593585968017579, 0.09593585968017579, 0.11593585968017578, 0.1359358596801758, 0.1559358596801758, 0.17593585968017578, 0.1959358596801758, 0.21593585968017578, 0.23593585968017577, 0.2559358596801758]","[0.00012154898017251638, 0.0013712490562297415, -0.0006352001250704992, -0.0009895320733065533, 0.0010454107311223745, -0.00035896553189276295, -0.000499352803521053, 3.337568955592146e-05, 0.0014838155457698962, -0.0006362755449362318, -0.0008871506235745314, 0.000976650660014149, -0.00012926877831840087, -0.00048515615102457494, -0.0001951452079026622, 0.0019926131344411677, -0.0005248319172505485, -0.0004944991641861223, 0.0009309047330787895, 4.600449485058939e-05, -0.0010354782147785084, -0.000611595430664025, 0.003041823739368369, -0.00028488083357186783, 0.0002274155404616447, 0.0009083410838956227, 0.00013605294840433015, -0.0021918395645926857, -0.0012512096787575234, 0.004744749237547443, 9.179040328004002e-05, 0.0013157319372210097, 0.0008982221312125739, 0.00012198445564469354, -0.0038390182562213003, -0.0021385224768582316, 0.007186413419637806, 0.0006099414119810154, 0.002839430982687663, 0.0008771922081536557, 7.952426223390496e-06, -0.005700418494591228, -0.0031653242298978956, 0.010084217184554186, 0.0012106323253980966, 0.0045656972433484756, 0.000853673267457496, -0.00020648606961632892, -0.007716068834954932, -0.0042510782487920765, 0.013215818751988908, 0.0018399973732974818, 0.006308044330890974, 0.000835627642895294, -0.0005143174499241271, -0.009823472725241889, -0.005338633348182937, 0.01641334803519983, 0.0024514435882044346, 0.00792541944748814, 0.000829980520722866, -0.000902537850084771, -0.01195925081273384, -0.006389934017378389, 0.01955699456473373, 0.0030073318231141105, 0.009319799277462638, 0.0008423085616660936, -0.0013539095414688892, -0.014062121407065607, -0.007381888054711504, 0.02256784777218453, 0.003479893429144934, 0.010432155714873576, 0.000876702670787299, -0.0018487071623420922, -0.01607562231740162]","[-0.10471056893613814, -0.017802252060306552, -0.18743481416210309, -0.030631585221074804, -0.2505583972123348, -0.03947110691635099, -0.29684928350324385, -0.04525650196769214, -0.32922576196335035, -0.048817525956711474, -0.3505735829453216, -0.050848670264679284, -0.363610209803914, -0.05190465337723693, -0.37049548682104305, -0.052377119791187254, -0.37342660190674354, -0.05254814738738761, -0.37423538801326134, -0.05258944188778464]","[-6.093394578066125e-05, 0.004630791364649056, 0.0003001993160660632, 0.00011541784150947976, 0.004489906132250532, 0.0002616918800502077, 0.0005892198306884922, 0.004688632998367304, 0.0002363592024847705, 0.0014125401220748124, 0.005383359357912898, 0.00021597836627007538, 0.0025436570359202992, 0.0065981571368762815, 0.00019109551535390068, 0.0038248357176049463, 0.00816513346990888, 0.00015464292895073228, 0.005221745554365942, 0.010102816742653786, 0.00010655414156612864, 0.0067052705920920275, 0.012421382229698796, 4.8606993797939424e-05, 0.00824915754724187, 0.015116617945010624, -1.5606509433219173e-05, 0.009828401692957067, 0.018168247785180114, -8.053640209793045e-05, 0.011418216036845674, 0.021540563248165334, -0.00013902522947439877]","[-3.7992537021636075e-05, 0.00572435706853866, 0.0004935264587402344, -0.00040418586730957273, 0.0006334165334701547, 0.00038298964500427246, -0.0081298828125, 0.00205078125, -3.711336851119906e-05, 0.00572348535060882, 0.0004935860633850098, -0.0004039325475692773, 0.0006326938271522531, 0.000383228063583374, -0.0081298828125, 0.00205078125, -3.73443365097037e-05, 0.0057242378592491094, 0.0004925131797790527, -0.0004039250969886804, 0.0006309801936149606, 0.0003840923309326172, -0.0081298828125, 0.00205078125, -3.6629080772399014e-05, 0.0057216897606849615, 0.0004864335060119629, -0.00040215185880661253, 0.0006298551559448251, 0.00038567185401916504, -0.0081298828125, 0.00205078125, -3.4744083881377286e-05, 0.005721533298492426, 0.0004897415637969971, -0.00040394744873047117, 0.0006310770511627206, 0.00038520991802215576, -0.0081298828125, 0.00205078125]",0.035372257232666016
"[0.06642413139343262, 0.08642413139343262, 0.10642413139343262, 0.12642413139343261, 0.14642413139343263, 0.16642413139343262, 0.1864241313934326, 0.20642413139343263, 0.22642413139343262, 0.2464241313934326, 0.26642413139343263]","[0.00012155347406360473, 0.001371219689118783, -0.0006351261794305082, -0.000989284304312843, 0.0010456539839930013, -0.0003590142935788296, -0.0005001268554933093, 2.381877283999569e-05, 0.0015078325058635424, -0.0006326825794522416, -0.0008704608657507067, 0.0009785321603121779, -0.0001300403656105091, -0.0005263239233062304, -0.00023053003768861357, 0.002081752254991827, -0.0005119255313101393, -0.000437832641747483, 0.0009367136654918706, 4.2337362903894616e-05, -0.001174330976018983, -0.0006935258644045678, 0.0032487630562136956, -0.00025562948227250194, 0.000350193993466786, 0.0009200225727709647, 0.00012564383289809125, -0.0024830425669761388, -0.001403112041213211, 0.005129627251441714, 0.00014493924039722856, 0.0015334725960914498, 0.0009162924635216808, 9.991172226596829e-05, -0.004318158752729041, -0.002385209609842023, 0.007813686796815912, 0.0006947671524712334, 0.003187658900105547, 0.0008996167806280097, -3.0232366166272316e-05, -0.006368905003485807, -0.0035168150539552447, 0.01098242680780022, 0.0013295122182674548, 0.00505239334847885, 0.0008798601007070683, -0.00026526246837201445, -0.008570493187401131, -0.0047076759192065335, 0.014389552561314304, 0.0019913597210000577, 0.006922666824364483, 0.000866216761729211, -0.0005976147839769262, -0.010856327375998568, -0.0058949446854994, 0.01785268881121069, 0.0026310320796718973, 0.008646418727064707, 0.0008665847951765161, -0.0010133028676534764, -0.013159784252563683, -0.007037847077267149, 0.021244565274710355, 0.0032092761390098493, 0.010120524222557395, 0.0008872348459050386, -0.0014938468533809296, -0.015417017110521855, -0.008112583583737103, 0.024483651044312847, 0.0036975762587460213, 0.011285189510972496, 0.0009326773226510561, -0.002018183778070806, -0.0175693444346325]","[-0.11639255183219904, -0.020188865676305467, -0.2070018180140351, -0.03458004022112393, -0.2750964657635024, -0.04435132798511475, -0.3242247520702341, -0.05061441889150166, -0.35797136104625477, -0.05435032287011025, -0.37977111697535293, -0.056377599845544725, -0.39277557517007927, -0.05734821111737766, -0.3994880399436276, -0.057734013640403065, -0.40228191456778567, -0.057851238373755595, -0.403037007907686, -0.057873485728459614]","[-6.076117640985146e-05, 0.004630803935864236, 0.00030038102249196896, 0.0001357788993630038, 0.004518663442603987, 0.000262356837562816, 0.0006627584471043946, 0.0047953668675009276, 0.0002375846083371158, 0.0015756555569743647, 0.0056265771671473175, 0.0002171087034676944, 0.0028249099647013054, 0.007030559160196237, 0.00019094466183933179, 0.004232004371576448, 0.008814180018323015, 0.0001517282180962809, 0.005759137180967544, 0.010994790401653187, 0.00010035546765774228, 0.007374961267411884, 0.01358075692977545, 3.979588872393691e-05, 0.00905183430180756, 0.016565133042001357, -2.5074805548364054e-05, 0.010763714410991554, 0.019923980090673865, -8.739046081096546e-05, 0.01248465922389963, 0.0236170073797215, -0.00013876410723145938]","[-3.902816772460849e-05, 0.005725154280662531, 0.0004916787147521973, -0.0004037090301513696, 0.0006318146586418161, 0.0003846883773803711, -0.0081298828125, 0.0031494140625, -4.11590337753287e-05, 0.00572096705436706, 0.0004895031452178955, -0.00040450624227524046, 0.00063241070508957, 0.0003821849822998047, -0.0081298828125, 0.0031494140625, -3.7992537021636075e-05, 0.00572435706853866, 0.0004935264587402344, -0.00040418586730957273, 0.0006334165334701547, 0.00038298964500427246, -0.0081298828125, 0.00205078125, -3.711336851119906e-05, 0.00572348535060882, 0.0004935860633850098, -0.0004039325475692773, 0.0006326938271522531, 0.000383228063583374, -0.0081298828125, 0.00205078125, -3.73443365097037e-05, 0.0057242378592491094, 0.0004925131797790527, -0.0004039250969886804, 0.0006309801936149606, 0.0003840923309326172, -0.0081298828125, 0.00205078125]",0.03528285026550293
"[0.09894227981567383, 0.11894227981567383, 0.13894227981567384, 0.15894227981567383, 0.17894227981567384, 0.19894227981567383, 0.21894227981567382, 0.23894227981567384, 0.25894227981567386, 0.2789422798156738, 0.29894227981567384]","[0.00012151006992661068, 0.0013711547544338991, -0.0006345617764845098, -0.0009887753595627642, 0.0010469023193792864, -0.00035912323340818756, -0.0004969477690638072, 1.418097842535524e-05, 0.0015315967811864147, -0.0006287200490728056, -0.0008528868569498178, 0.0009812693637497741, -0.00013074901768885254, -0.0005636436945527544, -0.0002661676007204191, 0.0021701654713994984, -0.0004989609071831163, -0.00037980654747597634, 0.0009432355865181957, 3.916010845857902e-05, -0.001309331497464624, -0.0007760754132396102, 0.0034541774985280215, -0.00022686085360021802, 0.00047464883900194023, 0.0009323440400167424, 0.00011645877474024035, -0.0027702304899783806, -0.0015562422186355224, 0.0055118217214108626, 0.000196799229948914, 0.001753054094380716, 0.0009350785957631345, 8.001989925348737e-05, -0.004793013987604608, -0.002634013454730061, 0.008436754581592144, 0.0007771852204712243, 0.00353774100257272, 0.0009229903840678592, -6.519932114489457e-05, -0.007032871327513851, -0.003871495151333776, 0.011874800879201265, 0.0014447357081397705, 0.005540920385235402, 0.0009073208352702339, -0.0003197080821333861, -0.009420270605821478, -0.005168647264847875, 0.015555891536362087, 0.002137829218571052, 0.007539134467225318, 0.0008984480039308582, -0.0006754059501154117, -0.0118845401876955, -0.006456870749325904, 0.019283245674372004, 0.0028046023145534556, 0.009369348343372134, 0.0009052244617652572, -0.0011173510971119055, -0.014355792120319755, -0.007692628001066333, 0.02292216388430207, 0.003404245779799281, 0.010923335024742336, 0.0009346204123722529, -0.0016258593248877433, -0.0167675692813484, -0.008851375648791382, 0.026388477446889887, 0.00390752105908216, 0.012140512360554013, 0.0009915845663507016, -0.0021785731491694433, -0.019058920877987783]","[-0.12801152185938844, -0.022620362301039695, -0.22646227574621658, -0.038607512250001114, -0.2995040655482544, -0.04933622556573543, -0.351462831533991, -0.0560960761069003, -0.38658451826576057, -0.060020753975278715, -0.40884649817568003, -0.06205394017056171, -0.4218283006624986, -0.06294554692647741, -0.4283748070442342, -0.06324860491677421, -0.4310352115364699, -0.06331413019621059, -0.43173791574213133, -0.06331810709864487]","[-6.177224381520574e-05, 0.004627183771163779, 0.0003013637274591474, 0.00015424216016279857, 0.0045427050212820674, 0.00026382634895494306, 0.0007339095675396035, 0.004896148799896416, 0.00023962614592676346, 0.0017361208077955048, 0.005862407246244317, 0.0002191443700425566, 0.00310342493713045, 0.007454060231498527, 0.00019196618261307918, 0.004636414889668483, 0.009453068596046776, 0.00015043419589577667, 0.006293859142533886, 0.011875672654090508, 9.64292242140452e-05, 0.00804223282611316, 0.014728381429006898, 3.4159368972552784e-05, 0.009852542394957364, 0.018001398170157223, -3.0153840991253844e-05, 0.011697716340166586, 0.021666999513917595, -8.826295675001816e-05, 0.013550632412629549, 0.025680224739077495, -0.00013050234002243144]","[-3.911757469177157e-05, 0.005721734464168543, 0.0004887878894805908, -0.00040356746912002806, 0.0006300861239433297, 0.0003847479820251465, -0.0081298828125, 0.00205078125, -4.370713233947665e-05, 0.005722554028034205, 0.0004898011684417725, -0.0004046403527259851, 0.0006318146586418161, 0.0003833770751953125, -0.0081298828125, 0.00205078125, -3.902816772460849e-05, 0.005725154280662531, 0.0004916787147521973, -0.0004037090301513696, 0.0006318146586418161, 0.0003846883773803711, -0.0081298828125, 0.0031494140625, -4.11590337753287e-05, 0.00572096705436706, 0.0004895031452178955, -0.00040450624227524046, 0.00063241070508957, 0.0003821849822998047, -0.0081298828125, 0.0031494140625, -3.7992537021636075e-05, 0.00572435706853866, 0.0004935264587402344, -0.00040418586730957273, 0.0006334165334701547, 0.00038298964500427246, -0.0081298828125, 0.00205078125]",0.06872010231018066
"[0.11307120323181152, 0.1330712032318115, 0.15307120323181153, 0.17307120323181152, 0.19307120323181154, 0.21307120323181153, 0.23307120323181152, 0.25307120323181154, 0.27307120323181155, 0.2930712032318115, 0.31307120323181153]","[0.00012149504100892813, 0.0013711016012201143, -0.0006343071962407828, -0.0009883644969026293, 0.0010484610281980276, -0.00035996937136004435, -0.0004973757818393212, 4.5777782620841686e-06, 0.0015554750406084916, -0.0006251753077453728, -0.0008360340770012595, 0.0009843453742237251, -0.0001321387110876511, -0.0006044033091281614, -0.000301711030996929, 0.002258803708267887, -0.00048645237257476543, -0.0003230929825410864, 0.0009500516291152777, 3.535633250039996e-05, -0.001447580087755528, -0.0008583829879346786, 0.003659871019685777, -0.0001985056351405772, 0.0005971739186921726, 0.0009447091046845963, 0.00010675301219283382, -0.0030604434954942207, -0.0017088536248757971, 0.00589418280555745, 0.00024837860310819327, 0.001969981568815587, 0.0009533306276826812, 5.983172833533285e-05, -0.005270500822276936, -0.0028818529307097994, 0.009059568399712798, 0.0008595454731341462, 0.0038842628556268193, 0.00094499983351063, -0.00010012374476103189, -0.007698672568912575, -0.004224603439266029, 0.012765997038674915, 0.0015601232839971395, 0.00602473453123985, 0.0009325675662948606, -0.00037377793686923594, -0.010270493411423177, -0.005627284078538637, 0.01671953159562315, 0.0022846113496597284, 0.008149507427016563, 0.0009277921896533036, -0.0007525843422750246, -0.012911163061586454, -0.007015561448675675, 0.0207090097982854, 0.0029785186598472475, 0.010084668733197591, 0.0009406046801954769, -0.0012206918363997976, -0.015547605971605644, -0.008343167604485517, 0.024592429165659138, 0.003599470018554552, 0.011717044182174192, 0.000978732757547932, -0.001757215196420001, -0.01811091346942397, -0.009584860840333323, 0.028283168426088502, 0.004117518231749098, 0.012985442093656182, 0.0010475761933753213, -0.0023384726479952927, -0.020538052219781833]","[-0.13964201940095283, -0.02503835375235715, -0.24592483025414444, -0.04261180277058431, -0.3238803271542103, -0.054289557918792454, -0.3786156330659736, -0.061537810173775215, -0.41504758500416955, -0.06564283750651369, -0.4377092016776888, -0.06767413602858782, -0.45062018281667676, -0.06848073007988863, -0.4569696542089505, -0.06869633856402928, -0.4594807372358117, -0.06870701208905704, -0.4601258869799105, -0.06869134690370841]","[-6.210768816794499e-05, 0.004626811241939421, 0.0003024379385880849, 0.0001738523673293635, 0.00457106520034678, 0.0002653039729381135, 0.000806657271318123, 0.005002215116866271, 0.00024155867828934419, 0.0018986547735351245, 0.006104384604238788, 0.00022087181011531953, 0.00338449820062392, 0.007884391654119582, 0.00019237564971819054, 0.0050437634969642264, 0.010099186795211601, 0.00014816537143946817, 0.006831543213303259, 0.01276377959782904, 9.134899398866025e-05, 0.008711939176730521, 0.01588268358038114, 2.7585324085865892e-05, 0.010654493806906418, 0.019443144972469018, -3.541859970246364e-05, 0.01263107004627928, 0.02341360768303513, -8.79634896024939e-05, 0.014613387750450624, 0.02774445158853922, -0.00011909357012651611]","[-3.911757469177157e-05, 0.005721734464168543, 0.0004887878894805908, -0.00040356746912002806, 0.0006300861239433297, 0.0003847479820251465, -0.0081298828125, 0.00205078125, -4.370713233947665e-05, 0.005722554028034205, 0.0004898011684417725, -0.0004046403527259851, 0.0006318146586418161, 0.0003833770751953125, -0.0081298828125, 0.00205078125, -3.902816772460849e-05, 0.005725154280662531, 0.0004916787147521973, -0.0004037090301513696, 0.0006318146586418161, 0.0003846883773803711, -0.0081298828125, 0.0031494140625, -4.11590337753287e-05, 0.00572096705436706, 0.0004895031452178955, -0.00040450624227524046, 0.00063241070508957, 0.0003821849822998047, -0.0081298828125, 0.0031494140625, -3.7992537021636075e-05, 0.00572435706853866, 0.0004935264587402344, -0.00040418586730957273, 0.0006334165334701547, 0.00038298964500427246, -0.0081298828125, 0.00205078125]",0.03542137145996094
"[0.13589692115783691, 0.1558969211578369, 0.17589692115783692, 0.1958969211578369, 0.21589692115783693, 0.23589692115783692, 0.2558969211578369, 0.2758969211578369, 0.29589692115783695, 0.3158969211578369, 0.3358969211578369]","[0.00012143423307637636, 0.0013711333359441575, -0.000633925149360218, -0.0009891515602042525, 0.0010466944646293488, -0.0003587810280753147, -0.0005010174800814212, -5.1395859921491615e-06, 0.001579044244978412, -0.0006213103975329407, -0.0008211297200305556, 0.0009843189143666322, -0.00013145584260092476, -0.000647411003593233, -0.0003374339964464007, 0.0023460453352074813, -0.0004737354304988168, -0.00026928988492671364, 0.0009539835524820788, 3.393142306809406e-05, -0.001586108266048381, -0.0009409750777501389, 0.003862244771931806, -0.00017043309840274464, 0.0007156758321202392, 0.0009545713600898864, 0.00010000546035871988, -0.0033480203061539136, -0.0018619571130453754, 0.0062704342467181364, 0.00029874183699206804, 0.002181704128669115, 0.0009698093815767706, 4.335858474204508e-05, -0.005741913096414273, -0.0031305644838196677, 0.00967267149140797, 0.0009392488320873382, 0.004224348664170412, 0.0009663072323453007, -0.00013052111080374113, -0.008355170166403041, -0.004579214416328463, 0.013643832277629237, 0.0016711830605276997, 0.006501298681522329, 0.0009583010843998857, -0.0004223679420770536, -0.011108709606525881, -0.006088338737835357, 0.017866604069712706, 0.002425385738352538, 0.008752492302084296, 0.000958753270239039, -0.0008231458890851947, -0.013923763821559465, -0.007577854068572823, 0.022115674361551936, 0.003144892951207915, 0.010793204127725307, 0.000978578996459312, -0.001316104334205075, -0.016724079709866543, -0.00899870262956739, 0.026241753410058556, 0.0037858530735103966, 0.012505224496846842, 0.001026237843060183, -0.0018792096988617351, -0.01943821242660163, -0.010324857422428182, 0.030155642435365084, 0.004317645830545395, 0.013826567281651677, 0.0011075968186957952, -0.0024875335424735835, -0.02200093111360572]","[-0.1510824551197141, -0.027483709774455384, -0.2650814854124724, -0.04667010460359483, -0.3479024228651353, -0.059323988714893666, -0.4054200802551569, -0.06708792006760647, -0.44320298367917443, -0.07139943087685217, -0.46631825588663756, -0.07345200568407138, -0.4792068623877356, -0.07419184889633318, -0.4853931446230063, -0.07433250459164209, -0.48777292002436295, -0.07429525339918863, -0.48836649158753936, -0.07426243744764954]","[-5.811095338170702e-05, 0.004629387093596282, 0.0003011488504887083, 0.00019864215679099573, 0.0046020363740861825, 0.000264546921322939, 0.0008848907572927001, 0.0051094949314927085, 0.0002414502247987116, 0.0020663414283328407, 0.006344964419620958, 0.0002209747869805767, 0.0036697655504069893, 0.008309773562465317, 0.0001919527408404953, 0.005453901762739077, 0.01073661607730969, 0.00014617439695907564, 0.007370405146339465, 0.01363948614301691, 8.788068025822326e-05, 0.009381234981231668, 0.017020981809122482, 2.4126341628072367e-05, 0.011454639527036292, 0.02086537704482261, -3.590346519022347e-05, 0.013561514245528095, 0.025137239413096424, -8.103300579076489e-05, 0.015672462241474783, 0.02978227403443956, -9.898597694979472e-05]","[-3.911757469177157e-05, 0.005721734464168543, 0.0004887878894805908, -0.00040356746912002806, 0.0006300861239433297, 0.0003847479820251465, -0.0081298828125, 0.00205078125, -4.370713233947665e-05, 0.005722554028034205, 0.0004898011684417725, -0.0004046403527259851, 0.0006318146586418161, 0.0003833770751953125, -0.0081298828125, 0.00205078125, -3.902816772460849e-05, 0.005725154280662531, 0.0004916787147521973, -0.0004037090301513696, 0.0006318146586418161, 0.0003846883773803711, -0.0081298828125, 0.0031494140625, -4.11590337753287e-05, 0.00572096705436706, 0.0004895031452178955, -0.00040450624227524046, 0.00063241070508957, 0.0003821849822998047, -0.0081298828125, 0.0031494140625, -3.7992537021636075e-05, 0.00572435706853866, 0.0004935264587402344, -0.00040418586730957273, 0.0006334165334701547, 0.00038298964500427246, -0.0081298828125, 0.00205078125]",0.07669186592102051
"[0.16540837287902832, 0.1854083728790283, 0.20540837287902833, 0.22540837287902832, 0.24540837287902834, 0.2654083728790283, 0.2854083728790283, 0.30540837287902833, 0.32540837287902835, 0.3454083728790283, 0.36540837287902833]","[0.00012143857263161746, 0.0013711678056370507, -0.0006340665326635985, -0.0009895141254185771, 0.0010469886030254165, -0.00035849621886779767, -0.0005024715596265583, -2.4465430458603106e-05, 0.0016259997296914578, -0.0006149263495317049, -0.0007891480504225512, 0.0009877298597467206, -0.00013155108667228316, -0.0007281380699621102, -0.00040899918738984713, 0.002519975355493974, -0.00045018814474552396, -0.00015875933818845523, 0.0009648434048732381, 3.073405661736634e-05, -0.0018586642483290647, -0.0011067465003852417, 0.004265667360694618, -0.00011684433160730464, 0.0009559879823801081, 0.000976553635917396, 8.782498310143666e-05, -0.003919559384257036, -0.0021694496235435705, 0.007020208914478649, 0.0003960835432312113, 0.002608306290806978, 0.0010038917423061482, 1.389008787119596e-05, -0.006681783607781259, -0.003630168538091355, 0.01089385636866858, 0.0010942127909961323, 0.004906852505421275, 0.0010086566381610812, -0.00018544286630535608, -0.009665223035584597, -0.00529146356448253, 0.015391186740328093, 0.0018876903185987121, 0.007455183262117354, 0.0010081932275830105, -0.0005112912716652753, -0.012781248173779937, -0.007014113054624253, 0.02014813918565961, 0.002700113696514284, 0.009956957458227913, 0.001018163062152824, -0.0009538280529780762, -0.015943035051943607, -0.008706461288832767, 0.024911241897099604, 0.0034696245512752266, 0.012206025205823208, 0.001051646140013745, -0.0014946163947896773, -0.019068044954532418, -0.010313873968236565, 0.029516888281917356, 0.00414946047051301, 0.014074402965706978, 0.0011186736349318418, -0.0021093684042983256, -0.022079956676208087, -0.011808809152920211, 0.03387104096650615, 0.004707689376876897, 0.015498851660823591, 0.0012260913255546593, -0.002770650925700797, -0.02490938991358844]","[-0.17393305991779207, -0.03243586486727525, -0.30330958982827144, -0.054889371958180194, -0.39577891920607566, -0.06951822890233146, -0.45875687664502485, -0.07832108409410181, -0.4991286192141597, -0.0830425170282578, -0.5230466828057546, -0.08512894926350739, -0.5358099741057831, -0.08572569099536657, -0.5416181598470701, -0.08570822667796921, -0.5437091951747022, -0.08556977639570479, -0.5441912260025906, -0.08550049294405927]","[-5.705777962150549e-05, 0.004630931010779271, 0.00030124701649203445, 0.00024020212811937114, 0.004659298730129713, 0.00026557326719078844, 0.0010330856366007612, 0.005318342396725573, 0.00024356460832031246, 0.002394120898558283, 0.0068194138559576345, 0.0002232053777104781, 0.004234171537244924, 0.00915286993004294, 0.00019280436830637626, 0.006269772470782753, 0.012003049516199127, 0.00014364546224499009, 0.0084452656103573, 0.015381749585316573, 8.267643854864559e-05, 0.010717989728043165, 0.019287390323850406, 2.0164202683581323e-05, 0.013053397018935708, 0.023697926475142683, -3.1435555211345445e-05, 0.015420337345548818, 0.028569893521877, -5.77954873319797e-05, 0.017787126927431673, 0.033839510086006275, -4.392087081228624e-05]","[-3.911757469177157e-05, 0.005721734464168543, 0.0004887878894805908, -0.00040356746912002806, 0.0006300861239433297, 0.0003847479820251465, -0.0081298828125, 0.00205078125, -4.370713233947665e-05, 0.005722554028034205, 0.0004898011684417725, -0.0004046403527259851, 0.0006318146586418161, 0.0003833770751953125, -0.0081298828125, 0.00205078125, -3.902816772460849e-05, 0.005725154280662531, 0.0004916787147521973, -0.0004037090301513696, 0.0006318146586418161, 0.0003846883773803711, -0.0081298828125, 0.0031494140625, -4.11590337753287e-05, 0.00572096705436706, 0.0004895031452178955, -0.00040450624227524046, 0.00063241070508957, 0.0003821849822998047, -0.0081298828125, 0.0031494140625, -3.7992537021636075e-05, 0.00572435706853866, 0.0004935264587402344, -0.00040418586730957273, 0.0006334165334701547, 0.00038298964500427246, -0.0081298828125, 0.00205078125]",0.06101250648498535
"[0.30593132972717285, 0.32593132972717287, 0.34593132972717283, 0.36593132972717285, 0.38593132972717287, 0.40593132972717283, 0.42593132972717285, 0.44593132972717286, 0.4659313297271729, 0.48593132972717284, 0.5059313297271728]","[0.00012136368538908629, 0.0013712555221675577, -0.000634052868769948, -0.0009906647977155525, 0.0010458831217697011, -0.0003622901437272703, -0.0004993954959874692, -9.273377240187427e-05, 0.0017850164409632533, -0.0005954641249514899, -0.0006783095606756847, 0.0009969269842236192, -0.0001321462577699316, -0.0009968829479221144, -0.0006619877642304049, 0.0031088158142354968, -0.00037803556908180466, 0.00022156734885602836, 0.0009984219618919203, 3.0868202693916146e-05, -0.0027842501208007278, -0.0016931803199474586, 0.005630686235188955, 4.8238190390000546e-05, 0.0017800958635293242, 0.0010462971940342386, 7.580133522703895e-05, -0.0058675615568897985, -0.003257860570528253, 0.009555541683250048, 0.0006965349219076656, 0.004068224426341855, 0.0011126800939970267, -3.296116824225026e-05, -0.009887212666322899, -0.0053994360718915176, 0.015020561569254865, 0.00157194137352674, 0.007239308518939935, 0.00114365445338872, -0.00029283288689339724, -0.014130913329482513, -0.007814881291978482, 0.02129132840234327, 0.0025536490837955355, 0.01071178600446863, 0.0011682403184376197, -0.0007076294234593582, -0.0184770259331364, -0.010295372990237275, 0.02784535033002802, 0.003542743465719187, 0.014065745747833697, 0.0012123335675372376, -0.001266012249002792, -0.022811170448804083, -0.012708168741651342, 0.03433428894983413, 0.004462193133107832, 0.017022615257342173, 0.001297278042369335, -0.0019447329176573546, -0.027029682829329035, -0.014978727436880222, 0.04054693322604922, 0.005256261473672414, 0.019422005399768988, 0.0014391472414942606, -0.0027124931691397437, -0.031040228831466808, -0.017073971500406945, 0.04637388666639048, 0.005889030828423592, 0.021197409856473896, 0.0016486018357042677, -0.003533753970140915, -0.03476006700126568]","[-0.25159447520382844, -0.0504983997105124, -0.4330592031917454, -0.08493997596250716, -0.5580319931711688, -0.10688463391012203, -0.639222343033641, -0.1196049645937435, -0.6880417590599746, -0.12594741643953658, -0.7143763906859805, -0.1282693596743956, -0.7264741752030954, -0.12843560699515236, -0.7308442127145719, -0.12789968441802457, -0.7318769980292895, -0.12742007694517907, -0.7319554884627412, -0.12722593733956958]","[-5.991256925597099e-05, 0.00463275737175417, 0.00030044880516255645, 0.0003763459664307689, 0.004848636220716962, 0.0002679641110727715, 0.0015406237766875108, 0.006019574446155307, 0.0002495825544253094, 0.003529451504908021, 0.00841847843668786, 0.00023040054375433883, 0.006197407628196094, 0.011999556204507211, 0.0001986560819888794, 0.009111324985427105, 0.016286080861335428, 0.00014416587847154716, 0.012188695658809312, 0.02128246263024547, 8.577796458109077e-05, 0.015370068786358937, 0.026970561430075257, 4.751378709322296e-05, 0.018610927747169548, 0.03330351483847993, 5.529567507167599e-05, 0.02187293292575543, 0.040207691913549226, 0.00013583153441132367, 0.025116360705498497, 0.04758544512641327, 0.00031410719719282554]","[-3.911757469177157e-05, 0.005721734464168543, 0.0004887878894805908, -0.00040356746912002806, 0.0006300861239433297, 0.0003847479820251465, -0.0081298828125, 0.00205078125, -4.370713233947665e-05, 0.005722554028034205, 0.0004898011684417725, -0.0004046403527259851, 0.0006318146586418161, 0.0003833770751953125, -0.0081298828125, 0.00205078125, -3.902816772460849e-05, 0.005725154280662531, 0.0004916787147521973, -0.0004037090301513696, 0.0006318146586418161, 0.0003846883773803711, -0.0081298828125, 0.0031494140625, -4.11590337753287e-05, 0.00572096705436706, 0.0004895031452178955, -0.00040450624227524046, 0.00063241070508957, 0.0003821849822998047, -0.0081298828125, 0.0031494140625, -3.7992537021636075e-05, 0.00572435706853866, 0.0004935264587402344, -0.00040418586730957273, 0.0006334165334701547, 0.00038298964500427246, -0.0081298828125, 0.00205078125]",0.06183481216430664
"[0.36313295364379883, 0.38313295364379885, 0.4031329536437988, 0.4231329536437988, 0.44313295364379884, 0.4631329536437988, 0.4831329536437988, 0.5031329536437988, 0.5231329536437989, 0.5431329536437988, 0.5631329536437988]","[0.0001692132400884624, 0.0013795459344982152, -0.0005949268164554428, -0.0010044820002260773, 0.0010531115451359037, -0.00042467268371210393, -0.0004703626313316792, -7.929923280558113e-05, 0.0018575983756370876, -0.0005616033205951664, -0.0006398266917732204, 0.0010074989471896762, -0.00018849249362514115, -0.0010819868945794939, -0.0007350752556181207, 0.003356344073892319, -0.00033823969145857437, 0.0003776437626703791, 0.0010176360848077712, -1.214266974645253e-05, -0.0031454222000346934, -0.0019195495344794835, 0.00619433328383029, 0.00010793391031459225, 0.002125678584574695, 0.0010784258694641919, 4.9009215959577916e-05, -0.006657979549785125, -0.0037132991296346682, 0.010595611861951296, 0.0007908763775471389, 0.004682324457796617, 0.0011584557744207357, -4.6716066432846066e-05, -0.0112045765280845, -0.0061644468309845855, 0.01670794648350002, 0.0017148821590762305, 0.008219466283404909, 0.0011976612590748818, -0.0003018828775106528, -0.015974822306948563, -0.008922226478112503, 0.02369886548648995, 0.002749756301978856, 0.012078116760742505, 0.0012305128551632742, -0.0007229483310881896, -0.020832983167955735, -0.01174631720229405, 0.030981089500198147, 0.0037896338064375727, 0.015786923445352662, 0.001287673719200316, -0.0012991882835608213, -0.025653086116873596, -0.01448540891498999, 0.03816773787813437, 0.004752641476416062, 0.019037459194882346, 0.001394324743000623, -0.0020062958141160866, -0.030322796094162604, -0.01705603079408508, 0.04502854687850049, 0.005580001807284298, 0.02165633524788849, 0.0015693386086097249, -0.0028107400905302026, -0.03474341432974344, -0.019422725308653868, 0.05144831646416322, 0.006234233337490667, 0.02357626230432764, 0.001825148676729924, -0.003674111664960235, -0.03882701926665284]","[-0.28356850711580933, -0.05917243106407491, -0.48639786647757105, -0.09939266276041826, -0.6246163874614792, -0.12487467571537628, -0.7131377233171802, -0.1394918955825242, -0.7652612939054149, -0.14661660486372635, -0.7924328689901358, -0.14904609934496607, -0.804132200698975, -0.1489961855192544, -0.8078291686600284, -0.14820192778189195, -0.8083850398381454, -0.14755207729131886, -0.8082841599656811, -0.14729540709581723]","[-0.00011048861389673093, 0.004642616881448625, 0.00030301720417247324, 0.0003682381221827846, 0.00493846234379447, 0.0002715749828219316, 0.0016798334966825479, 0.00632112661905726, 0.00025412829778082013, 0.003932368112865348, 0.009088463066652785, 0.00023499157303952245, 0.00695599916062295, 0.013180262039871327, 0.00020327478595350001, 0.010250932472805507, 0.01805526166037641, 0.0001484803197189244, 0.01372249478278409, 0.023714749784978117, 9.558565007772302e-05, 0.01730359908100909, 0.030132562014138387, 7.557244168676647e-05, 0.020945138646602857, 0.037250031201750744, 0.00012095766038999756, 0.024605343683828718, 0.04497984201986549, 0.0002642423889009926, 0.028240550226113603, 0.05320981848758466, 0.0005347611536583585]","[-3.911757469177157e-05, 0.005721734464168543, 0.0004887878894805908, -0.00040356746912002806, 0.0006300861239433297, 0.0003847479820251465, -0.0081298828125, 0.00205078125, -4.370713233947665e-05, 0.005722554028034205, 0.0004898011684417725, -0.0004046403527259851, 0.0006318146586418161, 0.0003833770751953125, -0.0081298828125, 0.00205078125, -3.902816772460849e-05, 0.005725154280662531, 0.0004916787147521973, -0.0004037090301513696, 0.0006318146586418161, 0.0003846883773803711, -0.0081298828125, 0.0031494140625, -4.11590337753287e-05, 0.00572096705436706, 0.0004895031452178955, -0.00040450624227524046, 0.00063241070508957, 0.0003821849822998047, -0.0081298828125, 0.0031494140625, -3.7992537021636075e-05, 0.00572435706853866, 0.0004935264587402344, -0.00040418586730957273, 0.0006334165334701547, 0.00038298964500427246, -0.0081298828125, 0.00205078125]",0.06536126136779785
"[0.3989138603210449, 0.41891386032104494, 0.4389138603210449, 0.4589138603210449, 0.47891386032104494, 0.4989138603210449, 0.5189138603210449, 0.5389138603210449, 0.558913860321045, 0.5789138603210449, 0.5989138603210449]","[0.00018090676142109693, 0.0013815894617121426, -0.0005837914328907471, -0.0010080950217159247, 0.0010500624061027734, -0.00038569357998014447, -0.0004902594791593047, -7.904655873718121e-05, 0.0018805160969921652, -0.0005410659961826663, -0.0006321268049931851, 0.0010057196639774507, -0.00015253686319574217, -0.0011370984883413064, -0.0007615457749975967, 0.0034364199941953793, -0.00030464078029185154, 0.000418071774087468, 0.0010190090474463647, 1.8986756909811183e-05, -0.003286431182933135, -0.0019924074650134052, 0.006377815899944316, 0.0001588487253206232, 0.00222259113738653, 0.001084537681271166, 7.263904596416171e-05, -0.006932990519762654, -0.003854991777917425, 0.010934966221494435, 0.0008633492793720823, 0.00486192354815547, 0.0011697473085177856, -3.397158214019665e-05, -0.011644252365273543, -0.006398973672011829, 0.017259046182125395, 0.0018128403234806978, 0.008513990016514171, 0.0012125747482344767, -0.0003032581269963337, -0.016578812445577643, -0.009259773258153593, 0.024485350731876843, 0.0028726360964919603, 0.012495088397460231, 0.001249204325283367, -0.0007417581009538509, -0.021596589815467814, -0.012187880375584612, 0.03200535187838378, 0.0039337772225465336, 0.016317425704795517, 0.0013118368266331023, -0.0013383563651567277, -0.0265680336730756, -0.01502644799332088, 0.039419579141590375, 0.0049125046753246285, 0.01966298984086523, 0.001426915802661352, -0.0020680003155790854, -0.03137813272773881, -0.017689188962190936, 0.046491598561350614, 0.005749149029038506, 0.0223541503236413, 0.0016142505134158168, -0.0028961722944179707, -0.03592623063563027, -0.020139697150395743, 0.05310439122084019, 0.006406100313245804, 0.024323243392507448, 0.0018868752616953014, -0.003783341145095629, -0.04012282780102624]","[-0.2939732873341825, -0.06154916667546636, -0.5037450218212698, -0.10338870759524459, -0.6462594004946242, -0.12990439226782727, -0.737151170964, -0.14512414464066198, -0.7903367506078104, -0.15255312774455015, -0.8177711185363346, -0.1550983194781026, -0.8293356250916304, -0.15506226951369256, -0.8328113405228168, -0.15424647832868016, -0.8332113215405947, -0.1535753533634943, -0.8330519497782423, -0.15330963398915876]","[-6.819575605954142e-05, 0.004633294802593113, 0.00029998569626421556, 0.0004447442736794649, 0.004951289329653719, 0.00026917576986296154, 0.0018180264854676942, 0.0064003686160356565, 0.0002526213350346751, 0.004162685130706167, 0.009286653385360832, 0.00023447287353750568, 0.007301242703712685, 0.013545218112450907, 0.00020406011314388905, 0.010713818858208102, 0.01861360628370967, 0.0001505016793501568, 0.01430210723195624, 0.02449205818736022, 0.00010085626494493738, 0.01799697322483862, 0.031151642883409547, 8.845151696945663e-05, 0.021748350000429628, 0.03852961833545088, 0.00014801090424665375, 0.02551398420148665, 0.046533958299135314, 0.0003139677184123002, 0.029249685847812845, 0.055047507524945694, 0.0006171030413906209]","[0.0002698654532432565, 0.006683127582073206, 0.0004182159900665283, -0.00033365122079849485, 0.001016033649444581, 0.000319063663482666, -0.0147216796875, -0.000146484375, 0.00026747381687164395, 0.006620542705059046, 0.0004182755947113037, -0.00030498138666153196, 0.0010150278210639962, 0.0003193020820617676, -0.0147216796875, -0.000146484375, 0.00024324452877044767, 0.006542900204658503, 0.00042438507080078125, -0.00033020905256271604, 0.0009490454792976388, 0.0003182739019393921, -0.0147216796875, -0.000146484375, 0.0002164894938468942, 0.006430388987064356, 0.000424116849899292, -0.00038871846199035887, 0.0008419731855392465, 0.0003287792205810547, -0.0147216796875, -0.000146484375, 0.00017513132095337003, 0.0063255816698074285, 0.00042635202407836914, -0.00042422792911529783, 0.0007813627123832712, 0.0003258734941482544, -0.0147216796875, -0.000146484375]",0.06689047813415527
"[0.3989138603210449, 0.41891386032104494, 0.4389138603210449, 0.4589138603210449, 0.47891386032104494, 0.4989138603210449, 0.5189138603210449, 0.5389138603210449, 0.558913860321045, 0.5789138603210449, 0.5989138603210449]","[0.00018090676140684254, 0.0013815894614415708, -0.0005837914324695454, -0.0010080950206720677, 0.0010500624057815974, -0.0003856935806202513, -0.0004902594806505378, -0.000234240222905116, 0.0023042300085429047, -0.00047011065778466586, -0.0003283280264531857, 0.0010264253597674366, -0.00018412865299525908, -0.00170299150530082, -0.001112203978211977, 0.004386802101706502, -0.00015353871483745975, 0.0010419373834315857, 0.0010563822926310858, -5.5128989070223704e-05, -0.0043932779311706745, -0.0025610023190952343, 0.007907434587185172, 0.0003900574466683235, 0.0031769327202555626, 0.0011230114153746081, -4.291403440226772e-05, -0.008383337676953094, -0.004648981295238391, 0.013054459566117985, 0.0011708310479258011, 0.006188752163623257, 0.0011821968715522682, -0.00017019542224154234, -0.013082858441439279, -0.007274478722987325, 0.0195645161141306, 0.0021227358371304, 0.009910872654903433, 0.0012112999172459614, -0.0004543121965293634, -0.01793255145133043, -0.010113388882419824, 0.026688038350605618, 0.0031311591672001575, 0.013744371740507638, 0.0012449367530890806, -0.0008974000925528813, -0.022797042256164895, -0.01294938898911141, 0.03391059026885993, 0.00410501648125254, 0.01727529193991699, 0.0013127171682387503, -0.0014852536423047413, -0.027554244814078033, -0.015652156518560695, 0.04090766411836234, 0.004976110939847629, 0.02024799134085244, 0.0014379506829967261, -0.0021910580058733344, -0.032099334838723396, -0.018155898372911927, 0.04750038980999384, 0.00569783538975721, 0.0225354175643489, 0.0016371690624271808, -0.0029798436331744207, -0.03634324392495399, -0.02043931785910597, 0.05361368975186941, 0.006243003966826641, 0.024108840672129744, 0.0019202432616035054, -0.0038128441651227754, -0.04020795646397107]","[-0.37068194243341157, -0.07548092808883577, -0.5481860181246605, -0.11219215098341091, -0.6652101109188883, -0.13463825784475847, -0.7366144430375606, -0.14672930409426976, -0.7754761213336777, -0.15183442744299472, -0.7929061281615783, -0.15272954595564706, -0.7979608725817391, -0.15159494365937737, -0.797781493377101, -0.15014765645852696, -0.7965316410539068, -0.14918366831740287, -0.7958924404789915, -0.14883001899484682]","[-6.819575632022179e-05, 0.004633294801447807, 0.0002999856962304648, 0.0006987959775599517, 0.005345532048893986, 0.00027691272128516076, 0.0023641606850850483, 0.007280656124240004, 0.00025930815414376696, 0.004930867336487399, 0.010586486123257188, 0.00023236800033554772, 0.008096735762141094, 0.01499561059419463, 0.0001867158004333902, 0.011498365734226024, 0.0201828613897983, 0.00012636113225683587, 0.01504887440906133, 0.02613480985776695, 7.971240854365291e-05, 0.018686867535269602, 0.032807257335465856, 7.865485147062756e-05, 0.022366601629756566, 0.04012675521618192, 0.00015578216082090535, 0.026047545829967156, 0.04799579365337214, 0.00034247661312836186, 0.029685498703531987, 0.05629535345178294, 0.00066487371231716]","[6.387925148010343e-05, 0.00643079131841659, 0.0004305839538574219, -0.00042142651081085447, 0.0008961314558982858, 0.00032132863998413086, -0.0147216796875, -0.000146484375, 0.00010404533147811978, 0.006518059968948359, 0.00042742490768432617, -0.00041463903188705686, 0.000931618571281434, 0.00031863152980804443, -0.0147216796875, -0.000146484375, 0.00015143847465515226, 0.006596708297729487, 0.00041681528091430664, -0.00039884380102157835, 0.0009629929661750802, 0.0003215670585632324, -0.0147216796875, -0.000146484375, 0.0001829693317413339, 0.006664746999740595, 0.0004221200942993164, -0.0003833540439605737, 0.0010031813979148874, 0.0003195255994796753, -0.0147216796875, -0.000146484375, 0.00021792000532150357, 0.006709167361259455, 0.00041669607162475586, -0.00034937939643860105, 0.0010394433736801156, 0.0003205984830856323, -0.0147216796875, -0.000146484375]",0.061830997467041016
"[0.3989138603210449, 0.41891386032104494, 0.4389138603210449, 0.4589138603210449, 0.47891386032104494, 0.4989138603210449, 0.5189138603210449, 0.5389138603210449, 0.558913860321045, 0.5789138603210449, 0.5989138603210449]","[0.000180906761401059, 0.0013815894613308087, -0.0005837914322932524, -0.0010080950202291555, 0.0010500624056426087, -0.00038569358091020736, -0.0004902594813122309, -0.00045652519247215404, 0.0029240708372929697, -0.0003626651130053133, 0.00014026754005448992, 0.0010421928535380475, -0.00023239634368754335, -0.0023275668919366973, -0.0015886804860943818, 0.00570464828621199, 6.495282013282527e-05, 0.0019970820073433927, 0.0010724548567098227, -0.00015294493635885817, -0.005486905677880464, -0.003309408393087998, 0.009957815281261474, 0.0007180078467131356, 0.0046643522566118855, 0.0011102304546913631, -0.00016810400329911234, -0.009609312350959185, -0.005535665908628253, 0.015454359382356574, 0.001536225336364167, 0.00791032964396012, 0.0011485917735136856, -0.0003111344920819896, -0.014356325502622539, -0.00819590725321541, 0.021995549645455543, 0.0024581021764390437, 0.011613768564456905, 0.0011670285278756664, -0.0006013493438259995, -0.019184298051483712, -0.010993919266763399, 0.028923231968807972, 0.00338878462200901, 0.015244277305624186, 0.0011989206549599105, -0.0010380212079629688, -0.023959010484362633, -0.013736692551424023, 0.0357980412812343, 0.004254636383901737, 0.01844873344900535, 0.0012717325334576895, -0.001604991873122572, -0.028562991679261268, -0.0163131336174437, 0.042355783262254164, 0.005002455147257783, 0.021024104510943917, 0.001406135034348752, -0.0022744671903938375, -0.03289931300407139, -0.018672908363237536, 0.04846437132170812, 0.005598019619124314, 0.02288716731434626, 0.0016158653978957354, -0.0030115449728150894, -0.03688870512464904, -0.02080659938778433, 0.05408311221646259, 0.006023849382087084, 0.024043949596303595, 0.0019080666296382952, -0.0037785839500859217, -0.04046335416591543]","[-0.42921205700324877, -0.08596376666057029, -0.5804439277935364, -0.11935530395990994, -0.6765031972240231, -0.13903814791115565, -0.7316788414938804, -0.1488774985073292, -0.7584528269234486, -0.1522021751886055, -0.7673267768281539, -0.1517509100076012, -0.7667420923283159, -0.1496657481550148, -0.7633622470700059, -0.14764657443979423, -0.7606547099666081, -0.14640808099069874, -0.7595884622011456, -0.14597016919435157]","[-6.819575643590703e-05, 0.004633294800996612, 0.0002999856962082603, 0.0009474314059241262, 0.005753990362929784, 0.00028558898756259055, 0.002821282022906102, 0.008076005371572492, 0.00026333625848096176, 0.005426643192648184, 0.011533401297508572, 0.00021971840969170486, 0.008604137038607407, 0.016074628179050254, 0.00015788279268580396, 0.012002682260401354, 0.021385445898651323, 8.863389287938617e-05, 0.015542153615396126, 0.02743293720248241, 4.089446002764063e-05, 0.019164572409019698, 0.03415458882427691, 4.628499226555505e-05, 0.02282488318171705, 0.04146369875788647, 0.0001367911643885833, 0.026481276144463717, 0.04925445604424583, 0.000341946743242616, 0.030086992890564046, 0.0574028831349267, 0.0006839647203085164]","[-8.36496949195853e-05, 0.006049351394176478, 0.0004342496395111084, -0.0004972063660621667, 0.0007051283717155465, 0.00032970309257507324, -0.0147216796875, -0.000146484375, -4.97570037841788e-05, 0.006139265000820154, 0.0004264712333679199, -0.0004962228894233728, 0.0007423440217971811, 0.00032272934913635254, -0.0147216796875, -0.000146484375, -1.3822853565215176e-05, 0.006234356760978693, 0.0004304647445678711, -0.00047525695562362913, 0.0007922629117965707, 0.00032576918601989746, -0.0147216796875, -0.000146484375, 2.8041958808899814e-05, 0.0063387915492057745, 0.00043085217475891113, -0.0004542686700820947, 0.0008494312167167672, 0.00032272934913635254, -0.0147216796875, -0.000146484375, 6.387925148010343e-05, 0.00643079131841659, 0.0004305839538574219, -0.00042142651081085447, 0.0008961314558982858, 0.00032132863998413086, -0.0147216796875, -0.000146484375]",0.034076690673828125
"[0.742027997970581, 0.7620279979705811, 0.7820279979705811, 0.8020279979705811, 0.822027997970581, 0.842027997970581, 0.862027997970581, 0.8820279979705811, 0.9020279979705811, 0.922027997970581, 0.942027997970581]","[-0.00011645236545441375, 0.0020109287072774475, -0.0005270805864100658, -0.0004641939451275961, 0.0010562951888329418, -0.0003978894292344566, -0.0012283682693845375, -0.0010248424147936688, 0.004167814444586951, -0.00023759411679727724, 0.0010933971420854394, 0.0010483183073083993, -0.00020808003816521304, -0.003581960210171986, -0.0026870303996878843, 0.008004522052811686, 0.00027592265090840146, 0.0036940406812229942, 0.0010722328182003647, 1.224835542285526e-05, -0.00769343429832974, -0.005120007812228957, 0.013394574396381009, 0.0009391313164013299, 0.007057027533024441, 0.001128044139314299, 0.00025213541706741783, -0.013386115961190083, -0.00830146907698359, 0.020091361682790916, 0.001642576504814842, 0.010898838676246164, 0.0011894354571985778, 0.000491939070258069, -0.01997178665414788, -0.01233956215720532, 0.028330605233415625, 0.0023907763231565504, 0.015574529400642944, 0.001167509269861534, 0.0007136323457027691, -0.026150009391810884, -0.016662672931118137, 0.03685718968682047, 0.0030361982627307273, 0.020116896336828234, 0.0011396231296171597, 0.0008624014731753722, -0.031924664426542716, -0.02090986852321836, 0.044944211482964326, 0.0034978598834573475, 0.023925600969276282, 0.0011732501488556568, 0.0008869046419292402, -0.037371506149162785, -0.02489570985173689, 0.05233357210498184, 0.0037699206045831214, 0.026755957553850015, 0.001310991074129223, 0.00076721069401438, -0.04250721218647055, -0.02856384660161857, 0.05910691570202576, 0.003911944652483661, 0.02866617598801445, 0.001563844761084823, 0.0005353488845820317, -0.04720407305769349, -0.031903564485455345, 0.06532798930194957, 0.003952534674925228, 0.029747819117407617, 0.00193543005398991, 0.00023038113532363683, -0.05135377478347324]","[-0.5510824542706316, -0.12937034279003679, -0.7956664110836873, -0.19803998366597847, -0.899999996736861, -0.2411119765286521, -0.8999999999971395, -0.26542588513062426, -0.8999999999897956, -0.2768525116549898, -0.89999999998133, -0.28023646473896946, -0.8999999999490363, -0.27942893837414456, -0.8999999998232452, -0.2775853949060168, -0.8999999994197391, -0.27624249682874347, -0.8999999901019878, -0.2757418750838606]","[0.00020426328570199992, 0.005038970743285631, 0.0003102756278035024, 0.0015535837964115728, 0.006576116688083555, 0.00028766889969489284, 0.004083252682347105, 0.009590889636310607, 0.00025184174903536416, 0.007906089338473699, 0.014339684510276562, 0.0001949291464882208, 0.012778096575019937, 0.0206433833201638, 0.00013593126988320492, 0.017843829909163222, 0.027511364880537847, 7.955113757329713e-05, 0.023030564617638083, 0.034955603930057144, 8.017692674489041e-05, 0.02834038837203634, 0.043046424383233806, 0.00019346816041165837, 0.03376726816470477, 0.051794657108068076, 0.0004714251012556403, 0.03923278698815613, 0.061041642508632865, 0.0009494090105355291, 0.04464890387991338, 0.07060469540297998, 0.0016456067745136416]","[0.00014111942052841275, 0.006234394013881678, 0.00043064355850219727, -0.00039850107431411985, 0.0007873678803443918, 0.00032435357570648193, -0.0147216796875, -0.000146484375, 0.00010368025302887052, 0.006149896979331965, 0.0004285275936126709, -0.0004132681250572229, 0.0007501149773597726, 0.0003253370523452759, -0.0147216796875, -0.000146484375, 6.43411874771127e-05, 0.006075435876846308, 0.00043001770973205566, -0.00042974135875702146, 0.0007151419520378122, 0.0003288835287094116, -0.0147216796875, -0.000146484375, 2.4681746959687167e-05, 0.006002502143383021, 0.00043016672134399414, -0.00044796547889709715, 0.0006811822056770334, 0.00033020973205566406, -0.0147216796875, -0.000146484375, -1.8837094306944913e-05, 0.0059416681528091375, 0.0004309117794036865, -0.00046785852909088377, 0.0006484145522117624, 0.00032973289489746094, -0.0147216796875, -0.000146484375]",0.06116771697998047
"[0.8566417694091797, 0.8766417694091797, 0.8966417694091797, 0.9166417694091797, 0.9366417694091796, 0.9566417694091797, 0.9766417694091797, 0.9966417694091797, 1.0166417694091796, 1.0366417694091796, 1.0566417694091796]","[-0.0003193044110732151, 0.002263358075552922, -0.0007434866539225549, -0.0006336618986411304, 0.001039957743601306, -0.0003455460605745318, -0.0008526441797831075, -0.0019393431493822007, 0.006137466780738966, -0.00020301320371968033, 0.0023992892620727756, 0.00103770196477379, -8.005908682551347e-05, -0.004752506472319262, -0.004358182652338204, 0.01153771618424205, 0.00047347673351013394, 0.006204667698209181, 0.0010633553030815572, 0.0002775019463096501, -0.01042074556971557, -0.00757880558769825, 0.018217185291189594, 0.0011694209935444683, 0.010467912630911153, 0.0010892237988921571, 0.0007286591301072464, -0.01718785139448353, -0.011724210369917297, 0.026413474869994444, 0.0018904331728805358, 0.015508684114122501, 0.001028056329855578, 0.0012473261569661098, -0.02376043923929986, -0.016348962274984193, 0.0350183040557465, 0.002451920579882149, 0.020516313591786857, 0.0009381927311211183, 0.0017034471409259119, -0.029926696741004608, -0.020971208358149387, 0.04317044432198791, 0.002794708697047259, 0.024746030681383913, 0.0009044169265481534, 0.0020076417495018214, -0.03580732242396566, -0.025337516140331126, 0.050615308693340515, 0.0029571497338029126, 0.02792061617956634, 0.0009762942434264588, 0.00212138410491888, -0.041404345005917394, -0.029351113430918375, 0.05744378747648554, 0.0030263973151835846, 0.03008344109262415, 0.0011691903550135696, 0.0020688217213881764, -0.04657267141324978, -0.03298248404052967, 0.06372463763651494, 0.0030419963346355683, 0.03132006555697762, 0.0014895629135052476, 0.001890354797928717, -0.05118919510187724, -0.03624553879911308, 0.06950977905602436, 0.003013300717588383, 0.03174792519446347, 0.0019367679154296336, 0.0016316263966819292, -0.055154106497075146]","[-0.7925822017084856, -0.1973922246855027, -0.8999999998960773, -0.25730953548956365, -0.8999999999976478, -0.29158188710471883, -0.8999999999956515, -0.30763244198672635, -0.8999999999953954, -0.31175054075513775, -0.8999999999804742, -0.30909328770946254, -0.8999999999803355, -0.3037061945632338, -0.8999999998227998, -0.2989922982586093, -0.8999999991404821, -0.29624222298120273, -0.8999999807331818, -0.29530734245335427]","[0.00021038558564367982, 0.00558869498346759, 0.00025411967077726416, 0.002183689374713804, 0.007812855072951486, 0.00026062185604747157, 0.005596101961318212, 0.011813168146680653, 0.0002200217708185903, 0.010288725633165186, 0.017462014462636954, 0.00013786933578652238, 0.01546800187952635, 0.023827283314405534, 3.9569123804206185e-05, 0.020859195567850985, 0.030823656686790102, -2.2485602940491844e-05, 0.026473775600106775, 0.03859157094401855, 1.0405320295170384e-05, 0.032293863964039105, 0.047149702900131985, 0.0001970281521161965, 0.038228911582994796, 0.056336532886185786, 0.0005883336633889513, 0.044180955455611404, 0.06596210322887597, 0.0012192723304993436, 0.05004376336354621, 0.0758185807692966, 0.0020973934860633037]","[0.0001707801818847665, 0.006525592505931849, 0.0004355907440185547, -0.00038239291906357054, 0.0009333843588829049, 0.0003221482038497925, -0.0147216796875, -0.000146484375, 0.00019358640909195035, 0.006541499495506281, 0.0004233419895172119, -0.00036979398727417234, 0.0009369904398918161, 0.0003238469362258911, -0.0147216796875, -0.000146484375, 0.00021002238988876432, 0.00653239488601684, 0.0004273951053619385, -0.00036451152563095335, 0.0009349117279052743, 0.00031745433807373047, -0.0147216796875, -0.000146484375, 0.00021605736017227262, 0.0065152958035469, 0.00042301416397094727, -0.00036059997081756834, 0.0009248161911964425, 0.0003206580877304077, -0.0147216796875, -0.000146484375, 0.00021385198831558316, 0.006483876705169672, 0.0004252493381500244, -0.0003640346884727502, 0.0009094530940055856, 0.00031907856464385986, -0.0147216796875, -0.000146484375]",0.06214737892150879
"[0.9380218982696533, 0.9580218982696533, 0.9780218982696534, 0.9980218982696534, 1.0180218982696534, 1.0380218982696534, 1.0580218982696534, 1.0780218982696534, 1.0980218982696532, 1.1180218982696533, 1.1380218982696533]","[-0.0003113777568073859, 0.0022359646014862514, -0.0006842638075468566, -0.00031969256616068106, 0.0009793707841214703, -0.00027655349650261357, -0.000740208290901846, -0.002432823495072765, 0.007262942966215228, 8.412507536408254e-06, 0.003700291348083081, 0.0009606897602298913, -3.0254801337406506e-06, -0.0054051253905045135, -0.005312494025716847, 0.013520186495695703, 0.0007338468250341199, 0.008226859936196172, 0.0009562854839791482, 0.0004078561539968278, -0.011632648384747755, -0.009125537282454216, 0.02124399957618786, 0.0014742744340214852, 0.013481568329416601, 0.0008795651748418433, 0.001012468351899211, -0.01824871776503216, -0.013464112672866105, 0.029330847362846697, 0.0020436543714394857, 0.0185294306056224, 0.000796636082710163, 0.0017133482698655385, -0.025169740188129796, -0.018315750650429605, 0.037699489461545437, 0.0023784656747192225, 0.023399489394875544, 0.0006936817418250835, 0.0023568700139513102, -0.03166066209454126, -0.02316676437747555, 0.04553952341001442, 0.0024623427515201982, 0.027365807100863605, 0.0006596677088388244, 0.0028378591376605157, -0.03785174758180686, -0.02775654760427507, 0.052705709047717965, 0.002388970902518094, 0.03023497385150414, 0.0007384279026415108, 0.0031235908545859986, -0.04368699875792671, -0.031974329133185805, 0.059287268883798705, 0.0022578796052605383, 0.032059950029691045, 0.0009456684433241589, 0.003235959102066633, -0.0490161817328209, -0.03578549152097194, 0.06534993260265301, 0.0021136796299333345, 0.03293876062076466, 0.0012876001521811326, 0.003214742014821501, -0.053714932447353314, -0.03920468264237476, 0.07094181493347503, 0.0019656257369370773, 0.03300279763536511, 0.0017627559454072741, 0.0031052674495431194, -0.057685368493575126]","[-0.8239805689668023, -0.21705253800514132, -0.8999999999946935, -0.28383944906732544, -0.8999999999983187, -0.321881348465928, -0.899999999996023, -0.339438391266818, -0.8999999999971094, -0.34357924945481494, -0.8999999999928638, -0.34012621964116163, -0.8999999999863715, -0.3336610409882698, -0.8999999999010232, -0.3280871812928724, -0.8999999995769856, -0.3248573809565434, -0.8999999874528157, -0.3237641327612797]","[-5.6553048950691576e-05, 0.0049056740202781945, 0.00026524573772501725, 0.0021879641208399914, 0.007465143325287027, 0.00027597705906146075, 0.005861538411086276, 0.011793510434205512, 0.0002104093930004325, 0.010438478609510415, 0.017145138063650034, 8.491250098430214e-05, 0.015920875470140095, 0.0236845227318212, -4.773692080206615e-05, 0.021701114490451534, 0.03094623727925727, -0.00013158879153429837, 0.0277901405553711, 0.03907018052066391, -0.00010412136013382423, 0.03413228226427778, 0.04800407055993272, 0.00010372298850258588, 0.04061863946006117, 0.057560564348125176, 0.0005522855305377661, 0.0471342228880971, 0.06752668294524078, 0.0012779368823321313, 0.053556635483871684, 0.07767495837730465, 0.0022819354070340303]","[-4.223936796188266e-05, 0.006153361499309534, 0.00043463706970214844, -0.0004830577135086084, 0.00075428730249405, 0.0003259629011154175, -0.0147216796875, -0.000146484375, -1.9679009914397305e-05, 0.006203526258468622, 0.00043401122093200684, -0.00047711215019226316, 0.0007816830873489389, 0.0003266185522079468, -0.0147216796875, -0.000146484375, -4.1180849075228565e-07, 0.0062642559409141485, 0.00043079257011413574, -0.00046310505867004637, 0.0008074173927307138, 0.000326305627822876, -0.0147216796875, -0.000146484375, 3.5127460956574375e-05, 0.006322713196277613, 0.000430375337600708, -0.00045090100765228514, 0.0008365789651870736, 0.00032554566860198975, -0.0147216796875, -0.000146484375, 6.439334154129117e-05, 0.00637564212083816, 0.000430375337600708, -0.0004377209305763269, 0.0008609125614166269, 0.0003227442502975464, -0.0147216796875, -0.000146484375]",0.06306290626525879
"[1.01719331741333, 1.03719331741333, 1.0571933174133301, 1.0771933174133301, 1.0971933174133301, 1.1171933174133302, 1.1371933174133302, 1.1571933174133302, 1.17719331741333, 1.19719331741333, 1.21719331741333]","[-0.0003147605438964314, 0.002230012051680371, -0.0006375309259798001, -0.0002949258685855076, 0.0009743422568636643, -0.0003269328856407624, -0.0010961697370191442, -0.002906867292209671, 0.008285551793830864, 0.00014566466995133274, 0.004557202384644516, 0.0009317332333907128, -5.0869851274886415e-05, -0.006220361420761525, -0.006374576137875704, 0.015748472958466903, 0.0009612990940023695, 0.010203210684968544, 0.0008267726762942849, 0.00047356231728943156, -0.012200239272797142, -0.01036926823818313, 0.02351418259878936, 0.0015999952872445277, 0.015610387441730546, 0.0007249843476606333, 0.0012498322346696786, -0.019080508139141295, -0.01492163438855421, 0.03150645375673426, 0.0020013439240647076, 0.02068199376789626, 0.0006190589314390507, 0.002173885791632103, -0.02625984767470661, -0.02003557017715062, 0.03968442327510237, 0.0021037639944962903, 0.02547952335483183, 0.000497041062419187, 0.0030498652399791426, -0.032989723663221386, -0.02515901838766291, 0.04727165741669567, 0.0019315797473273256, 0.02928199947597509, 0.00045257482988967436, 0.00375552466609037, -0.03941208542926405, -0.03001756855170781, 0.05420940191781689, 0.0016279554933838337, 0.03195788682091472, 0.0005257879593897077, 0.004259370519895712, -0.04542660330103717, -0.0344846933236835, 0.060586625872690654, 0.001305680011184964, 0.03356517242578909, 0.000733140320298439, 0.004579087650416453, -0.05087968254284404, -0.03851940054641992, 0.06646733633036617, 0.0010147177957830211, 0.034209737649928657, 0.0010809382848054455, 0.004752224054941718, -0.05564646715493127, -0.042136219653714536, 0.07189703334640403, 0.0007640075783900615, 0.034032453256205374, 0.0015672383466524755, 0.004822592676950737, -0.05963078544239933]","[-0.8483540805635212, -0.2363055520860094, -0.8999999999989587, -0.3109087023243655, -0.8999999999991775, -0.35343331114714877, -0.8999999999969945, -0.37304300527337614, -0.8999999999962903, -0.3776107716533922, -0.8999999999958679, -0.3736440978544312, -0.8999999999854772, -0.36627918953710276, -0.8999999999707547, -0.359945133646693, -0.8999999998661523, -0.3562814962217035, -0.8999999925707689, -0.35504379544528325]","[0.0001221650871812141, 0.005058857980806852, 0.0002617115796108571, 0.0025172734781713224, 0.007898432051597126, 0.0002694788938892856, 0.0059398406895365685, 0.011837413928037943, 0.00019382677283452665, 0.010681751055781064, 0.01723945401210436, 4.703335097300254e-05, 0.016448526113906015, 0.02386745357885456, -0.00011282365601417155, 0.02258956920421662, 0.0312677155563823, -0.00021530244252865316, 0.029115937936764924, 0.03958670870632286, -0.00019286518903927075, 0.03594180564109495, 0.048721183786351485, 3.3022080437206114e-05, 0.042943801998720055, 0.05846625516795667, 0.0005289679734485908, 0.04999333449587473, 0.06859379392198761, 0.0013315742723891688, 0.05695466756869916, 0.0788640749168441, 0.0024366843290350992]","[7.508158683777744e-06, 0.006043614447116846, 0.0004317760467529297, -0.00045750222206115965, 0.0007017979621887216, 0.00032825767993927, -0.0147216796875, -0.000146484375, -1.716071367263705e-05, 0.006021538376808161, 0.00043076276779174805, -0.00047007135152817014, 0.000691680073738099, 0.0003288388252258301, -0.0147216796875, -0.000146484375, -3.729963302612216e-05, 0.006008954346179957, 0.0004311800003051758, -0.00047936222553253416, 0.000683462083339692, 0.00032804906368255615, -0.0147216796875, -0.000146484375, -5.9420406818389004e-05, 0.006008201837539667, 0.0004349350929260254, -0.00048807940483093504, 0.0006847733855247506, 0.0003288835287094116, -0.0147216796875, -0.000146484375, -6.445699930190951e-05, 0.006013178825378412, 0.000430375337600708, -0.0004895397186279321, 0.0006875450015068063, 0.00032836198806762695, -0.0147216796875, -0.000146484375]",0.06265568733215332
"[1.0971403121948242, 1.1171403121948242, 1.1371403121948243, 1.1571403121948243, 1.1771403121948243, 1.1971403121948243, 1.2171403121948243, 1.2371403121948243, 1.2571403121948241, 1.2771403121948242, 1.2971403121948242]","[-0.0003208643993816019, 0.002252875562426977, -0.0006902151240430901, -0.0005487071972497538, 0.0010226331631548562, -0.000375481535552676, -0.0010402238547344937, -0.003872239543806135, 0.010117842739915783, 0.000193642747028301, 0.006033085399109586, 0.0008692526103428053, 0.0001942246941240831, -0.006574779419634073, -0.007954602773050922, 0.01821825753489485, 0.0008926062511806606, 0.012407451826374332, 0.0007091283398011621, 0.0011002873296843516, -0.013299185854760991, -0.012632430895309145, 0.02648177837686089, 0.0013382737499244043, 0.018427814813553437, 0.0005335598825268, 0.0022715498788843124, -0.02064074258836376, -0.017929666475957992, 0.03487389529747907, 0.001473608216019571, 0.02409959747798956, 0.00033268656511061494, 0.003510568983280109, -0.027861330590007175, -0.023469540699793342, 0.04278002994326108, 0.001251756185112707, 0.0288730188660503, 0.0001782392263220836, 0.00458623707657602, -0.03484117531121038, -0.028826255238058457, 0.04998697503911319, 0.0008467072993544211, 0.03242902880967385, 0.00013282507377945928, 0.005415747358312984, -0.041530510769057734, -0.03378708937508281, 0.0566053856025814, 0.0004328838329101129, 0.03478384250279226, 0.00022192257071030412, 0.005991303614920489, -0.04774218226512308, -0.03825752174935434, 0.06271427559324347, 9.647924212296895e-05, 0.03601606184098725, 0.00045889946393922756, 0.006339143785259615, -0.05331947780258003, -0.04222739562428581, 0.06836816042065302, -0.00013939028438176486, 0.03625277024715155, 0.0008472529675404564, 0.006506417547557337, -0.05813765363197473, -0.045738747589859116, 0.07360389968798428, -0.00029083625131576404, 0.03565539356891845, 0.0013824252569245808, 0.006545511363352654, -0.06210288130052113]","[-0.8999999995888419, -0.304530794829759, -0.8999999999581687, -0.3683456138145196, -0.8999999998951362, -0.4004601893699647, -0.8999999998495463, -0.4105593085699466, -0.8999999995993541, -0.4068944184432738, -0.8999999997266912, -0.3962377296477919, -0.8999999982529515, -0.3838613581896656, -0.8999999979712443, -0.3744165637534866, -0.8999999902825543, -0.3692413392811443, -0.8999994621689266, -0.36754118980257855]","[0.00026811674163429444, 0.005519167187793439, 0.00025538066839692064, 0.0027588501423627676, 0.008098899360466927, 0.000275055458471396, 0.006706083520657602, 0.012194590982928855, 0.00018919635816150304, 0.011949579498473195, 0.017645801623811685, 1.6799793426613974e-05, 0.01794728796923306, 0.02407886725815711, -0.0001684726654316293, 0.024464116395715108, 0.03156415084400788, -0.00029892352793225996, 0.03144005007681372, 0.04009179444746591, -0.00028900969617096095, 0.038739912288507705, 0.049468578307860334, -4.29572590405769e-05, 0.04622268997749268, 0.05946811382967265, 0.0005147866487904551, 0.05374236656590714, 0.06984489285528195, 0.0014211801988404105, 0.06114578977386742, 0.08034506400200314, 0.002664351810798493]","[0.00017928874492645352, 0.006375247240066523, 0.00042933225631713867, -0.00038123807907104734, 0.0008568519949913034, 0.00032323598861694336, -0.0147216796875, -0.000146484375, 0.00016891753673553556, 0.006341779232025141, 0.00042632222175598145, -0.00038330934047699217, 0.0008420327901840219, 0.0003221482038497925, -0.0147216796875, -0.000146484375, 0.00016238337755203336, 0.006303922832012171, 0.00042697787284851074, -0.00038903138637542967, 0.0008225942254066476, 0.0003208667039871216, -0.0147216796875, -0.000146484375, 0.00014442002773285, 0.00625676810741424, 0.000428617000579834, -0.0003985532283782983, 0.0008025894165039071, 0.0003245025873184204, -0.0147216796875, -0.000146484375, 0.00012010878324508756, 0.006210321187973017, 0.0004330873489379883, -0.00040653280019760374, 0.0007794032096862802, 0.00032566487789154053, -0.0147216796875, -0.000146484375]",0.06074404716491699
"[1.1778416633605957, 1.1978416633605957, 1.2178416633605957, 1.2378416633605958, 1.2578416633605958, 1.2778416633605958, 1.2978416633605958, 1.3178416633605958, 1.3378416633605956, 1.3578416633605956, 1.3778416633605957]","[-0.00031511024073491427, 0.0022493720754990054, -0.0007149141942020941, -0.00047256914844217115, 0.001013730255574725, -0.0003225350478801494, -0.0008047374075806241, -0.004564684136680446, 0.011051020798319731, 9.371544591876688e-05, 0.007052027629126194, 0.0008097888711224667, 0.0005825367513528107, -0.007104077192246441, -0.009403652202603783, 0.01993311988834045, 0.0006400592225526216, 0.014259651893461293, 0.0005729333944066917, 0.0018599263707192947, -0.014291305366621846, -0.014896228087656498, 0.02886573527543032, 0.0008615249972596529, 0.02111293536537227, 0.00028985424647819726, 0.0033610733810156366, -0.021652112123291996, -0.020689890304572828, 0.03724086680161848, 0.000722811637551261, 0.027014130116762465, 3.315687322126085e-05, 0.004868141008758345, -0.0290630484217157, -0.026537997657094765, 0.04482414335262264, 0.00023461880390267977, 0.031667934682054345, -0.00013799422352900543, 0.006122997510276676, -0.036349004995252815, -0.03208758287729713, 0.051759435192644906, -0.0003256049083062831, 0.03502636170780595, -0.0001854314839709569, 0.007078878394374195, -0.04328922918155563, -0.03714278306843935, 0.05815107102245355, -0.0007981030881578843, 0.03711954969404216, -8.545439571118741e-05, 0.00773133602011083, -0.04969019020640497, -0.04162985653348919, 0.06407120798595135, -0.0011156581503582637, 0.0380424609972165, 0.00017360650042339693, 0.008113059398292273, -0.05539234671111058, -0.04556089695774516, 0.0695674189333559, -0.0012761163290286371, 0.03793967172279133, 0.0005935171955377372, 0.00827917079363822, -0.06027096955953856, -0.04899910137889321, 0.07466999593762232, -0.0013162540503513704, 0.03699000405009812, 0.0011679372088329444, 0.00828958544674562, -0.06423418508318855]","[-0.8999999997444555, -0.35847939591236727, -0.8999999994209349, -0.41567742911850325, -0.8999999995959053, -0.4406492983015585, -0.899999999652937, -0.4437129261519828, -0.89999999955182, -0.43363946965007083, -0.8999999997477997, -0.4175852205478707, -0.8999999984589131, -0.4010604479948118, -0.8999999982137706, -0.38900035782324877, -0.8999999912875087, -0.3825416977944286, -0.8999994753702243, -0.3804466138931299]","[6.594956507877114e-05, 0.005252988820278581, 0.0002624809165796549, 0.0030304164310983595, 0.008003678348565302, 0.0002851081269383826, 0.007405117717496967, 0.01213556073992983, 0.00018559213933322383, 0.01279874484427257, 0.017323923618982384, 1.5764999830025772e-06, 0.01909687404928695, 0.02368686946345333, -0.00021396202121337637, 0.026035183581398336, 0.03130633716524889, -0.00038189194198245957, 0.03347292469321328, 0.04001599383549426, -0.00039120955414517766, 0.04125665589915872, 0.04960204177975225, -0.00013107171889270575, 0.04922730552390764, 0.059821428810646005, 0.00048186944742978355, 0.057221589266355455, 0.07041535056172243, 0.0014844359150494313, 0.06506956736982117, 0.08111914531448994, 0.002857105760481815]","[6.74331784248361e-05, 0.00632543265819549, 0.00043338537216186523, -0.00043352625370025877, 0.0008352155089378366, 0.00032517313957214355, -0.0147216796875, -0.000146484375, 9.145385026931852e-05, 0.0063577607274055425, 0.0004273653030395508, -0.0004239373564720178, 0.000850429594516755, 0.0003232210874557495, -0.0147216796875, -0.000146484375, 0.00010865724086761563, 0.006381483376026148, 0.0004335641860961914, -0.00041231445074081663, 0.0008612850904464731, 0.00032307207584381104, -0.0147216796875, -0.000146484375, 0.00013182854652404874, 0.006401517987251276, 0.00042748451232910156, -0.00040362707376480345, 0.0008742118477821359, 0.00032395124435424805, -0.0147216796875, -0.000146484375, 0.00014677441120147794, 0.00641274601221084, 0.0004290640354156494, -0.00039274177551269773, 0.0008783767223358163, 0.0003248453140258789, -0.0147216796875, -0.000146484375]",0.06142783164978027
"[1.2569832801818848, 1.2769832801818848, 1.2969832801818848, 1.3169832801818848, 1.3369832801818848, 1.3569832801818849, 1.3769832801818849, 1.396983280181885, 1.4169832801818847, 1.4369832801818847, 1.4569832801818847]","[-0.0003122554072469871, 0.002233682181450616, -0.0006696534090545478, -0.0003090574383906496, 0.0009797684678913982, -0.00030070667220497205, -0.0009202886183309235, -0.005282905273358512, 0.011922835158012846, -2.0428240724979269e-07, 0.008121053771786882, 0.0007091815870807229, 0.0008572998598862028, -0.007569785835433777, -0.01088037359295974, 0.021572642703576575, 0.0003361593818412364, 0.01624384121466191, 0.0003724688653643713, 0.002378246313305837, -0.01469309624522667, -0.016808699372952558, 0.030578018100163237, 0.00029793505650910044, 0.02341444594026059, 3.646223497809418e-05, 0.004131076713160089, -0.02221013928826407, -0.022857773067167332, 0.038710128253970424, -8.386662140141717e-05, 0.029280831658887837, -0.00023980830071339794, 0.00590060013080352, -0.029957116140975324, -0.028960299666569933, 0.04607424822080126, -0.0007854426370773178, 0.03384795127917371, -0.0004260435306760485, 0.007395186472757504, -0.037541736936343974, -0.034735084261358365, 0.05281670728262527, -0.0015083004746366954, 0.037067327112111956, -0.0004823646307455467, 0.008559719436152352, -0.04473330677979414, -0.03997231956202341, 0.05904184516295443, -0.002083450911246195, 0.0389738811623022, -0.0003839679955238339, 0.009385704858780864, -0.051331799979881534, -0.04459570562820086, 0.06481992529845679, -0.002444092691818294, 0.03967141450714543, -0.00011874785661438893, 0.009905883007787362, -0.05717463003743469, -0.04862262370475562, 0.07019536808814995, -0.0025953115627391685, 0.039315975489097606, 0.0003149084242970882, 0.01017798977783652, -0.062136776522128345, -0.052125788661530274, 0.07519470767328332, -0.002585077878890786, 0.03809911981545228, 0.0009100159282882772, 0.010265200991265405, -0.0661279400134791]","[-0.8999999997024543, -0.3914870572301131, -0.8999999993590541, -0.451352264864542, -0.8999999995603701, -0.4762305741471712, -0.8999999996506355, -0.47742478809711403, -0.8999999995607857, -0.46456988213459616, -0.8999999997854636, -0.44552580702588435, -0.8999999986288246, -0.4263337522226683, -0.8999999984929232, -0.41244828472206724, -0.8999999924466667, -0.40504648880430905, -0.8999995301703613, -0.4026516155749269]","[2.1075912443713207e-05, 0.00499744664625279, 0.00026434298339683693, 0.0031774474355708016, 0.007758616726863288, 0.0002862445562206162, 0.007457234069823571, 0.011597992698711757, 0.00019408603250514744, 0.012959022922784058, 0.01668665675857639, -8.44183709780566e-06, 0.019615398105756743, 0.023133231434754542, -0.0002709871798227681, 0.02699150480230106, 0.03088366456395697, -0.0004839382028558603, 0.034926653847571876, 0.03975334956574894, -0.0005180320973838803, 0.04324767324911649, 0.049511826801830416, -0.000248752212461234, 0.05177697271294601, 0.05990211035834081, 0.00041432599897284206, 0.060333950175926576, 0.07065437838130162, 0.0015078244096704552, 0.06873188726085311, 0.08149547839543159, 0.0030050967736539036]","[-2.2338867187499112e-05, 0.006106705963611597, 0.0004318058490753174, -0.00047498128414154295, 0.000731101095676423, 0.00032576918601989746, -0.0147216796875, -0.000146484375, -2.7286052703856534e-05, 0.006120355427265162, 0.00043147802352905273, -0.0004761212229728723, 0.00073970651626587, 0.000326305627822876, -0.0147216796875, -0.000146484375, -2.280080318450839e-05, 0.00613835602998733, 0.000431746244430542, -0.00047588280439377073, 0.0007477531433105478, 0.00032542645931243896, -0.0147216796875, -0.000146484375, -1.5320420265196866e-05, 0.006164932250976557, 0.00043323636054992676, -0.0004747428655624414, 0.0007617825865745553, 0.0003283470869064331, -0.0147216796875, -0.000146484375, -7.05772638320834e-06, 0.006191001832485193, 0.0004349648952484131, -0.0004691474795341516, 0.0007752383351325998, 0.0003240257501602173, -0.0147216796875, -0.000146484375]",0.06106114387512207
"[1.3374302387237549, 1.357430238723755, 1.377430238723755, 1.397430238723755, 1.417430238723755, 1.437430238723755, 1.457430238723755, 1.477430238723755, 1.4974302387237548, 1.5174302387237548, 1.5374302387237548]","[-0.0003185426898014841, 0.0022413887530275405, -0.0006581150296026074, -0.0004259993983503567, 0.0010007126984796562, -0.00034208908246598235, -0.001075227698153678, -0.006096946061580052, 0.012785768490315716, -0.00023306868833701568, 0.009004803146763251, 0.0006225523448594131, 0.0010578358803797765, -0.007512320025102375, -0.012173799290424241, 0.022584761498808958, -0.00018957418845982804, 0.01755372194602691, 0.0002228790340836834, 0.002849098049134634, -0.014668911544345872, -0.018401291130392454, 0.031412684649709734, -0.0005025150142323477, 0.0248170487002004, -0.00014489934402689541, 0.004909311763830923, -0.0224322072918024, -0.024752538621867055, 0.039380913688274656, -0.0011254806088951334, 0.030736938966880276, -0.00045092804075105055, 0.00699164987390087, -0.03042574994996716, -0.031155444890709722, 0.046594342848194414, -0.0020333766050089786, 0.03531995554583869, -0.0006643086933772354, 0.008774225062521849, -0.03823627340860216, -0.03719918943307369, 0.05320321482735942, -0.002905960379683095, 0.03851311949529014, -0.0007431023535982384, 0.010191740886042834, -0.0456259070321931, -0.04265942300103165, 0.059313174462005486, -0.0035652191289241254, 0.04035201147690549, -0.0006612354622028775, 0.011230075707200889, -0.052389847091538225, -0.04745710813335046, 0.06499377728995524, -0.003945556894813527, 0.04094512732736305, -0.00040601838465466713, 0.01192074249076685, -0.058363138259595666, -0.05161493946833125, 0.0702873916531656, -0.004060440855085505, 0.040455952234518096, 2.4198345056179174e-05, 0.012323189415821188, -0.06342016964105343, -0.05521528753021627, 0.07521780884823749, -0.003970389452731692, 0.039084993690129244, 0.000622110978787021, 0.012503339689393517, -0.06747100110375008]","[-0.8999999996930315, -0.4256144186321985, -0.8999999993605565, -0.4884885005720415, -0.8999999995649561, -0.5134799056184475, -0.8999999996756104, -0.512935813749177, -0.8999999996010012, -0.49738179744773026, -0.89999999983204, -0.4753978187321375, -0.8999999989280703, -0.4535668494148165, -0.8999999988140678, -0.43787012953864685, -0.8999999938117474, -0.42953118007423463, -0.8999996103544563, -0.42683832904883606]","[0.00022038111561384355, 0.005287656646419059, 0.00025968825794997485, 0.003153428031907435, 0.007622718385074556, 0.00029518976349685033, 0.007394932197738235, 0.011220972365612703, 0.00021521816937131177, 0.013118142259090027, 0.01623680319672749, -8.802985069777947e-06, 0.020109172997937685, 0.022639452143239147, -0.00030747916097340067, 0.0278941177158587, 0.030372218759565417, -0.0005553307360308679, 0.03629659219134851, 0.039240121186808974, -0.0006106736065563112, 0.045127458183918945, 0.049003645878550994, -0.0003389015491030989, 0.054193712632016666, 0.059399249139695964, 0.00035661203758996507, 0.0632998057053098, 0.07015318369382006, 0.001514003816752485, 0.0722438075996461, 0.08099045696593032, 0.0031032689034660166]","[0.0001022348403930673, 0.006211900711059565, 0.00042873620986938477, -0.00041622600555420164, 0.0007801706194877633, 0.00032557547092437744, -0.0147216796875, -0.000146484375, 8.433854579925626e-05, 0.006187112629413599, 0.0004283487796783447, -0.0004244141936302209, 0.0007686967253685006, 0.00032708048820495605, -0.0147216796875, -0.000146484375, 5.9401452541352207e-05, 0.006161676347255701, 0.00043401122093200684, -0.000433600759506228, 0.0007573494911193857, 0.0003278404474258423, -0.0147216796875, -0.000146484375, 4.222786426544278e-05, 0.006135495007038111, 0.0004291534423828125, -0.00044290653467178587, 0.0007472912073135385, 0.00032776594161987305, -0.0147216796875, -0.000146484375, 2.2230505943299228e-05, 0.006117360293865198, 0.00043272972106933594, -0.00045183978080749754, 0.0007370466589927682, 0.0003269761800765991, -0.0147216796875, -0.000146484375]",0.058510541915893555
"[1.4170958995819092, 1.4370958995819092, 1.4570958995819092, 1.4770958995819092, 1.4970958995819093, 1.5170958995819093, 1.5370958995819093, 1.5570958995819093, 1.577095899581909, 1.5970958995819091, 1.6170958995819091]","[-0.00031855739332615693, 0.002250448158953007, -0.0006957422995535219, -0.0005074187348692828, 0.0010157558076711154, -0.0003517652478109762, -0.0009153722167666096, -0.006749470402300674, 0.013011806644796932, -0.0006640851042807531, 0.009416769764548957, 0.0005551466972999544, 0.001447608741699526, -0.007339214091880788, -0.013314227726903643, 0.022687329525761617, -0.001000055178031691, 0.018142150133050816, 0.00010214194702779418, 0.003680643237869499, -0.01469891743387195, -0.02003889489273637, 0.03139411771846077, -0.0016605312568429844, 0.02555807271168378, -0.0003159886867507298, 0.006156332441551571, -0.022655156120086922, -0.026883168372576892, 0.039245613532700924, -0.00260306947962358, 0.031610408537127946, -0.0006673699688714102, 0.008560960029418273, -0.0307962694286647, -0.03365433484739496, 0.04636733054552844, -0.00370310157164918, 0.03627142790878606, -0.0009149966188654077, 0.010604700555910784, -0.03873573676063187, -0.03994905773000403, 0.05290790412273871, -0.004647973062285842, 0.03949132558467558, -0.0010176626141282414, 0.012218643593074832, -0.046233522736369145, -0.045558081146870884, 0.05897009986096913, -0.0052753352083190165, 0.04131184688540019, -0.0009503413816539942, 0.01338898393049079, -0.05308408429053831, -0.05042244663896078, 0.06461977575790655, -0.005540815974412595, 0.0418496906413486, -0.0007016302166267782, 0.014151573863392032, -0.0591231648279485, -0.05458696982273216, 0.06989528374039343, -0.005481794715372205, 0.04127754256616964, -0.00027119206526135325, 0.014572683672677587, -0.0642265551279495, -0.058155365573621984, 0.07481655464249216, -0.005182735746574347, 0.03980519798616042, 0.00033250421207713744, 0.014725539244064896, -0.06830556809612169]","[-0.8999999996954994, -0.4788745907060134, -0.8999999993881458, -0.5357830893608911, -0.8999999995825553, -0.5539822358113276, -0.8999999997024265, -0.546588636681134, -0.8999999996435409, -0.5247153583738223, -0.8999999998665549, -0.4973626542121758, -0.8999999992360886, -0.4713715312679727, -0.8999999990534847, -0.45304496652873677, -0.899999994807334, -0.4434157078198391, -0.8999996764984692, -0.44032671515112703]","[0.00017009605459339383, 0.005368765377768536, 0.00025846020711561835, 0.00316972030184437, 0.0073921483121881515, 0.0003004059765041589, 0.007733204774049041, 0.010831187343908866, 0.000213346119392277, 0.013850347397223572, 0.015702798174468402, -2.7569564355012233e-05, 0.021211983792563727, 0.0219908798258297, -0.00034424896877727207, 0.02940040370073893, 0.029618006084045412, -0.0006052490047627757, 0.038229285064793395, 0.03838259266498101, -0.0006622382685987915, 0.047497626054272324, 0.0480425845284147, -0.00037561397224727955, 0.05700038531789886, 0.05833590330572358, 0.00035404599725552544, 0.06653010601973319, 0.0689931237985828, 0.0015650523047314735, 0.0758725249652159, 0.0797449139240678, 0.0032246576381949055]","[0.00013062155246734708, 0.0063433811068534796, 0.0004334449768066406, -0.0004047968149185205, 0.0008458772897720346, 0.00032261013984680176, -0.0147216796875, -0.000146484375, 0.00013530796766281217, 0.0063483804464340154, 0.0004297494888305664, -0.0003994249463081384, 0.0008451769351959237, 0.00031907856464385986, -0.0147216796875, -0.000146484375, 0.00014196878671646207, 0.006345169246196741, 0.0004264414310455322, -0.0003953345775604272, 0.000842017889022828, 0.0003229677677154541, -0.0147216796875, -0.000146484375, 0.0001449788212776193, 0.006331892311573023, 0.00042617321014404297, -0.00039478323459625486, 0.0008370260000228891, 0.0003235936164855957, -0.0147216796875, -0.000146484375, 0.00014827942848205655, 0.00631819069385528, 0.0004286766052246094, -0.0003948204874992395, 0.0008287260532379159, 0.00031901895999908447, -0.0147216796875, -0.000146484375]",0.05925107002258301
"[1.4986495971679688, 1.5186495971679688, 1.5386495971679688, 1.5586495971679688, 1.5786495971679688, 1.5986495971679688, 1.6186495971679689, 1.6386495971679689, 1.6586495971679687, 1.6786495971679687, 1.6986495971679687]","[-0.00031341345361528283, 0.002241460540855887, -0.0006940073213836628, -0.0003886195725151322, 0.0009969198227707768, -0.00031271356656283983, -0.000866233848895132, -0.007279005387143316, 0.012909040774042448, -0.0010972888118954943, 0.009694144571821862, 0.0004850491943630415, 0.0018866795419251851, -0.007464454952175709, -0.014381531244741617, 0.02249089740732767, -0.0018409770758903857, 0.018559724953771038, -1.6591328121019627e-05, 0.004514333959275087, -0.014987638452543209, -0.021638030187298166, 0.03110551555594262, -0.0028840609967842757, 0.026101583690974692, -0.0004795060299566143, 0.007319348165626461, -0.023065704868592652, -0.02889011625466898, 0.03888659242237303, -0.004080516528052624, 0.03223052575157428, -0.000865998412984381, 0.0100227918991779, -0.03131642445185914, -0.03597471468953237, 0.045954272361139505, -0.0053310556954686925, 0.03692941206477952, -0.001140579560635926, 0.012310590056302256, -0.039340090922917466, -0.042487591926435926, 0.05245717849489495, -0.006324651460597856, 0.04015065226359523, -0.001261900895973492, 0.014109358213597168, -0.046896788698166395, -0.048228046234738704, 0.0584964857475946, -0.006909709445845402, 0.04194109565488836, -0.0012054087511375888, 0.01540495486395567, -0.05378264892360949, -0.0531521479637742, 0.06413540229207693, -0.007059064524933212, 0.042424434261764246, -0.000960624312851817, 0.016236838180182112, -0.05983641226507379, -0.05732299788853836, 0.06940912239827846, -0.006830785209474798, 0.041781190395719765, -0.0005283818761619486, 0.016677298092793447, -0.06493738298733118, -0.06086279915130221, 0.07433442679469775, -0.006330745818775152, 0.04022893219010757, 8.167473129969246e-05, 0.016806111200039102, -0.06900002858499985]","[-0.8999999996855303, -0.5244298284326002, -0.8999999993890664, -0.5772677752970663, -0.8999999995812044, -0.5901301226271631, -0.8999999997046852, -0.576979477166432, -0.8999999996518445, -0.5495967076254958, -0.8999999998729868, -0.5174683296806947, -0.8999999993037469, -0.4877452784419126, -0.8999999990968907, -0.4670410459690519, -0.8999999949809513, -0.45623563485165164, -0.8999996860627673, -0.45278213591683597]","[3.8756861937105924e-05, 0.005126973983653915, 0.0002636257344823534, 0.0033171837142571547, 0.007096691761665941, 0.0002963472411634527, 0.00822233147322926, 0.010486345169677502, 0.00019149352140690468, 0.01466535864021501, 0.015322479784648735, -6.794443639268621e-05, 0.022408563311111962, 0.021564763255935926, -0.00039899605258852944, 0.03100045457068612, 0.029134480825510067, -0.0006616751354040495, 0.04024348718349602, 0.03782485522200574, -0.0007037735092247921, 0.049925007481463, 0.04739283194365562, -0.0003840696930481613, 0.05982907743629462, 0.0575794313843172, 0.00039612831105184654, 0.06973808257089464, 0.06812129065264472, 0.0016721212015955444, 0.07942762458339958, 0.0787565945161246, 0.0034060574321390646]","[9.236693382264072e-06, 0.006208831071853632, 0.00043207406997680664, -0.0004572638034820581, 0.0007799172997474679, 0.00032597780227661133, -0.0147216796875, -0.000146484375, 2.141839265823453e-05, 0.006228239834308619, 0.00043019652366638184, -0.0004523911237716699, 0.0007893795371055612, 0.0003255903720855713, -0.0147216796875, -0.000146484375, 3.2191932201386386e-05, 0.006248304247856135, 0.00042816996574401855, -0.0004487254381179834, 0.0007996389865875253, 0.0003270059823989868, -0.0147216796875, -0.000146484375, 4.430657625198453e-05, 0.0062709018588066046, 0.0004318654537200928, -0.00044158778190613035, 0.0008067766427993783, 0.0003248453140258789, -0.0147216796875, -0.000146484375, 6.41847252845773e-05, 0.006291145086288447, 0.0004305541515350342, -0.000431939280033114, 0.0008194724321365365, 0.00032529234886169434, -0.0147216796875, -0.000146484375]",0.06091809272766113
"[1.5782339572906494, 1.5982339572906494, 1.6182339572906494, 1.6382339572906495, 1.6582339572906495, 1.6782339572906495, 1.6982339572906495, 1.7182339572906495, 1.7382339572906493, 1.7582339572906494, 1.7782339572906494]","[-0.00031515923424233193, 0.0022378913154708743, -0.0006669141050221378, -0.00036941700972629, 0.0009914631070520128, -0.0003170312002825689, -0.0009951029271232108, -0.007837422791480494, 0.012811534784815656, -0.00154182511790699, 0.009855731250134732, 0.00043212415616200324, 0.0022239591869424287, -0.007706188871165393, -0.015487622729650883, 0.02230100412221868, -0.0027381216648886936, 0.018857589886294525, -0.00011347554774740678, 0.005160176381123677, -0.015312470581793025, -0.023172801560663973, 0.030843572458292307, -0.0041097878504897465, 0.02649334560219386, -0.000612584004878996, 0.008288351980082227, -0.023480142543511023, -0.030769575554615736, 0.03856658328321347, -0.005531050381296676, 0.03268154293215116, -0.0010297372812992926, 0.011311185486799716, -0.03181728040941869, -0.038152248375448665, 0.045583496222844036, -0.006935629175444408, 0.03741843733299258, -0.0013307882874765413, 0.013876687937331482, -0.03990427470669336, -0.044899855466873265, 0.052045709326464365, -0.008001827133084286, 0.04065424766094422, -0.0014729720112115745, 0.015903277617425587, -0.0475018635852991, -0.050808033599178536, 0.05805497647995235, -0.008579024648758123, 0.04243715438600524, -0.0014313040723046156, 0.017373282681339502, -0.05440844149356461, -0.055838878513828155, 0.06367348382630707, -0.00864987222955732, 0.04289467894434123, -0.0011956564536254567, 0.01832704605775336, -0.06046632194548819, -0.060067492983318344, 0.06893443986160573, -0.008287884586594041, 0.042212571782847194, -0.0007676496623313337, 0.018840593126394505, -0.06555881086952228, -0.06363049654415279, 0.07385227973232121, -0.007616955783616639, 0.04061405745088138, -0.00015784638119224002, 0.018998376550722527, -0.06960388384774638]","[-0.8999999996599889, -0.5630360010937872, -0.8999999993539087, -0.6154434495724932, -0.8999999995563083, -0.625668541750575, -0.8999999996840488, -0.6086762708073197, -0.8999999996288256, -0.5770724893932023, -0.8999999998597129, -0.5409789063550541, -0.8999999991762334, -0.5079915604598803, -0.8999999990033406, -0.4851400338096881, -0.8999999945789413, -0.47324803563215834, -0.8999996529420754, -0.4694519024550145]","[0.00011958229897324202, 0.00514560142890419, 0.0002622831713328111, 0.0035983938999171183, 0.0071120456448872105, 0.00028243577956743593, 0.008692723160963034, 0.010503911081484407, 0.00016275749853900123, 0.015414023407699151, 0.015319320646687729, -0.00011380056010334982, 0.023516838918018035, 0.021510575593370884, -0.00045550851745401744, 0.032498787889409186, 0.029004235344083362, -0.0007142189184943248, 0.04215029228975009, 0.03759032684302799, -0.0007354562930981245, 0.05224719143601719, 0.047026080667127435, -0.00037764692614583595, 0.0625632698705163, 0.057056686266601986, 0.00045632855541555273, 0.07287148832384016, 0.06742606488907299, 0.0017984846097385265, 0.08293791150469954, 0.07788148066868938, 0.0036061365008244195]","[3.758615255355924e-05, 0.006167368590831751, 0.0004322528839111328, -0.00044574520587921385, 0.0007614994645118722, 0.00032548606395721436, -0.0147216796875, -0.000146484375, 2.3623764514923984e-05, 0.006160558760166163, 0.0004318058490753174, -0.0004509755134582544, 0.0007576549649238595, 0.00032486021518707275, -0.0147216796875, -0.000146484375, 1.633709669113248e-05, 0.006154769659042353, 0.00043329596519470215, -0.00045759907960891966, 0.0007568055987358102, 0.0003263503313064575, -0.0147216796875, -0.000146484375, 5.891382694245273e-06, 0.0061547994613647405, 0.0004335641860961914, -0.00046154043674469236, 0.0007574239969253549, 0.00032785534858703613, -0.0147216796875, -0.000146484375, 1.726508140564853e-06, 0.006159090995788569, 0.00043654441833496094, -0.0004623301982879663, 0.0007576326131820688, 0.00032664835453033447, -0.0147216796875, -0.000146484375]",0.06191110610961914
"[1.6583194732666016, 1.6783194732666016, 1.6983194732666016, 1.7183194732666016, 1.7383194732666016, 1.7583194732666017, 1.7783194732666017, 1.7983194732666017, 1.8183194732666015, 1.8383194732666015, 1.8583194732666015]","[-0.0003190724376686708, 0.0022461081723006457, -0.0006740576365596878, -0.0004715405601747133, 0.0010067756136322033, -0.0003501801525728304, -0.0009909303882499572, -0.008441818521425762, 0.012715835595942237, -0.0020742570975055543, 0.009943606729930743, 0.00039578872931141286, 0.002493498036498086, -0.007765880565465778, -0.016577962007892903, 0.022120839282476754, -0.003679199947941884, 0.01909708673956123, -0.0001938166029937499, 0.005773951296740649, -0.01546136830356804, -0.024673515165392495, 0.030591459695213343, -0.0053615627269995745, 0.026851452064623436, -0.0007322328700307824, 0.009269510633010123, -0.02373305863870697, -0.03264427284372094, 0.038248136358878734, -0.007026234666186443, 0.033136315031263436, -0.0011856429398115142, 0.01263900592722568, -0.032165167549340797, -0.04035309928696848, 0.04520625858707876, -0.008600210865101795, 0.03794636456234927, -0.0015185595265769449, 0.015506339211081634, -0.04032912120380462, -0.047359596336473526, 0.05162058814993039, -0.00974917351403253, 0.041227882483141805, -0.0016866723416032992, 0.0177809830073395, -0.047985700080974046, -0.0534546591371985, 0.05759375422938966, -0.010322857541047984, 0.04302922236712224, -0.0016645044416832477, 0.0194414757909816, -0.054934893640290784, -0.058606476358069544, 0.0631870042706787, -0.010314075893712046, 0.043481067744359274, -0.001442191493598848, 0.020529129528309282, -0.061021824032568665, -0.06290293897636738, 0.06843150432812248, -0.009812766452437921, 0.042774129769962824, -0.0010220570036811496, 0.021124002923157536, -0.06613293135224214, -0.06649620778464109, 0.07333920933580913, -0.008962147388635846, 0.041137337115224416, -0.000415468477656592, 0.021315580326487844, -0.07018870331805768]","[-0.8999999996285987, -0.6037501549692634, -0.8999999993062269, -0.6559525166758854, -0.8999999995231885, -0.6634814133999506, -0.8999999996524742, -0.6424195823578391, -0.8999999995915425, -0.6062919922877071, -0.899999999833227, -0.5659313539008111, -0.899999998950803, -0.5294352764488861, -0.8999999988147476, -0.5042701791179461, -0.8999999937604972, -0.49120245721623024, -0.8999995885369477, -0.4870334102936191]","[0.0002016068973100804, 0.005330967309735257, 0.0002578294538517767, 0.003755061634389101, 0.007251168107135442, 0.00027478967130534215, 0.009030382802850623, 0.010582145982470426, 0.00014441948800936188, 0.016042862633559807, 0.015312654072482168, -0.00014741617991465006, 0.02450002590304612, 0.021399063038163302, -0.0005000506242867075, 0.033872927716439793, 0.028768748121752896, -0.0007582770420317964, 0.043940422232943366, 0.037208746056978104, -0.000764620811385619, 0.05446711469318366, 0.046476807956614685, -0.0003756925235718356, 0.06521646823237037, 0.05632275722538482, 0.0005059382999359485, 0.07595159305591759, 0.06649846428985029, 0.001910858987540287, 0.08642814362405948, 0.07676095627008017, 0.003792991986511396]","[0.00011932647228241056, 0.006284148991107935, 0.0004329681396484375, -0.00040810487270355467, 0.0008142123222351083, 0.0003261566162109375, -0.0147216796875, -0.000146484375, 0.00011388009786605924, 0.006272459030151362, 0.0004317164421081543, -0.0004099600672721887, 0.000806217849254609, 0.00032286345958709717, -0.0147216796875, -0.000146484375, 0.00011247193813324063, 0.006257759034633631, 0.0004337131977081299, -0.00041085413694381956, 0.0008030364513397226, 0.0003252476453781128, -0.0147216796875, -0.000146484375, 0.00010151213407516568, 0.006240838766098017, 0.00042751431465148926, -0.00041667304039001707, 0.0007949153184890756, 0.00032566487789154053, -0.0147216796875, -0.000146484375, 8.316880464553922e-05, 0.006224261224269861, 0.00043076276779174805, -0.00042205235958099607, 0.0007880011796951303, 0.000325813889503479, -0.0147216796875, -0.000146484375]",0.061666011810302734
"[1.7376470565795898, 1.7576470565795899, 1.7776470565795899, 1.79764705657959, 1.81764705657959, 1.83764705657959, 1.85764705657959, 1.87764705657959, 1.8976470565795898, 1.9176470565795898, 1.9376470565795898]","[-0.0003159280219238217, 0.002245381084309643, -0.0006932145346586701, -0.00044189838245488143, 0.0010057752809144943, -0.0003399330119168393, -0.0008843897535157272, -0.009014801711737831, 0.012613224676655824, -0.0025796316806915767, 0.010163715734652938, 0.00034119447003515453, 0.0028631965098267487, -0.007788714949592607, -0.01765956802805365, 0.021928345206944817, -0.00458341777183231, 0.01947122744106952, -0.0002969584885838297, 0.006544027134105243, -0.015636069940005236, -0.02623455412805141, 0.030314283035131888, -0.0066058307142646865, 0.027353703771724074, -0.0008802391760268315, 0.0104258284002943, -0.024050525917671536, -0.034641938907458966, 0.03789370057952978, -0.008544707615793201, 0.03374009197230576, -0.001373217231274123, 0.014128179084777889, -0.03259788135464108, -0.04269851449941593, 0.044789847206174974, -0.010291122575268773, 0.038613927995974136, -0.001737498897097067, 0.017269867920622985, -0.04085267483849699, -0.0499552279300184, 0.05115888937213603, -0.01150662071050368, 0.0419211836891896, -0.0019280922781961542, 0.019754389390081378, -0.048575848637062415, -0.05620740982381348, 0.05710265392749644, -0.01204872700644954, 0.043713732040189045, -0.0019197486563373182, 0.02155946420214702, -0.05556932878373268, -0.06143694909056342, 0.06268004600071278, -0.011926683889938106, 0.04412840551150938, -0.0017035073214139397, 0.02273031316931073, -0.06168157113573479, -0.06575060750151929, 0.06791904802315678, -0.011251872955503816, 0.04336344841139348, -0.0012829042594896085, 0.023353743206075653, -0.0668027382846361, -0.06932070560318351, 0.07282824506802607, -0.010190587766434502, 0.04165562443834026, -0.000670532123910348, 0.023526595833476556, -0.07085641468675849]","[-0.8999999995815803, -0.6511425420786164, -0.8999999992313743, -0.7001969442904293, -0.8999999994713781, -0.7026194859953807, -0.8999999995956052, -0.6755790928024051, -0.8999999995275494, -0.6334752622039546, -0.8999999997757236, -0.5878002876840311, -0.8999999985958272, -0.5470956518132244, -0.899999998342264, -0.5192140229740262, -0.8999999915299499, -0.5047835229683729, -0.899999431022826, -0.5001852758401312]","[9.167866923509571e-05, 0.005235735060879598, 0.00026178697956336094, 0.003816555900165497, 0.007088512949531722, 0.0002754646214286893, 0.009388335434735051, 0.010347037269064607, 0.00012978403914454262, 0.016767065144523752, 0.015002233360524642, -0.0001815092373678162, 0.025615248726434725, 0.021011577324341335, -0.0005479856194678945, 0.035403340462306865, 0.02829310568530552, -0.0008072036086694823, 0.04589863182518128, 0.03662783877743436, -0.0007970790102551639, 0.05685430626324117, 0.04577241992599568, -0.00037161120898376865, 0.06802346051959463, 0.0554806199943374, 0.0005668325004943853, 0.0791595291767404, 0.06551192672690842, 0.0020464565835016657, 0.09000814799378176, 0.07563269267393125, 0.00401610457785484]","[6.601756811142057e-05, 0.006268897652626032, 0.00043010711669921875, -0.00043301961421966795, 0.0008078048229217538, 0.00032702088356018066, -0.0147216796875, -0.000146484375, 8.176064491272061e-05, 0.006277279555797571, 0.000432431697845459, -0.00042749128341675047, 0.0008104646801948556, 0.00032517313957214355, -0.0147216796875, -0.000146484375, 8.977001905441373e-05, 0.006291100382804865, 0.00042954087257385254, -0.00042313269376755003, 0.0008170360922813424, 0.0003255903720855713, -0.0147216796875, -0.000146484375, 0.00010480529069900602, 0.006296621263027186, 0.00043007731437683105, -0.0004175894618034387, 0.0008204112052917489, 0.0003234744071960449, -0.0147216796875, -0.000146484375, 0.00011038577556610196, 0.0063003540039062444, 0.000427931547164917, -0.0004129328489303613, 0.0008224973678588876, 0.0003256797790527344, -0.0147216796875, -0.000146484375]",0.060822486877441406
"[1.7975006103515625, 1.8175006103515625, 1.8375006103515625, 1.8575006103515626, 1.8775006103515626, 1.8975006103515626, 1.9175006103515626, 1.9375006103515626, 1.9575006103515624, 1.9775006103515624, 1.9975006103515625]","[-0.00031382605617301, 0.0022405500650511355, -0.0006875501071011414, -0.00038400964820339156, 0.0009969186964599367, -0.00031936108114169904, -0.0009148034010232736, -0.009349649215873331, 0.012550344147368338, -0.0028750240186724402, 0.010324462625609508, 0.000310768000857463, 0.0029533214173400294, -0.007829007890613993, -0.018235711583002998, 0.021824273600444966, -0.0051106811626979234, 0.01971146298173702, -0.00034160651302318724, 0.006701809126307986, -0.015688142203656233, -0.02696874475739118, 0.03018357730037753, -0.0072906561431940065, 0.027646873688139322, -0.000936701799081414, 0.010698893724734641, -0.024141307222859607, -0.03542665971177975, 0.03775497412930261, -0.009258396580759082, 0.034036050348308707, -0.0014401540551166015, 0.014643052656933627, -0.03279840546867594, -0.04364477364697399, 0.04462371519091797, -0.011091546781792702, 0.03892909395960379, -0.0018233605262571474, 0.01802927274146454, -0.04115040860275611, -0.051114052728673885, 0.05095631548967786, -0.012407615789917722, 0.042258427167958704, -0.0020361902516337314, 0.020746941316390335, -0.048955767540303036, -0.057590595252670386, 0.05686132425452477, -0.013035867175804626, 0.04406769613161577, -0.002049932824626759, 0.022764618914598925, -0.05601574221936114, -0.06303372631395557, 0.062401484835021725, -0.012970346569758689, 0.044489783954714764, -0.0018535328326748745, 0.02412260453295182, -0.062179600927095895, -0.06754001146941545, 0.06760649936992229, -0.012317219333604298, 0.04372213044296169, -0.0014494513700516907, 0.024905731635130015, -0.06733914699896128, -0.07127977081867228, 0.07248528434742611, -0.011244454552884676, 0.04200276000485047, -0.0008498498724954567, 0.02521036265615064, -0.07141973145944475]","[-0.8999999995334883, -0.6561000589868111, -0.8999999991485377, -0.715743667711009, -0.8999999994134624, -0.7243281006120185, -0.8999999995191931, -0.7002446374050807, -0.8999999994561915, -0.6589838997874579, -0.899999999676253, -0.6129496342040915, -0.8999999984484681, -0.571403511276641, -0.8999999972748844, -0.5427523000581954, -0.8999999858606704, -0.5278552153217204, -0.8999990973080718, -0.5230912087431023]","[6.205187298924386e-05, 0.005145661017020409, 0.0002637919027974611, 0.0037363602519708827, 0.007025070102634423, 0.0002806178913905555, 0.009254717169574045, 0.010321317791534668, 0.00013260256291180994, 0.01665550660227444, 0.015001569568476647, -0.00019234975328430437, 0.025758563247855415, 0.02098204163775197, -0.0005810748866892368, 0.03585199839617603, 0.02822330861026412, -0.0008517262601417386, 0.04668912193133723, 0.03650489338159213, -0.0008386753279054915, 0.058012264299430516, 0.04558069068057691, -0.0003932821252208285, 0.06956594710692743, 0.05520284494814698, 0.0005831500018138591, 0.08109622733274646, 0.06513146245319357, 0.002118117149077392, 0.09234138417919846, 0.07513573691862785, 0.004157844860920967]","[2.2424221038819248e-05, 0.006187120079994196, 0.0004335343837738037, -0.00045531920194626097, 0.0007694939374923715, 0.00032486021518707275, -0.0147216796875, -0.000146484375, 2.4093151092530185e-05, 0.006192208826541895, 0.0004304051399230957, -0.00045572153329849485, 0.0007736215591430673, 0.00032542645931243896, -0.0147216796875, -0.000146484375, 2.1500349044800693e-05, 0.006195516884326929, 0.0004348456859588623, -0.0004544549345970178, 0.0007763633728027353, 0.00032520294189453125, -0.0147216796875, -0.000146484375, 2.6797711849213535e-05, 0.0062088981270790045, 0.0004270970821380615, -0.0004530169725418115, 0.0007774437069892892, 0.0003279447555541992, -0.0147216796875, -0.000146484375, 3.0672013759613925e-05, 0.006215700507163996, 0.00042620301246643066, -0.00045112452507019285, 0.0007842907905578622, 0.0003260374069213867, -0.0147216796875, -0.000146484375]",0.061575889587402344
"[1.8775875568389893, 1.8975875568389893, 1.9175875568389893, 1.9375875568389893, 1.9575875568389893, 1.9775875568389893, 1.9975875568389894, 2.0175875568389894, 2.0375875568389894, 2.0575875568389894, 2.0775875568389894]","[-0.0003163279993075293, 0.0022409210074809225, -0.0006714544865484031, -0.00040531375035128504, 0.0009982049218886038, -0.00032730853708356355, -0.0009904597671961735, -0.00976796606565649, 0.01248021443626246, -0.003216677756788512, 0.01041692828497895, 0.0002761857784926467, 0.0031775979040434294, -0.007970707990231215, -0.019029572686891892, 0.02169051510592226, -0.005755184676182266, 0.019897949174515227, -0.0004120566083450184, 0.007225749029638504, -0.01592489250133742, -0.028061980151961284, 0.029999048122283743, -0.008125835277849887, 0.027884835833562854, -0.00104055649278585, 0.011616471624346703, -0.02452056696178019, -0.03695002347070603, 0.03749647327734111, -0.01036683772476512, 0.034355938721500105, -0.0015825074017248844, 0.01586825593280485, -0.03325679085242971, -0.045537900205998946, 0.04430105931079302, -0.012401063852010036, 0.039309460570804075, -0.0019978985541129635, 0.019515928359889564, -0.04166364462447791, -0.05329797556024606, 0.05058240693260659, -0.013833000934105215, 0.04267468999579047, -0.002235163220125196, 0.02244256540948003, -0.04950131659061446, -0.05998346481432713, 0.05644950307947086, -0.014492363438011233, 0.044496244895581925, -0.002265393445260357, 0.024615483811547198, -0.056574489887905734, -0.06556198967781691, 0.06196367556374334, -0.01438349485369025, 0.0449107838677757, -0.0020782016102824084, 0.026077958461689595, -0.06273695166350843, -0.07014503017148697, 0.06715214184659729, -0.013628923786819302, 0.044121051253193794, -0.001677194738830015, 0.026920209619681227, -0.06788513370869459, -0.0739202699304323, 0.07202097197437282, -0.012415595575566242, 0.042370826069855025, -0.0010757931055661507, 0.027244383198158417, -0.07194816727778931]","[-0.8999999999934115, -0.6980418356327098, -0.8999999999877509, -0.7570288779652329, -0.8999999999915868, -0.7623943872441554, -0.8999999999921751, -0.7337466878030754, -0.8999999999925463, -0.6875552394394284, -0.8999999999931712, -0.6369738032315417, -0.8999999999852737, -0.591784123050414, -0.8999999998608744, -0.5607455833292567, -0.899999999230045, -0.544629835468446, -0.8999999767185468, -0.5394741628192827]","[0.00014443688810894528, 0.005210653187122105, 0.0002614805303955414, 0.003926416058053217, 0.007084054001873952, 0.0002713638067928237, 0.00966831592659334, 0.010356090133743834, 0.00010888747397785892, 0.017502754678890398, 0.01496504589181269, -0.00023591885280982439, 0.02697551164415879, 0.0208840415479723, -0.0006278807385240448, 0.037447328203819685, 0.028048318120819093, -0.0008870804488614326, 0.04866347385122616, 0.03623108615402648, -0.0008456507324630103, 0.06035945713299018, 0.04518389113766297, -0.00035465250008037685, 0.07227424458279508, 0.054661399921565934, 0.0006831667797086993, 0.08414881350709225, 0.0644302683716429, 0.0022922191947358783, 0.09571560700927595, 0.07426857360181938, 0.004413946388670098]","[8.041954040527433e-05, 0.006229752302169794, 0.0004279017448425293, -0.00042639604806900266, 0.0007900575399398813, 0.00032788515090942383, -0.0147216796875, -0.000146484375, 7.092005014419644e-05, 0.006219410896301264, 0.00042700767517089844, -0.0004294656872749353, 0.0007857138514518747, 0.00032633543014526367, -0.0147216796875, -0.000146484375, 6.180053949356168e-05, 0.006213018298149103, 0.0004324018955230713, -0.00043542615175247434, 0.0007822269797325143, 0.0003243684768676758, -0.0147216796875, -0.000146484375, 5.2703380584717685e-05, 0.006202527880668635, 0.00043332576751708984, -0.0004386299014091516, 0.0007776970267295846, 0.0003264695405960083, -0.0147216796875, -0.000146484375, 4.430657625198453e-05, 0.006195189058780665, 0.0004315376281738281, -0.0004450672030448938, 0.0007745975852012643, 0.0003254413604736328, -0.0147216796875, -0.000146484375]",0.0618133544921875
"[1.9793882369995117, 1.9993882369995117, 2.0193882369995118, 2.0393882369995118, 2.059388236999512, 2.079388236999512, 2.099388236999512, 2.119388236999512, 2.139388236999512, 2.159388236999512, 2.179388236999512]","[-0.0003176157515042576, 0.002245642438961317, -0.0006821514149670973, -0.00045639834846400294, 0.0010072053119307405, -0.00033938411359580033, -0.0009354754095016028, -0.010393654651326844, 0.012375981528189467, -0.0037322523321486173, 0.010551482299947734, 0.0002160072991458793, 0.0037389827265091797, -0.008129775193423405, -0.020269822904000877, 0.021478875510987226, -0.0066876423147474795, 0.020177524146669647, -0.0005424396641803877, 0.008485504719860011, -0.01635529203947857, -0.030095598580289453, 0.029648639263950883, -0.009577019218060208, 0.02834197479203515, -0.0012447344271785856, 0.013438306487733032, -0.025127272895131968, -0.03974633978433978, 0.03701209055894201, -0.012295843468905556, 0.03498045299930448, -0.0018492050263913384, 0.01806896817232694, -0.03393988108895762, -0.04884811071282408, 0.04372509425176275, -0.014585937484080195, 0.04002977534024024, -0.0023046681501244794, 0.021986581373748385, -0.042385675117751626, -0.05690145142564366, 0.0499522081240615, -0.016075845416852783, 0.04342837397484784, -0.0025622412194435105, 0.02507618620632316, -0.050229848233285974, -0.06369749238932469, 0.05579585845528469, -0.016629984526690646, 0.045232893397501424, -0.002596345369886945, 0.027312858180412018, -0.05728388346605116, -0.06924681466751711, 0.06131008615083657, -0.016293562816579635, 0.04559335532993642, -0.002400243005448457, 0.028752519005184003, -0.06340933520417998, -0.073704197415804, 0.06651487022889085, -0.01523160506771767, 0.04472576714847206, -0.001981049353246943, 0.029500306008592145, -0.06850988682656377, -0.07729670411952139, 0.07140978325463695, -0.01367119293112551, 0.042885931644973604, -0.0013551871408419495, 0.029672677909392105, -0.07252009523981655]","[-0.8999999999718659, -0.7791056795194433, -0.8999999999469795, -0.8243175496594499, -0.8999999999617156, -0.8155008690216038, -0.8999999999563012, -0.7734339127844674, -0.899999999970478, -0.7154504439095114, -0.8999999998875934, -0.6552869782565952, -0.899999999893295, -0.6030319988148249, -0.899999999567296, -0.5676127023545077, -0.8999999968996012, -0.5493476420203257, -0.899999789778142, -0.5435207991962419]","[0.0001521383928284603, 0.005276498988009859, 0.00026058668855677425, 0.00434862312138784, 0.007035146329513076, 0.00025259118612730447, 0.01079989145552429, 0.010147916386198386, 5.82351339524223e-05, 0.019267671912424733, 0.014624338156220773, -0.0003002123501500975, 0.029230000505561238, 0.020441852568490848, -0.0006830727742803688, 0.04016808782973991, 0.027487652160516962, -0.0009147299079144133, 0.05182090746864043, 0.03552361390501613, -0.0008246369860431813, 0.06391696625949983, 0.044300940613280826, -0.00026413073580933144, 0.07618888148447667, 0.05358344271506432, 0.0008611406859948545, 0.08837146794931039, 0.06315263654860814, 0.002570110656209934, 0.10018990644769787, 0.0728031010889918, 0.004796106065906081]","[9.65127944946298e-05, 0.006277123093605036, 0.0004273056983947754, -0.0004196458220481897, 0.000811403453350068, 0.00032372772693634033, -0.0147216796875, -0.000146484375, 9.840524196624845e-05, 0.006277935206890101, 0.0004279613494873047, -0.0004159354329109216, 0.0008114556074142465, 0.00032620131969451904, -0.0147216796875, -0.000146484375, 9.771233797073453e-05, 0.0062761917710304205, 0.00043445825576782227, -0.00041554800271988157, 0.0008087584972381601, 0.0003236830234527588, -0.0147216796875, -0.000146484375, 0.00010353869199752896, 0.006266953051090235, 0.0004248619079589844, -0.00041575661897659544, 0.0008077377676963815, 0.0003242194652557373, -0.0147216796875, -0.000146484375, 0.00010334497690200894, 0.006265246868133539, 0.0004291832447052002, -0.0004159652352333093, 0.0008052865266799936, 0.00032660365104675293, -0.0147216796875, -0.000146484375]",0.06168103218078613
"[2.0574591159820557, 2.0774591159820557, 2.0974591159820557, 2.1174591159820557, 2.1374591159820557, 2.1574591159820558, 2.1774591159820558, 2.197459115982056, 2.217459115982056, 2.237459115982056, 2.257459115982056]","[-0.00031487222451668525, 0.0022421714617465475, -0.0006871113808238685, -0.0004058604301211663, 0.000998786051089677, -0.0003281556951714795, -0.000915521880079224, -0.010922104900798119, 0.012280073332333122, -0.004157413231985596, 0.010748721065818461, 0.0001524091922108711, 0.004255910204012842, -0.008319621952347932, -0.02147151269947714, 0.02126612384013403, -0.007629827967461233, 0.020551207440735103, -0.0006628677788170004, 0.009399226036022666, -0.01667653667523218, -0.03192084727559128, 0.029327708422993, -0.010989548731025683, 0.028876520721279775, -0.001413458921833287, 0.014645615423937827, -0.025520762457370547, -0.04194089122870206, 0.03662682827161913, -0.013937338976980046, 0.035590520880394855, -0.002049082574263346, 0.019586756392455877, -0.03442968881098661, -0.051326878990054114, 0.04328976562801347, -0.016357241892522512, 0.04068129957601632, -0.0025274345066676864, 0.023750047164608108, -0.04294230024037123, -0.05956706707547333, 0.049483107417486606, -0.017871895636036212, 0.04408670503812596, -0.0027986891901426248, 0.027015149913526503, -0.05082556764590491, -0.06645568897222762, 0.05530872663503612, -0.018353269763066164, 0.045866908446774025, -0.0028375528937739417, 0.029357867436612173, -0.057894876392167546, -0.07201730654890166, 0.06081830946510315, -0.01786378102545585, 0.04617820124473401, -0.0026383909621062363, 0.030839833485872787, -0.06401696617320428, -0.07642680988598785, 0.06602848642488544, -0.01659124348277098, 0.04524424814458176, -0.0022097890282778963, 0.03157462325511736, -0.06910073906985416, -0.07993298623653351, 0.07093524826495506, -0.014787273030547977, 0.043328716118674636, -0.0015696508175655033, 0.031687474305242755, -0.07308491673781342]","[-0.8999999999974541, -0.8238664205100841, -0.8999999999950821, -0.8658517103456291, -0.899999999995763, -0.8515012287483978, -0.8999999999939882, -0.8028393225799748, -0.8999999999936873, -0.7382342643896491, -0.8999999999796968, -0.6722095005473461, -0.8999999999333373, -0.6153847460620359, -0.8999999997504992, -0.5770171962146563, -0.8999999975211355, -0.5572603657712863, -0.8999998800762721, -0.5509559582845335]","[8.252921146523207e-05, 0.005184659722360596, 0.00026204903169624316, 0.004684416684527015, 0.0068633823701045316, 0.0002375766773310417, 0.011447971604501284, 0.009935105472942851, 2.9645698267355414e-05, 0.020148188607111095, 0.014400228996015674, -0.0003388849756316148, 0.03048010723757555, 0.020168645241089855, -0.0007318542222600755, 0.04180175968774069, 0.027146031580426833, -0.0009563619268986301, 0.05383941454386543, 0.03508760732475302, -0.0008380422936284937, 0.06631062279757449, 0.04374432439861975, -0.00022681946987823665, 0.07893895195160239, 0.05288606608119517, 0.0009703717575986204, 0.09145114630608653, 0.062304714664990435, 0.0027683478240572157, 0.10356397495054481, 0.07180682041976594, 0.005093405289979369]","[4.138594865799039e-05, 0.0062229797244071905, 0.0004341602325439453, -0.0004456632494926477, 0.0007867196798324594, 0.00032539665699005127, -0.0147216796875, -0.000146484375, 4.955923557281583e-05, 0.0062282845377922, 0.00043272972106933594, -0.00044286928176880125, 0.0007895359992980966, 0.00032608211040496826, -0.0147216796875, -0.000146484375, 5.687570571899503e-05, 0.006234781444072718, 0.000432431697845459, -0.0004394792675972009, 0.0007957423329353341, 0.00032679736614227295, -0.0147216796875, -0.000146484375, 6.669557094574063e-05, 0.006245242059230799, 0.00043147802352905273, -0.0004357167243957544, 0.0007968971729278573, 0.0003240257501602173, -0.0147216796875, -0.000146484375, 7.152354717254727e-05, 0.0062537953257560674, 0.00043204426765441895, -0.0004315071463584924, 0.0008020902276039132, 0.00032363831996917725, -0.0147216796875, -0.000146484375]",0.06302785873413086
"[2.136904001235962, 2.156904001235962, 2.176904001235962, 2.196904001235962, 2.216904001235962, 2.236904001235962, 2.256904001235962, 2.276904001235962, 2.296904001235962, 2.316904001235962, 2.336904001235962]","[-0.00031552474041817065, 0.002241187395215792, -0.0006781723354852155, -0.00040223432860449557, 0.0009966486603967559, -0.00032387228625017683, -0.0009683182927615556, -0.011539921742449501, 0.012173018503500669, -0.004687328594847595, 0.010935956177087822, 0.00010328643553071106, 0.004518589061916096, -0.008434303524107126, -0.022640199674563263, 0.021064498195064712, -0.008654925727135984, 0.020910982722996452, -0.0007507073442577688, 0.009859219698834258, -0.016816984377734094, -0.033386861060551866, 0.029075200554624626, -0.012271039448251305, 0.029325324846142038, -0.0015268811537024836, 0.015402034896979923, -0.02575277242921821, -0.04363226851001134, 0.0363353758251196, -0.01536796869834512, 0.03608893460010537, -0.0021858019652780305, 0.02068656612333682, -0.03477893722606933, -0.05327174634401832, 0.042953826129526265, -0.01791901613983854, 0.04122293917977861, -0.002688838145306417, 0.02515710181822438, -0.04338433445695661, -0.061743593111735044, 0.049105743763320144, -0.019511833279857414, 0.04465471798645469, -0.002981977898447282, 0.028680460474222565, -0.0513358469787999, -0.06881647321645808, 0.054897417458686495, -0.020002965592933963, 0.04644025177260344, -0.0030376767686654755, 0.0312268833645646, -0.05845127287720341, -0.0745078877948137, 0.06038180201180086, -0.019454570378713586, 0.04673631583137808, -0.0028494952843064808, 0.032858211265052534, -0.06460134286168753, -0.078997790966256, 0.06557311342912547, -0.018065074914918974, 0.045769118574417754, -0.0024262828808084853, 0.03369227817323213, -0.06969696171284803, -0.08254663827543414, 0.07046364730177367, -0.016102546034126128, 0.043806613695727, -0.0017866376495293778, 0.03385964843400111, -0.0736785166834647]","[-0.8999999999998087, -0.8511709954334374, -0.899999999999483, -0.8985440580812402, -0.899999999999263, -0.8850253917856017, -0.8999999999987739, -0.8342990593249638, -0.8999999999967618, -0.7661571446659308, -0.8999999999975067, -0.6962659551047132, -0.8999999999807405, -0.636090441711073, -0.8999999997758303, -0.5954075314224364, -0.8992519306046386, -0.5744188192101147, -0.8984438988053215, -0.5677043651368122]","[0.00012115797924794336, 0.005198836241641747, 0.00026079586440985736, 0.004773410291578184, 0.006879437578877212, 0.00023565190404584158, 0.011512661572759875, 0.009986693813801129, 2.516695982635042e-05, 0.020399331342470184, 0.014443533146459853, -0.0003655864800311548, 0.03107821758342677, 0.020158822649068764, -0.0007827578654691081, 0.042789624186565955, 0.02706157661188069, -0.0010139281206846817, 0.055243818816439916, 0.03490196905160392, -0.0008800252797316332, 0.06814580980781004, 0.04342891418282324, -0.00022807025279547588, 0.08120916110767462, 0.05241526046246392, 0.001035497575809341, 0.09415100594693415, 0.061658305947772885, 0.002923116681342819, 0.10667795866110619, 0.07097252180231539, 0.005355247457663914]","[3.996288776397794e-05, 0.006207728385925287, 0.00043207406997680664, -0.0004438900113105798, 0.0007810348868370065, 0.0003263503313064575, -0.0147216796875, -0.000146484375, 4.066324234008878e-05, 0.006204442679882044, 0.0004342198371887207, -0.0004453503251075769, 0.0007801408171653756, 0.0003254711627960205, -0.0147216796875, -0.000146484375, 3.484433889389127e-05, 0.006206476688385004, 0.00043138861656188965, -0.0004478537201881433, 0.0007792169451713571, 0.00032582879066467285, -0.0147216796875, -0.000146484375, 3.380125761032193e-05, 0.006204032897949213, 0.00043079257011413574, -0.0004488222956657434, 0.0007792094945907602, 0.00032682716846466064, -0.0147216796875, -0.000146484375, 3.550744056701749e-05, 0.006207832694053644, 0.00043210387229919434, -0.0004492097258567834, 0.0007798055410385141, 0.0003252476453781128, -0.0147216796875, -0.000146484375]",0.062163591384887695
"[2.2170846462249756, 2.2370846462249756, 2.2570846462249756, 2.2770846462249756, 2.2970846462249757, 2.3170846462249757, 2.3370846462249757, 2.3570846462249757, 2.3770846462249757, 2.3970846462249757, 2.4170846462249758]","[-0.0003174865428070284, 0.0022440708836468735, -0.0006763473450122408, -0.0004415141522091877, 0.0010036481401638215, -0.0003339883013987834, -0.0009620166970883736, -0.012173181434563111, 0.012066400646179155, -0.005253241729247566, 0.011103990564693755, 6.261396750466073e-05, 0.004692359088329418, -0.00844349227443154, -0.023573965091094776, 0.020905524261477182, -0.009504352077565155, 0.02118868714855882, -0.0008133582352537517, 0.010202743281129203, -0.01685901624622951, -0.034501350719927, 0.028884247551805495, -0.013285313978000871, 0.02967231289858134, -0.0016027892236894147, 0.01592426610264763, -0.025841214097554768, -0.04492989740241504, 0.03611159236593259, -0.01653419899553805, 0.03650276406303954, -0.0022756903592692826, 0.02136804274832933, -0.034903023665558364, -0.0546712991092419, 0.042710854430610956, -0.019138029940219462, 0.04166847792149985, -0.0027915377481512282, 0.02605256459711648, -0.04358039187821893, -0.06322560639904977, 0.048846512350389226, -0.020723006163135837, 0.0451080359729579, -0.00309974828236629, 0.029837684639988114, -0.05163257485741346, -0.07045061110531842, 0.054601419918450425, -0.021231257839217758, 0.046902616853821785, -0.0031761307992228278, 0.03262628146475119, -0.058822117879487844, -0.07631414216754426, 0.060017318689498146, -0.02069921735514907, 0.047188448919980946, -0.0030115656264230826, 0.0344791410681864, -0.06499548385649859, -0.08096807305484278, 0.06509940818669269, -0.01931281646105298, 0.04618238521640073, -0.00261312166091091, 0.03551394900137939, -0.07005760151556038, -0.08466056388173389, 0.06983702347217928, -0.017336316294760026, 0.04415128086342834, -0.0019976363614056985, 0.03585870862295811, -0.0739633099654342]","[-0.8999999999994508, -0.8771901267435892, -0.8999999999978585, -0.8999999999960537, -0.8999999999952378, -0.8989384570551641, -0.8999999999908871, -0.8552343122557268, -0.8999999999921345, -0.7903823059976878, -0.8999999999499851, -0.7215191063822461, -0.8963500495650145, -0.6612896959630339, -0.8874231404544931, -0.6201880626359974, -0.8807503080682945, -0.5988384700626271, -0.8781895053553441, -0.5919699495165633]","[0.00016077137645509332, 0.005259578893560324, 0.00026024857174355986, 0.004735015042847124, 0.006942721821212139, 0.00024223577085180636, 0.011476093179424662, 0.010051837361993776, 2.9684585669098595e-05, 0.02043917189022393, 0.014493408943574426, -0.00037420064797988317, 0.031203948666011616, 0.02018764617272728, -0.0008080496647586699, 0.04313953694965145, 0.027027890029501123, -0.001056543417846001, 0.05596402795179256, 0.0347621324348637, -0.0009253000476947548, 0.06927259367333138, 0.04315887160069298, -0.00025138518427514356, 0.08275750917314317, 0.05196504536791391, 0.0010591667231789614, 0.09612191774592582, 0.06096363553499318, 0.0030146367296191023, 0.10906626487173776, 0.06997538727551911, 0.005528962423110961]","[9.100681543350309e-05, 0.006252245604991907, 0.0004266500473022461, -0.0004208081126213098, 0.0008010694980621347, 0.00032477080821990967, -0.0147216796875, -0.000146484375, 8.511340618133634e-05, 0.006248684227466578, 0.000431060791015625, -0.0004231550455093408, 0.0007990652918815622, 0.0003243386745452881, -0.0147216796875, -0.000146484375, 8.310920000076383e-05, 0.006242194771766657, 0.00043198466300964355, -0.0004240267634391809, 0.0007976571321487436, 0.00032645463943481445, -0.0147216796875, -0.000146484375, 8.033013343811124e-05, 0.006240607798099512, 0.0004337430000305176, -0.00042723051309585813, 0.0007920691967010507, 0.0003261864185333252, -0.0147216796875, -0.000146484375, 7.15011954307565e-05, 0.006234587728977198, 0.0004354119300842285, -0.0004275061845779443, 0.0007912347316741952, 0.0003264695405960083, -0.0147216796875, -0.000146484375]",0.06324410438537598
"[2.2878010272979736, 2.3078010272979737, 2.3278010272979737, 2.3478010272979737, 2.3678010272979737, 2.3878010272979737, 2.4078010272979737, 2.4278010272979738, 2.4478010272979738, 2.467801027297974, 2.487801027297974]","[-0.00031657729859552706, 0.002244009249948141, -0.0006826339313098466, -0.0004341571636633746, 0.0010041483565978808, -0.00033294812042152097, -0.0009256531501186137, -0.01268511382699809, 0.011976800535540776, -0.005692773865200133, 0.011270639370125124, 1.5736105332548026e-05, 0.005016033974524248, -0.008517105848700598, -0.02444555296531057, 0.02075290757146873, -0.010229288345402572, 0.021460318940786895, -0.0008894229792189686, 0.010758103630800332, -0.017004954559928696, -0.03568755125534512, 0.028676264440705302, -0.014262971327768914, 0.030040116605488772, -0.00169702942063744, 0.016566754989106855, -0.025985964874374948, -0.04631382413004667, 0.035868311704776536, -0.017677165840933266, 0.036940510629216085, -0.002378898745350642, 0.022046191753160825, -0.035028959061189975, -0.05605874629751207, 0.042465691325691154, -0.02026357900058844, 0.04211197358027118, -0.0028960196248748985, 0.02685321513679782, -0.043750953283947874, -0.06459002853162658, 0.048571741307444335, -0.02178602407024788, 0.04551593371033712, -0.003211591200923348, 0.030830229397154827, -0.05183711395288992, -0.07184463888266163, 0.054209799326770995, -0.022272341656899133, 0.047237164404925217, -0.0033082854983453413, 0.03384514227815148, -0.058964841618774674, -0.07778228235096556, 0.05939522337118944, -0.02176896273660754, 0.047407633578983366, -0.003175820396694468, 0.03593613312457979, -0.06496158340117593, -0.08251634895106628, 0.06412517493198362, -0.020439917441533187, 0.04623392931712232, -0.0028167244815978845, 0.0372118828503537, -0.06976430725540891, -0.08627346885002457, 0.06838629683575279, -0.01853928879710534, 0.04397143186170618, -0.002242495589475826, 0.037784984379926646, -0.07338742441674483]","[-0.899999999998842, -0.8999999998568352, -0.8999999999938946, -0.8999999999847215, -0.8999999999867077, -0.8999999994211273, -0.8999999999767297, -0.866185212342909, -0.8999999994536477, -0.8070868232642654, -0.8854211906004384, -0.7412359452525302, -0.8614116522175076, -0.6824171322849486, -0.840987528215217, -0.6418069620090785, -0.8290863678397301, -0.6205439905178481, -0.8249919220475402, -0.6136611773092768]","[0.00012521752486094329, 0.0052323309992710065, 0.0002617984565116416, 0.004862758103151732, 0.006872100307251827, 0.00023914219789800129, 0.0117592093314558, 0.009955923665220467, 2.0685166770118002e-05, 0.02073574594143568, 0.014406894817608595, -0.0003819083501448439, 0.03146719081308236, 0.02011563346622136, -0.0008195822457430779, 0.043543602577968965, 0.026914772796148956, -0.0010816769465664677, 0.0566361833108906, 0.03452542499196065, -0.0009526956028622635, 0.07025069165527364, 0.04268107197713089, -0.0002589351868618195, 0.08403196121119061, 0.051110760698546365, 0.0010872534854540206, 0.09768258115625716, 0.05960540591719177, 0.003084454388599056, 0.11091753960674167, 0.06803624047879486, 0.005643256674367159]","[6.96534514427194e-05, 0.006243021786212916, 0.0004297792911529541, -0.0004349120616912866, 0.0007978433966636667, 0.0003235042095184326, -0.0147216796875, -0.000146484375, 7.248467206955045e-05, 0.006256596744060511, 0.00043642520904541016, -0.0004272826671600366, 0.0007977986931800851, 0.0003214925527572632, -0.0147216796875, -0.000146484375, 7.192587852478116e-05, 0.0062554568052291815, 0.0004337430000305176, -0.00042748383283615354, 0.0008024255037307748, 0.0003269612789154053, -0.0147216796875, -0.000146484375, 8.011406660080045e-05, 0.006257669627666468, 0.00043070316314697266, -0.0004240342140197778, 0.0008016729950904855, 0.000324055552482605, -0.0147216796875, -0.000146484375, 8.61639380455026e-05, 0.0062568202614784185, 0.00043082237243652344, -0.0004237436413764978, 0.0008034909367561349, 0.0003229379653930664, -0.0147216796875, -0.000146484375]",0.06282424926757812
"[2.378105401992798, 2.398105401992798, 2.418105401992798, 2.438105401992798, 2.458105401992798, 2.478105401992798, 2.498105401992798, 2.518105401992798, 2.538105401992798, 2.558105401992798, 2.578105401992798]","[-0.00031511568950462596, 0.0022416213009587103, -0.0006831315241898162, -0.00040300788714226415, 0.0009988614900870837, -0.00032854543147323997, -0.0009437355093321207, -0.013137672419384972, 0.011895990516762829, -0.006077460800942983, 0.011433515434413802, -2.7687030585149137e-05, 0.005286132801639474, -0.008624935034710469, -0.025299976322697974, 0.020602745708079007, -0.010962676240270313, 0.021744251318896568, -0.0009574731730385723, 0.011137789094284537, -0.017120074078280947, -0.036798805560695466, 0.028481786766881755, -0.015242781508687292, 0.03041438807710434, -0.0017748652164269072, 0.016953841706093306, -0.0260636766520257, -0.04747202085501396, 0.03566568113287771, -0.018722937165742914, 0.03734426396503958, -0.0024561731827489833, 0.02249878004775061, -0.03511589193593611, -0.057159457087907393, 0.04221471833148304, -0.02127855036443874, 0.04246876317382145, -0.0029785050422556276, 0.027495815372558085, -0.04382715191618482, -0.06568152408050913, 0.04814735106556887, -0.022816974942797826, 0.04576825607898532, -0.003318088150274588, 0.0317452844648269, -0.05177875947298317, -0.07297339239238522, 0.05344735673519344, -0.02337738235955568, 0.047318719519888044, -0.0034572339618461497, 0.03510008862932645, -0.058632150775306785, -0.07899275115016109, 0.05810569619476663, -0.023018610510086933, 0.0472492662545762, -0.003381505273034041, 0.03755817863760248, -0.06423937754863276, -0.08380882853996295, 0.062113688118964984, -0.021879443611143808, 0.04574237297413652, -0.0030843744071825164, 0.039201660200979344, -0.0686210301849689, -0.08763752371765264, 0.06554546844669204, -0.020171955491387377, 0.04310192594893741, -0.0025768850125535816, 0.04012871167580844, -0.07182408235900069]","[-0.8999999999972113, -0.8999999999879041, -0.8999999999905798, -0.8999999999915974, -0.8999999999853987, -0.8999999999240728, -0.8999999928664941, -0.8780331496365195, -0.8736263480049314, -0.8261869809297319, -0.8333766398501141, -0.7644303722812673, -0.7929686478897653, -0.7077301735399814, -0.7634581751829487, -0.6680176740628466, -0.7474911267239872, -0.6470322248017588, -0.7422194526639664, -0.6401943420186333]","[9.880650307314554e-05, 0.005193152111824695, 0.00026223073907960526, 0.004972276446295831, 0.006816556013484298, 0.0002356064583768358, 0.011846299688591522, 0.009932272967048572, 2.153931288884081e-05, 0.02069161419620502, 0.014440069700076386, -0.0003776334018477101, 0.03140669838923138, 0.02016752415074352, -0.000831314898676272, 0.04363776194761071, 0.02685316096203394, -0.0011152453240441673, 0.05695123049967821, 0.03417069568377373, -0.0009931059668275566, 0.07082564461067209, 0.0418217818080433, -0.0002882186546857568, 0.08487046898016315, 0.049557333035036066, 0.0010781948468299163, 0.09881186351476057, 0.05723766358871263, 0.0031006396734882813, 0.112364998650762, 0.06477490625891535, 0.005686394136403372]","[4.4351279735566074e-05, 0.006215506792068476, 0.0004302561283111572, -0.00044324181079864744, 0.00078519231081009, 0.00032557547092437744, -0.0147216796875, -0.000146484375, 4.45151925086984e-05, 0.006214784085750574, 0.0004378855228424072, -0.00044262341260910276, 0.0007851327061653146, 0.00032839179039001465, -0.0147216796875, -0.000146484375, 4.5073986053467685e-05, 0.006215089559555048, 0.00043022632598876953, -0.00044283947944641355, 0.0007868910431861886, 0.0003274381160736084, -0.0147216796875, -0.000146484375, 4.884397983551114e-05, 0.00621988028287887, 0.0004297196865081787, -0.00044289908409118894, 0.0007874647378921518, 0.00032551586627960205, -0.0147216796875, -0.000146484375, 5.347079038620084e-05, 0.006225557625293726, 0.0004299283027648926, -0.00044083527326584104, 0.0007866451740264901, 0.00032719969749450684, -0.0147216796875, -0.000146484375]",0.062291860580444336
"[2.457780361175537, 2.477780361175537, 2.497780361175537, 2.517780361175537, 2.537780361175537, 2.557780361175537, 2.577780361175537, 2.5977803611755372, 2.6177803611755373, 2.6377803611755373, 2.6577803611755373]","[-0.00031651885625072186, 0.0022427428146587322, -0.00067762120955095, -0.000423018826251234, 0.0010031273721790269, -0.0003273668405736476, -0.0009647569287131949, -0.013663366497705366, 0.01180651474369801, -0.006535027884506803, 0.011577065380671074, -6.237874694947381e-05, 0.005471628430899139, -0.008675939756650337, -0.02620167939809906, 0.020448231792344628, -0.01177761450880001, 0.022019802090583372, -0.0010132161262416332, 0.011383323842127873, -0.017144219459810758, -0.037837956630206254, 0.028303272672854086, -0.016219500974460267, 0.03075790124833546, -0.0018339999536368646, 0.0172443230044461, -0.026071883408353654, -0.04852301259574408, 0.035410738824438105, -0.0197751793246522, 0.03767629791043185, -0.002521523881624316, 0.022904580033932937, -0.03503632436885895, -0.058139247651608966, 0.04176042567508434, -0.022354577362260354, 0.042687405305420194, -0.003064004039243881, 0.028160265307966732, -0.04355394685848958, -0.06663078874308709, 0.047304702747854394, -0.023975572478238213, 0.045794785805093205, -0.0034456381010131705, 0.03276987269548816, -0.05116842207212959, -0.07393377250414238, 0.05199694540974898, -0.02468648374463936, 0.047065459861689495, -0.0036447288992897914, 0.03655745452731568, -0.05757671653354595, -0.08000576443908121, 0.05580958295245949, -0.024561047570474264, 0.04661284027702248, -0.0036383640924648776, 0.03946201631075159, -0.0627052859970613, -0.08488976883978869, 0.05884530750859928, -0.02367440502994905, 0.044678711944227775, -0.0034189810993054434, 0.0415480436743729, -0.06660041914519613, -0.0887895748628248, 0.06126858137228924, -0.022193357449926187, 0.041620036175361856, -0.0029987894947114853, 0.04290047480457809, -0.06932343005421389]","[-0.8999999999927084, -0.8999999999985918, -0.8999999999868407, -0.8999999999930269, -0.8999999955047084, -0.899999999984418, -0.8664311710744559, -0.8905938982748505, -0.8124891181539059, -0.8466038688379851, -0.7539790235720103, -0.7893983808895547, -0.7023064194318095, -0.7351106039456351, -0.6667461732934006, -0.6964696237913828, -0.6481465910971073, -0.6758497737110722, -0.6421304202022586, -0.6690871397252381]","[0.00014282553422750865, 0.0052302883615253926, 0.0002622554705427049, 0.005005943878386709, 0.006855709292957979, 0.00024071750753451582, 0.011740682795578827, 0.010016298821418523, 3.8327751046729475e-05, 0.02047719833081363, 0.014558275808932652, -0.00036271504492679796, 0.031145118108563352, 0.020194077694519752, -0.0008329333611878376, 0.043462112835895184, 0.026557171830461357, -0.0011390951099081725, 0.0569275714853017, 0.0333025556476465, -0.0010293886944161557, 0.07101530672817047, 0.040150710641809084, -0.00032586664903222484, 0.08532229875504282, 0.04694621679388211, 0.0010474649658305246, 0.09956935612110307, 0.05358363702174174, 0.0030821629719515187, 0.11346127819550045, 0.05999816878508479, 0.005680607171215435]","[7.465279102325528e-05, 0.006232866644859308, 0.00043383240699768066, -0.00043149224519729856, 0.0007928366065025338, 0.0003252774477005005, -0.0147216796875, -0.000146484375, 7.1843922138215e-05, 0.00623203963041305, 0.0004247725009918213, -0.0004319467306137109, 0.0007925758361816415, 0.00032623112201690674, -0.0147216796875, -0.000146484375, 6.315654516220182e-05, 0.006229804456233973, 0.00043258070945739746, -0.0004351281285285974, 0.0007912719845771798, 0.00032570958137512207, -0.0147216796875, -0.000146484375, 6.314164400100797e-05, 0.006224983930587763, 0.00043019652366638184, -0.0004351877331733728, 0.0007869059443473825, 0.00032722949981689453, -0.0147216796875, -0.000146484375, 5.547499656677335e-05, 0.006221668422222132, 0.00042688846588134766, -0.00043819776773453, 0.0007882992029190072, 0.0003269612789154053, -0.0147216796875, -0.000146484375]",0.06933164596557617
"[2.537259101867676, 2.557259101867676, 2.577259101867676, 2.597259101867676, 2.617259101867676, 2.637259101867676, 2.657259101867676, 2.677259101867676, 2.697259101867676, 2.717259101867676, 2.737259101867676]","[-0.00031694085382425423, 0.00224382986987452, -0.0006794927100964871, -0.00043512042014213993, 0.0010041577898281273, -0.0003383954398181019, -0.0009401504186533966, -0.014096392856083946, 0.011732129211784703, -0.006939536365346966, 0.01171658790498256, -8.834982734585546e-05, 0.005496857589225561, -0.008619347544434271, -0.026822259700062336, 0.020340831576629463, -0.012393128179538566, 0.022247463550823833, -0.00104724130402668, 0.01143324637951015, -0.017068981571373293, -0.038487322354672324, 0.02811598328823989, -0.016943767788944797, 0.030987882050911183, -0.0018733999779955012, 0.017349500576671298, -0.025887734485659956, -0.049087387737411, 0.035023102748938544, -0.020547165223272663, 0.03780161756193665, -0.0025760512646416643, 0.023185130426767463, -0.034623039850766375, -0.058635245526422144, 0.04098243606592953, -0.023227911412257805, 0.04262440526447832, -0.003154153370830781, 0.028731731541087855, -0.042769589355436684, -0.06709006253794425, 0.045911356693009484, -0.025018765712967003, 0.04545100990500824, -0.0035904218882232687, 0.03374186925959729, -0.049915710182063776, -0.07439416651013255, 0.04974102912295297, -0.025978398449012733, 0.04632823974880046, -0.0038557381203039504, 0.03800060599551687, -0.05584170905047243, -0.08052812981906149, 0.05254490994929211, -0.026156012577979667, 0.0454413097835096, -0.003927922852315603, 0.041403165586943694, -0.06048221024142851, -0.08551899559153275, 0.05451884293151242, -0.025577476186374248, 0.043086563269296614, -0.0037993323534596794, 0.04398666543429557, -0.06389034927436295, -0.08954526308462028, 0.05589009392365502, -0.02436590244526513, 0.039652339838280926, -0.003481687306200327, 0.04581964355274206, -0.06613932057552516]","[-0.8999999999885236, -0.8999999999990485, -0.8999999995180534, -0.8999999999944776, -0.8662350408898968, -0.8999999999894441, -0.8038960311930824, -0.8999999929419163, -0.7306873553763283, -0.8663428842917161, -0.6600164519279276, -0.8155305974304222, -0.60123602952044, -0.7649113924248654, -0.5620561453043486, -0.7280836118026462, -0.5419612395556114, -0.7081834684366148, -0.5355418227048448, -0.7016056535732014]","[0.00013456718090809616, 0.0052417673152844735, 0.00026165102333930434, 0.004825914584821955, 0.006892384812210661, 0.00025567732667841625, 0.01140599097192041, 0.010089604467731661, 6.425429588574616e-05, 0.01999500826850853, 0.014564681433961724, -0.00033838680723619063, 0.030598776073273104, 0.01991551183653062, -0.000824022969745819, 0.042905172819316384, 0.025741728782610274, -0.0011483028198426837, 0.05644150385975699, 0.03170806081822519, -0.0010568025381640922, 0.07071038539058438, 0.037618888802358086, -0.0003670490518303815, 0.08527293880790987, 0.04336449504646378, 0.001000598732547875, 0.0998253291758342, 0.04886359848375221, 0.003035158773942115, 0.11406129458305969, 0.054066575117653226, 0.005635665137352586]","[7.246232032775968e-05, 0.006238812208175654, 0.00043523311614990234, -0.0004267462253570581, 0.0007972548007965097, 0.00032654404640197754, -0.0147216796875, -0.000146484375, 7.964468002319425e-05, 0.006241866946220392, 0.0004309117794036865, -0.0004274689316749597, 0.0007964352369308481, 0.000324934720993042, -0.0147216796875, -0.000146484375, 7.874315977096646e-05, 0.0062448844313621465, 0.00043398141860961914, -0.0004271560072898889, 0.0007939690947532663, 0.00032486021518707275, -0.0147216796875, -0.000146484375, 7.804280519485562e-05, 0.006243453919887537, 0.0004318654537200928, -0.00042626193761825804, 0.0007976720333099374, 0.00032375752925872803, -0.0147216796875, -0.000146484375, 8.214807510376065e-05, 0.006243625283241266, 0.00043454766273498535, -0.0004269622921943689, 0.0007983574867248544, 0.00032304227352142334, -0.0147216796875, -0.000146484375]",0.06299495697021484
"[2.618058204650879, 2.638058204650879, 2.658058204650879, 2.678058204650879, 2.698058204650879, 2.718058204650879, 2.738058204650879, 2.758058204650879, 2.778058204650879, 2.798058204650879, 2.818058204650879]","[-0.00031574086258868956, 0.002242451471502154, -0.0006821961829909006, -0.00041436367955243624, 0.0010001880457120478, -0.0003323725040637196, -0.0009316259341603234, -0.014331102423085707, 0.011689589127698324, -0.0071642721013247, 0.011820438354274328, -0.00010513494474162159, 0.005491163989106879, -0.008583384006877038, -0.02713061696046065, 0.020225412050414886, -0.012740183621507759, 0.022359149489482356, -0.001071832444036557, 0.011440656013026457, -0.016933761745507363, -0.03873128783702385, 0.02782120382843341, -0.017342024480188373, 0.031001366827912456, -0.0019104675655855397, 0.017455574638040025, -0.025524419204076616, -0.04923582677949851, 0.03437366431461564, -0.02102808574724243, 0.03762881236815886, -0.0026383605032807528, 0.02344576295411755, -0.03386008944031216, -0.05868518122093553, 0.03976358488034978, -0.023852707207797603, 0.04217464337245828, -0.0032566513567841636, 0.02924235197092826, -0.04149411092439759, -0.06705487091821156, 0.043882878264890464, -0.025863080361405683, 0.044616536206010124, -0.0037440929751017767, 0.03459768960525337, -0.04810931143070997, -0.07431437469453656, 0.046739140637246775, -0.027096631223444412, 0.045052318427893194, -0.004072615523765146, 0.039282330236658745, -0.05352449465046803, -0.0804690834387018, 0.04849962958581863, -0.02757539948972448, 0.0437340605138777, -0.004222559306498418, 0.04316314668680932, -0.057675527801600894, -0.08556121734593879, 0.04942110862344081, -0.02731319670043926, 0.041005123288061544, -0.004187117951324394, 0.04623094843424996, -0.06060658649394497, -0.08973022643330673, 0.049775039945797135, -0.02638725392221971, 0.03726764628615509, -0.00397585670828639, 0.04853582567728517, -0.06240012236588382]","[-0.8999999982256774, -0.8999999999845342, -0.8727234628986114, -0.8999999999055063, -0.8078333886576652, -0.8999999997895916, -0.7246049200584522, -0.8999999977956636, -0.6381878215653514, -0.8795547826320801, -0.5597723229327519, -0.8374251647883458, -0.49687785763693676, -0.7921392929256807, -0.4558222590011949, -0.7581499055747292, -0.4350460336810311, -0.7394714470281624, -0.4284672473397464, -0.7332352657146657]","[0.00010562777187828054, 0.005204035742997437, 0.00026186966154106983, 0.004670857292502495, 0.006881752765196758, 0.0002667657288499825, 0.011114852034735279, 0.010038086762007126, 8.38951392658771e-05, 0.019600142187507608, 0.01428537596437085, -0.00031760087042531637, 0.03006434223993759, 0.019178975982032664, -0.0007996371473422137, 0.04225042029013881, 0.024312119470080162, -0.0011253384787144327, 0.05575298126944728, 0.029414100871946403, -0.0010456783777623713, 0.0701000858878702, 0.03433594739536927, -0.00037225828505826897, 0.08483670823366829, 0.038996199744410376, 0.0009818979110312043, 0.09960827849066733, 0.04334140110498064, 0.0030033544761893793, 0.11409873111455915, 0.047330482927966155, 0.005589163582945034]","[5.347079038620084e-05, 0.006220997869968409, 0.00043445825576782227, -0.00043877146244049314, 0.0007848644852638254, 0.0003259330987930298, -0.0147216796875, -0.000146484375, 5.516207218170255e-05, 0.006228999793529505, 0.0004286468029022217, -0.00043886086940765623, 0.0007898489236831674, 0.0003253072500228882, -0.0147216796875, -0.000146484375, 5.894696712493985e-05, 0.006227293610572809, 0.00042876601219177246, -0.00043740055561065916, 0.0007922778129577646, 0.0003243386745452881, -0.0147216796875, -0.000146484375, 6.146526336670011e-05, 0.006229677796363825, 0.0004299581050872803, -0.00043714723587036375, 0.0007913241386413583, 0.0003241598606109619, -0.0147216796875, -0.000146484375, 6.231462955474942e-05, 0.006233566999435419, 0.0004382133483886719, -0.00043480030298233274, 0.0007907355427742013, 0.000325620174407959, -0.0147216796875, -0.000146484375]",0.066314697265625
"[2.7174060344696045, 2.7374060344696045, 2.7574060344696045, 2.7774060344696045, 2.7974060344696046, 2.8174060344696046, 2.8374060344696046, 2.8574060344696046, 2.8774060344696046, 2.8974060344696047, 2.9174060344696047]","[-0.00031622638974424097, 0.0022425699915893747, -0.0006789970822231686, -0.00041937925539449445, 0.000999895138132601, -0.0003269272314659198, -0.0009580052111250451, -0.014433136378350125, 0.011616518433277576, -0.007284714807743191, 0.011818018473683864, -0.0001157766353679949, 0.005485201539681454, -0.008499920047092324, -0.027189516589856563, 0.019954824337886097, -0.012922884294082749, 0.022244606095376908, -0.0010987738680165295, 0.011514782903911083, -0.016581307800744627, -0.03870688261801, 0.02714464464923392, -0.017631606424716638, 0.03067228096821573, -0.001968302385336235, 0.017677531882730267, -0.024686820601607175, -0.049085881420056474, 0.03303829774881845, -0.021479693993324726, 0.03697191879842301, -0.0027391581688871497, 0.023878893867474656, -0.03236089017626233, -0.05839752025758677, 0.0374827902169597, -0.024551655081304274, 0.041064310388590555, -0.0034100650144492594, 0.02998492378088273, -0.039283306571654034, -0.06665426053179158, 0.04043556637520705, -0.026883282599625174, 0.04297039434016005, -0.003960477813286121, 0.03575347768216862, -0.045219215992970636, -0.07386509332773544, 0.04203103598824047, -0.028474635487150558, 0.04287692373454026, -0.004367745536070441, 0.04094510770345106, -0.05000126419914765, -0.0800607607841482, 0.04251838377219007, -0.029324221860958833, 0.041094836121577966, -0.004614692268179965, 0.04539303798637082, -0.05356462669198503, -0.08529793818733407, 0.0422020526563336, -0.02943929021520249, 0.038005031458260834, -0.004694718313312892, 0.04903274127908688, -0.05593995864981281, -0.08966615152164355, 0.04138658286936457, -0.028848530168206477, 0.03401040167525, -0.004613846988374393, 0.05189218297917334, -0.057218125014335014]","[-0.8745228692132783, -0.8999999999987355, -0.8056406950604541, -0.8999999999937507, -0.7130178182813958, -0.8999999999883624, -0.6125110976700965, -0.8999999999812509, -0.5162714277307606, -0.8954188883373121, -0.4329769885915912, -0.863879169932379, -0.3681452670838592, -0.8252021051933671, -0.32658708905695155, -0.7947909702310844, -0.3058085669404157, -0.7776813710870359, -0.2992822233551925, -0.7718923834941821]","[0.00013313319357255438, 0.005221941115194806, 0.00026069842668574594, 0.004584992756210271, 0.00685561439389204, 0.0002712898570766953, 0.010921338950554915, 0.009767135033527552, 9.598256054044185e-05, 0.019230964030455988, 0.01349929399172467, -0.0002866186683938565, 0.029460868715392552, 0.017594426331295487, -0.0007426239574908067, 0.04145110656963302, 0.021708850693934245, -0.0010535021526045796, 0.054865226004177536, 0.025641070944208533, -0.0009763793485517702, 0.06924836762059283, 0.029273265657096204, -0.0003152542095952171, 0.08412825912554034, 0.032553132434700593, 0.0010255027090622093, 0.09909227699201262, 0.03545546402038635, 0.0030310930366246325, 0.11381547449445817, 0.03794584912947396, 0.00559902853810712]","[6.007200479507535e-05, 0.0062309965491294805, 0.0004304945468902588, -0.00043427131175995115, 0.0007907429933547983, 0.0003254115581512451, -0.0147216796875, -0.000146484375, 6.110018491745084e-05, 0.006227688491344446, 0.00042876601219177246, -0.00043679705858230833, 0.0007912347316741952, 0.0003245621919631958, -0.0147216796875, -0.000146484375, 5.122816562652677e-05, 0.0062255278229713384, 0.00043004751205444336, -0.00043946436643600706, 0.0007878968715667733, 0.0003237873315811157, -0.0147216796875, -0.000146484375, 5.788898468017667e-05, 0.0062225848436355535, 0.0004297792911529541, -0.00043836168050766233, 0.0007866749763488778, 0.0003245621919631958, -0.0147216796875, -0.000146484375, 5.134737491607755e-05, 0.006219053268432612, 0.00043320655822753906, -0.00043921849727630857, 0.0007864067554473886, 0.00032833218574523926, -0.0147216796875, -0.000146484375]",0.0641777515411377
"[2.7978906631469727, 2.8178906631469727, 2.8378906631469727, 2.8578906631469727, 2.8778906631469727, 2.8978906631469727, 2.9178906631469728, 2.937890663146973, 2.957890663146973, 2.977890663146973, 2.997890663146973]","[-0.0003167504346186536, 0.002243276446133142, -0.0006783274105453541, -0.0004289128595305282, 0.0010034862669490293, -0.00033112979706811414, -0.0009463419855375301, -0.01442324598541201, 0.01153072302997131, -0.007314173821682747, 0.011759821481454578, -0.00012105954333229512, 0.005511075240223295, -0.00835992580926432, -0.027138346722212197, 0.01963714835211305, -0.01301589417555166, 0.022060707156156583, -0.0011244940109498627, 0.011621872753564464, -0.016136516689235172, -0.038581848961281466, 0.026407394108981554, -0.017832146534654033, 0.03027785681791937, -0.0020257887242910483, 0.01792007431371648, -0.023767471731350364, -0.048850035187812314, 0.031667094703677345, -0.02183516076982204, 0.036272585001759346, -0.002835152618873263, 0.02430258989980422, -0.030856453020259432, -0.05802162526699825, 0.035245929146661206, -0.025121585603719545, 0.03994631466931642, -0.0035444011454843897, 0.030626900892432776, -0.037195881941234514, -0.06615394377457595, 0.037225123392222344, -0.027700628312411407, 0.04141050726402431, -0.004139930875894118, 0.036676734823966196, -0.04258037522536355, -0.07328660489106537, 0.037821345561196366, -0.029550440079077037, 0.04091117471793588, -0.0046038083839769865, 0.04221585033280366, -0.04685786053209509, -0.0794693444796791, 0.03733337423539167, -0.030655129230367596, 0.03879453457584835, -0.00492106647296938, 0.04706135812604221, -0.04996637950994778, -0.08476908149004983, 0.036091047858508474, -0.031017498954745093, 0.035460093000683354, -0.005085119973272744, 0.051116363257885725, -0.05192946748398986, -0.0892631907598582, 0.03441066978620415, -0.03065597277276833, 0.03131261579063029, -0.005099899628387562, 0.054377476932270775, -0.05283246785083928]","[-0.8344383582656337, -0.8999999999996152, -0.7384465038763486, -0.8999999999981168, -0.6286945848970157, -0.899999999996335, -0.518353528283237, -0.899999999989911, -0.41726953256839894, -0.8999999993356416, -0.33223412691912524, -0.8786139959612941, -0.2672981718829866, -0.8464566144529102, -0.22616998050377835, -0.8196666988616191, -0.20577375099283168, -0.8041809004945815, -0.19940329816570787, -0.7988635909845667]","[0.00013742946683525936, 0.005230644677326257, 0.0002620129873394106, 0.0045405314718012235, 0.006754536036241987, 0.00027368490033019555, 0.010768886384258991, 0.00936522442363863, 0.00010853869946991779, 0.0189067375592753, 0.012565621024614337, -0.0002512171815811648, 0.028922708899275396, 0.015917246083856362, -0.0006790166617367532, 0.040718651063772704, 0.019169423187602064, -0.0009718048196725171, 0.053998302348614136, 0.022143617439259522, -0.0008909671905414918, 0.06832909955393074, 0.024743562487352655, -0.00023670499828032376, 0.08323923221000262, 0.02693487434935271, 0.0010940228846418876, 0.09829060682195667, 0.02870849090464711, 0.0030905812137200783, 0.11312996841450618, 0.03004135085533255, 0.005650291810838759]","[8.198416233062833e-05, 0.006245711445808405, 0.0004309117794036865, -0.000427930867671969, 0.0007948482632637033, 0.0003214925527572632, -0.0147216796875, -0.000146484375, 8.031523227691739e-05, 0.006243595480918879, 0.00043070316314697266, -0.00042936137914657835, 0.0007935593128204355, 0.00032320618629455566, -0.0147216796875, -0.000146484375, 7.945096492767423e-05, 0.006243200600147242, 0.00043272972106933594, -0.0004268803358078027, 0.0007949972748756418, 0.0003256499767303467, -0.0147216796875, -0.000146484375, 7.549470663070768e-05, 0.006245614588260645, 0.0004347860813140869, -0.0004286237716674829, 0.0007956007719039926, 0.00032500922679901123, -0.0147216796875, -0.000146484375, 6.729906797409146e-05, 0.0062424406409263555, 0.0004291832447052002, -0.00043229690790176634, 0.0007947216033935556, 0.00032594799995422363, -0.0147216796875, -0.000146484375]",0.06373429298400879
"[2.8785157203674316, 2.8985157203674317, 2.9185157203674317, 2.9385157203674317, 2.9585157203674317, 2.9785157203674317, 2.9985157203674317, 3.0185157203674318, 3.038515720367432, 3.058515720367432, 3.078515720367432]","[-0.0003161408180851603, 0.0022428929987038785, -0.0006810989873408444, -0.0004211427208885638, 0.0010023008589161275, -0.0003306891025962547, -0.0009353478034004318, -0.014407262714812467, 0.01144268791889285, -0.00734209646832244, 0.011715226421863189, -0.0001307203571234668, 0.00554417781755424, -0.008222759178403614, -0.027080923211325287, 0.01931201593881898, -0.013107691012667405, 0.02188600202743812, -0.0011547712625610833, 0.011737670882423964, -0.01569096662345512, -0.038449672340577105, 0.025653534054141024, -0.018032841304190687, 0.02988594563673771, -0.002088221259029933, 0.018173638030297475, -0.022839625386749017, -0.04860535224256226, 0.030265719251727437, -0.022193301230781066, 0.035566793044712094, -0.002936443329258534, 0.02474023377577469, -0.029332876632046968, -0.05762438201573737, 0.03296239701108948, -0.025690940411907053, 0.03880803576183159, -0.003682401659431593, 0.031269635628768506, -0.03507078842311376, -0.06561050324594947, 0.033951363696269596, -0.028510137615572178, 0.03981504374758846, -0.004319574013711943, 0.03757732501806921, -0.03988072756454539, -0.0726350468829151, 0.033533240483208694, -0.030607773397638205, 0.03889496873982601, -0.004834916042427579, 0.04343607482775809, -0.04362910732057162, -0.078767395181665, 0.032057306369135945, -0.03195292120412827, 0.03642983421607281, -0.005215867817630035, 0.0486528204089036, -0.04626006168868687, -0.08408507748346318, 0.029879155270704436, -0.03254188558584931, 0.03283704523789401, -0.005455941067589968, 0.053105153713879104, -0.047793677813623515, -0.08866986309810135, 0.02732403635018109, -0.03239695416042516, 0.02852825927921422, -0.005557602541571037, 0.05675104024571346, -0.04830454477910004]","[-0.7934490967099563, -0.8999999999992725, -0.6697800089260931, -0.899999999996805, -0.5425746514850999, -0.8999999999935535, -0.4222398440824595, -0.8999999999832277, -0.3162554693146376, -0.8999999998857756, -0.22948023956883165, -0.8894425265649851, -0.16446527602362693, -0.8643175078748386, -0.1237940534878376, -0.8414713546268873, -0.10379758142997048, -0.8277682334242878, -0.09758944179160708, -0.8229720059469052]","[0.00011860899812310421, 0.005214767599037273, 0.000262309263516336, 0.004480519528026861, 0.006628479046327129, 0.000274642145661641, 0.0106042548475076, 0.00893506169366809, 0.00011933934736063634, 0.018571950730534414, 0.01159651165649489, -0.0002172148536860874, 0.028373596299162473, 0.014194641764308624, -0.0006150871754226905, 0.03995684800473809, 0.01657719322331408, -0.0008855419372744144, 0.05306661942672797, 0.01858907575028601, -0.0007949506046882604, 0.06729684135678715, 0.02015474235154091, -0.00014048520590836944, 0.08218379701483514, 0.021255789014650084, 0.001188614122647813, 0.09727588005972554, 0.021896542415786868, 0.0031885414153745018, 0.1121802896081201, 0.022069118860862602, 0.0057556645352394575]","[5.290454626083463e-05, 0.00622932761907577, 0.00043442845344543457, -0.0004353814482688928, 0.0007914656996726999, 0.0003253370523452759, -0.0147216796875, -0.000146484375, 6.416237354278653e-05, 0.006229752302169794, 0.00043129920959472656, -0.0004341223001480127, 0.0007928738594055185, 0.0003253817558288574, -0.0147216796875, -0.000146484375, 6.834959983825772e-05, 0.006231994926929468, 0.0004354417324066162, -0.0004328557014465356, 0.0007924938797950754, 0.0003256797790527344, -0.0147216796875, -0.000146484375, 6.874448060989469e-05, 0.006235250830650324, 0.00042831897735595703, -0.0004316263556480432, 0.0007912347316741952, 0.00032539665699005127, -0.0147216796875, -0.000146484375, 6.875193119049161e-05, 0.0062387004494667, 0.00043329596519470215, -0.0004313208818435693, 0.0007951835393905649, 0.0003262460231781006, -0.0147216796875, -0.000146484375]",0.0625765323638916
"[2.9581644535064697, 2.9781644535064697, 2.9981644535064698, 3.01816445350647, 3.03816445350647, 3.05816445350647, 3.07816445350647, 3.09816445350647, 3.11816445350647, 3.13816445350647, 3.15816445350647]","[-0.0003157926085424616, 0.0022422830756687697, -0.0006811053034263597, -0.00041358186132196774, 0.0010000313320907615, -0.0003320437916000038, -0.0009473766664604376, -0.014373687867867557, 0.01125106845683531, -0.007398531938250601, 0.011598983648843028, -0.00014848028151670195, 0.005607729559968103, -0.00798365403724307, -0.026983340111069166, 0.018752700344596675, -0.013263320656496056, 0.021563585022572117, -0.0011996886978677009, 0.011920157039001754, -0.015020574042667614, -0.038252158237087164, 0.02451908806152171, -0.018334294060478068, 0.029267049532839675, -0.002168173374238559, 0.018524361260913107, -0.021603310090744267, -0.04826930614007347, 0.028331110859402722, -0.022691182594063455, 0.03454491631173428, -0.003051340470983144, 0.02528799304312811, -0.027490718441227278, -0.057126022185799034, 0.03008662710560316, -0.02640925694098399, 0.03732974090395648, -0.003831153682428615, 0.0320298046028638, -0.032631928177403284, -0.0649665923779042, 0.030094161899738892, -0.029454919650505312, 0.037903240214190004, -0.0045074160695308604, 0.03859390736135221, -0.036884816521247366, -0.0718893887890046, 0.028716863154361547, -0.0317704619723139, 0.03661842949805796, -0.005071162906105454, 0.044760766906965115, -0.040132403341329025, -0.07797983430534987, 0.02633728099514553, -0.03331598188200624, 0.033880188219265875, -0.005511534177891902, 0.050327471846744444, -0.04232330349430738, -0.08332338104700368, 0.023323464444579056, -0.03408632704908927, 0.030113171916572107, -0.005821554669850283, 0.05514777899343785, -0.043472869303458096, -0.08800427884360255, 0.01999988659907161, -0.03411137925683847, 0.025727457085636583, -0.00600172657219943, 0.05914379048954462, -0.04364411212580271]","[-0.7338834842135765, -0.8999999999997145, -0.589689187268693, -0.8999999999994257, -0.4507175357818396, -0.899999999999164, -0.32475053941650533, -0.8999999999987834, -0.21707537245689074, -0.899999999997796, -0.13080393628267045, -0.8996112265502955, -0.06717194771878847, -0.8811082650409763, -0.027780399147053374, -0.861988338275197, -0.008555965733706246, -0.8499762364909133, -0.0026186351784089883, -0.8456765049342014]","[0.00011401927547138868, 0.005211317047564279, 0.0002616393405125983, 0.004401553375620093, 0.006419037540536188, 0.0002734489843136956, 0.010383684295545592, 0.008293788337303099, 0.00013263711913324983, 0.01815588812305924, 0.010297943327774561, -0.00017431608557272327, 0.02774596006831942, 0.012087333739218664, -0.0005388235187382406, 0.039119735190695115, 0.013563596174241077, -0.000780961158513449, 0.05205887276368304, 0.014594903565897432, -0.0006714416400921408, 0.06618172699728797, 0.015124384104712174, -4.778701125918161e-06, 0.08103251032255399, 0.015147265136262966, 0.0013371026508326445, 0.09614748711728782, 0.014679678459150747, 0.003357508597079395, 0.11109719171638766, 0.013728470863914932, 0.005953026921638127]","[5.88054060935983e-05, 0.006228418648242945, 0.0004297196865081787, -0.00043743035793304685, 0.0007902885079383859, 0.0003269463777542114, -0.0147216796875, -0.000146484375, 5.792623758316129e-05, 0.006225885450839991, 0.00042948126792907715, -0.0004372291922569299, 0.0007898414731025705, 0.0003264695405960083, -0.0147216796875, -0.000146484375, 5.4938554763794833e-05, 0.006229357421398157, 0.00043711066246032715, -0.000438689506053927, 0.0007894465923309335, 0.00032597780227661133, -0.0147216796875, -0.000146484375, 5.8052897453308994e-05, 0.0062252223491668646, 0.0004292428493499756, -0.0004385404944419885, 0.000790668487548829, 0.00032295286655426025, -0.0147216796875, -0.000146484375, 5.706942081451505e-05, 0.0062263101339340154, 0.000434190034866333, -0.0004369833230972314, 0.0007893646359443673, 0.0003237426280975342, -0.0147216796875, -0.000146484375]",0.06307744979858398
"[3.0380966663360596, 3.0580966663360596, 3.0780966663360596, 3.0980966663360596, 3.1180966663360596, 3.1380966663360597, 3.1580966663360597, 3.1780966663360597, 3.1980966663360597, 3.2180966663360597, 3.2380966663360597]","[-0.00031648531305385674, 0.002243163028876528, -0.0006796686879270216, -0.00042636513899414004, 0.0010032065292804302, -0.0003288002972598343, -0.0009513760735151139, -0.014303233606399124, 0.010841591499245828, -0.0075188537248716426, 0.011316577062719206, -0.0001729937233698641, 0.005736063063356919, -0.007515037224099959, -0.026804921910892527, 0.017720787442835728, -0.013552686607870474, 0.020923560935532933, -0.0012593095807625987, 0.012225468642156168, -0.013938460636764153, -0.03792728061835046, 0.022640792109824493, -0.018842111967817887, 0.02816861399502524, -0.002260961597527413, 0.01903437697676728, -0.0198764256355559, -0.0477753759631357, 0.025472758425553157, -0.023439042099492647, 0.03294153117210864, -0.003172995522389768, 0.026012603572259787, -0.025151469898933507, -0.05646426830007829, 0.026250874230905167, -0.027374892098189246, 0.03526965301676458, -0.0039822592979924624, 0.032973903350762127, -0.029715671864503877, -0.06415034881672152, 0.02534640987059093, -0.03059595721953348, 0.03547769722465492, -0.004690930151592609, 0.03975545157112996, -0.03344037245386541, -0.07095440084894744, 0.023150853295939623, -0.03304635677560051, 0.03394203129756552, -0.00529398731751057, 0.04615641137603593, -0.03622900992172634, -0.07697374009481688, 0.020052982320636736, -0.034688981539860844, 0.03107009245616083, -0.005782342418892607, 0.05197593916995905, -0.038037761827354334, -0.08229816397605585, 0.016412707328908524, -0.03552417376998423, 0.027275771270308405, -0.006148761825499324, 0.05705755392808608, -0.03888028402229302, -0.08701166280246594, 0.012538817696202223, -0.035591298807765834, 0.022951656794562784, -0.006391797528012085, 0.06130445048422163, -0.038812345749528736]","[-0.6485715511691236, -0.8999999999928479, -0.49529863424243586, -0.8999999999858735, -0.353596658475387, -0.8999999999831327, -0.22889543037632795, -0.8999999999863535, -0.12459548418167883, -0.8999999999411308, -0.04237295174999502, -0.8999999985498227, 0.017554769928263218, -0.8891313282929713, 0.05435345549805196, -0.8743807712171353, 0.07220837173129595, -0.8643803250462537, 0.07769982507386344, -0.860677936204725]","[0.00013599186598289847, 0.005230463319949141, 0.0002619608058695988, 0.0042878963047841, 0.00605105684234708, 0.0002725909173837415, 0.01007561386808864, 0.0072937875242606864, 0.00015378174335456407, 0.01763656889592058, 0.008507379979954877, -0.0001168897758043741, 0.027022823305219434, 0.00941746056259296, -0.0004418762216094052, 0.03819502327821844, 0.009945722606801155, -0.0006447256557828851, 0.050935895439226275, 0.009986078978346136, -0.0004996474499572301, 0.06489077194696713, 0.00949717598304245, 0.00019547211364834283, 0.079620934057262, 0.008484380560844773, 0.0015613681986055283, 0.09466671924743597, 0.00697265336839159, 0.003608145767286519, 0.10958782509412557, 0.0049809676322953855, 0.006239079977428119]","[6.709790229797452e-05, 0.006234669685363764, 0.00043505430221557617, -0.0004296519517898584, 0.000793313443660737, 0.00032751262187957764, -0.0147216796875, -0.000146484375, 6.568974256515592e-05, 0.006235451996326441, 0.0004343390464782715, -0.0004315667510032678, 0.0007916594147682199, 0.0003284960985183716, -0.0147216796875, -0.000146484375, 6.533211469650357e-05, 0.006234543025493616, 0.0004335343837738037, -0.00043264708518982176, 0.0007920617461204538, 0.0003249645233154297, -0.0147216796875, -0.000146484375, 6.698614358902066e-05, 0.00623387992382049, 0.000433117151260376, -0.00043373486995697264, 0.0007920468449592599, 0.00032508373260498047, -0.0147216796875, -0.000146484375, 6.416237354278653e-05, 0.006233060359954828, 0.0004303157329559326, -0.00043430111408233885, 0.0007914731502532968, 0.0003255903720855713, -0.0147216796875, -0.000146484375]",0.0611574649810791
"[3.1176671981811523, 3.1376671981811524, 3.1576671981811524, 3.1776671981811524, 3.1976671981811524, 3.2176671981811524, 3.2376671981811525, 3.2576671981811525, 3.2776671981811525, 3.2976671981811525, 3.3176671981811525]","[-0.0003164073378096755, 0.0022429875602340754, -0.0006795153405599539, -0.0004238548992802177, 0.0010029377274943152, -0.00032964299955956343, -0.0009404068303464165, -0.014200963687562723, 0.010251310081738112, -0.007698826777179393, 0.010915707605161756, -0.00019989326924569858, 0.005887192601472179, -0.006966942357724388, -0.026564202658322243, 0.016330074445499065, -0.01396138591937249, 0.020020415267746856, -0.0013115782038629605, 0.012560782020845533, -0.01279280383522315, -0.03752625599989655, 0.020321652650064942, -0.019500591382003107, 0.02672173750175447, -0.0023366822753224828, 0.01957416073808982, -0.018117695268351247, -0.04721513340052037, 0.022228900734601535, -0.02432252794623965, 0.03101262927084959, -0.003276517557988925, 0.026778146245919416, -0.022754477929674465, -0.05574637289932548, 0.022085738847929946, -0.02845748005634581, 0.032916318070565574, -0.004113969559526766, 0.03396727728822076, -0.026719447678037255, -0.06328738652706316, 0.020325209718921555, -0.031832096873446125, 0.032798607062531786, -0.004852977565026303, 0.040969833075612194, -0.029897714992328246, -0.06997974328235744, 0.01736641425613502, -0.03439260271607874, 0.031057130804102075, -0.005491920431964155, 0.04760147739163025, -0.032213080488723345, -0.07593159894433069, 0.013603685394715353, -0.03610551172770292, 0.028099934472907064, -0.00602317804369613, 0.053663094772604045, -0.03362979283843889, -0.08123646814749101, 0.009388223970168521, -0.036977597819514756, 0.024328219275116567, -0.006439142367853419, 0.05898907104325074, -0.034160670125058405, -0.08597774260395366, 0.005012720329517659, -0.03705837450414998, 0.020115124368539048, -0.006736412270977725, 0.06346591812641843, -0.03385530562272357]","[-0.5638149517986419, -0.8999999999334721, -0.4020521171442654, -0.8999999998791454, -0.25812616975962904, -0.8999999998761182, -0.13511269234973664, -0.8999999999254903, -0.03452503258420678, -0.8999999993726919, 0.04339206940346336, -0.8999999968322685, 0.09943309301809691, -0.8961407618908122, 0.13352887951013012, -0.8854154678132186, 0.14996182861596452, -0.877274381158268, 0.15499161249777915, -0.8741258426027593]","[0.00012772259299298483, 0.005219647910423397, 0.0002623702893052027, 0.004139123954959079, 0.005619844794400919, 0.00027015571057376064, 0.009764018370121974, 0.006270634877664882, 0.00016815361666289164, 0.01715303320096795, 0.0067580272979212985, -7.159644023779776e-05, 0.02634357282490174, 0.006794743582571261, -0.0003518744990858025, 0.037315196733707534, 0.006374218284634914, -0.000504181526815195, 0.049851281835695094, 0.005416625412918652, -0.0003073705349851963, 0.0636230165501186, 0.0038970268797489105, 0.0004361881040884086, 0.07820881199012275, 0.0018324507502978093, 0.0018487819793691074, 0.09315446103571734, -0.0007411646642481173, 0.003946506617180212, 0.10801172771615275, -0.003790229832465908, 0.006639045332757831]","[6.794726848602384e-05, 0.006235846877098078, 0.00043272972106933594, -0.00043310902118683103, 0.0007959733009338388, 0.00032460689544677734, -0.0147216796875, -0.000146484375, 6.989187002182096e-05, 0.006235198676586146, 0.00043073296546936035, -0.00043170831203460935, 0.0007957944869995126, 0.00032451748847961426, -0.0147216796875, -0.000146484375, 7.384812831878751e-05, 0.006237977743148798, 0.0004311203956604004, -0.000431156969070437, 0.0007942373156547555, 0.0003273189067840576, -0.0147216796875, -0.000146484375, 6.32161498069772e-05, 0.006242097914218897, 0.00042939186096191406, -0.0004314698934555078, 0.000794878065586091, 0.0003263801336288452, -0.0147216796875, -0.000146484375, 7.65973925590524e-05, 0.006238454580307001, 0.0004305243492126465, -0.00042857906818390135, 0.0007957646846771249, 0.0003255605697631836, -0.0147216796875, -0.000146484375]",0.06320619583129883
"[3.1979482173919678, 3.217948217391968, 3.237948217391968, 3.257948217391968, 3.277948217391968, 3.297948217391968, 3.317948217391968, 3.337948217391968, 3.357948217391968, 3.377948217391968, 3.397948217391968]","[-0.00031592528853934156, 0.00224248715608814, -0.0006810819040711914, -0.0004162777140176546, 0.0010022164036683579, -0.00033335307847868535, -0.0009460196913255237, -0.01406360266181323, 0.009457690222846506, -0.007950141131903211, 0.010349499159273495, -0.00021751628476300922, 0.0060409296568548175, -0.006446962154455477, -0.026269773992472056, 0.014626241991051593, -0.014484214769418195, 0.01883860053187908, -0.0013448836527423227, 0.01289882725476203, -0.011696198071049194, -0.03707601462245013, 0.017714219061384224, -0.0202708249569028, 0.02498942291922298, -0.0023924850485615456, 0.020129957829283097, -0.016368083669869405, -0.04660997745212703, 0.018719681271600598, -0.02531276140835803, 0.028799140833481656, -0.003358913221561825, 0.0275710526718907, -0.02033086091976709, -0.0549886752372388, 0.01768220523887848, -0.0296376687035016, 0.030290936857618963, -0.004223056554651271, 0.03499727967789683, -0.023663677181979214, -0.062390379790298975, 0.015095835961874892, -0.0331532589529175, 0.0298706256706304, -0.004990234070487843, 0.04222743495070008, -0.026266638247888517, -0.06897036345886168, 0.01140745478871072, -0.03580388386408786, 0.027953974296942814, -0.005660918372138045, 0.04908223496029446, -0.028080041712748048, -0.07484669362311476, 0.0070159332410670286, -0.037561480078802174, 0.024948213445754014, -0.006228841875158191, 0.05536608625609581, -0.029078240016936596, -0.08011590685592722, 0.002262723431606114, -0.03844060915945857, 0.021239926610834466, -0.006686126460485386, 0.060907471207372055, -0.02927555679608368, -0.08486028843033344, -0.0025765127891770904, -0.038501455748748144, 0.01718037884984614, -0.007027660966560788, 0.06558079756654084, -0.02871804684058724]","[-0.47812656797155983, -0.8999999999986708, -0.3084521000556088, -0.8999999999976709, -0.1628714363930651, -0.8999999999978547, -0.04206834584138558, -0.8999999999987093, 0.05435485387474701, -0.8999999999905411, 0.12759822856531872, -0.899999999951159, 0.17947481255095651, -0.8999999978628546, 0.2106926795036719, -0.8931250402897704, 0.22561720260888896, -0.8867743670295334, 0.23015846643123752, -0.8841621212337248]","[0.00011581160494777976, 0.00521524849927113, 0.00026271039620784364, 0.004018298817436428, 0.005257463699040343, 0.00026270269020622905, 0.009519863558240527, 0.005392451552050037, 0.00016877353917399418, 0.016746278354839772, 0.0051626043473240735, -4.16114150523228e-05, 0.025744142919857715, 0.004326796405244693, -0.0002732101120752617, 0.036510733935675166, 0.002949677668038664, -0.00036469833501007187, 0.048830962625520336, 0.0009778903308221842, -0.0001005327602170425, 0.062392055830062354, -0.001595300459605653, 0.0007117723177874069, 0.07678972780740301, -0.004739614067516218, 0.002193870873499648, 0.09157796579851807, -0.00840606718698611, 0.004366034061277446, 0.10630641740514735, -0.012544221777724296, 0.007143708820630756]","[6.270205974578946e-05, 0.006227532029151911, 0.00043135881423950195, -0.000435753977298739, 0.000789595603942872, 0.0003263503313064575, -0.0147216796875, -0.000146484375, 5.876815319061368e-05, 0.006225736439228052, 0.0004277527332305908, -0.00043699077367782835, 0.000791555106639863, 0.0003252476453781128, -0.0147216796875, -0.000146484375, 5.8328568935395175e-05, 0.006225274503231043, 0.00043579936027526855, -0.0004361041545867944, 0.000790281057357789, 0.00032597780227661133, -0.0147216796875, -0.000146484375, 5.76803684234628e-05, 0.006225468218326563, 0.00043198466300964355, -0.0004364692330360437, 0.0007913688421249399, 0.00032520294189453125, -0.0147216796875, -0.000146484375, 6.150996685028165e-05, 0.006225043535232538, 0.0004304349422454834, -0.00043417445421219114, 0.0007888281941413888, 0.0003270357847213745, -0.0147216796875, -0.000146484375]",0.06337118148803711
"[3.277590274810791, 3.297590274810791, 3.317590274810791, 3.337590274810791, 3.357590274810791, 3.377590274810791, 3.397590274810791, 3.417590274810791, 3.437590274810791, 3.457590274810791, 3.477590274810791]","[-0.0003161382610416007, 0.0022427254635564117, -0.0006803823975935584, -0.00042007035030100054, 0.0010013489199461195, -0.00033001158804521995, -0.0009513419350963026, -0.013897991643312041, 0.008495039855814061, -0.00825549732927213, 0.00963417384189566, -0.00022905368759393324, 0.006205812587949914, -0.005919734449934527, -0.02593993693782845, 0.012711215155374073, -0.01507501291636556, 0.017471702769980984, -0.0013738689216936683, 0.013266366756493652, -0.01052764756540359, -0.036582503007944016, 0.01484886186232696, -0.02112212196706061, 0.023039343345882268, -0.002443747521068115, 0.020729529320707228, -0.014502181711744576, -0.04595463802198325, 0.014910631029107389, -0.026394872958423837, 0.02634009750989964, -0.0034335163439349965, 0.02841379474295916, -0.017777154836655183, -0.0541812212148091, 0.01297913500815282, -0.030906528925808075, 0.027425241652219934, -0.004320929301884417, 0.03607952116980371, -0.020471561455904314, -0.061449230607691176, 0.009596936428998521, -0.034549892364332625, 0.026731987319396404, -0.00511230784082962, 0.043535656446566, -0.02250055162585154, -0.06791745086970474, 0.0052300112486407205, -0.03726503426537265, 0.024684689583968033, -0.005808640827592504, 0.05059430539176003, -0.023814813165518207, -0.0737119684660116, 0.00027384809942702937, -0.03903361315978761, 0.02168387936675629, -0.006404935206136715, 0.05706658637258273, -0.024400241731818467, -0.07893086421692476, -0.004945882117461595, -0.03988097159752873, 0.018096243015598517, -0.006893158769521623, 0.06277954214484405, -0.024274339239926973, -0.08365421254343497, -0.010174917255818034, -0.03987939486406378, 0.014246374131554992, -0.007266743832958931, 0.06760126260108534, -0.023481666219500315]","[-0.38528399692338955, -0.8999999999978441, -0.2111746676707495, -0.8999999999962737, -0.06668316146477159, -0.89999999999683, 0.04981202372002068, -0.8999999999978765, 0.14052175242991757, -0.8999999999903293, 0.20799420003778102, -0.8999999999802434, 0.25497251533523074, -0.8999999996226765, 0.2828909011280891, -0.89693420481888, 0.2961133009915883, -0.8923679917206617, 0.30010911516601557, -0.8902934242192766]","[0.00012629618568826828, 0.0052221077756824386, 0.000261571756157597, 0.003935752901683909, 0.004939620082590412, 0.0002506468354663838, 0.009303347457882527, 0.004519878786358067, 0.00016371408965198953, 0.016358039309679384, 0.0035398537119530893, -1.599764757775901e-05, 0.025160589324837446, 0.001822420917866996, -0.00019583926358812676, 0.035715845282481506, -0.0005162624450787412, -0.0002184631443107321, 0.047810692428718715, -0.0035048585656523024, 0.0001260322849505613, 0.06113591441484578, -0.007131566795044897, 0.001024974512782606, 0.07530483485660389, -0.011352608008492915, 0.0025973284308955513, 0.08988270185004943, -0.01610491840007633, 0.0048657494880419705, 0.10442354213933669, -0.02131985524286062, 0.007750787663938219]","[6.811863183975309e-05, 0.006236048042774195, 0.00042822957038879395, -0.0004337795734405542, 0.0007911900281906137, 0.0003245025873184204, -0.0147216796875, -0.000146484375, 5.712902545929044e-05, 0.006236048042774195, 0.0004292130470275879, -0.0004320659399032617, 0.0007921958565711984, 0.0003250539302825928, -0.0147216796875, -0.000146484375, 6.126409769058316e-05, 0.006232203543186182, 0.00043213367462158203, -0.00043464384078979734, 0.0007929558157920846, 0.0003271251916885376, -0.0147216796875, -0.000146484375, 6.583130359649747e-05, 0.006235951185226435, 0.00042998790740966797, -0.00043504617214203123, 0.0007932389378547677, 0.0003259032964706421, -0.0147216796875, -0.000146484375, 6.1033129692078525e-05, 0.006231831014156336, 0.00042769312858581543, -0.000436342573165896, 0.0007946992516517648, 0.0003269314765930176, -0.0147216796875, -0.000146484375]",0.06295418739318848
"[3.3785288333892822, 3.3985288333892822, 3.4185288333892823, 3.4385288333892823, 3.4585288333892823, 3.4785288333892823, 3.4985288333892823, 3.5185288333892824, 3.5385288333892824, 3.5585288333892824, 3.5785288333892824]","[-0.0003164890323841801, 0.0022430766681665482, -0.0006794364839475987, -0.00042532418992221764, 0.0010020942434136144, -0.0003327660306853262, -0.0009444286338211604, -0.013713716134210933, 0.007425362887810884, -0.008593927968206185, 0.008847724359822175, -0.00024508599627952457, 0.006395020482406816, -0.00527080892067215, -0.025564766694655863, 0.01053631981216262, -0.01574242115630611, 0.015944137141139732, -0.0014139456703571186, 0.013698277126161293, -0.009104659938729361, -0.0360095651825418, 0.011527086400819526, -0.022103102477125987, 0.020819056536670703, -0.0025111454819176514, 0.021437789302230156, -0.012246728868504954, -0.04518411233935259, 0.010437934101353795, -0.02765841324349237, 0.023505704141619413, -0.0035284589774616476, 0.029413281603669933, -0.014695804219795364, -0.05322289451791611, 0.007404003401755569, -0.03240411185092688, 0.02408964290001098, -0.004441706529849279, 0.03736698605361225, -0.01662027846453062, -0.06032410222899768, 0.003030488004265607, -0.03621363433958248, 0.023049250683878825, -0.005258176298515296, 0.04509617110760192, -0.017952968157222134, -0.06665128085450076, -0.0021905690850192497, -0.039020724627118114, 0.020821997602975546, -0.005979278862506429, 0.05240270107390104, -0.018657027223960027, -0.07233725262017132, -0.007864905278174439, -0.04081539742885344, 0.017801889526370924, -0.006600918298910914, 0.059100476752661404, -0.018730195649575076, -0.07748197208227924, -0.013684113817479833, -0.04163554414039779, 0.01433379331379228, -0.007114870061581691, 0.06501579205696255, -0.018194992536406128, -0.08216288658831264, -0.0194184501880865, -0.04156748523986536, 0.010711781019376048, -0.007512963520390647, 0.07001058808627275, -0.01709572614531318]","[-0.274028163098351, -0.8999999999876965, -0.09343974721264446, -0.8999999999789188, 0.0506023250347442, -0.8999999999835377, 0.16256294041279726, -0.899999999987315, 0.24688103280147963, -0.8999999999760677, 0.30775635504494653, -0.8999999999527928, 0.34907213529346776, -0.899999999580905, 0.3731535286346526, -0.8999999811512306, 0.38438960057983734, -0.8975199762729487, 0.3877476114519105, -0.8960747298523204]","[0.000129075856649008, 0.005226104670735587, 0.00026156151129486105, 0.0038099193965301925, 0.004532137563154848, 0.00023954744134613293, 0.008996341466960711, 0.0034302158636378977, 0.00016282036334125394, 0.0158280776197417, 0.001550170043476129, 1.9639505206558994e-05, 0.02437823442516085, -0.001222727707201443, -9.816776510795933e-05, 0.03466191233840399, -0.004710942488046044, -3.584495879405125e-05, 0.04646869794499198, -0.008916294800727975, 0.0004123861075711055, 0.05949382707997719, -0.01380682014211665, 0.0014301362178961163, 0.07336650860814853, -0.01932309539145205, 0.0031348826259964824, 0.08766500146131673, -0.025385280309903724, 0.005552096706928467, 0.10194928246369295, -0.031902699984525995, 0.008607288564780102]","[6.86252713203439e-05, 0.00623630136251449, 0.00042936205863952637, -0.00043170831203460935, 0.0007923076152801523, 0.0003224313259124756, -0.0147216796875, -0.000146484375, 7.274544239044278e-05, 0.006233902275562281, 0.0004305839538574219, -0.00043233416080475096, 0.0007937381267547616, 0.00032557547092437744, -0.0147216796875, -0.000146484375, 6.728416681289762e-05, 0.006237597763538355, 0.00043258070945739746, -0.0004325055241584802, 0.0007942000627517709, 0.0003257244825363159, -0.0147216796875, -0.000146484375, 7.299131155014127e-05, 0.006238365173339838, 0.0004334449768066406, -0.0004320584893226648, 0.0007941106557846078, 0.00032429397106170654, -0.0147216796875, -0.000146484375, 7.0376157760621e-05, 0.006235370039939875, 0.00043317675590515137, -0.0004325651288032556, 0.0007956752777099618, 0.0003248155117034912, -0.0147216796875, -0.000146484375]",0.06688094139099121
"[3.458430051803589, 3.478430051803589, 3.498430051803589, 3.518430051803589, 3.538430051803589, 3.558430051803589, 3.578430051803589, 3.598430051803589, 3.618430051803589, 3.638430051803589, 3.658430051803589]","[-0.00031606290503778385, 0.0022425463431747367, -0.0006802534768402892, -0.00041757141984489517, 0.0010022511075359285, -0.0003314075536265388, -0.000941425937463277, -0.013521084328501673, 0.0063093381173582866, -0.00894908176759161, 0.008034195023179959, -0.0002581501043258622, 0.006587896322294122, -0.004645020111306219, -0.02518199102436702, 0.008316771146072436, -0.01642996082894911, 0.014369653298060897, -0.0014409650419713526, 0.014112227626371418, -0.007800985126851555, -0.03544575181911793, 0.008254355595484838, -0.023083623245815966, 0.018581059599690995, -0.0025525069618542156, 0.02208946645011298, -0.010253744580403264, -0.044458033736446426, 0.006215862312692731, -0.028871322282651667, 0.02074825780548552, -0.0035858807517319805, 0.03030981484585502, -0.012025367153540092, -0.05235435171163706, 0.002339624012914829, -0.033786673711642116, 0.0209582424469985, -0.004514238536433514, 0.03849881870663633, -0.01332949998040085, -0.05933798367417588, -0.0027413199808031083, -0.03769502790646153, 0.01970662715017865, -0.005345153213917685, 0.04644377835140756, -0.014113531733355139, -0.06557319086332751, -0.008531479077178978, -0.04053141130781959, 0.017427954595462834, -0.006079969374276708, 0.05393827548352203, -0.01435070804703552, -0.0711904338940913, -0.014649918510228939, -0.04229402974949456, 0.014498505814028128, -0.006714184413400164, 0.06079023849465393, -0.01404400005888181, -0.07628860423881127, -0.02081166915758352, -0.04303555759984575, 0.011236781399558318, -0.007239172200542095, 0.06682734851261746, -0.013219828152496045, -0.0809413705818037, -0.0268133466922014, -0.04285712956770623, 0.007905260358148073, -0.007645432913974319, 0.07191025517101157, -0.01192248634243077]","[-0.17488046034985122, -0.8999999999645601, 0.004892311805055383, -0.8999999999401624, 0.14396395472124424, -0.8999999999551026, 0.24885465791173528, -0.8999999999599241, 0.3255726622787108, -0.8999999999580396, 0.379444660015875, -0.8999999998988969, 0.41509735019182015, -0.8999999994929554, 0.4354696384531552, -0.8999999787004467, 0.4448276300375428, -0.8989492235278, 0.4475917125826573, -0.8979391045735459]","[0.00011815483485611011, 0.005212238561058236, 0.00026271191226356905, 0.003686080688257043, 0.004137833142933367, 0.00022854310549824675, 0.008735400113100145, 0.002469560253521852, 0.00015708709708972535, 0.015405859916569398, -0.0001255382144016437, 4.147108926133569e-05, 0.023765217124823934, -0.003740498483963073, -2.284252748729898e-05, 0.03383746496626072, -0.008144783115513476, 0.0001188259056355001, 0.04541514274790748, -0.01332076597284626, 0.0006683658425341577, 0.058198302263873014, -0.019220591199371917, 0.0018057427463844533, 0.07182149469864085, -0.025769554680641793, 0.003646450858117767, 0.08587312811197512, -0.032870559456162685, 0.006216055356300654, 0.09991987074113995, -0.040410804541122225, 0.009441494284079255]","[6.178563833236783e-05, 0.006228083372116083, 0.00042894482612609863, -0.00043524733781814817, 0.000787740409374238, 0.0003252178430557251, -0.0147216796875, -0.000146484375, 6.279891729354947e-05, 0.006227137148380274, 0.0004349648952484131, -0.00043583593368530515, 0.0007929483652114877, 0.00032401084899902344, -0.0147216796875, -0.000146484375, 6.348437070846646e-05, 0.006233075261116022, 0.0004328787326812744, -0.0004342638611793542, 0.0007954890131950387, 0.0003246217966079712, -0.0147216796875, -0.000146484375, 6.391650438308805e-05, 0.006235355138778681, 0.00042682886123657227, -0.0004328855037689233, 0.0007919350862503061, 0.00032523274421691895, -0.0147216796875, -0.000146484375, 6.773865222930997e-05, 0.006236174702644343, 0.00042942166328430176, -0.0004328482508659387, 0.0007947588562965402, 0.0003261864185333252, -0.0147216796875, -0.000146484375]",0.06564974784851074
"[3.527895450592041, 3.547895450592041, 3.567895450592041, 3.587895450592041, 3.607895450592041, 3.627895450592041, 3.647895450592041, 3.667895450592041, 3.687895450592041, 3.707895450592041, 3.727895450592041]","[-0.0003160469699271995, 0.0022427559231218966, -0.0006811924494695516, -0.0004197656630330031, 0.0009991455087792864, -0.00033100061941560856, -0.0009493778634633968, -0.013316656376500173, 0.005122258767754682, -0.009329283664712015, 0.007148803553803968, -0.0002699684729048712, 0.006779504827029491, -0.004039552901169741, -0.024782660293129165, 0.005997638383794628, -0.017155061015921083, 0.012688795868226533, -0.00146215732200461, 0.01452198081024295, -0.006531262142822098, -0.03486981403019195, 0.004906988950133962, -0.0240967928490267, 0.01624386579406488, -0.002586114754640254, 0.022737570713622667, -0.008288886327252854, -0.04372448681228304, 0.001945124647561793, -0.03011119986310901, 0.017901772804072236, -0.003632736704280284, 0.031201018815510483, -0.009382698907729319, -0.05148420803269931, -0.002740499513936882, -0.035188056567346665, 0.017755464880881464, -0.004572931641646755, 0.03962224222931715, -0.010066784113523826, -0.05835666526837884, -0.008492748265220684, -0.03918597939258659, 0.016315070499007288, -0.005414340424132308, 0.04777867049303996, -0.010303309541957838, -0.06450634783674158, -0.014815297576452002, -0.042042295140847834, 0.014010075835947636, -0.00615805433775184, 0.055455796907848014, -0.010075937981952693, -0.07006103212500134, -0.02134221873313644, -0.04376411517087089, 0.011197413248692733, -0.006799010406125044, 0.06245584716670086, -0.009393209823045943, -0.07511753346063774, -0.02781278388833917, -0.044418761740239995, 0.008167820836603081, -0.007327950222788629, 0.06860686864683085, -0.008285124489401077, -0.07974547847977384, -0.03405035593554166, -0.04412244914807568, 0.005151340834109027, -0.007733993247977079, 0.07376861761930911, -0.006796185455066751]","[-0.07663175670511536, -0.899999999994921, 0.10142072657735245, -0.8999999999917259, 0.23490388091022865, -0.8999999999938064, 0.33233030295420574, -0.8999999999937666, 0.40121569669506096, -0.8999999999946126, 0.4479578428900163, -0.8999999999875967, 0.4778813999303112, -0.8999999999446134, 0.4945170686655421, -0.8999999988474886, 0.5019891539570153, -0.8999991247082084, 0.5041584399356923, -0.8993578303979303]","[0.0001227229192690693, 0.005222063243263797, 0.0002601739888308252, 0.003589974757435499, 0.0038001347450111744, 0.00021276299095562834, 0.00851452919003437, 0.0016099668803271072, 0.00014416370441683313, 0.015024371641131351, -0.001675189193262483, 5.4491557305968996e-05, 0.023191939323342847, -0.00610441618975921, 4.3223595183050634e-05, 0.033048663797691, -0.011400294089146001, 0.0002670466561145446, 0.044390863724922625, -0.017527515362603108, 0.0009249680922658321, 0.05692410166568962, -0.024422650795925094, 0.0021944202136077173, 0.07028877084539698, -0.0319947050503977, 0.004189716514817476, 0.08408247043623951, -0.04012734037642751, 0.006936490188721223, 0.09787861807999487, -0.04868345539195795, 0.01036188880462241]","[6.571209430694669e-05, 0.006236442923545832, 0.0004316568374633789, -0.000434383070468905, 0.0007936263680458078, 0.0003224611282348633, -0.0147216796875, -0.000146484375, 6.475096940994352e-05, 0.006234237551689142, 0.0004309117794036865, -0.0004355304598808313, 0.0007934997081756601, 0.00032491981983184814, -0.0147216796875, -0.000146484375, 6.478822231292813e-05, 0.006234207749366755, 0.00043076276779174805, -0.0004358731865882898, 0.0007913092374801645, 0.00032442808151245117, -0.0147216796875, -0.000146484375, 5.5251479148865634e-05, 0.006233209371566767, 0.00043591856956481934, -0.0004366629481315637, 0.0007915104031562814, 0.00032392144203186035, -0.0147216796875, -0.000146484375, 5.893951654434293e-05, 0.006228917837142939, 0.0004273056983947754, -0.00043559006452560667, 0.0007900128364562997, 0.00032454729080200195, -0.0147216796875, -0.000146484375]",0.06517791748046875
