topt,xopt,uopt,zopt,y,solve_time
"[0.01643538475036621, 0.036435384750366215, 0.05643538475036621, 0.07643538475036621, 0.09643538475036621, 0.11643538475036622, 0.1364353847503662, 0.15643538475036622, 0.17643538475036621, 0.1964353847503662, 0.21643538475036622]","[-0.0006810326337812229, 0.0021383831708783685, 0.0021076751301856737, -0.0026641981624320275, 0.0013526598563519334, -0.00013770297572519142, -0.0017341884425388888, -0.0007053528987982661, 0.0020227983798159726, 0.0020465095541028246, -0.002728014133590577, 0.001182643100113253, -0.0002782985528994189, -0.0011969065329038146, -0.0008216187599563033, 0.0018992710711851761, 0.0019242582713800522, -0.0027040460300612867, 0.0010160591475354172, -0.00027149450028294273, -0.0007318517686651122, -0.0010783095454188932, 0.0017683664389224819, 0.0017331404349090868, -0.002588281457566509, 0.0008494048784347394, -9.313884868805052e-05, -0.00037400235031972366, -0.0015219034962055376, 0.0016334230510159555, 0.0014605666697060002, -0.002374060104378248, 0.0006804957920579386, 0.00024545849311505925, -0.00014302815718716494, -0.0021951699455005627, 0.0014995154515453424, 0.0010827965713859759, -0.0020495516140446915, 0.0005104546610466159, 0.0006968469424348772, -3.8311805484779116e-05, -0.003060565044672242, 0.001385486501637848, 0.0006272378735567856, -0.0016238004284924144, 0.00034228810848316586, 0.0012435295976557154, -5.705568860644288e-05, -0.004075860169504293, 0.0013009405323174106, 0.00012145837190109895, -0.0011133246563989358, 0.0001781462495215695, 0.0018669589460334401, -0.0001926063656695061, -0.0051961953086338535, 0.0012479389480620456, -0.00040779974217537387, -0.000540107402993525, 1.939898843479266e-05, 0.0025467388130825204, -0.0004333648004775751, -0.00637693207184761, 0.001223053940226774, -0.0009357690659778487, 7.069273242629935e-05, -0.00013314282478967828, 0.003262078200836815, -0.0007646177096120549, -0.0075768253542961815, 0.0012195657122797494, -0.001440642880332812, 0.0006929048970531841, -0.00027902885421854026, 0.003994197913807072, -0.0011716318854814766]","[4.854039150815145e-05, -0.0200040947550653, -0.0024202009076208265, -0.039235170629789366, -0.006453890248240408, -0.05692377172923414, -0.011257687637846573, -0.07254784359282193, -0.016191260069822445, -0.08578966416859468, -0.02076091663466976, -0.09649935888034702, -0.024608405027817228, -0.10466631804979197, -0.027246724751193, -0.10992425724252101, -0.02865727139760242, -0.11261552373067228, -0.02913226970913012, -0.11349859655371491]","[0.006513994569523618, 0.0035351460351753516, -0.00032608819837598446, 0.006142892312782089, 0.003346561137144377, -0.00036665884054354336, 0.00580715428678602, 0.003067370745212905, -0.00039408216459069223, 0.005558400156219667, 0.0027039007923641556, -0.00041173744688727254, 0.005408529209190549, 0.002276180648168147, -0.000422230442900684, 0.005315106238505285, 0.0018180319231726472, -0.0004255792257268354, 0.005286536344101034, 0.0013399043344493045, -0.0004242058548813432, 0.005330980422084353, 0.0008521395239413643, -0.0004205967166992508, 0.005453848369468717, 0.0003643563220290247, -0.00041710582489296044, 0.005658282200489584, -0.00011456556580347055, -0.00041586120329029086, 0.005947437622859875, -0.0005761167169122672, -0.0004188317899678218]","[0.00734034925699234, 0.0031506046652793884, -8.183717727661133e-05, 0.002212800085544586, 0.0023573338985443115, -8.578598499298096e-05, -0.0147216796875, -0.0012451171875, 0.0073395296931266785, 0.0031521767377853394, -7.840991020202637e-05, 0.00221262127161026, 0.0023562461137771606, -8.5487961769104e-05, -0.0147216796875, -0.0012451171875, 0.0073406025767326355, 0.0031523853540420532, -8.07344913482666e-05, 0.0022132769227027893, 0.0023582950234413147, -8.5487961769104e-05, -0.0147216796875, -0.0012451171875, 0.007341891527175903, 0.0031521841883659363, -7.969141006469727e-05, 0.0022133588790893555, 0.0023580417037010193, -8.684396743774414e-05, -0.0147216796875, -0.0012451171875, 0.007340140640735626, 0.003152407705783844, -8.20159912109375e-05, 0.002212733030319214, 0.0023573264479637146, -8.690357208251953e-05, -0.0147216796875, -0.0012451171875]",0.010597757
"[0.035608530044555664, 0.05560853004455567, 0.07560853004455567, 0.09560853004455566, 0.11560853004455567, 0.13560853004455567, 0.15560853004455566, 0.17560853004455568, 0.19560853004455567, 0.21560853004455566, 0.23560853004455568]","[-0.0006811213601364176, 0.002138456245560982, 0.0021078056890259417, -0.002665129321622332, 0.0013534941593566724, -0.0001368808893814328, -0.0017309292062803842, -0.0007146580368768414, 0.002023788911872252, 0.0020442966810631223, -0.0027269112861913634, 0.0011832454198440019, -0.00026355382193381905, -0.001204280923234418, -0.0008564621734183727, 0.0019028785123502696, 0.001915791331493288, -0.0026982945448942087, 0.001015751297296755, -0.00022333138284807004, -0.0007648873247623528, -0.0011605623477623957, 0.0017769441210233705, 0.0017134345827093268, -0.002574162905342557, 0.0008470916440033748, 7.853783657368428e-06, -0.0004476183636466808, -0.0016776642632803222, 0.0016498720124328255, 0.001422775858730909, -0.0023459215006565617, 0.0006747551185042572, 0.00041338470757748986, -0.00026838865618916403, -0.0024536704414382295, 0.0015271975062492859, 0.0010164983279953778, -0.001998440153578122, 0.0005000007100376204, 0.0009361729477380678, -0.00021974683079898787, -0.0034386444969505183, 0.001426728162748225, 0.000527492173703718, -0.0015449851653084677, 0.0003263478504825716, 0.0015560710499395842, -0.0002973714890929756, -0.004581274698494963, 0.0013572100331749218, -1.2575536118615096e-05, -0.0010053990853371888, 0.00015630793433898547, 0.002252637336999247, -0.0004934124082330927, -0.00583039037656811, 0.0013200051301802446, -0.0005740577117536851, -0.00040417877783120346, -8.515063420732779e-06, 0.003004207653922399, -0.0007953285651164657, -0.007137285196472605, 0.0013111324323075964, -0.001130278631866841, 0.00023171779260842035, -0.0001671766798518093, 0.003789194611322653, -0.0011876581180359092, -0.0084583744633681, 0.001323453970666232, -0.0016583235970602705, 0.0008749314540375635, -0.0003191661257547448, 0.004588317245281458, -0.0016550461277603276]","[-0.0010516257147809458, -0.023726584875959057, -0.004355346757309926, -0.04565345563060247, -0.009003114202354782, -0.0652138082601087, -0.014242092135150257, -0.0820703422101221, -0.01947053256516804, -0.09606835802435182, -0.0242293025522737, -0.10719803672940278, -0.02819055738004146, -0.11556670975459848, -0.030888537160772316, -0.12090237515061147, -0.03232458543125338, -0.12361443931284076, -0.032806785397779724, -0.12450005854485978]","[0.006513999021508066, 0.0035337462707110134, -0.0003256824897741595, 0.006158469013396783, 0.0033437977363242055, -0.0003668610495068947, 0.005861904741979784, 0.0030622586386286343, -0.0003961405283670061, 0.005677323961841507, 0.0026952133973043857, -0.00041717340931501923, 0.005610289873626884, 0.0022629917713907766, -0.0004324605072678622, 0.005603613943079955, 0.0018003900590932709, -0.00044133542271174164, 0.005665653190379261, 0.0013184436371416197, -0.0004461893247000859, 0.005804809534678879, 0.0008279433119309232, -0.00044951159719985867, 0.006026858259355006, 0.0003387825132450395, -0.00045366579737038393, 0.006335289169676628, -0.00014004818207391523, -0.0004607717636009312, 0.006733448282513432, -0.0006000477809875449, -0.0004727528732777486]","[0.007339000701904297, 0.0031508058309555054, -8.130073547363281e-05, 0.0022120103240013123, 0.00235845148563385, -8.900463581085205e-05, -0.0147216796875, -0.0012451171875, 0.00734034925699234, 0.0031506046652793884, -8.183717727661133e-05, 0.002212800085544586, 0.0023573338985443115, -8.578598499298096e-05, -0.0147216796875, -0.0012451171875, 0.0073395296931266785, 0.0031521767377853394, -7.840991020202637e-05, 0.00221262127161026, 0.0023562461137771606, -8.5487961769104e-05, -0.0147216796875, -0.0012451171875, 0.0073406025767326355, 0.0031523853540420532, -8.07344913482666e-05, 0.0022132769227027893, 0.0023582950234413147, -8.5487961769104e-05, -0.0147216796875, -0.0012451171875, 0.007341891527175903, 0.0031521841883659363, -7.969141006469727e-05, 0.0022133588790893555, 0.0023580417037010193, -8.684396743774414e-05, -0.0147216796875, -0.0012451171875]",0.008540428999999999
"[0.04601597785949707, 0.06601597785949707, 0.08601597785949708, 0.10601597785949707, 0.12601597785949709, 0.14601597785949708, 0.16601597785949707, 0.18601597785949708, 0.20601597785949707, 0.22601597785949706, 0.24601597785949708]","[-0.0006811068055655582, 0.002138449123835254, 0.0021078577103184073, -0.0026649903707579178, 0.0013533722857787592, -0.00013699488919616704, -0.0017301336345626902, -0.000723784768851058, 0.002024782914298471, 0.0020415418157691432, -0.002724893383493541, 0.001182983732778801, -0.0002503390197953724, -0.0012140545137785427, -0.0008911316286626018, 0.0019067178393205179, 0.001906228917904413, -0.002691678659656064, 0.0010147000315702196, -0.00017708259255200064, -0.0008005430163994078, -0.0012428017418832419, 0.0017861615872023615, 0.0016920412338086064, -0.0025591362470773985, 0.0008441804543614786, 0.00010682078224294536, -0.0005243686568050697, -0.0018338003529797303, 0.001667569912074784, 0.0013827123664462062, -0.0023167314582378186, 0.0006685756236097893, 0.0005794832453439259, -0.00039762589908760154, -0.0027132254707077307, 0.0015569514300853775, 0.0009473810571496754, -0.0019459996841162989, 0.0004892648189552492, 0.001174174677959415, -0.00040590107043070973, -0.003818709700829606, 0.0014709546200655772, 0.0004244455491336323, -0.001464522763823656, 0.000310269317425754, 0.001868041998680301, -0.000543326198202768, -0.005089807566105115, 0.0014173900924233786, -0.00015030328545814973, -0.000895529435811805, 0.00013445585213465577, 0.002638678341077033, -0.0008008160555298088, -0.006468978139336497, 0.0013968753297455738, -0.0007442964562469248, -0.0002660663603451354, -3.633951691740318e-05, 0.0034630769259597024, -0.0011648489686416127, -0.0079033832649297, 0.0014048526568369918, -0.0013289446322514006, 0.0003950937970174316, -0.00020103802112159, 0.004318784540737786, -0.0016191824933473023, -0.009347035905161621, 0.0014337571312014552, -0.0018802337024880881, 0.0010594053229705186, -0.00035906617721313767, 0.005185960420646645, -0.002147816270256721]","[-0.002192345413788645, -0.027466096881473202, -0.006356576481055712, -0.05210672478686026, -0.011634230098735376, -0.07355677093565048, -0.017317822124896475, -0.09166237780594608, -0.022846167752082168, -0.10643056808196648, -0.027795851163528125, -0.11799056199324215, -0.03187015722328612, -0.1265670268021173, -0.03462659177873321, -0.1319838471653943, -0.03608731123660682, -0.1347184194357794, -0.036576408077483746, -0.13560718558764562]","[0.006513486222713083, 0.003533143082979251, -0.00032566329177941, 0.0061725860341895755, 0.0033427857191510313, -0.00036747086095401116, 0.005914387237770713, 0.003059983355907292, -0.0003986397024609012, 0.005793487414343157, 0.002690540140742659, -0.000423100906635554, 0.005809220127563464, 0.0022550049205936062, -0.00044325557546009975, 0.005889645112861275, 0.0017890288728956705, -0.000457769083893389, 0.0060431042537436586, 0.0013042496504396262, -0.00046900330240617905, 0.006278220686907199, 0.0008119165576374598, -0.0004794435123471885, 0.006601075167438797, 0.00032220418727257893, -0.0004914498562382796, 0.007015416178151268, -0.00015577844594849566, -0.0005071172375439303, 0.007524670797809385, -0.0006135289482509521, -0.0005283046656057167]","[0.00733610987663269, 0.0031474754214286804, -8.130073547363281e-05, 0.0022109076380729675, 0.0023568645119667053, -8.633732795715332e-05, -0.0147216796875, -0.0012451171875, 0.007339000701904297, 0.0031508058309555054, -8.130073547363281e-05, 0.0022120103240013123, 0.00235845148563385, -8.900463581085205e-05, -0.0147216796875, -0.0012451171875, 0.00734034925699234, 0.0031506046652793884, -8.183717727661133e-05, 0.002212800085544586, 0.0023573338985443115, -8.578598499298096e-05, -0.0147216796875, -0.0012451171875, 0.0073395296931266785, 0.0031521767377853394, -7.840991020202637e-05, 0.00221262127161026, 0.0023562461137771606, -8.5487961769104e-05, -0.0147216796875, -0.0012451171875, 0.0073406025767326355, 0.0031523853540420532, -8.07344913482666e-05, 0.0022132769227027893, 0.0023582950234413147, -8.5487961769104e-05, -0.0147216796875, -0.0012451171875]",0.009872741999999999
"[0.04601597785949707, 0.06601597785949707, 0.08601597785949708, 0.10601597785949707, 0.12601597785949709, 0.14601597785949708, 0.16601597785949707, 0.18601597785949708, 0.20601597785949707, 0.22601597785949706, 0.24601597785949708]","[-0.0006811021272859555, 0.0021384518728911964, 0.002107809779686253, -0.0026649815762104785, 0.0013533660391378374, -0.00013717550028153144, -0.0017300755488302304, -0.0007237880174830946, 0.002024789895446418, 0.0020413977451800955, -0.0027248609672819377, 0.0011829720082597278, -0.0002506372932482593, -0.001213963712232707, -0.0008911840031232985, 0.001906727811366436, 0.0019059453144984946, -0.002691607075044884, 0.0010146814170197734, -0.00017739570702022715, -0.0008004644974161849, -0.0012429736639444108, 0.0017861706824719389, 0.0016915810526224799, -0.002559009012354749, 0.0008441513383920521, 0.00010661709043909575, -0.0005243587492072734, -0.0018341902021156492, 0.0016675717542788471, 0.0013820423435866376, -0.002316529338619201, 0.0006685303663238384, 0.0005795127935425755, -0.00039774228751467675, -0.0027139564246713085, 0.0015569371837258657, 0.0009464650576925701, -0.001945697463055267, 0.0004891972107406372, 0.0011745367550309565, -0.00040619091190187114, -0.0038198852044490595, 0.0014709157680188622, 0.00042326891028964935, -0.0014641038877003278, 0.0003101738608436125, 0.0018688192087151331, -0.0005438283607327231, -0.005091506015817547, 0.0014173174624522423, -0.0001517346255183394, -0.0008949876634863344, 0.0001343277766213966, 0.002639931066971622, -0.0008015575609036232, -0.0064712505745896055, 0.0013967590446490508, -0.0007459588903811714, -0.0002654060440497612, -3.650411474084912e-05, 0.0034648425840528227, -0.001165845992608207, -0.007906253759719067, 0.001404682935359003, -0.0013308013864544387, 0.0003958587149761512, -0.00020124208100211064, 0.00432107960538501, -0.0016204434374547153, -0.00935050436653077, 0.0014335256942050456, -0.0018822406141168616, 0.0010602536683176973, -0.0003593116689877018, 0.005188783753609224, -0.0021493448260645233]","[-0.002193440778671547, -0.02747654231202511, -0.006358938673880746, -0.0521273573699609, -0.011637893707611171, -0.07358693729423903, -0.017322630826012635, -0.09170095689192602, -0.02285175504715648, -0.10647596230626838, -0.027801667006449805, -0.11804077931571716, -0.03187553959106271, -0.12661986286773835, -0.03463134673358744, -0.13203799065565375, -0.036091561459674314, -0.13477312545200393, -0.03658042614005593, -0.13566205992054847]","[0.00651326792527851, 0.0035332424731073786, -0.0003256655667396302, 0.006172133876128361, 0.003342995677921401, -0.00036747527573322003, 0.005913745695623085, 0.003060295336089869, -0.00039864752888174593, 0.005792747539906551, 0.002690929140153564, -0.00042311478111667356, 0.005808495040828809, 0.0022554360886282154, -0.0004432787396226878, 0.00588903530792928, 0.001789466663910666, -0.000457803525088174, 0.0060427184831874925, 0.0013046546782415902, -0.00046905142503428365, 0.006278167124083245, 0.0008122486083594893, -0.0004795079774098099, 0.006601455998312078, 0.00032242604354415505, -0.00049153349352693, 0.007016323690036352, -0.00015569699827988615, -0.0005072230431135694, 0.007526183183638846, -0.0006136077478182678, -0.0005284357781607518]","[0.007337309420108795, 0.0031524598598480225, -7.909536361694336e-05, 0.00221136212348938, 0.0023592114448547363, -8.93324613571167e-05, -0.0147216796875, -0.0012451171875, 0.007337354123592377, 0.003152124583721161, -7.87973403930664e-05, 0.0022110715508461, 0.00235912948846817, -8.988380432128906e-05, -0.0147216796875, -0.0012451171875, 0.007337294518947601, 0.0031520798802375793, -7.894635200500488e-05, 0.0022112205624580383, 0.0023581460118293762, -8.673965930938721e-05, -0.0147216796875, -0.0012451171875, 0.00733610987663269, 0.0031474754214286804, -8.130073547363281e-05, 0.0022109076380729675, 0.0023568645119667053, -8.633732795715332e-05, -0.0147216796875, -0.0012451171875, 0.007339000701904297, 0.0031508058309555054, -8.130073547363281e-05, 0.0022120103240013123, 0.00235845148563385, -8.900463581085205e-05, -0.0147216796875, -0.0012451171875]",0.0026642569999999997
"[0.09230303764343262, 0.11230303764343262, 0.13230303764343262, 0.15230303764343261, 0.17230303764343263, 0.19230303764343262, 0.2123030376434326, 0.23230303764343263, 0.25230303764343265, 0.2723030376434326, 0.29230303764343263]","[-0.0006810957146535961, 0.002138441223968615, 0.00210777983851658, -0.002664802650044188, 0.0013535603717190715, -0.00013794067762209415, -0.0017295860089265405, -0.0007420627510510269, 0.0020268106470633374, 0.002035898287315176, -0.0027211480491150433, 0.0011828820258144095, -0.0002244607019693231, -0.0012346889448116233, -0.000960452452537495, 0.0019144945988830255, 0.0018870756296220377, -0.002678934234976498, 0.0010130175766186167, -8.510495759482393e-05, -0.0008729264079134296, -0.0014071452344421062, 0.0018047742934761812, 0.0016493725739998959, -0.0025297584066692855, 0.0008387837723384722, 0.000304139577320484, -0.0006788445889922257, -0.002145723260511069, 0.001703230390503976, 0.0013028803425327979, -0.0022592050681236897, 0.0006566505724959774, 0.000910883607794973, -0.0006568733415847523, -0.003231655672167119, 0.0016167956489477387, 0.000809649316701722, -0.0018421443529945715, 0.0004682294758174881, 0.0016491751691933671, -0.0007786549189956124, -0.004577751600132693, 0.0015597410556446182, 0.0002190477812883298, -0.0013047980427474946, 0.00027853805438938, 0.0024907625544062393, -0.0010352304266294968, -0.006105321966787394, 0.0015379706781475768, -0.00042491371311835567, -0.0006771728588471739, 9.115106228149558e-05, 0.003409319786822976, -0.0014150617618558497, -0.0077441017164429785, 0.001550602295772717, -0.0010838341359755493, 8.584137615273961e-06, -9.162955626748417e-05, 0.004379162108253788, -0.0019026984189726736, -0.009433004410245756, 0.0015919369692022158, -0.0017252961707061587, 0.0007200760389097087, -0.00026845173523282266, 0.005376108817614288, -0.0024803767995478245, -0.011121255561839492, 0.0016535844424627212, -0.0023230769199127695, 0.0014263950383803414, -0.0004386110149445746, 0.0063792035978038715, -0.0031308411286633106]","[-0.004480302689415317, -0.0349293884473061, -0.010366547373810205, -0.06498784762457198, -0.01690017685356389, -0.09021155410895289, -0.023465166963537176, -0.11081171718867298, -0.02958248956419836, -0.12711770351845125, -0.03490212691201961, -0.13953652906798925, -0.039191924175639145, -0.14852766042274246, -0.04205795700762641, -0.15410620004628794, -0.04356436586538474, -0.15688543372633185, -0.04406614165270088, -0.1577803674398568]","[0.006512345086798765, 0.0035331651454062474, -0.0003255225072567036, 0.006201074803998896, 0.003342133560166438, -0.00036863421052402146, 0.006019909422128378, 0.0030569599750203125, -0.0004036166788630169, 0.006026568597856663, 0.002682905350815279, -0.0004349401983292367, 0.006207927417326897, 0.002240961713763756, -0.0004648047657367371, 0.006462581609022466, 0.0017684802233497443, -0.0004906014952736903, 0.006798832633170937, 0.0012783319866396248, -0.0005146372106703545, 0.007225745950244833, 0.0007826955872616281, -0.0005393712697543407, 0.007750024175270931, 0.0002923084406596388, -0.0005671288848310141, 0.008375953968190575, -0.0001834909955298336, -0.0005999225949340214, 0.009107151905960897, -0.0006362139559170643, -0.0006394492596180079]","[0.007332518696784973, 0.0031472817063331604, -7.933378219604492e-05, 0.0022109076380729675, 0.0023571401834487915, -9.137392044067383e-05, -0.0147216796875, -0.0012451171875, 0.007335931062698364, 0.003150336444377899, -7.87973403930664e-05, 0.0022086873650550842, 0.00235942006111145, -8.769333362579346e-05, -0.0147216796875, -0.0012451171875, 0.007337309420108795, 0.0031524598598480225, -7.909536361694336e-05, 0.00221136212348938, 0.0023592114448547363, -8.93324613571167e-05, -0.0147216796875, -0.0012451171875, 0.007337354123592377, 0.003152124583721161, -7.87973403930664e-05, 0.0022110715508461, 0.00235912948846817, -8.988380432128906e-05, -0.0147216796875, -0.0012451171875, 0.007337294518947601, 0.0031520798802375793, -7.894635200500488e-05, 0.0022112205624580383, 0.0023581460118293762, -8.673965930938721e-05, -0.0147216796875, -0.0012451171875]",0.011460579999999998
"[0.09230303764343262, 0.11230303764343262, 0.13230303764343262, 0.15230303764343261, 0.17230303764343263, 0.19230303764343262, 0.2123030376434326, 0.23230303764343263, 0.25230303764343265, 0.2723030376434326, 0.29230303764343263]","[-0.0006810704004605037, 0.0021383923472451877, 0.00210772348901351, -0.002664690209166955, 0.0013535658583624295, -0.00013809303684887513, -0.0017293133409153703, -0.0007420468859992397, 0.0020266622187444976, 0.0020357249988211487, -0.002720873466896224, 0.0011828790661407014, -0.00022461405879673312, -0.0012341773741270786, -0.0009605299518849101, 0.0019141718596094835, 0.001886725450045728, -0.0026784733598428315, 0.001012983305009387, -8.504530842651535e-05, -0.0008722311890248054, -0.0014074424192078829, 0.0018041915404124016, 0.0016487898755649464, -0.0025291101905005786, 0.0008386923303272187, 0.00030462483606508585, -0.0006780508804363737, -0.0021464033334020966, 0.0017023015974622253, 0.0013020062795981147, -0.0022583882022555683, 0.0006564788608782685, 0.0009119531249911438, -0.0006560989265107281, -0.00323291307010544, 0.0016154425422896252, 0.0008084053864264595, -0.0018411935344139743, 0.0004679649547982086, 0.0016508909282494262, -0.0007780458108387297, -0.004579719263848253, 0.001557965868900992, 0.00021741587091136052, -0.0013037434310026702, 0.000278179573553503, 0.0024931611803844806, -0.0010349199520601035, -0.0061080838688864734, 0.0015358275506633533, -0.00042690761158082805, -0.0006760414556152547, 9.070399115395497e-05, 0.0034124136062908873, -0.0014151528014087322, -0.007747702652021108, 0.0015481697543001096, -0.0010861355141238104, 9.767934725718202e-06, -9.215752491659155e-05, 0.004382946553946726, -0.0019032528763701523, -0.009437456160896966, 0.0015892941372069279, -0.0017278350366103467, 0.0007212896883918763, -0.0002690535722511315, 0.005380569674947429, -0.0024814147951946136, -0.01112654167640309, 0.0016507937074595519, -0.002325778747951453, 0.0014276174049465675, -0.00043928164695001464, 0.0063843200995422605, -0.003132350475973736]","[-0.004465017248889015, -0.034954474318287, -0.010342627784406082, -0.06503108468497243, -0.016873230412091697, -0.09026779929903325, -0.023439774050869132, -0.11087732573164252, -0.02956200946751104, -0.12718985384460546, -0.034887872777371896, -0.13961252002774566, -0.039182944577796905, -0.14860467913608963, -0.042052277122368066, -0.1541833236782002, -0.043560001455573226, -0.15696248075237612, -0.044062031936321744, -0.15785736007383316]","[0.006511923342634729, 0.0035329785028652694, -0.00032547835644614054, 0.006200239907302341, 0.0033416614743586592, -0.0003685360533456361, 0.006018773890614781, 0.003056088541637081, -0.0004034602004505672, 0.0060253115817549, 0.002681548326836314, -0.00043472739489924805, 0.006206747008533187, 0.002239101758028994, -0.00046454370393611555, 0.006461637623021432, 0.0017662069020376592, -0.0004903044756248143, 0.006798306774413954, 0.0012757468207893474, -0.0005143230803974497, 0.007225818560100072, 0.000779894656153246, -0.0005390619974732225, 0.007750856991686206, 0.0002893653029558685, -0.0005668457615422007, 0.008377678983810588, -0.00018653561880555003, -0.000599682911896604, 0.009109864828847902, -0.0006393515079876622, -0.0006392641287087386]","[0.007332518696784973, 0.0031472817063331604, -7.933378219604492e-05, 0.0022109076380729675, 0.0023571401834487915, -9.137392044067383e-05, -0.0147216796875, -0.0012451171875, 0.007335931062698364, 0.003150336444377899, -7.87973403930664e-05, 0.0022086873650550842, 0.00235942006111145, -8.769333362579346e-05, -0.0147216796875, -0.0012451171875, 0.007337309420108795, 0.0031524598598480225, -7.909536361694336e-05, 0.00221136212348938, 0.0023592114448547363, -8.93324613571167e-05, -0.0147216796875, -0.0012451171875, 0.007337354123592377, 0.003152124583721161, -7.87973403930664e-05, 0.0022110715508461, 0.00235912948846817, -8.988380432128906e-05, -0.0147216796875, -0.0012451171875, 0.007337294518947601, 0.0031520798802375793, -7.894635200500488e-05, 0.0022112205624580383, 0.0023581460118293762, -8.673965930938721e-05, -0.0147216796875, -0.0012451171875]",0.003328245
"[0.09230303764343262, 0.11230303764343262, 0.13230303764343262, 0.15230303764343261, 0.17230303764343263, 0.19230303764343262, 0.2123030376434326, 0.23230303764343263, 0.25230303764343265, 0.2723030376434326, 0.29230303764343263]","[-0.000681074684916293, 0.002138409330617462, 0.0021077279760505154, -0.0026647228727847364, 0.0013535630567761974, -0.00013807260377615845, -0.0017293943272267043, -0.0007420538758394461, 0.0020266948208798844, 0.0020357409768894494, -0.00272095905920923, 0.0011828730337789055, -0.0002245797203314264, -0.0012343133049632113, -0.000960532193716254, 0.0019142135231254795, 0.001886759341441604, -0.0026786262194780173, 0.0010129733903360076, -8.500739956404314e-05, -0.0008723852392670528, -0.0014074273002514658, 0.0018042312778640626, 0.0016488471650050278, -0.0025293381710328523, 0.0008386779556207993, 0.00030465449417170715, -0.0006781832921955375, -0.0021463539274477355, 0.001702324932867129, 0.0013020917037481219, -0.0022586938801242556, 0.0006564598302878804, 0.000911963479619652, -0.0006561740109948312, -0.0032328090430986355, 0.0016154325366265665, 0.00080852364261062, -0.0018415768387976081, 0.00046794154591856826, 0.0016508738415139364, -0.0007780380701094027, -0.004579546776879023, 0.0015579103396959684, 0.00021756803108695795, -0.0013041945282227109, 0.00027815227612361073, 0.0024931099042959327, -0.0010348090957224177, -0.006107834301194787, 0.0015357184258052781, -0.00042672354567239323, -0.0006765437190157765, 9.067339891225122e-05, 0.0034123227701473168, -0.0014149247256732547, -0.007747371505639444, 0.001548002490130439, -0.0010859238768738458, 9.234614357568202e-06, -9.21908196942735e-05, 0.004382812194113109, -0.0019029000376903193, -0.009437042207875286, 0.0015890672427906274, -0.001727601618921151, 0.000720745579682933, -0.0002690890639497945, 0.005380389261743206, -0.0024809360288954177, -0.01112604639324899, 0.0016505083973266251, -0.0023255298419591302, 0.0014270799312072395, -0.00043931897087013863, 0.006384092535184645, -0.0031317503296031603]","[-0.004462828540771313, -0.03495239750108368, -0.010338814603648723, -0.06502741216468244, -0.016868292375405963, -0.09026296302575076, -0.023434131160912884, -0.11087169652685061, -0.029555992212504163, -0.1271837327897098, -0.03488171781167404, -0.13960613358673696, -0.039176796163302045, -0.14859817828741323, -0.04204618380022038, -0.15417679152169805, -0.04355395451747745, -0.15695594855611505, -0.0440560036753907, -0.15785083113271903]","[0.006512013710158082, 0.0035330600669229995, -0.00032549309219964684, 0.006200429271353114, 0.003341828033239569, -0.00036856772435900353, 0.006019052913592615, 0.003056329791254253, -0.00040350846881365143, 0.006025657819045627, 0.0026818437329683142, -0.000434789511903233, 0.006207131626090323, 0.002239425132830597, -0.0004646150943248273, 0.006462033557336988, 0.0017665316642418993, -0.0004903798115303282, 0.006798682139743106, 0.0012760440426298203, -0.0005143961570621691, 0.007226139440189128, 0.0007801361835788612, -0.0005391262871849989, 0.007751090632519997, 0.0002895267512377231, -0.000566895102481979, 0.008377797100211026, -0.00018647229103141427, -0.0005997122271632627, 0.009109846697214041, -0.0006393961055612962, -0.0006392700607569246]","[0.007332518696784973, 0.0031472817063331604, -7.933378219604492e-05, 0.0022109076380729675, 0.0023571401834487915, -9.137392044067383e-05, -0.0147216796875, -0.0012451171875, 0.007335931062698364, 0.003150336444377899, -7.87973403930664e-05, 0.0022086873650550842, 0.00235942006111145, -8.769333362579346e-05, -0.0147216796875, -0.0012451171875, 0.007337309420108795, 0.0031524598598480225, -7.909536361694336e-05, 0.00221136212348938, 0.0023592114448547363, -8.93324613571167e-05, -0.0147216796875, -0.0012451171875, 0.007337354123592377, 0.003152124583721161, -7.87973403930664e-05, 0.0022110715508461, 0.00235912948846817, -8.988380432128906e-05, -0.0147216796875, -0.0012451171875, 0.007337294518947601, 0.0031520798802375793, -7.894635200500488e-05, 0.0022112205624580383, 0.0023581460118293762, -8.673965930938721e-05, -0.0147216796875, -0.0012451171875]",0.0020017109999999998
"[0.30482935905456543, 0.32482935905456545, 0.3448293590545654, 0.3648293590545654, 0.38482935905456545, 0.4048293590545654, 0.4248293590545654, 0.44482935905456544, 0.46482935905456546, 0.4848293590545654, 0.5048293590545654]","[-0.0006810581802264197, 0.0021384108901510357, 0.002107533076520812, -0.0026640460790414676, 0.001352999130252446, -0.00013786360009241747, -0.0017276734757322833, -0.0008426995651065848, 0.0020370452208581724, 0.0020057687171940015, -0.0027013201533563833, 0.0011805858243589562, -7.58493809144675e-05, -0.0013479427337085143, -0.0013417966657570703, 0.0019537592014612377, 0.0017831537082646568, -0.0026106440773462857, 0.0010014896843468439, 0.0004290352212913329, -0.001267268808370068, -0.0023108252903144533, 0.001898756333122961, 0.0014163320332856687, -0.0023717235469211903, 0.0008058339373805591, 0.001400500325330979, -0.001518850181160889, -0.0038603745668761543, 0.0018832902564465182, 0.0008652482329948657, -0.0019490599611153572, 0.0005863773015719221, 0.002747957382732265, -0.002065436057582833, -0.006080789028912483, 0.0019189755196246828, 5.277737579110588e-05, -0.0012813255729682558, 0.0003461442478597126, 0.004279063516727023, -0.002803010030952016, -0.008748234598673701, 0.0020080857249796303, -0.0009110698269626865, -0.0004417151057904519, 9.57726247258483e-05, 0.005935805735698157, -0.003705812221183374, -0.011683677769567212, 0.002146904581401072, -0.0019368583211631409, 0.0005029619818609407, -0.0001571668065229846, 0.007670282531103993, -0.0047489802766195535, -0.014746962312596704, 0.0023269738539156977, -0.0029539746799001967, 0.0014929126596919143, -0.0004077403767537924, 0.009442122630755171, -0.005906617983530718, -0.01783178822123862, 0.0025368138422131392, -0.003908870265914089, 0.0024761322574804877, -0.0006530502796240803, 0.011217729756260935, -0.00715276379896553, -0.020861228741870977, 0.0027638364454291367, -0.0047631376895698255, 0.0034089587804560593, -0.0008916482522623901, 0.012970101594747142, -0.008463434844259925]","[-0.016672403215316017, -0.07602534926724505, -0.03171399451491048, -0.1358907440426636, -0.04490784562438217, -0.1818517009691755, -0.056134171692284546, -0.21613927968685043, -0.06535858081991422, -0.2408644561124435, -0.07262245296305546, -0.2579664571730312, -0.07803454571836677, -0.26919793482778137, -0.08146382390071313, -0.275637143367701, -0.08319980705971437, -0.2786465848907508, -0.08376347151429632, -0.2795702190759427]","[0.0065104785457701375, 0.00353141996840467, -0.0003255330244034127, 0.006363536375668444, 0.0033345497904129218, -0.00037566935766264464, 0.006607011113333949, 0.003032238415487498, -0.0004311215975167926, 0.0073158016012528915, 0.0026271587364496973, -0.0004988883912799835, 0.008408547073998296, 0.0021441993815485283, -0.0005800723180242606, 0.00962235240704612, 0.0016324589589187255, -0.0006666355567110926, 0.010965684357005068, 0.0011123729600557297, -0.000760808731727014, 0.012450183632835121, 0.0006013748709019495, -0.0008645858546794116, 0.014085937210781108, 0.00011288842657908305, -0.0009794714173603225, 0.015880075179749098, -0.0003432076041414156, -0.0011062369300205432, 0.01783713075023796, -0.0007592840444785587, -0.0012448455438915929]","[0.007332518696784973, 0.0031472817063331604, -7.933378219604492e-05, 0.0022109076380729675, 0.0023571401834487915, -9.137392044067383e-05, -0.0147216796875, -0.0012451171875, 0.007335931062698364, 0.003150336444377899, -7.87973403930664e-05, 0.0022086873650550842, 0.00235942006111145, -8.769333362579346e-05, -0.0147216796875, -0.0012451171875, 0.007337309420108795, 0.0031524598598480225, -7.909536361694336e-05, 0.00221136212348938, 0.0023592114448547363, -8.93324613571167e-05, -0.0147216796875, -0.0012451171875, 0.007337354123592377, 0.003152124583721161, -7.87973403930664e-05, 0.0022110715508461, 0.00235912948846817, -8.988380432128906e-05, -0.0147216796875, -0.0012451171875, 0.007337294518947601, 0.0031520798802375793, -7.894635200500488e-05, 0.0022112205624580383, 0.0023581460118293762, -8.673965930938721e-05, -0.0147216796875, -0.0012451171875]",0.023403554
"[0.34575843811035156, 0.3657584381103516, 0.38575843811035154, 0.40575843811035156, 0.4257584381103516, 0.44575843811035154, 0.46575843811035156, 0.4857584381103516, 0.5057584381103516, 0.5257584381103515, 0.5457584381103515]","[-0.0006810008364100297, 0.002138374675497874, 0.002106612207535146, -0.002663550367608735, 0.001352754548499064, -0.00013902808287378143, -0.0017318377174157331, -0.0008609278431466028, 0.0020387406385126462, 0.001999335926773671, -0.002698035099683263, 0.0011800344943786187, -4.9712265127917926e-05, -0.0013726612392639267, -0.001410977094684588, 0.0019603163891658984, 0.0017632353551475949, -0.002599270214859611, 0.0009992018556091793, 0.000522061612505875, -0.00134223258760491, -0.002474786157587311, 0.001914447381007297, 0.001372866702153814, -0.0023448336750966484, 0.0007995135589936272, 0.001599941235736525, -0.001673479621759185, -0.004171451811974473, 0.0019133135243420306, 0.0007844959742257073, -0.0018954484111108438, 0.0005730543098194995, 0.0030827097870711525, -0.002321646211281155, -0.006597619715775579, 0.00196928709328998, -8.61474590741672e-05, -0.00118329892966763, 0.00032312170737217597, 0.004758601778289651, -0.003169130330775119, -0.009504627725791727, 0.0020826030302821086, -0.0011180034716312414, -0.00029003312544609696, 6.139378419051438e-05, 0.006564175106011224, -0.004187150391996342, -0.012695215075127789, 0.002247920452767345, -0.002213357267401871, 0.0007109277157450317, -0.00020381613657534647, 0.008447594337253703, -0.0053484628311828725, -0.016016542008062223, 0.0024555152362486597, -0.003295721619012545, 0.001754838368839112, -0.0004670814756578868, 0.010365813843387025, -0.006625327574297173, -0.01935412062749565, 0.0026929566750818028, -0.004307693290553854, 0.002786198648486224, -0.0007252109094858866, 0.012283526909922828, -0.00799035640933391, -0.02262630878301125, 0.0029469804595044433, -0.005208641565551429, 0.003759091270675125, -0.0009766111243581519, 0.014172636480078592, -0.009418404863512819]","[-0.01882359614731738, -0.08349275781231362, -0.03547336717577214, -0.14877228486215688, -0.04982987991941093, -0.1984972410631165, -0.06186271871600099, -0.23526582719995473, -0.07161774307905316, -0.26151326858704116, -0.07920728927488813, -0.27945811729460013, -0.08480209257351673, -0.29108911569345897, -0.08831994586108535, -0.29767911249189505, -0.09009057979386192, -0.30072719077409404, -0.09066317995222442, -0.30165490052229826]","[0.006510025308985146, 0.003534753750114472, -0.00032584764423360113, 0.0063934099981415304, 0.0033371814333573724, -0.00037733176409293634, 0.006714393047288825, 0.003031647839101037, -0.00043650006808260144, 0.007551003739526441, 0.0026204187767095988, -0.0005107302674076664, 0.00880954645332177, 0.002129324351936024, -0.0006009253408301163, 0.010197898552194551, 0.0016099843156354154, -0.0006983455746478739, 0.01172460651310292, 0.001084347954039444, -0.000805244921317616, 0.013401793269110729, 0.0005708361023240016, -0.0009234719582735806, 0.015240150254931195, 8.330379038490321e-05, -0.001054267600949288, 0.017247302183583613, -0.00036837977662163013, -0.0011980361608845413, 0.019427923259607294, -0.0007768656434388177, -0.0013542751971105105]","[0.00733097642660141, 0.0031495392322540283, -8.097290992736816e-05, 0.0022078976035118103, 0.002358272671699524, -9.174644947052002e-05, -0.0147216796875, -0.004541015625, 0.007332518696784973, 0.0031472817063331604, -7.933378219604492e-05, 0.0022109076380729675, 0.0023571401834487915, -9.137392044067383e-05, -0.0147216796875, -0.0012451171875, 0.007335931062698364, 0.003150336444377899, -7.87973403930664e-05, 0.0022086873650550842, 0.00235942006111145, -8.769333362579346e-05, -0.0147216796875, -0.0012451171875, 0.007337309420108795, 0.0031524598598480225, -7.909536361694336e-05, 0.00221136212348938, 0.0023592114448547363, -8.93324613571167e-05, -0.0147216796875, -0.0012451171875, 0.007337354123592377, 0.003152124583721161, -7.87973403930664e-05, 0.0022110715508461, 0.00235912948846817, -8.988380432128906e-05, -0.0147216796875, -0.0012451171875]",0.017965743
"[0.4776041507720947, 0.49760415077209474, 0.5176041507720948, 0.5376041507720948, 0.5576041507720947, 0.5776041507720947, 0.5976041507720947, 0.6176041507720947, 0.6376041507720948, 0.6576041507720947, 0.6776041507720947]","[-0.0006809702772766106, 0.0021383897124625435, 0.002106044062852698, -0.002663204192327504, 0.001353832794972029, -0.00013800962534260973, -0.0017271703456138462, -0.0009157545466637265, 0.002043943026242277, 0.0019825606624879807, -0.0026869382458759553, 0.0011799521763376272, 3.2727568698386736e-05, -0.0014302924733248868, -0.0016187414043685668, 0.001980165930078782, 0.0017062219210294508, -0.0025616945959984028, 0.0009937015551598192, 0.0008047225903833506, -0.001551657605857979, -0.002967072997464848, 0.001961797847761758, 0.0012453258675744721, -0.0022586860103526374, 0.0007817285509268416, 0.002201478247075011, -0.002123260752106864, -0.0051053713178835156, 0.002003744016915149, 0.0005451064764017984, -0.0017273106002238026, 0.00053408067148194, 0.004089907412980852, -0.00307766812428444, -0.008149173159695905, 0.0021205837225941318, -0.0005001472533893717, -0.0008802904282106804, 0.0002548600449303266, 0.006199959166492394, -0.00425635055170964, -0.011775227424662367, 0.002306296504105808, -0.001736204907697445, 0.0001752662265622515, -4.1142118972109325e-05, 0.008451879957966566, -0.005621413231797468, -0.01573151368029861, 0.0025505924492694003, -0.0030404893531187217, 0.0013460345431988386, -0.00034338587162058287, 0.010782010287879935, -0.007138449811068603, -0.019827098729983287, 0.00283993835489012, -0.004318872207123274, 0.002552377959716509, -0.0006449608901271145, 0.013139263600858469, -0.008774205744283203, -0.02392292384193158, 0.003159093839403296, -0.005502373096268516, 0.0037283043627397696, -0.0009417863986203462, 0.015483190205660646, -0.010497053160508236, -0.02792322295515587, 0.0034928480865005903, -0.0065436856622765925, 0.004821148472257446, -0.0012318241166607694, 0.0177824041676306, -0.012278402579356905]","[-0.025300540097737204, -0.10591332877624465, -0.04677991786050616, -0.18744801722930876, -0.06461494006550542, -0.24847168642018644, -0.0790473035163622, -0.29268423419307, -0.09036777123694056, -0.32349466564463836, -0.09890567337645406, -0.3439611478357166, -0.10502156040201045, -0.35678263609673555, -0.1087852705681895, -0.36381840733296444, -0.11064873168107564, -0.36697843266105246, -0.11124426867695404, -0.3679169109268001]","[0.006507376703600243, 0.0035316203331827722, -0.0003250329683401887, 0.0064801588937843935, 0.0033295963092880854, -0.00038024982575723953, 0.00703240411903161, 0.0030126949385218538, -0.0004502357101161536, 0.008251624202269991, 0.0025820626479160502, -0.0005433861930432826, 0.010007206064245322, 0.0020665362999237047, -0.0006600154658951141, 0.01191940251377921, 0.0015255225281181062, -0.0007897859536822871, 0.013997099787373402, 0.0009857264764630003, -0.0009350948193533881, 0.016253896717856153, 0.0004685705786009464, -0.0010972489827034693, 0.018702273739472086, -1.0901510222094402e-05, -0.0012764939126657104, 0.021351286437434003, -0.0004430327563196279, -0.0014718748489266353, 0.02420596650560447, -0.000821520411055765, -0.0016812149725708991]","[0.0025449469685554504, -0.0018593668937683105, -0.0002359449863433838, -0.0013416409492492676, 4.89354133605957e-05, -0.0002087801694869995, -0.00703125, -0.03200664520263672, 0.0029863566160202026, -0.001193121075630188, -0.0002512037754058838, -0.0009404569864273071, 0.00029885023832321167, -0.0001639723777770996, -0.00703125, -0.02980937957763672, 0.0035671815276145935, -0.0005450919270515442, -0.00025209784507751465, -0.00057944655418396, 0.0005466490983963013, -0.00013087689876556396, -0.00703125, -0.026513671875, 0.004186280071735382, 8.691847324371338e-05, -0.0002377033233642578, -0.00018217414617538452, 0.0007899776101112366, -0.00011664628982543945, -0.00703125, -0.0232177734375, 0.004781052470207214, 0.0006838664412498474, -0.00023031234741210938, 0.0003496631979942322, 0.0010409504175186157, -0.00012102723121643066, -0.00703125, -0.0188232421875]",0.021185385
"[0.4776041507720947, 0.49760415077209474, 0.5176041507720948, 0.5376041507720948, 0.5576041507720947, 0.5776041507720947, 0.5976041507720947, 0.6176041507720947, 0.6376041507720948, 0.6576041507720947, 0.6776041507720947]","[-0.0006809705116826864, 0.0021384294674503357, 0.002106008888715358, -0.0026632613036059586, 0.0013538214164143742, -0.00013809607792862475, -0.0017273199820429842, -0.0010343996298296486, 0.0020324915462551357, 0.0019373966553674073, -0.0026698674100588517, 0.0011698043719484913, 0.00019258758393776663, -0.0015089724893547068, -0.001893263851700118, 0.00195356333138927, 0.0016088785438268063, -0.002522386384426622, 0.0009698229778143, 0.0011224339496944933, -0.0017078768338217316, -0.0034235345842948705, 0.0019175582389837243, 0.001083128589835712, -0.0021876110911512375, 0.0007425878136062387, 0.0026304350929540294, -0.002336920445042784, -0.005759931450710775, 0.0019404834894140364, 0.00029252160975841104, -0.0016082568792271344, 0.0004830514336350554, 0.004546783696163358, -0.0033126669315082413, -0.00890463779327904, 0.002047878996785802, -0.0007955080911291964, -0.0007366138607657682, 0.00019818257688683348, 0.006658835393573502, -0.004500874240498208, -0.012556954381506082, 0.002231340051661114, -0.0020371752906459648, 0.00032461800281127534, -9.876192020548174e-05, 0.00889207087251867, -0.005865347593452669, -0.01648417236401711, 0.002478566299031218, -0.0033192241599256725, 0.0014862312505603493, -0.0003985376522872246, 0.01118739041533922, -0.007373211865216556, -0.020511800396372862, 0.0027743700920458527, -0.004555736826808303, 0.0026723821709956487, -0.0006953175934130461, 0.013498045072229745, -0.008992817455785281, -0.024514560185705397, 0.0031021885483559857, -0.005684810038368305, 0.0038205062510997404, -0.0009859171756942896, 0.015787567501065643, -0.01069412707439598, -0.028407897692313444, 0.003445794302447018, -0.006665079289176817, 0.0048809737210295905, -0.0012690141539907981, 0.01802780163354859, -0.012449902053956925]","[-0.026923306010001972, -0.12545267040599722, -0.04790915103390063, -0.20036810930826351, -0.06532253264116697, -0.2559915097580683, -0.07940013913907762, -0.29589693975830034, -0.09042836577371292, -0.3233592780522935, -0.09873274201939906, -0.34130888446677493, -0.10467018176044404, -0.3523244526101952, -0.10831821002457488, -0.3582455275752602, -0.110121518680909, -0.360851884691389, -0.11069706919029113, -0.36161238903065335]","[0.006507398640588691, 0.0035318813088158763, -0.00032506711511715025, 0.006625503716133907, 0.0032955457964147783, -0.00038605148331072314, 0.007332757034920534, 0.0029399133059273552, -0.0004624880650427876, 0.008660484869238871, 0.002481163885075688, -0.0005608176923832531, 0.010417615856313844, 0.001964751696220457, -0.0006790187233729483, 0.012327627620547399, 0.0014283316979764038, -0.0008104394618948518, 0.014400592640471999, 0.000896905622134625, -0.00095705454255679, 0.01665036016085808, 0.0003902265783053416, -0.0011199241354367118, 0.01908952280086884, -7.804448689219257e-05, -0.001299133036591904, 0.02172722281355477, -0.000499224413120114, -0.0014936239709877341, 0.024568256564945434, -0.0008675268998428187, -0.0017011693165116526]","[0.002526029944419861, -0.005324497818946838, -4.234910011291504e-05, -0.0012374669313430786, -0.0020555034279823303, -0.00022813677787780762, -0.0081298828125, -0.0451904296875, 0.002274453639984131, -0.0048957765102386475, -8.553266525268555e-05, -0.0013636276125907898, -0.0017318427562713623, -0.0002148747444152832, -0.00703125, -0.039697265625, 0.0020672157406806946, -0.004372984170913696, -9.748339653015137e-05, -0.0015274137258529663, -0.0013291239738464355, -0.0002187192440032959, -0.00703125, -0.035302734375, 0.0020622313022613525, -0.00385931134223938, -0.0001583397388458252, -0.0016911998391151428, -0.0009190216660499573, -0.0002231597900390625, -0.00703125, -0.03420391082763672, 0.0020923614501953125, -0.0032313093543052673, -0.00017005205154418945, -0.001772850751876831, -0.0005361512303352356, -0.0002224743366241455, -0.00703125, -0.03420391082763672]",0.012398226999999998
"[0.4776041507720947, 0.49760415077209474, 0.5176041507720948, 0.5376041507720948, 0.5576041507720947, 0.5776041507720947, 0.5976041507720947, 0.6176041507720947, 0.6376041507720948, 0.6576041507720947, 0.6776041507720947]","[-0.000680977965992223, 0.0021384269597915133, 0.0021060371656029366, -0.0026632693027412897, 0.0013538241236195658, -0.00013803037192040173, -0.001727332033988114, -0.0011146925508291067, 0.002024447905949846, 0.0018973243693299806, -0.002651809335798679, 0.001162942760628239, 0.00024390972477435793, -0.0015326565733428006, -0.002057520813504388, 0.001936726604008662, 0.001520364021662547, -0.0024802454308144174, 0.0009567458517145044, 0.0011888312944179752, -0.0017397581443683973, -0.003674989909275651, 0.0018911630197610415, 0.0009289797630831184, -0.002111836641412023, 0.00072721144579848, 0.002670260472853508, -0.0023590115412296534, -0.005996533911746053, 0.0019137289058991588, 0.00013757274221087398, -0.0015334690344331941, 0.0004686059664760889, 0.00459958738202812, -0.0033418516834176236, -0.009128132004752692, 0.002019854229653271, -0.0009496555182093509, -0.0006642880271312456, 0.00018446891038428307, 0.006724795790029303, -0.004536889416546813, -0.012768359467717809, 0.002201377538994639, -0.0021886182581319774, 0.00039302106671853154, -0.00011189006027778931, 0.008970818883876856, -0.005907637231339105, -0.016683965071111792, 0.0024462124112403457, -0.003465873565136455, 0.0015493168115897852, -0.00041118831513390204, 0.01127816066893711, -0.007421002937690642, -0.020700155171480633, 0.0027393491475044447, -0.00469546072705556, 0.002728885294021004, -0.0007075773719699106, 0.013599829549292156, -0.009045205734526697, -0.024691581140686918, 0.003064363851922712, -0.005815576490514306, 0.0038693534284738886, -0.00099786684715218, 0.015899224481963365, -0.01075014078113603, -0.028573784016526157, 0.003405131932073755, -0.0067850693276072125, 0.004921328401991692, -0.0012807400106471674, 0.018148108740429682, -0.012508532856797951]","[-0.02685481821344556, -0.1256001916832514, -0.04777703012220516, -0.20060843631656866, -0.06513204519384115, -0.2562671628221237, -0.07915740777317151, -0.2961578346210404, -0.09014052297673128, -0.32357235490298714, -0.09840764888229411, -0.34145727638717016, -0.10431607313530758, -0.3524058173965616, -0.10794511778187064, -0.3582756400294873, -0.10973856644623818, -0.3608527154049429, -0.11031085338975241, -0.3616029102950054]","[0.006507496057698403, 0.0035318331458062957, -0.00032506572300494696, 0.006654949603365101, 0.003286569041163201, -0.0003879872125969186, 0.007347217752550872, 0.0029323391993276715, -0.0004648554986808051, 0.008595881857746068, 0.002491210497842289, -0.0005607868337134114, 0.010354664806605962, 0.0019760672039104143, -0.0006796522983196773, 0.012270898033547528, 0.0014402697658395525, -0.0008117446949933438, 0.014354024252080988, 0.0009087021516229754, -0.0009590857032879541, 0.016617333963875658, 0.0004010012438531163, -0.0011227304742504884, 0.019072928204141304, -6.927133105616434e-05, -0.0013027136998471356, 0.02172948254031082, -0.0004934960396068, -0.001497895665316662, 0.024591307994339284, -0.0008659041263703315, -0.0017059488849819893]","[0.0042849257588386536, -0.006148956716060638, 0.0002257227897644043, -0.0012833774089813232, -0.0019484087824821472, -0.00020009279251098633, -0.01142578125, -0.0627685546875, 0.0036908015608787537, -0.006033860146999359, 0.0001659989356994629, -0.001247800886631012, -0.0020172223448753357, -0.0002186596393585205, -0.01142578125, -0.0605712890625, 0.00323602557182312, -0.005868278443813324, 0.00011882185935974121, -0.0012015625834465027, -0.0021530762314796448, -0.00022263824939727783, -0.0103271484375, -0.0561767578125, 0.0028415173292160034, -0.005637280642986298, 4.881620407104492e-05, -0.0011728182435035706, -0.002211637794971466, -0.00021949410438537598, -0.009228515625, -0.05068359375, 0.002526029944419861, -0.005324497818946838, -4.234910011291504e-05, -0.0012374669313430786, -0.0020555034279823303, -0.00022813677787780762, -0.0081298828125, -0.0451904296875]",0.008073925
"[0.6361422538757324, 0.6561422538757324, 0.6761422538757325, 0.6961422538757325, 0.7161422538757324, 0.7361422538757324, 0.7561422538757324, 0.7761422538757324, 0.7961422538757325, 0.8161422538757324, 0.8361422538757324]","[-0.0008329723013807553, 0.002111874759100918, 0.002033995816814162, -0.0026410424420095116, 0.001333923963898768, 7.443450718838645e-05, -0.001809361069345739, -0.0016334769636490488, 0.0020197787405773883, 0.0017036127755881445, -0.002548234168771751, 0.0011276240203927869, 0.0008288957237707157, -0.0018973497686208404, -0.003139155569412386, 0.00197309384001795, 0.0011450399903469124, -0.00225274328463607, 0.0008991029681337555, 0.00224992180110765, -0.0024784140854431907, -0.005432367555766466, 0.0020001752509879204, 0.0003766764290943679, -0.001743787013545064, 0.000637639557600864, 0.004321182483447694, -0.003546720015684779, -0.008660621073187266, 0.002118799846307066, -0.0006856375860421996, -0.0009438437563224657, 0.00033771301710913416, 0.0068155843101117795, -0.004965991278358043, -0.012746748977819147, 0.0023267657531958023, -0.002045600362764645, 0.00015270471596178937, 9.106403444680432e-06, 0.009496050390518266, -0.0066018914398338555, -0.01733481971763394, 0.002611017016069672, -0.0035341752782943494, 0.0014223697244803374, -0.00033263890842324267, 0.012275652582971482, -0.00840984304013723, -0.022156786937412316, 0.00295602338821895, -0.005021796370530867, 0.0027616180418083332, -0.000676870516389537, 0.015087707174913917, -0.010350913060459793, -0.027019326929319312, 0.0033446251757277617, -0.006413808713531456, 0.004085958231165393, -0.001017060608637879, 0.01788249536062305, -0.012389901404058006, -0.03179108651694725, 0.0037593351249703313, -0.007645591386336664, 0.005328920164812265, -0.0013498811956885828, 0.0206237918563682, -0.01449496877338037, -0.036390283215450334, 0.004183798028519871, -0.008677537336134586, 0.006440737240520466, -0.0016742517630726713, 0.0232848592953019, -0.01663757592011823]","[-0.04568105355521916, -0.1887655887118715, -0.069410014258173, -0.27278479034575115, -0.08838333277711644, -0.33324103565626395, -0.10315034929247471, -0.37492543693016667, -0.11427137092951868, -0.40215400237601995, -0.12230942050694273, -0.41873034333964826, -0.12782246707213535, -0.4279469021741543, -0.13109770783920952, -0.43237700527926154, -0.13267271255371432, -0.43409863219861816, -0.13316516266137704, -0.4345416183731021]","[0.006669046453258276, 0.003477693294291484, -0.00033282885870455914, 0.007212853613189463, 0.003208008023932507, -0.00041449378211400045, 0.00843279404071362, 0.0028355938342952136, -0.000518486276608332, 0.010393477545644902, 0.0023567848497716426, -0.0006531809188343729, 0.012813334567001955, 0.0018134490405663506, -0.0008137946737130086, 0.015418376924151489, 0.001264919207165871, -0.0009952067723637548, 0.01821995326683623, 0.0007390481781817115, -0.0011985997313450625, 0.021232945585121454, 0.00025572714091337545, -0.0014233725909384987, 0.024471202935328895, -0.00017311618624615832, -0.0016673581025474782, 0.027944713615558836, -0.0005414684073317133, -0.0019268406544123984, 0.03165722927260961, -0.0008463768337749755, -0.002196680323665934]","[0.016755029559135437, -0.006122559309005737, 0.001114875078201294, 0.003763653337955475, -0.0017375946044921875, -2.8014183044433594e-05, -0.0191162109375, -0.0990234375, 0.015205129981040955, -0.006171658635139465, 0.0009820759296417236, 0.0030659660696983337, -0.0017684847116470337, -4.494190216064453e-05, -0.018017578125, -0.096826171875, 0.0109897181391716, -0.0063121020793914795, 0.0006750524044036865, 0.0014319270849227905, -0.0019333437085151672, -8.74549150466919e-05, -0.018017578125, -0.096826171875, 0.009677276015281677, -0.006366662681102753, 0.0005828142166137695, 0.0010222569108009338, -0.002000659704208374, -0.00010620057582855225, -0.0158203125, -0.083642578125, 0.008415602147579193, -0.006386853754520416, 0.0004680752754211426, 0.0005187317728996277, -0.0020741820335388184, -0.00014580786228179932, -0.0158203125, -0.0803466796875]",0.022151414
"[0.7355108261108398, 0.7555108261108399, 0.7755108261108399, 0.7955108261108399, 0.8155108261108398, 0.8355108261108398, 0.8555108261108398, 0.8755108261108399, 0.8955108261108399, 0.9155108261108398, 0.9355108261108398]","[-0.004390004580299827, 0.0002293683632129562, -0.0009910131228601515, 0.001525540947343364, -0.0007184006518343801, 0.0028361730311140154, 0.000529056870130094, -0.005537447822312996, 0.0002828585681548585, -0.0013031220173181592, 0.0020225110033095764, -0.0007951958090812122, 0.004191149450579459, -0.0007011321123989182, -0.0074736706742296625, 0.00047744878574368653, -0.0017866507978190989, 0.002638208956386075, -0.0008956044750387493, 0.006163034997561472, -0.0025546222499133846, -0.01036377424720275, 0.0008519720317576672, -0.002520120603006322, 0.003449351816018007, -0.0010256131688630363, 0.008569978610540478, -0.004893076651449644, -0.014138507906038348, 0.001417309033100415, -0.003491695860628259, 0.0044631012948069156, -0.0011833123248468197, 0.011212404230901316, -0.0075429277909903215, -0.018599039331020153, 0.002177292568339754, -0.004634516638487656, 0.005660367295012251, -0.0013621261806338425, 0.013921051275975038, -0.01031604850973733, -0.023387235616458057, 0.0030527245895781013, -0.005801421592934573, 0.0068880990262713306, -0.0015529449284781792, 0.016617861814327756, -0.013149830735979563, -0.02824811632831113, 0.003983686510731868, -0.006886918040001749, 0.008031098180728365, -0.0017495560148462121, 0.019247890379512793, -0.015994017789375394, -0.033013392004973885, 0.0049272321916584046, -0.0078214593125403, 0.009008404472173324, -0.0019481332569426552, 0.02177658078497024, -0.018809964876238726, -0.03758440301553957, 0.005854819060285362, -0.008565235677469545, 0.009768937540183204, -0.002146765510178535, 0.024184658582919925, -0.02156792574368894, -0.04191486676732702, 0.006749492797977139, -0.009101929957813197, 0.010286708570818792, -0.0023449624541857696, 0.02646155540280265, -0.024242970078455883]","[-0.08217633842023914, -0.2521578742273808, -0.11614071267886089, -0.3248084097916659, -0.13971924382429182, -0.3731041290970772, -0.1551119810361698, -0.4028063242347885, -0.1643256845356923, -0.41898850980666397, -0.16915074011983122, -0.42602114171442124, -0.1711501607028733, -0.4275838653650916, -0.17168512092924443, -0.4269110946925749, -0.17167876778964086, -0.4259526370217332, -0.1716129596757372, -0.42549964052300143]","[0.0019906272442747897, -0.0027333947357628396, -8.446460737676631e-05, 0.003402237625665938, -0.0030464490304380476, -0.0001511335583477269, 0.005737810707168389, -0.003246525276544343, -0.00029419247094253365, 0.008767961669492785, -0.0033041055073499415, -0.0005018973479735678, 0.012250661234900484, -0.003208666217859424, -0.0007637534304372195, 0.015960772834085257, -0.0029933369889643124, -0.001067530311710918, 0.019890267671905604, -0.0026506436848707793, -0.0014083748196536128, 0.024035093830744647, -0.0021806945238296294, -0.0017776361883052871, 0.028393082148041482, -0.001589527669171975, -0.0021644398470312964, 0.03296024550142396, -0.0008870044768007901, -0.0025568369257582546, 0.037725454552116844, -8.519868951584186e-05, -0.0029427523179084147]","[0.02944013476371765, -0.00661034882068634, 0.0027891695499420166, 0.008860655128955841, -0.0019064173102378845, 0.00011086463928222656, -0.02900390625, -0.13857421875, 0.028523877263069153, -0.0064861103892326355, 0.0025647878646850586, 0.008960068225860596, -0.0020017996430397034, 0.0002543330192565918, -0.0279052734375, -0.1352783203125, 0.027590900659561157, -0.006369978189468384, 0.0022845566272735596, 0.008904144167900085, -0.0019684284925460815, 0.00023452937602996826, -0.0257080078125, -0.12978515625, 0.026582181453704834, -0.006254822015762329, 0.002052009105682373, 0.008571989834308624, -0.0018573030829429626, 0.00010016560554504395, -0.0235107421875, -0.123193359375, 0.025486066937446594, -0.006179183721542358, 0.0018608272075653076, 0.007872365415096283, -0.0018756091594696045, -5.683302879333496e-05, -0.0213134765625, -0.1155029296875]",0.020353237
"[0.837315559387207, 0.857315559387207, 0.8773155593872071, 0.8973155593872071, 0.917315559387207, 0.937315559387207, 0.957315559387207, 0.977315559387207, 0.9973155593872071, 1.017315559387207, 1.037315559387207]","[-0.008881876621317316, 1.0834577239244097e-05, -0.0014100232814434428, 0.00436499969522002, -0.001235007146267451, 0.0067261188007872305, -0.003577974206719533, -0.010350903208297357, 0.00010414696636933606, -0.001587460965869753, 0.004472018183063218, -0.0013278361234249402, 0.00821226462453413, -0.005297406829697586, -0.01264465781250323, 0.0003148296655703446, -0.0020178039345862477, 0.00471155080743179, -0.0014509812216338875, 0.010056404733105602, -0.007347805077512395, -0.015686253835755035, 0.0006453471091611318, -0.002679020436349723, 0.005077659268408329, -0.0015998070862251871, 0.012121772182376589, -0.009621904543541535, -0.01926948401631528, 0.0010905550923500603, -0.003479550697921465, 0.005520980904552199, -0.0017691527930429722, 0.014306741709619467, -0.012009216887331, -0.023243550683820238, 0.0016477064336829395, -0.004371495035584492, 0.006035803176582238, -0.001954585366377645, 0.01648694659309473, -0.014360916264370312, -0.02734130254558194, 0.0022508763964916496, -0.0052480387945547345, 0.006514474673405282, -0.002149343412043577, 0.0186088132214667, -0.016633729889089156, -0.03138178361664672, 0.0028554983311712178, -0.006035986032205907, 0.006884133430582831, -0.0023485705339870325, 0.0206375450506137, -0.01879705890842363, -0.03525512255322573, 0.0034348179101690505, -0.006690570366725081, 0.007101946326013435, -0.0025489696055248784, 0.022554929533235516, -0.020832713344393322, -0.038906893721570975, 0.003976003246820393, -0.007189929108158799, 0.007149732388951156, -0.002748598384599146, 0.024354664436966805, -0.02273147490209193, -0.04232245688518338, 0.004476120628822881, -0.007529671681962689, 0.007028476257638399, -0.00294664686353843, 0.026036337735524134, -0.024487975564001035]","[-0.08158330175086949, -0.27439208150109184, -0.10373800998663607, -0.3238442736085829, -0.11703341589216797, -0.35436657338328764, -0.1238284634224479, -0.3709280755723121, -0.12616234384926572, -0.37780529713045613, -0.12575228168676805, -0.3785915320646872, -0.1240040386386287, -0.3762279384342642, -0.1222432704103594, -0.37340016104084583, -0.12110836379922837, -0.3714755904223925, -0.12068445694821665, -0.37073631520606953]","[0.006550474754998259, -0.005695379822497237, -9.710958290476412e-05, 0.009021311071510163, -0.005475821407357806, -0.00029114181321965305, 0.012017194713224932, -0.005128149470776666, -0.0005307751226100166, 0.015384330334194951, -0.0046427499182142284, -0.0008086318112132673, 0.019028539720676974, -0.004043854289782267, -0.0011175596757038164, 0.022764896443055793, -0.0033790778717919245, -0.0014453310141036013, 0.026579773665176387, -0.002657636714419098, -0.001783233297339315, 0.030464014375449988, -0.0018915265568013595, -0.002121796158363942, 0.03441225928366354, -0.0010937991509907263, -0.002452201271430532, 0.03841959688359431, -0.0002776006198299541, -0.0027670574149643024, 0.04247620380186534, 0.0005438841576959064, -0.003060770387365519]","[0.036133140325546265, -0.00817842036485672, 0.004268825054168701, 0.01203843206167221, -0.002902999520301819, 0.0006393641233444214, -0.04438457489013672, -0.1748291015625, 0.035626813769340515, -0.00799436867237091, 0.0039013028144836426, 0.012025102972984314, -0.002821095287799835, 0.0005474388599395752, -0.0410888671875, -0.167138671875, 0.03506237268447876, -0.007785893976688385, 0.0035987496376037598, 0.011722259223461151, -0.00269336998462677, 0.0004313439130783081, -0.0366943359375, -0.1594482421875, 0.03439648449420929, -0.007511548697948456, 0.003476560115814209, 0.011210732161998749, -0.0025369003415107727, 0.0003634542226791382, -0.0333984375, -0.1506589889526367, 0.03351368010044098, -0.007286079227924347, 0.003368765115737915, 0.010708943009376526, -0.0022917911410331726, 0.00034332275390625, -0.031201171875, -0.14296875]",0.021447332
"[0.9156007766723633, 0.9356007766723633, 0.9556007766723633, 0.9756007766723633, 0.9956007766723632, 1.0156007766723634, 1.0356007766723634, 1.0556007766723634, 1.0756007766723632, 1.0956007766723632, 1.1156007766723632]","[-0.01293622167314695, 0.00013995347196679316, -0.00027372900273708525, 0.003125575445384036, -0.00021279795752363908, 0.011719221048599227, -0.00827290708965556, -0.014723805645893847, 0.0002649655370003998, -0.00020523031048521218, 0.0029817350482257343, -0.00044354458615151316, 0.012751341588937062, -0.009562080136461329, -0.017049076116707734, 0.00048021411054893466, -0.0003798533962606774, 0.0029790587507383176, -0.0006800211469195237, 0.013830435597504217, -0.010957242421117553, -0.019699692377320582, 0.0007866567189673882, -0.0006900314343618972, 0.0030470089161357275, -0.0009132435427086682, 0.014965658128457097, -0.012451444416833123, -0.0225242366745142, 0.0011863260313543296, -0.001047786757821472, 0.003138849140998922, -0.0011436506120780757, 0.016164264398126314, -0.014004843569152648, -0.025555554509678606, 0.001686447708942528, -0.0014942606409565568, 0.0033130149949481182, -0.0013742999374756373, 0.01732792392108876, -0.0154870194988198, -0.028631337103040284, 0.002228405252043995, -0.001971098628615004, 0.003498286983491703, -0.0016029771588605389, 0.018433896073995135, -0.01687750863228674, -0.03164328359097689, 0.00277271116556726, -0.0024386197486587786, 0.0036473725613540542, -0.0018279429190536961, 0.01946973129301663, -0.018164138460926328, -0.03452629308455285, 0.0032956329408067773, -0.0028722693293976318, 0.0037330128913686702, -0.0020478107966418486, 0.020431317614680602, -0.019342379071876463, -0.037248092636277944, 0.0037856291207150543, -0.003259196736264931, 0.0037438765007204336, -0.00226155151098943, 0.021320260261681524, -0.02041301141191374, -0.03979951596852575, 0.004239765183855552, -0.0035951158208374695, 0.003680560564285909, -0.002468526945720202, 0.02214098729973078, -0.021378949516204535]","[-0.0739861168383419, -0.2457667212131917, -0.09117466635770047, -0.2758842954287204, -0.10150094651442602, -0.29462006772913896, -0.10684619783658816, -0.3050997902871618, -0.10880634152210833, -0.3099286830982383, -0.10869766685302105, -0.311216891620822, -0.10757472218118998, -0.3106267278502269, -0.10639763039919094, -0.3095698895547625, -0.10563081452940193, -0.30878712839331474, -0.10534340333315058, -0.3084767054302763]","[0.017391259522589353, -0.0056113548977712036, -9.95759957556075e-05, 0.02014066275395121, -0.005345411349968021, -0.00031601522203761334, 0.022912272578874404, -0.004939625295326877, -0.0005539292360774439, 0.02576675013956764, -0.004404854695992277, -0.0008109351821063981, 0.028743160903639486, -0.0037828940904582886, -0.0010823184871036062, 0.03163520410347698, -0.0031222441085594355, -0.0013649096621071166, 0.03443751106365467, -0.002431311949574244, -0.0016520440582654672, 0.03714907015194446, -0.0017187506922331508, -0.0019379186986050456, 0.03977216840484188, -0.0009929312217487052, -0.0022180391990271886, 0.04231030966958016, -0.00026198892164952525, -0.0024893075553436006, 0.0447654160461346, 0.0004656116413030986, -0.002749881999168924]","[0.042622193694114685, -0.008616648614406586, 0.0064817070960998535, 0.014359243214130402, -0.0031905174255371094, 0.0012975484132766724, -0.059765625, -0.215478515625, 0.04200892150402069, -0.008708737790584564, 0.00623631477355957, 0.014173097908496857, -0.003266759216785431, 0.001192048192024231, -0.059765625, -0.2132810592651367, 0.04136060178279877, -0.008783146739006042, 0.005927950143814087, 0.01398756355047226, -0.0033282414078712463, 0.001142457127571106, -0.0586669921875, -0.2099853515625, 0.04069793224334717, -0.008768662810325623, 0.005683869123458862, 0.013807609677314758, -0.003263600170612335, 0.001065760850906372, -0.0564697265625, -0.2055908203125, 0.040027886629104614, -0.008736975491046906, 0.005431175231933594, 0.013444945216178894, -0.0031213536858558655, 0.001013040542602539, -0.05537109375, -0.20009765625]",0.019091146
"[0.9955151081085205, 1.0155151081085205, 1.0355151081085205, 1.0555151081085206, 1.0755151081085206, 1.0955151081085206, 1.1155151081085206, 1.1355151081085206, 1.1555151081085204, 1.1755151081085204, 1.1955151081085205]","[-0.016728640734892535, 0.00025490248249340796, 0.003356403289926213, -0.0002660747115015464, 0.002013501696552433, 0.012806975010412811, -0.008596962803905529, -0.01908727203078417, 0.0004419349957772772, 0.002976148288212362, 6.005127159055466e-05, 0.001547312346474852, 0.013543610908508787, -0.00951994958337039, -0.021853579356072773, 0.0007431444989677981, 0.0023747975850620267, 0.0005383628874956509, 0.0011046193434049046, 0.014406999157073943, -0.010691562935142257, -0.024893958771156147, 0.0011772972110456617, 0.001636546958521309, 0.0011213134294162177, 0.0006867498643041068, 0.015382277528154166, -0.012080908727952417, -0.028259622917970573, 0.001764727058236989, 0.0007082571794629062, 0.0018704669211214839, 0.0002932880276198121, 0.016347173508225246, -0.013543045169300402, -0.03170640849748489, 0.002489700652596576, -0.00027480957226003357, 0.0027021926702661, -7.54426246157974e-05, 0.017343574428843336, -0.015032847433113696, -0.03513155478823211, 0.0032788781961270376, -0.0012735873974118407, 0.0035402256066932804, -0.0004230329986079288, 0.018358186889793897, -0.016530925957718618, -0.03846426600483707, 0.004081080294992732, -0.002257620080565998, 0.004328446414096707, -0.0007519476494663335, 0.019381259721874825, -0.018022159124016078, -0.0416596403308433, 0.004863797972821812, -0.003203656040541453, 0.005028363446339878, -0.0010637020975470997, 0.02040563330421276, -0.019495453712803326, -0.044693088065308584, 0.005609386684040934, -0.004094460979489789, 0.005616339173952247, -0.001359162781742558, 0.021426043292909987, -0.020942421152879746, -0.04755516781541198, 0.006311108331554269, -0.004917795779953745, 0.006080765151163081, -0.0016388971551787792, 0.02243847316730523, -0.02235536638499537]","[-0.09848165764967948, -0.30349442769252954, -0.11844957447547255, -0.3253208822804808, -0.13128948134274726, -0.3402185710757615, -0.13876939039260072, -0.34985647053168245, -0.1424326650957445, -0.35563864941631884, -0.14359617344089654, -0.35874123358880633, -0.1433558135980754, -0.3601352843357222, -0.14270181384172803, -0.36060341756688075, -0.1421840676680577, -0.3606841999738467, -0.1419732444824353, -0.36067389978398023]","[0.028674200100263336, -0.006083112951882352, 0.0006737555219427094, 0.030463318301632736, -0.005963422485107728, 0.00039231823179264325, 0.03232755271532306, -0.005666408505481613, 8.711438219677348e-05, 0.034307000709677515, -0.005198318890548226, -0.00024081142161858082, 0.03616829142955147, -0.004585441376576238, -0.0005935767543761017, 0.03799890920368887, -0.0038984614747930024, -0.0009575842911604404, 0.039818245389542706, -0.0031411795844786816, -0.0013268384974969294, 0.04164551708614406, -0.002318499529226692, -0.0016965729933202667, 0.043498727874729415, -0.0014360368687600378, -0.0020630930153373583, 0.0453934405437042, -0.0005003683752811128, -0.0024235355507800094, 0.047341276781007524, 0.0004801607002939967, -0.002775601250484705]","[0.04656405746936798, -0.008138418197631836, 0.007391631603240967, 0.015013463795185089, -0.0045743584632873535, 0.0050067901611328125, -0.0630615234375, -0.224267578125, 0.04598653316497803, -0.008226938545703888, 0.007324635982513428, 0.0157352015376091, -0.0029811114072799683, 0.0013952702283859253, -0.0630615234375, -0.2231689453125, 0.0453752726316452, -0.008259184658527374, 0.007161557674407959, 0.015365399420261383, -0.002959229052066803, 0.0013461112976074219, -0.0630615234375, -0.2220703125, 0.04464966058731079, -0.008357420563697815, 0.007079213857650757, 0.014956273138523102, -0.0029458627104759216, 0.0013412535190582275, -0.061962890625, -0.2209716796875, 0.043968915939331055, -0.00841464102268219, 0.006878852844238281, 0.014619611203670502, -0.002923712134361267, 0.0012980401515960693, -0.061962890625, -0.219873046875]",0.013644167
"[1.0755066871643066, 1.0955066871643067, 1.1155066871643067, 1.1355066871643067, 1.1555066871643067, 1.1755066871643067, 1.1955066871643067, 1.2155066871643068, 1.2355066871643066, 1.2555066871643066, 1.2755066871643066]","[-0.021541036868324974, 0.0008914517150155544, 0.004634469464728475, -0.0004807372281422973, 0.004186780372000506, 0.014748426075786941, -0.009749086500747527, -0.02427506486551423, 0.0012216869102995547, 0.004059364416339745, 0.00011709632617753953, 0.0035356793736787935, 0.015366202911861148, -0.01089682511061039, -0.027327485004625195, 0.0017211556658412572, 0.0032996785790845857, 0.0008507905087893079, 0.002928459636478492, 0.016096141099051185, -0.012302441435314561, -0.03074651971366005, 0.0024083928378896137, 0.0022991739774934094, 0.001787168692351572, 0.0023613309685748774, 0.016808689434389623, -0.01378475057546369, -0.0342871191455297, 0.003264044297258435, 0.0011865795623769372, 0.0028545885886962917, 0.0018322338766066657, 0.01754303470090292, -0.015261169836605113, -0.0377564177583814, 0.004162407200498108, 4.519680026898393e-05, 0.0039021982834614418, 0.0013365489151496842, 0.01832677151840871, -0.016759105408037087, -0.041107159604586926, 0.005044086303224376, -0.0011031776493430655, 0.004872569846752042, 0.0008691795627496499, 0.019156012591204405, -0.018262884140441346, -0.04430871588796627, 0.005872313472719243, -0.0022385673817550723, 0.005725978314902813, 0.0004269472833245704, 0.020026319419663496, -0.019759741701930754, -0.04734391510835437, 0.006629333065160769, -0.003342669328128497, 0.006438212686283026, 8.302811372417517e-06, 0.020932188922620124, -0.02124053105075817, -0.05020623011682092, 0.007312073454107462, -0.004399017410710586, 0.006997984226272623, -0.00038722006912787874, 0.021867444365107833, -0.022698348660470317, -0.052897106658712965, 0.007927406008379628, -0.005393225403205207, 0.007404217442793841, -0.0007596596258577601, 0.02282597996173431, -0.0241260086685242]","[-0.13563859507536064, -0.3405976293892865, -0.14723933317315097, -0.3520924817723176, -0.1528996035163836, -0.36020310080798157, -0.1543413394536514, -0.3656767205911323, -0.1530520995490112, -0.36914678908810883, -0.15029142864365258, -0.37116147707621405, -0.14709388013634805, -0.37219530138653767, -0.14454279188346905, -0.3726230371497605, -0.1430537551326886, -0.3727457542286497, -0.1425240737771178, -0.3727610490288658]","[0.03584554086594194, -0.007465502466913243, 0.0016419650114003481, 0.0374500021072911, -0.007176986471501667, 0.0012387257600665613, 0.03913350603429744, -0.006660928556398993, 0.0008107939009631693, 0.0406288855354171, -0.005964712967642782, 0.0003546701041430289, 0.04198523491057704, -0.0051878428569849255, -0.00011039736333584571, 0.04332557556014627, -0.004317817466230167, -0.0005726870976014986, 0.044677554770450656, -0.003361393143049174, -0.0010284676057441544, 0.046066224893763885, -0.002326589842811977, -0.0014749413775945186, 0.04751365307581912, -0.0012215605879135616, -0.001910053909249143, 0.049038178631425344, -5.5140405775144785e-05, -0.0023322440963742253, 0.05065335829237938, 0.0011614231280168141, -0.002740164096730169]","[0.04741835594177246, -0.007989853620529175, 0.007654905319213867, 0.015337415039539337, -0.00445256382226944, 0.005071848630905151, -0.0652587890625, -0.2275634765625, 0.04701828956604004, -0.008090302348136902, 0.007543712854385376, 0.015206210315227509, -0.004518792033195496, 0.005038157105445862, -0.06416015625, -0.22646484375, 0.04656405746936798, -0.008138418197631836, 0.007391631603240967, 0.015013463795185089, -0.0045743584632873535, 0.0050067901611328125, -0.0630615234375, -0.224267578125, 0.04598653316497803, -0.008226938545703888, 0.007324635982513428, 0.0157352015376091, -0.0029811114072799683, 0.0013952702283859253, -0.0630615234375, -0.2231689453125, 0.0453752726316452, -0.008259184658527374, 0.007161557674407959, 0.015365399420261383, -0.002959229052066803, 0.0013461112976074219, -0.0630615234375, -0.2220703125]",0.011936361999999999
"[1.1155564785003662, 1.1355564785003662, 1.1555564785003662, 1.1755564785003663, 1.1955564785003663, 1.2155564785003663, 1.2355564785003663, 1.2555564785003663, 1.2755564785003661, 1.2955564785003661, 1.3155564785003662]","[-0.025294965807189276, 0.001803593288237929, 0.0044879155567504716, 0.0006715212094648003, 0.005255906701953793, 0.015703317760289378, -0.010961952925449783, -0.028203776676109602, 0.0021942635202808767, 0.0037551215529111545, 0.0013758067078855044, 0.004505935656143336, 0.01629685185772043, -0.012246750059850547, -0.0314583626672067, 0.0027484644681163945, 0.002771267270162744, 0.002264135485870026, 0.0038051709480251272, 0.016879083484702816, -0.013610659365509157, -0.03482134894033377, 0.003447768302489519, 0.0016666857639608844, 0.003256846811249643, 0.0031526748097699354, 0.017507085279120947, -0.015003502692225366, -0.03810649051278821, 0.004165542345636086, 0.000528909635448001, 0.00418880525211967, 0.0025435113959536484, 0.018223138860666066, -0.016479509710893042, -0.04134261956232743, 0.004897278145481021, -0.0006465893853758065, 0.0050746947755092465, 0.00196946948931096, 0.019011927333627023, -0.017960344741116047, -0.04448263465445475, 0.005590158090712145, -0.0018354850248802684, 0.005864000080966655, 0.0014258495021574908, 0.019866728564808048, -0.01942943183417427, -0.047494519424532256, 0.006213888927517746, -0.003014629000918241, 0.006523592106754469, 0.0009099170558314898, 0.02078007675719009, -0.02087368986016177, -0.0503589355393439, 0.006756965666588803, -0.004162346365372452, 0.007035569039347975, 0.00042058223528791547, 0.021743166386384745, -0.02228434153277984, -0.05306691531088516, 0.007222104871687011, -0.0052589437027604265, 0.0073945688219059546, -4.220635360874825e-05, 0.022746463521853354, -0.02365539890743372, -0.05561750976943369, 0.007621212947669872, -0.006287189556987715, 0.007604913102925796, -0.00047818574991238664, 0.023780784083508436, -0.02498088505731028]","[-0.13231303548917245, -0.34112537802192267, -0.14094367802167304, -0.3534595773465841, -0.14400926439140893, -0.36249591405738435, -0.1432473061535094, -0.3688507153382613, -0.14015221170278294, -0.37308903306346825, -0.1359740595923236, -0.375725474294453, -0.1317246147952844, -0.3772269756004987, -0.12850749100237818, -0.3779466774391146, -0.126681929020799, -0.3782129760801214, -0.12604302973205267, -0.3782732701463928]","[0.03860078734489736, -0.00809442513956915, 0.002061630631888356, 0.04008315324234213, -0.007633624734721067, 0.0015799479038305364, 0.04136653763787923, -0.006982603012817279, 0.0010756486275020904, 0.04254228473274413, -0.0062237462317522585, 0.0005678829621569292, 0.04377863064932164, -0.005325411169629923, 6.580375275566652e-05, 0.04502839373574419, -0.004344040148859918, -0.000429199745904274, 0.04631536571612194, -0.0032908671464229045, -0.000913202995681317, 0.04766093854924003, -0.0021779064051075103, -0.0013831572058835562, 0.04908359602762591, -0.001016572048855302, -0.0018368167171662897, 0.05059819213658856, 0.00018170791151472798, -0.0022725467151012424, 0.052214994985808616, 0.0014035159446135204, -0.00268906142013714]","[0.04773181676864624, -0.007941730320453644, 0.007777690887451172, 0.015443317592144012, -0.004431001842021942, 0.005094960331916809, -0.0784423828125, -0.255029296875, 0.04741835594177246, -0.007989853620529175, 0.007654905319213867, 0.015337415039539337, -0.00445256382226944, 0.005071848630905151, -0.0652587890625, -0.2275634765625, 0.04701828956604004, -0.008090302348136902, 0.007543712854385376, 0.015206210315227509, -0.004518792033195496, 0.005038157105445862, -0.06416015625, -0.22646484375, 0.04656405746936798, -0.008138418197631836, 0.007391631603240967, 0.015013463795185089, -0.0045743584632873535, 0.0050067901611328125, -0.0630615234375, -0.224267578125, 0.04598653316497803, -0.008226938545703888, 0.007324635982513428, 0.0157352015376091, -0.0029811114072799683, 0.0013952702283859253, -0.0630615234375, -0.2231689453125]",0.01023066
"[1.1761863231658936, 1.1961863231658936, 1.2161863231658936, 1.2361863231658936, 1.2561863231658936, 1.2761863231658936, 1.2961863231658937, 1.3161863231658937, 1.3361863231658935, 1.3561863231658935, 1.3761863231658935]","[-0.029394223257392698, 0.002841308169030713, 0.004395406806153877, 0.0016860653379781433, 0.007027214853875046, 0.017860810027418995, -0.013061989423051208, -0.032483018527315465, 0.0032508347516278426, 0.003604168141254035, 0.002448991339800706, 0.006113114794774774, 0.018230441465197107, -0.01418407372194152, -0.03562832758079815, 0.003779073040275133, 0.0026763710846315967, 0.003304754840351832, 0.0052632235215082, 0.018587499512384885, -0.015317508201525705, -0.038643722891484975, 0.004307115505725973, 0.0017004196667370522, 0.004078577513096454, 0.00447670224727186, 0.018991670298401646, -0.01656608669579271, -0.04155931371414648, 0.004835171851431737, 0.0006769048976730307, 0.004765787072239425, 0.0037470446783260353, 0.019454947025806732, -0.017895192726211182, -0.04441161896643013, 0.005400287523444257, -0.0003866172714008182, 0.005413972225941745, 0.003064867613122943, 0.019991394827976273, -0.019208218769027754, -0.047172043166392764, 0.005943356969659929, -0.0014763854363565973, 0.005978812657021914, 0.002423217392336667, 0.02060037779383265, -0.020491758688162158, -0.049820675811403134, 0.00642966892024675, -0.002576271599814375, 0.006432252736395304, 0.001817731856522769, 0.021278553209940033, -0.021735782800259104, -0.05234481416823154, 0.00684482581418698, -0.0036685511681841683, 0.0067603336868106, 0.001246208721093458, 0.022019296360683394, -0.02293423824710108, -0.05473773254877169, 0.007189789305423493, -0.004734961215036658, 0.006960510524396464, 0.0007078852015268767, 0.02281385711971115, -0.024083624473306114, -0.05699756069706429, 0.00747547940221458, -0.005757763737646498, 0.007038839289390518, 0.0002025897969826159, 0.0236532586342564, -0.025180485550039593]","[-0.12051790476947853, -0.33470477372177254, -0.12954249774122345, -0.3435582792048776, -0.13284431448430645, -0.3506379749577607, -0.13221873346753293, -0.3561625035386403, -0.12920673870573612, -0.360341819862055, -0.12508883155404849, -0.3633811199842283, -0.12089158154299126, -0.365483762512424, -0.11771507364656596, -0.3667231507877904, -0.11591412704095289, -0.3673045390714029, -0.11528433404998424, -0.3674793453875592]","[0.04303318200258033, -0.00866499171053503, 0.0028056600471932924, 0.04428961321902192, -0.008175414963885963, 0.002222721537302519, 0.04534045660430597, -0.007552162080946001, 0.0016416497404527775, 0.046399932731434834, -0.006726971549233518, 0.0010719527860922895, 0.04748401440043992, -0.005724119710510234, 0.0005131753155396268, 0.04855421714007435, -0.004642688961398189, -3.1102363146739975e-05, 0.04963261496615301, -0.0034978014265432122, -0.0005571562536133001, 0.05073913569483912, -0.0023042669953774464, -0.0010621874003984288, 0.051890866583293005, -0.0010754288975798332, -0.0015443345910552964, 0.05310163792789213, 0.0001759591280050543, -0.0020025065516158236, 0.05438169368167767, 0.0014355135684782638, -0.002436120182024659]","[0.04912027716636658, -0.007270395755767822, 0.009230494499206543, 0.01566387712955475, -0.0041192397475242615, 0.005505383014678955, -0.0894287109375, -0.27150859832763674, 0.048966020345687866, -0.007365167140960693, 0.008992791175842285, 0.015874631702899933, -0.004257582128047943, 0.005555063486099243, -0.0872314453125, -0.268212890625, 0.04893156886100769, -0.007407084107398987, 0.008760035037994385, 0.015965819358825684, -0.00417540967464447, 0.006026208400726318, -0.0850341796875, -0.263818359375, 0.04878458380699158, -0.007557496428489685, 0.008584320545196533, 0.01599936932325363, -0.004310354590415955, 0.005363494157791138, -0.08173828125, -0.2605224609375, 0.04877455532550812, -0.007595479488372803, 0.008466601371765137, 0.015814967453479767, -0.00422290712594986, 0.0059061199426651, -0.0784423828125, -0.255029296875]",0.007679708
"[1.2368721961975098, 1.2568721961975098, 1.2768721961975098, 1.2968721961975098, 1.3168721961975098, 1.3368721961975099, 1.3568721961975099, 1.37687219619751, 1.3968721961975097, 1.4168721961975097, 1.4368721961975097]","[-0.03225273243887136, 0.0032730540552147512, 0.004578601794441373, 0.0014996740594230451, 0.009051977677139195, 0.018494082135523768, -0.014361102163297152, -0.03502465276258582, 0.003680114860424473, 0.0038025127686110707, 0.002243593930942563, 0.007979100224833911, 0.01833141915582373, -0.014876248114861693, -0.03755341733748456, 0.004049844438859831, 0.0029744955466554086, 0.0029016329309512826, 0.006992770576774841, 0.018237325756763872, -0.015542364775380709, -0.039916494190157165, 0.0043931563952227465, 0.0021085325770323726, 0.003446002345346748, 0.006086585783129837, 0.018348444229400865, -0.01644907042196937, -0.04219265829086759, 0.00475500415858928, 0.0012451312962747884, 0.0038841715840627145, 0.005242058584412698, 0.01877898510028977, -0.01759777610527271, -0.044751797179148456, 0.005185667296686722, 0.00019233917845174378, 0.004413423686601174, 0.004440643874926662, 0.019383257082716016, -0.018789388038838874, -0.0474867433024508, 0.005622875733571523, -0.0010006329423711776, 0.004967783798277623, 0.0036782961005501886, 0.0201416230354325, -0.020004984568389304, -0.05030902602508165, 0.006028188459438822, -0.002285607061107348, 0.005497888210897023, 0.0029530066355004645, 0.021033698050792672, -0.021229170289272625, -0.05314664337039286, 0.006382924551424498, -0.003616390114712681, 0.005969212782635952, 0.002264387542719218, 0.022036527832605263, -0.022449551707758343, -0.055942587174402376, 0.0066834264628708616, -0.0049500833539995945, 0.006359875311602517, 0.0016130402111584835, 0.023126249816111593, -0.02365588761300883, -0.05865378999866103, 0.006936006368907113, -0.006248280055202623, 0.006658246056902254, 0.000999772076944626, 0.024281255843816747, -0.024838872291545647]","[-0.09755301132366861, -0.2841196504852034, -0.11262588693562144, -0.3161994484480214, -0.12119735530306637, -0.3424346887604024, -0.12505330694201428, -0.3633670113023004, -0.12574465124535483, -0.3795928192886403, -0.12457507371362332, -0.3917157501724726, -0.12260609927363908, -0.40033848036849806, -0.12086068164042098, -0.4056032514197634, -0.11979374846317588, -0.4081843825915278, -0.11940482051390597, -0.4090020637608819]","[0.046549402156368824, -0.008211060150232541, 0.0035642998647462676, 0.04697235786781717, -0.00777071083316061, 0.002895538063458769, 0.04735171696888063, -0.007133625088429518, 0.002261401459946022, 0.047916998923271725, -0.006295999472403668, 0.0016592576232477008, 0.048851366809514296, -0.005332994355772058, 0.0010846650125913015, 0.04979914904048277, -0.0043141433948075125, 0.0005153564468738381, 0.050780014539151486, -0.0032507598277220495, -4.2308499403898026e-05, 0.051814292325934264, -0.002154033228321417, -0.0005834583522239534, 0.05291983884854767, -0.0010343339193776835, -0.0011046727655754651, 0.05411141663765129, 9.791678472881316e-05, -0.0016036641399459484, 0.055401482042410244, 0.0012302928440020011, -0.002078884168426498]","[0.051712051033973694, -0.006792813539505005, 0.010389953851699829, 0.016805291175842285, -0.0040776655077934265, 0.005742892622947693, -0.0982177734375, -0.285791015625, 0.051136136054992676, -0.006898276507854462, 0.010212123394012451, 0.01661037653684616, -0.0040521398186683655, 0.005707412958145142, -0.097119140625, -0.2846923828125, 0.050751686096191406, -0.00685139000415802, 0.00993114709854126, 0.016421884298324585, -0.004020042717456818, 0.005716770887374878, -0.0960205078125, -0.2824951171875, 0.05023995041847229, -0.006956160068511963, 0.00976666808128357, 0.016205042600631714, -0.00404801219701767, 0.005779236555099487, -0.094921875, -0.2802978515625, 0.04978914558887482, -0.0070626139640808105, 0.009611696004867554, 0.015847735106945038, -0.003983736038208008, 0.005579739809036255, -0.0938232421875, -0.2781005859375]",0.012188339
"[1.2763221263885498, 1.2963221263885498, 1.3163221263885498, 1.3363221263885499, 1.3563221263885499, 1.37632212638855, 1.39632212638855, 1.41632212638855, 1.4363221263885497, 1.4563221263885497, 1.4763221263885498]","[-0.033120511542897885, 0.003454652111838621, 0.005241887029478199, 0.0012308565093806817, 0.010702486911827576, 0.018873694614718675, -0.013762495521170712, -0.035869933109593966, 0.0038360848085321423, 0.004479607607017997, 0.0020665507951853086, 0.009504864135395946, 0.01875688603762203, -0.014414654357429895, -0.03847998365826591, 0.004221141131188481, 0.003649773058956312, 0.0028135514081452976, 0.008406595645348583, 0.018813539414486824, -0.015379931758679584, -0.04102903088895894, 0.004666487053393911, 0.002787721869907541, 0.003481725278387444, 0.007390368297098506, 0.019137733013729306, -0.01664768868256087, -0.043887809099035405, 0.005230215206744073, 0.0016920037954050347, 0.004274358257193722, 0.006438749942992542, 0.019573954874385475, -0.0179941233026941, -0.04687735135017468, 0.0058636594987138795, 0.00046475489431864264, 0.005105625040681736, 0.005545315858061423, 0.020161730947452293, -0.019389130161017988, -0.04992480890863182, 0.006496731209331301, -0.0008591433430627633, 0.005909762178417057, 0.004702945503215787, 0.020889838081504956, -0.020813382491549612, -0.05297034983808727, 0.00708607221207159, -0.002243293963577783, 0.0066387797725264005, 0.003907238791745047, 0.02174428490540465, -0.022250472105051784, -0.05596558134499545, 0.0076106871725059415, -0.003650943764474295, 0.0072605539745167445, 0.003156034022216098, 0.02270718335400038, -0.0236871077499811, -0.05887266974737492, 0.008066742444180573, -0.005046542948302099, 0.007756435725013844, 0.0024486504600879067, 0.023758642974624978, -0.02511218896929467, -0.061663810325954825, 0.00846192758126969, -0.0063972619033093835, 0.00811867608694115, 0.0017849666318199, 0.024879905382513317, -0.02651505199939343]","[-0.12224423093469695, -0.3306305827761241, -0.13696880804664857, -0.35365825999833833, -0.1448191872847106, -0.3727760280906013, -0.14772612051184708, -0.3882468959908006, -0.1473622610854819, -0.4003737443780326, -0.14514167374291634, -0.40950729930769003, -0.1422267349927307, -0.41603726380192835, -0.13979980039012568, -0.42002709024082047, -0.1383541837660372, -0.4219782331881476, -0.13783405453942424, -0.42259346948566295]","[0.048288870992975186, -0.009127645052588118, 0.004384886222051243, 0.04872441813350803, -0.008756356475860372, 0.0036683523605702817, 0.049323640730958185, -0.00810294130404765, 0.002979771545636556, 0.05024245689872375, -0.007228117154266744, 0.0023136864510306943, 0.05108790382058981, -0.006203859587294858, 0.0016455660258678506, 0.051953982418552536, -0.005089187002838447, 0.000990549468921298, 0.05286855175105232, -0.003896053770246599, 0.0003534416914527938, 0.053857438704758565, -0.002636876907485597, -0.0002622299984795795, 0.05494238247553318, -0.001323411367201377, -0.0008540970435060302, 0.05614071654977537, 3.24100849757869e-05, -0.0014206107867344997, 0.05746589095270771, 0.0014162716958479038, -0.0019606597958663485]","[0.05505727231502533, -0.006373994052410126, 0.011008590459823608, 0.018400438129901886, -0.004147537052631378, 0.005738928914070129, -0.101513671875, -0.28798828125, 0.05457530915737152, -0.0064351484179496765, 0.01090162992477417, 0.017095200717449188, -0.005433440208435059, 0.008523732423782349, -0.1026123046875, -0.28798828125, 0.05403625965118408, -0.006507657468318939, 0.01075485348701477, 0.01682041585445404, -0.005427882075309753, 0.008441179990768433, -0.101513671875, -0.28798828125, 0.05346554517745972, -0.006593383848667145, 0.010597169399261475, 0.01753709465265274, -0.004086390137672424, 0.00589461624622345, -0.101513671875, -0.2868896484375, 0.05297219753265381, -0.006519868969917297, 0.01072201132774353, 0.01726938784122467, -0.0040635839104652405, 0.005873978137969971, -0.1004150390625, -0.2868896484375]",0.005922449000000001
"[1.2763221263885498, 1.2963221263885498, 1.3163221263885498, 1.3363221263885499, 1.3563221263885499, 1.37632212638855, 1.39632212638855, 1.41632212638855, 1.4363221263885497, 1.4563221263885497, 1.4763221263885498]","[-0.03312138543575857, 0.0034540189266075954, 0.005245644306757881, 0.0012303159192328663, 0.010702882353088364, 0.018882812074184813, -0.013762611478937956, -0.03595680052420255, 0.003910683551726967, 0.004503704021199398, 0.002062072908178955, 0.00952810893575419, 0.01895378478630856, -0.014777902802331188, -0.038714937610931394, 0.004451264515700308, 0.003726569995069841, 0.00283066128712608, 0.00844378294945482, 0.01923552506399384, -0.0160925414729617, -0.04175532389134409, 0.005132017940544166, 0.0027103030252638117, 0.003741462068762956, 0.007430863713929877, 0.019569509044875116, -0.017455968635326932, -0.0448903208063669, 0.005901012062534704, 0.0015546462399892446, 0.004714082025275294, 0.006481279312272419, 0.02000387707934527, -0.018815370746053564, -0.04799543524627324, 0.006643744002401686, 0.00031334592373056635, 0.005629033798823925, 0.005587057871651698, 0.02055739814894639, -0.020190886393828256, -0.051037953668644366, 0.0073120665866043, -0.0009915797598678544, 0.0064414317754413674, 0.004741915479039917, 0.021226523637866795, -0.021568232366398654, -0.05399167033815899, 0.007881440662323368, -0.0023346251434509637, 0.007122070409120715, 0.003942158621686939, 0.022003928271363424, -0.022935489158388202, -0.056836041400767645, 0.008346949760763098, -0.0036879874329374023, 0.0076554855562854015, 0.00318626750857323, 0.022877680922566423, -0.024284074728294067, -0.059555911746793075, 0.008718288332014759, -0.005023232310495857, 0.008037514680557706, 0.002474115773350449, 0.023833052792585983, -0.025607530904136526, -0.06214139017994992, 0.009014171673295587, -0.006312935712582589, 0.008272700382189163, 0.0018060067244777276, 0.024855445615464083, -0.026899056051254224]","[-0.14862100031014086, -0.3554828471851766, -0.15438629123486497, -0.3685123316587935, -0.15494523315771497, -0.37966384527447883, -0.15204646051454618, -0.3889335844607351, -0.14717895451759722, -0.39636921118629287, -0.14158109305445155, -0.40208025771402567, -0.13624835681907985, -0.406232865188529, -0.1323281998647604, -0.40878755926760296, -0.13013886112395218, -0.4100356704934625, -0.12937913543269086, -0.41042621594878986]","[0.04830116056117739, -0.009135791215193478, 0.004386482626828947, 0.04913689221573303, -0.008606361391673811, 0.0036642428334787702, 0.05022870836176896, -0.007823470139360023, 0.0029611169236138934, 0.05115399745038318, -0.006875699616233355, 0.0022524137960546753, 0.05198773050072103, -0.005844952674317838, 0.0015576051212407016, 0.05282677994121676, -0.004723023231797185, 0.0008860638137053733, 0.05370092015692263, -0.0035222849854488203, 0.00024058882880151344, 0.05463685714204902, -0.002256042944803749, -0.00037689293551324, 0.05565722465492007, -0.000936814608842873, -0.000965294760844948, 0.0567803505120581, 0.0004228181598526781, -0.0015241335610349793, 0.05802037231081392, 0.001807633585285906, -0.0020532077369770363]","[0.056303322315216064, -0.006319493055343628, 0.01129564642906189, 0.019100666046142578, -0.004006825387477875, 0.006174236536026001, -0.1037109375, -0.2890869140625, 0.056311964988708496, -0.006274476647377014, 0.01129305362701416, 0.019089125096797943, -0.0040011778473854065, 0.006173834204673767, -0.1026123046875, -0.2890869140625, 0.05623619258403778, -0.006275273859500885, 0.011285334825515747, 0.01906738430261612, -0.004067286849021912, 0.005821600556373596, -0.1026123046875, -0.2890869140625, 0.0560678094625473, -0.0062705352902412415, 0.011254221200942993, 0.018968939781188965, -0.004047021269798279, 0.00580635666847229, -0.1026123046875, -0.2890869140625, 0.055806443095207214, -0.00627550482749939, 0.011197835206985474, 0.01879466325044632, -0.004087813198566437, 0.005788668990135193, -0.1026123046875, -0.2890869140625]",0.014694577
"[1.4156317710876465, 1.4356317710876465, 1.4556317710876465, 1.4756317710876465, 1.4956317710876466, 1.5156317710876466, 1.5356317710876466, 1.5556317710876466, 1.5756317710876464, 1.5956317710876464, 1.6156317710876464]","[-0.03888391133142051, 0.005375131642226293, 0.0037600555786180432, 0.003235880109428826, 0.013531167950870348, 0.0204228336455878, -0.016850193372121743, -0.04146839827954808, 0.005791582709328688, 0.0031447453864729157, 0.0037749560777323764, 0.01214358118291113, 0.02074783065632561, -0.01811852169276447, -0.04437317740579238, 0.006317789389802005, 0.0022776487787264017, 0.0044497748397588025, 0.010839024281020668, 0.021163627240929954, -0.019402488619225226, -0.04741888165249172, 0.0068923027472335245, 0.0012524511415906586, 0.0051801948369985685, 0.009607098116793784, 0.02171662742494689, -0.020656741505286163, -0.05048650142317956, 0.007391510637264452, 0.00011457268286171181, 0.005844489310952561, 0.008439025178355354, 0.022409756531276817, -0.02191024016352059, -0.053558803971983975, 0.007783848444839835, -0.0011254190846059883, 0.006422467812397529, 0.007328768683290399, 0.023217233619127427, -0.023131066477230795, -0.05658098131034643, 0.008050136541220209, -0.002429569050237118, 0.006883718473046321, 0.006273684010775354, 0.02412809097928044, -0.02430827913839901, -0.05951353312947836, 0.008188971399986608, -0.0037618609676200077, 0.007212779793233206, 0.005272487730504795, 0.025130504334388543, -0.025434454796344905, -0.06232958374626041, 0.008213199667066459, -0.005088569615905088, 0.007406754769602139, 0.0043250424228937455, 0.02621054327862495, -0.02650652316192007, -0.06501263545311936, 0.008145416978134291, -0.006378972382032997, 0.007472430030186744, 0.003431771986565409, 0.027353191450344844, -0.02752411069588567, -0.06755453766507519, 0.008012996432313901, -0.007606046651422131, 0.007423348252337243, 0.0025929137110645853, 0.028544292050664045, -0.028486613798494587]","[-0.14436679682274722, -0.37498122721618, -0.14241623286095342, -0.3919229740682763, -0.13694073806521, -0.4049775188708348, -0.1295026268298296, -0.4147762325497237, -0.12138398250181427, -0.42189739822547645, -0.11359304972628013, -0.42686751249255145, -0.10688501187284848, -0.43016803261218145, -0.10221716804800829, -0.4320514649302579, -0.099697934610686, -0.4329128313924346, -0.09884272291115254, -0.43316712077125474]","[0.051330262791984826, -0.008044489276824773, 0.005266728968840617, 0.0527053359970151, -0.007263717129152525, 0.004435808766580784, 0.053933997782965815, -0.006366280622417619, 0.003610796401532834, 0.055091141362920704, -0.0054326485650220135, 0.0028101483325189136, 0.05626158196631881, -0.004437916647876072, 0.0020415167084415486, 0.05742823436143485, -0.0033982005769610524, 0.001306117073291091, 0.058614671717488354, -0.0023281855696737352, 0.0006078480575557599, 0.059842490228867784, -0.0012431287670127134, -5.0844798598070895e-05, 0.06113035464808614, -0.00015686781784562953, -0.0006689122714762519, 0.06249345242416726, 0.000917514495987426, -0.0012463986530732996, 0.0639430786300359, 0.001965355973342575, -0.0017840236855528602]","[0.055020809173583984, -0.006543420255184174, 0.010989606380462646, 0.01847802847623825, -0.0042249709367752075, 0.0061026811599731445, -0.10920391082763672, -0.2890869140625, 0.05534394085407257, -0.006515085697174072, 0.01107361912727356, 0.018648557364940643, -0.004107199609279633, 0.006100177764892578, -0.10700664520263672, -0.2890869140625, 0.05563119053840637, -0.0065021812915802, 0.01112791895866394, 0.018765360116958618, -0.00410887598991394, 0.006116911768913269, -0.10590801239013672, -0.2890869140625, 0.05589289963245392, -0.006467774510383606, 0.011179417371749878, 0.018877312541007996, -0.0040931180119514465, 0.006133019924163818, -0.10590801239013672, -0.2890869140625, 0.0560707151889801, -0.006408989429473877, 0.011263102293014526, 0.018999852240085602, -0.004033707082271576, 0.006159842014312744, -0.10480937957763672, -0.2890869140625]",0.010819667000000002
"[1.4756746292114258, 1.4956746292114258, 1.5156746292114258, 1.5356746292114258, 1.5556746292114259, 1.5756746292114259, 1.5956746292114259, 1.615674629211426, 1.6356746292114257, 1.6556746292114257, 1.6756746292114257]","[-0.04175862517511744, 0.006611876299038362, 0.003177109203832966, 0.004160423834006149, 0.015187522844634082, 0.022179346772927443, -0.01857269425312423, -0.04450318980002273, 0.007053137909298143, 0.002569611267306859, 0.004763046511162282, 0.013658900354008484, 0.022404074550594382, -0.019703250116345238, -0.04732710481157901, 0.007544321309404145, 0.0018073363979408874, 0.005410690847841308, 0.012224256192368763, 0.022703402187378798, -0.02080221065685816, -0.05011708759606382, 0.007966873880786532, 0.0009389208480240316, 0.005973540686278791, 0.010874801608467561, 0.023125243568746623, -0.02193407003579194, -0.05286123317581694, 0.008291685121113144, -1.3056782521504334e-05, 0.006417070635793096, 0.009600391312597491, 0.023691588707683522, -0.023094880201739373, -0.05563642471100693, 0.008530905688344723, -0.0010810199768878125, 0.0067898617811656065, 0.008392375401669096, 0.02436018278622716, -0.02420981010431443, -0.05838691395002304, 0.00866309204751232, -0.0022297484818247794, 0.007063886118236805, 0.0072473037317797254, 0.025122430093026525, -0.025268287181751493, -0.061071758094948296, 0.008684232476635651, -0.0034254562794200716, 0.00722534845020549, 0.006163159263147425, 0.025968858778468232, -0.02626368897876308, -0.06366212412520489, 0.008604475599660488, -0.004636072659696892, 0.007272402376885197, 0.005139161436805812, 0.026887629044910842, -0.02719397735877596, -0.06613909811070201, 0.008443846315236939, -0.005831918114290939, 0.0072123701078811294, 0.004175199975105448, 0.0278655565920104, -0.02806004923038724, -0.06849180977727085, 0.008227442225957836, -0.006986403921298874, 0.007058905581540263, 0.003271090055335931, 0.028890231506040125, -0.028862929280341492]","[-0.13380590271109688, -0.36508713508960666, -0.13275058159887665, -0.38217893735096664, -0.12814224913472838, -0.3954893964964379, -0.12148686585017252, -0.40562296819553845, -0.11403216856405035, -0.4131300556993111, -0.10677352737247671, -0.4185045496317334, -0.10046683162541964, -0.42218939317947424, -0.09605749896088503, -0.4243595489870967, -0.09367151103990638, -0.4253842534802935, -0.09286029439530133, -0.4256963864762665]","[0.053911067801378776, -0.007739141800628513, 0.0058578642770426015, 0.05522286540395471, -0.007045966789883007, 0.004956435481040522, 0.05639078796059949, -0.006275425955836855, 0.00408289574139209, 0.057563094495983624, -0.005394990953224266, 0.0032464607899953535, 0.05880019685750271, -0.004422506668913417, 0.0024490668555499084, 0.06000653710967785, -0.0034005232415967868, 0.0016856332312018552, 0.06120107520970697, -0.002346035651651146, 0.00096064719389366, 0.06240189939365093, -0.0012760523653034817, 0.0002770925124950807, 0.06362502289614158, -0.00020570299242095302, -0.0003635831666866096, 0.06488385358376059, 0.000851024774832343, -0.0009612044611539972, 0.06618898679098983, 0.0018788931889317517, -0.0015164611005351603]","[0.05378994345664978, -0.006323710083961487, 0.010820358991622925, 0.01802220195531845, -0.004154793918132782, 0.006090790033340454, -0.1157958984375, -0.2890869140625, 0.0539567768573761, -0.006441906094551086, 0.01084977388381958, 0.01806645095348358, -0.004164539277553558, 0.0060874223709106445, -0.114697265625, -0.2890869140625, 0.054160699248313904, -0.006507359445095062, 0.010875493288040161, 0.018143847584724426, -0.0041427165269851685, 0.006078630685806274, -0.1135986328125, -0.2890869140625, 0.054420918226242065, -0.006528943777084351, 0.010918855667114258, 0.018269985914230347, -0.004107996821403503, 0.006101667881011963, -0.1125, -0.2890869140625, 0.05470786988735199, -0.0065484195947647095, 0.010947257280349731, 0.01841934770345688, -0.004099547863006592, 0.006090223789215088, -0.1114013671875, -0.2890869140625]",0.008544047
"[1.5355944633483887, 1.5555944633483887, 1.5755944633483887, 1.5955944633483887, 1.6155944633483887, 1.6355944633483888, 1.6555944633483888, 1.6755944633483888, 1.6955944633483886, 1.7155944633483886, 1.7355944633483886]","[-0.04273253500071365, 0.007271853518887435, 0.004165263471988326, 0.003830197553913574, 0.01696147716197257, 0.022551478123516887, -0.019030174929259416, -0.04547407670973168, 0.00770694261378231, 0.003520158018400326, 0.004526869725186395, 0.015283718268193056, 0.022493552913986734, -0.01980855106839792, -0.04813181876772252, 0.008079808206332613, 0.002749962752976084, 0.005148783757704406, 0.013716680765582504, 0.022570260238465825, -0.020692163019089986, -0.050727980588255964, 0.008371637146859054, 0.0018834837455527183, 0.005650020566431644, 0.012248605544803625, 0.022881262190487764, -0.021737509237027487, -0.053369652481247705, 0.008601243155803394, 0.0009055010326087967, 0.0060614838022931385, 0.010863101607170442, 0.023445953156674845, -0.02290580103202125, -0.05622348770336272, 0.00879270442540393, -0.0002680902192394363, 0.006481494636502882, 0.009548040030820716, 0.024172514485337457, -0.02407386280948253, -0.05918950659332709, 0.008912231978763063, -0.001582953963953616, 0.006862498387092482, 0.008300201792933982, 0.02504295280263097, -0.0252258305214347, -0.06218833564547005, 0.008945671697192216, -0.002987615095461576, 0.007172853335028506, 0.007117825073371711, 0.026039017787850158, -0.026349940281270547, -0.06515808715769836, 0.008894978746470803, -0.0044339132355669525, 0.00739471372695642, 0.006000369233136017, 0.02714012417001155, -0.027438598250922465, -0.06805204016186575, 0.008773723739460027, -0.005877913578361346, 0.007521414425038492, 0.004947940307477548, 0.0283247524575656, -0.02848705112738233, -0.07083680628533207, 0.00860210730970206, -0.007280790115399721, 0.007554735965166369, 0.003960519333415803, 0.02957334717471802, -0.02949120391725507]","[-0.12422326567898205, -0.3530272210045814, -0.12917613011437418, -0.3830688930083411, -0.12937449214393415, -0.40708201192368665, -0.1264674959078186, -0.4258382530864994, -0.12184742175542611, -0.44008769445401963, -0.11665092374683612, -0.45053780592696524, -0.11177024329175568, -0.45785316141413845, -0.10821430939995522, -0.46225638803907554, -0.10624243061381648, -0.4643866076259493, -0.10556165817495909, -0.46505308267428136]","[0.05679105952264962, -0.007889097048332516, 0.006638474582553844, 0.057599727313583204, -0.007335578440857304, 0.005662575584790108, 0.05839012998111215, -0.006620675805441678, 0.004732515889750655, 0.05934702576082662, -0.0057526452116425375, 0.0038508137925026276, 0.060492740908262066, -0.004777085981231721, 0.0030100828020298565, 0.061626632718517316, -0.003741973692086731, 0.0021955447749300028, 0.06277029840545756, -0.0026635584910517096, 0.0014140417812340544, 0.06394537300065783, -0.0015583255960107678, 0.0006705441198935347, 0.06517101754603716, -0.00044136041865261433, -3.1878613494296104e-05, 0.0664633136559154, 0.0006729102857367941, -0.0006917140065025862, 0.06783565718503815, 0.0017684117270277966, -0.0013085189121215812]","[0.05439437925815582, -0.004277162253856659, 0.011135280132293701, 0.019288696348667145, -0.0018295571208000183, 0.0028761327266693115, -0.1223876953125, -0.2890869140625, 0.05419212579727173, -0.0045352354645729065, 0.011058211326599121, 0.019272491335868835, -0.001900307834148407, 0.0028675347566604614, -0.1223876953125, -0.2890869140625, 0.054001644253730774, -0.004800066351890564, 0.011031895875930786, 0.019272580742836, -0.00212695449590683, 0.0029628723859786987, -0.1212890625, -0.2890869140625, 0.0538354218006134, -0.005068466067314148, 0.011003315448760986, 0.019172772765159607, -0.0022641122341156006, 0.0029962509870529175, -0.1212890625, -0.2890869140625, 0.053714901208877563, -0.0053267404437065125, 0.010983854532241821, 0.019237972795963287, -0.0023563504219055176, 0.0029733479022979736, -0.1212890625, -0.2890869140625]",0.015017809
"[1.6158101558685303, 1.6358101558685303, 1.6558101558685303, 1.6758101558685303, 1.6958101558685303, 1.7158101558685304, 1.7358101558685304, 1.7558101558685304, 1.7758101558685302, 1.7958101558685302, 1.8158101558685302]","[-0.04306318517572755, 0.007516176205150742, 0.004995283300985022, 0.0031211961573223246, 0.01774865021646967, 0.02165689146889172, -0.018325121295249075, -0.04593263574204082, 0.007960068668020879, 0.004148546195005263, 0.003979996575340197, 0.016012165042069915, 0.021698634999823267, -0.019198785561433482, -0.04881534799975823, 0.008359876097427645, 0.003173029817045914, 0.004755972083063936, 0.01438875467018533, 0.022070283639038665, -0.020356121831867614, -0.051849269923887026, 0.00873604451684412, 0.002050004798667486, 0.0054838403072066284, 0.012856167156340095, 0.02280688330905809, -0.02173918172015494, -0.05522596923967558, 0.009112024753945264, 0.0006892306364992796, 0.006273784175120062, 0.011395873955086362, 0.02380672908060372, -0.023184110906767072, -0.058855477647853725, 0.009407932499293718, -0.000880440807090742, 0.007055431851884203, 0.01000267501104431, 0.02500131567498333, -0.02466208475231048, -0.0626026068939343, 0.009597824014565885, -0.0025817547496633057, 0.0077689242694803295, 0.008675866446725937, 0.026360825034770205, -0.02615114719669336, -0.06636358011781532, 0.0096746312599447, -0.004345765456929702, 0.00837348229171112, 0.007415483478978226, 0.02785763153182693, -0.027634053517421663, -0.07006145222311086, 0.009646750818791102, -0.006111789535582117, 0.008845113660198632, 0.006222184663977127, 0.029464100344577696, -0.029098636010146114, -0.07364210305485275, 0.009533539132653843, -0.00782770900849708, 0.00917368360123499, 0.005096757096873223, 0.031153475816139455, -0.03053611890847879, -0.07707053274735452, 0.009360225660646055, -0.009450197275431076, 0.009359797367688313, 0.004039425192658836, 0.03290195374723569, -0.031938239409577136]","[-0.14753306511278685, -0.40173624762599847, -0.1512426647635234, -0.4396212248410864, -0.15009559973222897, -0.46874612212943656, -0.14583230804160335, -0.490503728307605, -0.13992586208149038, -0.5062038504670788, -0.13358564132754552, -0.5170619408378927, -0.12776233081710822, -0.5241917196771656, -0.1235647233694902, -0.5282461862121656, -0.12124956025927226, -0.5301095680613358, -0.12045258577170151, -0.5306673801275519]","[0.05785527482231834, -0.007737843268916578, 0.006913508216033648, 0.058449981047735244, -0.007170482341009254, 0.00590149268295681, 0.05931837754234626, -0.00641031354975663, 0.004940499147342514, 0.06049721218831272, -0.005523527222448532, 0.004020429521846225, 0.061757702425808914, -0.0045857872263592725, 0.0031232574166737415, 0.06306909875634725, -0.0035784484961607355, 0.002250710055763605, 0.06446012527663036, -0.0025151254802517897, 0.001410670705624284, 0.06595828231573353, -0.0014113308839620586, 0.0006087451234502161, 0.06758743519000332, -0.0002822805497122438, -0.00015153583527105496, 0.06936681111175491, 0.0008566945048369412, -0.0008681809929966811, 0.07131057207147795, 0.001988016491150546, -0.001540110597172184]","[0.05574361979961395, -0.0033656954765319824, 0.011475563049316406, 0.017738282680511475, -0.004480212926864624, 0.008967161178588867, -0.123486328125, -0.2890869140625, 0.05556100606918335, -0.0034138038754463196, 0.011424720287322998, 0.017638668417930603, -0.0044961124658584595, 0.008960321545600891, -0.123486328125, -0.2890869140625, 0.055342286825180054, -0.0035077109932899475, 0.01137244701385498, 0.01753363013267517, -0.0045348480343818665, 0.008954361081123352, -0.123486328125, -0.2890869140625, 0.055122315883636475, -0.0036367177963256836, 0.011304676532745361, 0.019616246223449707, -0.001645497977733612, 0.002905130386352539, -0.123486328125, -0.2890869140625, 0.05481351912021637, -0.0038285106420516968, 0.011283814907073975, 0.019527070224285126, -0.001674555242061615, 0.002873539924621582, -0.123486328125, -0.2890869140625]",0.013999381
"[1.6757256984710693, 1.6957256984710694, 1.7157256984710694, 1.7357256984710694, 1.7557256984710694, 1.7757256984710694, 1.7957256984710694, 1.8157256984710695, 1.8357256984710693, 1.8557256984710693, 1.8757256984710693]","[-0.04316218592818774, 0.008276662703479577, 0.004714135449577399, 0.0039789959617264154, 0.017238640918023972, 0.020860299703752222, -0.018599824617488506, -0.046108441627006676, 0.008707982963450095, 0.003761895484517204, 0.00477875315417064, 0.015553072622501737, 0.021124629796258308, -0.019790578764619125, -0.0492014735222073, 0.009126317729540747, 0.002660315198611202, 0.00552675332555323, 0.013963882751369058, 0.02182097740104877, -0.021235511070728047, -0.0526608927178755, 0.00954507532828186, 0.0013228836726882636, 0.006330812725983317, 0.012445350008630084, 0.022906915675078396, -0.022772713721207906, -0.056418248792384475, 0.009874089662058863, -0.00021099630345804355, 0.007119571063090203, 0.010982430222319022, 0.02434384302692452, -0.024366327183237384, -0.0604755887397717, 0.010032218236844383, -0.0019734129891325895, 0.00785898530944879, 0.009571507346871238, 0.025987320396426462, -0.02596963986901149, -0.0646604130231259, 0.010019989880518155, -0.003862258883897875, 0.008493669729080146, 0.008217137184933273, 0.027794980327313198, -0.027558354199131288, -0.0688445862043688, 0.009851963238324359, -0.005790982992821573, 0.00898874503466113, 0.006923200710188236, 0.029730513702756, -0.029114439774720436, -0.0729376928970302, 0.009553846657511344, -0.007687652342084312, 0.00932714216588606, 0.005693037478772248, 0.03176104382572827, -0.030626831909213614, -0.07688067651952593, 0.009158470571537913, -0.009494213445891797, 0.009506199981043326, 0.004529152377663872, 0.03385703891614372, -0.03208916146910082, -0.08063956716031018, 0.008701140038178408, -0.01116559804987136, 0.009534079028746376, 0.003432725187478141, 0.03599309502552969, -0.03349586271846063]","[-0.15700273215890875, -0.4280134050672697, -0.1540193025124622, -0.4732814253294591, -0.14737335540712615, -0.5066646477809394, -0.1387046227839234, -0.5303804506917662, -0.12936798024131674, -0.5464734940141052, -0.1204501689928622, -0.5567895299384188, -0.11278145299911835, -0.5629685277811828, -0.10744593736031295, -0.5661664834280863, -0.10456641257011456, -0.5674996931893492, -0.10358872189425689, -0.5678621113327483]","[0.05647552649825771, -0.007250785899893586, 0.006526899962759014, 0.057337801222089424, -0.006448739742363596, 0.005523938459830013, 0.05856941595218834, -0.005523991772271586, 0.004566985243800392, 0.06000698724685383, -0.004591640946626896, 0.003641663241576776, 0.06166563288799587, -0.0036696418236124018, 0.002749076426723729, 0.06340504282363446, -0.0027008202451632712, 0.0018794961129904308, 0.06525133286851004, -0.0017005123785334142, 0.00104275851362301, 0.06722971926750121, -0.0006867192611297313, 0.0002460827053467618, 0.06936239440860936, 0.0003229333000804857, -0.0005057473094378651, 0.07166701841394318, 0.0013112542075237599, -0.0012098266898012966, 0.07415525801492784, 0.0022595425863274343, -0.0018644447122864172]","[0.05617247521877289, -0.003900103271007538, 0.011535167694091797, 0.019154630601406097, -0.0034776777029037476, 0.006464704871177673, -0.1245849609375, -0.2890869140625, 0.05618472397327423, -0.0037262216210365295, 0.011552602052688599, 0.019152633845806122, -0.0033823326230049133, 0.006432011723518372, -0.123486328125, -0.2890869140625, 0.056170687079429626, -0.003580808639526367, 0.011552661657333374, 0.018001720309257507, -0.004609428346157074, 0.00904451310634613, -0.123486328125, -0.2890869140625, 0.05612023174762726, -0.0034707412123680115, 0.011553347110748291, 0.017968952655792236, -0.0045462921261787415, 0.009033262729644775, -0.123486328125, -0.2890869140625, 0.056027546525001526, -0.0033938810229301453, 0.011530637741088867, 0.017902955412864685, -0.004501737654209137, 0.009024769067764282, -0.1223876953125, -0.2890869140625]",0.015997054
"[1.7357795238494873, 1.7557795238494873, 1.7757795238494873, 1.7957795238494874, 1.8157795238494874, 1.8357795238494874, 1.8557795238494874, 1.8757795238494874, 1.8957795238494872, 1.9157795238494872, 1.9357795238494873]","[-0.04330963669210266, 0.009398058944400501, 0.0043335190660039255, 0.004993635481758074, 0.017132787169117775, 0.020769362745145827, -0.019557336133394727, -0.046434851335476784, 0.0097415958779807, 0.0033268640148019606, 0.005677900690961047, 0.015437313119449401, 0.021368256935588855, -0.020915941960803507, -0.04989149485607935, 0.010073741016571958, 0.002084615562053593, 0.006404635254508684, 0.01382003711677064, 0.02237881339556931, -0.022378852558511575, -0.05363221749130152, 0.010303138423181573, 0.0006496029856765006, 0.00709498556410233, 0.012264022136921047, 0.02381006136354638, -0.023944374370466214, -0.05767459035259062, 0.01034595046546246, -0.000999614321381263, 0.007702183399301036, 0.010760540922446042, 0.025546854178630833, -0.025588291915707856, -0.06200130220331145, 0.010226165515328128, -0.002853951572606888, 0.008258707544792706, 0.00931020484199676, 0.02746489751009137, -0.02721032490524273, -0.06642365314737787, 0.00994839289948233, -0.004803207954126709, 0.008709964019025237, 0.007918703862582685, 0.029518492781695226, -0.02878627832939026, -0.07080620205160398, 0.009529632176961223, -0.00675749914046193, 0.009023298382375764, 0.00659039210390688, 0.03167050781081049, -0.03029963917898707, -0.07505826872903479, 0.008996588695538673, -0.008645418711994717, 0.00918486535488959, 0.00532854214815809, 0.03388973470899247, -0.031742119431796126, -0.0791254670919084, 0.008381893374235793, -0.010412259567318385, 0.0091957655339757, 0.004135195146772656, 0.03614983925048246, -0.03311089446035233, -0.0829812944116497, 0.007719760054084486, -0.012018126266870741, 0.00906803519010487, 0.003010852901849711, 0.03842871863004507, -0.03440417006449468]","[-0.14420331661067065, -0.45455403275229533, -0.14051477046317684, -0.5006058319535369, -0.13329466010873653, -0.5331716345096873, -0.12418794793557654, -0.5551031159952251, -0.11455165936827291, -0.5689610622965737, -0.10546092114360636, -0.5769967705828598, -0.09771998117584216, -0.5811533733486066, -0.09237156913027317, -0.5829277757152136, -0.08949912225572859, -0.5834893856937737, -0.08852739823714703, -0.5835894842947953]","[0.05571338003306048, -0.006531309375874095, 0.006307314308348744, 0.057025034298217814, -0.005691335000875153, 0.005310235691476262, 0.058549776455656066, -0.004842638574432012, 0.004351363574617739, 0.06037680757177899, -0.004003846007410328, 0.0034328456949430652, 0.06243174012400787, -0.0031176640648826748, 0.0025433515030224285, 0.0645595771204851, -0.0022023638210351137, 0.0016778604824687626, 0.06678328993500315, -0.0012768939643503785, 0.0008478220101792999, 0.0691255095134482, -0.00036235887449675985, 6.167556954483899e-05, 0.0716068282749307, 0.000521133586865119, -0.0006749824991354458, 0.07424389235671602, 0.00135477028095643, -0.001358844839125961, 0.07704702213129944, 0.0021194475300800875, -0.0019881942829669264]","[0.05582021176815033, -0.005022965371608734, 0.011482387781143188, 0.01911041885614395, -0.003955081105232239, 0.006574720144271851, -0.1289794921875, -0.2890869140625, 0.055878832936286926, -0.004854559898376465, 0.011480271816253662, 0.01912027597427368, -0.0038712993264198303, 0.00655403733253479, -0.1267822265625, -0.2890869140625, 0.055937618017196655, -0.004682816565036774, 0.011497825384140015, 0.019133277237415314, -0.0037771984934806824, 0.006556198000907898, -0.12568359375, -0.2890869140625, 0.056000590324401855, -0.004493348300457001, 0.011525511741638184, 0.019114136695861816, -0.003810085356235504, 0.006525561213493347, -0.12568359375, -0.2890869140625, 0.05606330931186676, -0.004290588200092316, 0.011534363031387329, 0.019126377999782562, -0.003698877990245819, 0.006511256098747253, -0.12568359375, -0.2890869140625]",0.013610663
"[1.7955043315887451, 1.8155043315887451, 1.8355043315887452, 1.8555043315887452, 1.8755043315887452, 1.8955043315887452, 1.9155043315887452, 1.9355043315887452, 1.955504331588745, 1.975504331588745, 1.995504331588745]","[-0.043427484671264185, 0.010122448767994027, 0.004146182815119451, 0.00421034864241138, 0.01657824594099188, 0.02083083903165167, -0.020558348246457966, -0.04678451540852743, 0.010444776290816936, 0.003036470279877566, 0.004930583489362296, 0.014903193941928843, 0.021503071835023414, -0.02163224246225727, -0.050343151759799504, 0.010669111342024985, 0.0017411412108998823, 0.005631213719655741, 0.013301365126069494, 0.022624800926977547, -0.022847418763671558, -0.05415984925792621, 0.01071228480205294, 0.0002506989167776089, 0.0062520426165358104, 0.011759138701210163, 0.024191708639123326, -0.024241032421783493, -0.05824917905024209, 0.010598320738396592, -0.0013964564462362076, 0.0068055033962296585, 0.010264933938432292, 0.026160755337895646, -0.025755984562696295, -0.06272695578056693, 0.010324445359833376, -0.003284289477259381, 0.007359388315348055, 0.008817070447341273, 0.028321746565998125, -0.027276568225301164, -0.06736914082291613, 0.009906665220558868, -0.005284309569388262, 0.00785395372995384, 0.007424226447239188, 0.030619810986386192, -0.028777644584937232, -0.07201300859368137, 0.009367906561077805, -0.007293168829726859, 0.008249989814432715, 0.00609264864108694, 0.033011231410897804, -0.030241509787066523, -0.07654747782125898, 0.008736293829088759, -0.009230205870531139, 0.008526083110121863, 0.00482658719063332, 0.03546045150843946, -0.03165804485240731, -0.08090352084793834, 0.008042550358291236, -0.01103497407785167, 0.00867523253448702, 0.0036284028760525124, 0.03793846821058764, -0.03302226761869373, -0.08504467939581582, 0.007316963016689982, -0.012664625202842282, 0.008701323717619633, 0.002498538154877109, 0.04042153177750106, -0.03433048179211037]","[-0.13420890202535146, -0.4563607853861296, -0.13124907437097572, -0.5110570148338605, -0.12544305059948918, -0.5498752828703466, -0.1181208529149805, -0.5761530170146039, -0.11037181650849705, -0.5928914181052303, -0.10305760013889903, -0.6027221372878981, -0.09682391740437751, -0.6079117623682306, -0.09251333285938185, -0.610208703668691, -0.0901978252441861, -0.610989094380823, -0.08941453317551201, -0.6111510814876409]","[0.0568188227606905, -0.00431065715011858, 0.005737749631269384, 0.05802961170233867, -0.0036591138388128996, 0.0047670228420231275, 0.059519628129597435, -0.003029219313586573, 0.0038492021571125967, 0.06137274289728034, -0.002381706395193639, 0.0029760174768567182, 0.0635878115421098, -0.0017572884749665896, 0.002140846954088005, 0.06587844276367671, -0.001117706868334345, 0.0013217534076024329, 0.06826747804369271, -0.00047740795566841854, 0.0005313780925488842, 0.07077825043407171, 0.00014627316051951667, -0.00022074093574264708, 0.07343236822186572, 0.0007360576124146867, -0.0009279707652791735, 0.07624760066709835, 0.0012755035338738452, -0.0015860084751189163, 0.07923543003109357, 0.0017482025871067286, -0.002192182096675044]","[0.05594190955162048, -0.005588322877883911, 0.011586874723434448, 0.019222170114517212, -0.00450076162815094, 0.006671130657196045, -0.1333740234375, -0.2890869140625, 0.055860087275505066, -0.005566805601119995, 0.011569172143936157, 0.019165486097335815, -0.004489041864871979, 0.006657615303993225, -0.132275390625, -0.2890869140625, 0.0558059960603714, -0.005519568920135498, 0.011557459831237793, 0.0191076397895813, -0.00443626195192337, 0.006648257374763489, -0.132275390625, -0.2890869140625, 0.05576770007610321, -0.005436345934867859, 0.011536210775375366, 0.01906418800354004, -0.004338599741458893, 0.0066369324922561646, -0.132275390625, -0.2890869140625, 0.05576126277446747, -0.005320630967617035, 0.011510103940963745, 0.019075065851211548, -0.004189051687717438, 0.006609514355659485, -0.1311767578125, -0.2890869140625]",0.013410634
"[1.8560588359832764, 1.8760588359832764, 1.8960588359832764, 1.9160588359832764, 1.9360588359832764, 1.9560588359832765, 1.9760588359832765, 1.9960588359832765, 2.0160588359832765, 2.0360588359832765, 2.0560588359832765]","[-0.043490896430484545, 0.010390559242741536, 0.004429432463177903, 0.003995023959399298, 0.018481953809762384, 0.021436134200843327, -0.019161866110817632, -0.04696336442322793, 0.010675992550647669, 0.003321712591684531, 0.004987142421060864, 0.016652871444798364, 0.02208990999547107, -0.02021648355083972, -0.05061244885708904, 0.010865985526140329, 0.002024773242946552, 0.005910471629356259, 0.014926778708785275, 0.023153162881984175, -0.02161439483518577, -0.054490633167764625, 0.011008638089964192, 0.0005922661109700689, 0.006767106948708726, 0.01328745724614719, 0.024699595722746825, -0.023341047687358743, -0.058743263796538506, 0.011119388627242625, -0.0010239568159102722, 0.007614245024820002, 0.0117174456756552, 0.026619398348080164, -0.02528157812546264, -0.06344702533131483, 0.011198071920916354, -0.0028881649140716234, 0.008513239516414119, 0.01021202938838538, 0.028710604210366697, -0.027279685480626516, -0.06834324279846188, 0.011221831066463652, -0.004867197461084837, 0.00936987976616247, 0.008776548324555733, 0.030915376745677185, -0.029297546776285505, -0.07324368654595187, 0.011182765327842813, -0.006854849738988084, 0.010117229985501694, 0.007414575155436305, 0.0331891368144377, -0.03130603538864334, -0.07802059159373145, 0.011084754879675723, -0.008769472666996535, 0.010712510274277215, 0.006128034866304318, 0.03549925858392669, -0.03328464681930532, -0.08259620912826861, 0.010939628015897752, -0.01055124198217646, 0.011133239810408105, 0.0049171273967061144, 0.03782324550948018, -0.03521891613154059, -0.0869319558810426, 0.010763126635753555, -0.012159203348122621, 0.011373141509557323, 0.0037802669416632903, 0.040145654282033774, -0.03709643831579916]","[-0.1471301786453465, -0.46424919252381963, -0.15707360201873904, -0.5235129885746588, -0.1611010191244562, -0.564904859947673, -0.16107348693599755, -0.5921733408630447, -0.15859563217321834, -0.6086919996868461, -0.15500798546671885, -0.6174307469999023, -0.15134292419748835, -0.6210541255102536, -0.1485951816090383, -0.6219629185644555, -0.14705764041735342, -0.6218707777024526, -0.14652354480860066, -0.6217117298840447]","[0.05720705612667887, -0.005414501957387685, 0.006719140228755194, 0.05823503867388313, -0.005103345179243046, 0.005712265486630841, 0.05963618549725436, -0.0046057995982344835, 0.0047482822170517025, 0.06156601753134083, -0.003984530199533598, 0.003823044666703801, 0.06388376225753489, -0.0032623859355251916, 0.0029161824752570453, 0.0662940484340303, -0.0024356243981173975, 0.0020097333297424136, 0.06881928275087956, -0.0015180446972644646, 0.0011190004819887633, 0.07148289282941012, -0.0005279507228435065, 0.00025640946934579745, 0.07430823860495506, 0.0005136948768256211, -0.000568368043332157, 0.0773165228265289, 0.001583987867687764, -0.0013479907313316275, 0.0805231298090533, 0.002658100524730589, -0.0020769438983156974]","[0.057345882058143616, -0.005756810307502747, 0.011954009532928467, 0.020014792680740356, -0.004713825881481171, 0.006864815950393677, -0.13447265625, -0.2890869140625, 0.05716414749622345, -0.00569780170917511, 0.011907637119293213, 0.01991710066795349, -0.004674255847930908, 0.006800666451454163, -0.13447265625, -0.2890869140625, 0.056984707713127136, -0.005661562085151672, 0.011865198612213135, 0.01982329785823822, -0.004639752209186554, 0.006776764988899231, -0.13447265625, -0.2890869140625, 0.05680617690086365, -0.005634821951389313, 0.011811584234237671, 0.019694581627845764, -0.004650197923183441, 0.0067557841539382935, -0.13447265625, -0.2890869140625, 0.05662301182746887, -0.005630530416965485, 0.011768221855163574, 0.01958397775888443, -0.004629865288734436, 0.006744846701622009, -0.13447265625, -0.2890869140625]",0.021416011999999998
"[1.9558444023132324, 1.9758444023132324, 1.9958444023132325, 2.0158444023132325, 2.0358444023132325, 2.0558444023132325, 2.0758444023132325, 2.0958444023132325, 2.1158444023132326, 2.1358444023132326, 2.1558444023132326]","[-0.04355722660647216, 0.01060575736828795, 0.005062893734181796, 0.00418822533846155, 0.01878641889328273, 0.021141697683843358, -0.019635933355127866, -0.047289718459263295, 0.010897436865855054, 0.0037804839010350524, 0.005151915313939957, 0.016939272996353113, 0.021872636543053055, -0.020996969172241118, -0.05119845712877313, 0.011217465171963457, 0.0023619410470803216, 0.006075864892170843, 0.015207918449881066, 0.023056879023731096, -0.022759816272632283, -0.05543874489669091, 0.011596529927694584, 0.0007724592928716891, 0.007018217218213284, 0.013571452646018552, 0.024640619619367102, -0.024811386871510323, -0.0600915787906989, 0.01204640786318905, -0.001026751357932048, 0.008044254325805657, 0.012015369952931475, 0.026473931362995817, -0.026975058536631877, -0.06502940415925347, 0.012495477498079069, -0.0030012438760129044, 0.009088362974216023, 0.010538028081712378, 0.028417526790623083, -0.029170359720832505, -0.07001075098660364, 0.012912106603372251, -0.005025601575366657, 0.010054598776433719, 0.00914228993236228, 0.030426347263820153, -0.031359380557910446, -0.07487100419383555, 0.013279179142837815, -0.00700458853614021, 0.010876694253204616, 0.007828870874229276, 0.03247059878752212, -0.033513726643860195, -0.079510311653934, 0.013591294999435016, -0.008869735534576848, 0.01151444823889444, 0.006596725906165587, 0.034533195438343385, -0.03561498319970231, -0.08388017153508694, 0.013851774718422567, -0.010575138099751446, 0.011949399658266366, 0.005443280025238219, 0.036605598517966687, -0.03765169252430419, -0.08796943414044384, 0.014069524314177299, -0.012092969268615993, 0.012180302114241617, 0.004364645112659862, 0.038682720006512857, -0.039614428435435875]","[-0.17757478311207459, -0.49928250518302014, -0.18964850429472252, -0.5480026994861942, -0.19541379740908943, -0.5789358004218739, -0.1967353099740778, -0.5964899717008507, -0.1951854482968688, -0.6045894705466633, -0.19210391844475827, -0.6065719051712488, -0.18859359623186261, -0.6052206777155646, -0.18580976485961725, -0.6030634921852769, -0.18418869563305762, -0.6014773830999114, -0.1836131455762028, -0.6008447075191692]","[0.05801725246675338, -0.005647215060323063, 0.006879106176383765, 0.05921152159214915, -0.005002514876106368, 0.005813058356904044, 0.060900463316141074, -0.004143953193145755, 0.004788971248572693, 0.06300625869554277, -0.003125471628951715, 0.0037884169958499747, 0.06529275664330358, -0.002002206306446652, 0.0027954124745765974, 0.06763513557457179, -0.000751945844990054, 0.0018101500993807917, 0.07006459318805203, 0.0006032555988921828, 0.0008492913556468196, 0.07261339623638297, 0.0020361519376037585, -7.423092628577876e-05, 0.07531381162690887, 0.003517855291203187, -0.0009509636233260288, 0.07819469853305683, 0.005019676031097653, -0.001774377866121668, 0.08127627789043412, 0.006513356945498039, -0.0025401850266923987]","[0.05822013318538666, -0.006947271525859833, 0.01215168833732605, 0.021360941231250763, -0.004041232168674469, 0.0037278831005096436, -0.13447265625, -0.2890869140625, 0.05821022391319275, -0.006790608167648315, 0.012149840593338013, 0.021337658166885376, -0.00394853949546814, 0.003728926181793213, -0.13447265625, -0.2890869140625, 0.05818331241607666, -0.0066318511962890625, 0.01213914155960083, 0.021318234503269196, -0.0038609877228736877, 0.003727942705154419, -0.13447265625, -0.2890869140625, 0.058132514357566833, -0.006478942930698395, 0.012126773595809937, 0.021289557218551636, -0.0037847310304641724, 0.0037176012992858887, -0.1333740234375, -0.2890869140625, 0.05783471465110779, -0.006049610674381256, 0.012047678232192993, 0.0211297869682312, -0.003548137843608856, 0.0036583542823791504, -0.1333740234375, -0.2890869140625]",0.016322692
"[2.0358352661132812, 2.0558352661132813, 2.0758352661132813, 2.0958352661132813, 2.1158352661132813, 2.1358352661132813, 2.1558352661132814, 2.1758352661132814, 2.1958352661132814, 2.2158352661132814, 2.2358352661132814]","[-0.0437177189929866, 0.011545845089676942, 0.005562655900610376, 0.0054846052663243714, 0.018719997485419165, 0.02106463829296814, -0.020336556907747973, -0.047834526985358755, 0.011701024734058348, 0.004098341443709906, 0.006361560264619266, 0.01683437474875898, 0.022235171502707436, -0.022042955053596505, -0.05225313961692886, 0.011920374493096877, 0.0024513048146442063, 0.0072478078569633295, 0.015061503312022278, 0.02374424225669453, -0.02409451617409636, -0.05704879682725594, 0.012243121743532882, 0.0005836873247948229, 0.008203810073687721, 0.01339596369968456, 0.025413475108120538, -0.0263552117435881, -0.06208601549818992, 0.012617754777105531, -0.0014701420392978306, 0.009151657688539601, 0.01184267466541744, 0.027094243319971133, -0.028759536418580162, -0.0671299400190678, 0.013155601606922604, -0.0035371161662488934, 0.010108675020232523, 0.010399072824314567, 0.028810017414809902, -0.031136622171087255, -0.07200487711334298, 0.013767932263272631, -0.005534126342855743, 0.010970608083097187, 0.009057709004154018, 0.03053721557198388, -0.033451474325834396, -0.07660389491803517, 0.014394445725993861, -0.00740262738949108, 0.011668202683787463, 0.007811399180662657, 0.03226332655603134, -0.03568001017099336, -0.08087649617961815, 0.01499879194753032, -0.009104889885121826, 0.01216253692816115, 0.006653244211893727, 0.03398626157825054, -0.037809481342752485, -0.08481526479363771, 0.015563386959879747, -0.010619888527262936, 0.012439516579255173, 0.005576455433263313, 0.03571033236378539, -0.03983464962647858, -0.08844205534662852, 0.016083916884983403, -0.011939286926493558, 0.012504178698556247, 0.004574231073221873, 0.03744041892515615, -0.041751874715315745]","[-0.17538917781988997, -0.5458342505051307, -0.19760120024484185, -0.5727870423596472, -0.21011107182506747, -0.5861235674207321, -0.21558297873894025, -0.5898691054668328, -0.21634621115269898, -0.5874398853371845, -0.21436748106405124, -0.5816840004503535, -0.21124837585451114, -0.5749168825787001, -0.2085308613986311, -0.5694866951750877, -0.2068797561233119, -0.5663037711212846, -0.20628125320434326, -0.5651652023844547]","[0.05809845969367711, -0.0063938485829355685, 0.0068885087860639516, 0.05983718583884845, -0.005618923584195468, 0.005798238090978458, 0.061952679381781284, -0.004592352915451237, 0.004728642599262756, 0.06421277998345087, -0.0033040050740695825, 0.003658958235643439, 0.06650054717826415, -0.001687291436873739, 0.002587813991941079, 0.06881804543181891, 5.7248759120831494e-05, 0.0015411895886421334, 0.07119851313530201, 0.0018956054833134672, 0.0005344308435475398, 0.07367436325900689, 0.0037930245175443744, -0.00042111139630840455, 0.07627822424929032, 0.005716341497842059, -0.0013176845670157533, 0.07903962286440236, 0.007634701141061129, -0.0021506106205162467, 0.081978689980863, 0.009518994067863495, -0.0029176726277730936]","[0.05795806646347046, -0.007467694580554962, 0.012099772691726685, 0.021250613033771515, -0.004320941865444183, 0.003688409924507141, -0.1399658203125, -0.2890869140625, 0.05803065001964569, -0.007421255111694336, 0.012107163667678833, 0.02127125859260559, -0.004301190376281738, 0.0036956369876861572, -0.1388671875, -0.2890869140625, 0.05808863043785095, -0.00737694650888443, 0.012118995189666748, 0.021303951740264893, -0.004286423325538635, 0.0037104934453964233, -0.136669921875, -0.2890869140625, 0.058140650391578674, -0.0073046013712882996, 0.012134462594985962, 0.02133149653673172, -0.004258826375007629, 0.0037287920713424683, -0.1355712890625, -0.2890869140625, 0.05818560719490051, -0.00720832496881485, 0.012138009071350098, 0.02136511355638504, -0.004185058176517487, 0.0037081539630889893, -0.1355712890625, -0.2890869140625]",0.016710447
"[2.095790147781372, 2.115790147781372, 2.135790147781372, 2.155790147781372, 2.175790147781372, 2.195790147781372, 2.215790147781372, 2.235790147781372, 2.255790147781372, 2.2757901477813722, 2.2957901477813722]","[-0.04373514704092696, 0.011763730675418782, 0.005965726999293068, 0.005499765276946027, 0.018996120514646254, 0.02119870745257886, -0.020782404360464607, -0.0482442484047903, 0.011848271491415, 0.00430448802750601, 0.006411997915411489, 0.017049568580898174, 0.022525185742690586, -0.02251605224656464, -0.05306116076120807, 0.012032946227562596, 0.0024166212923607275, 0.0073949593850926275, 0.015232444762818664, 0.023976173188265414, -0.024540977854598398, -0.05806620447666887, 0.012294237824196756, 0.00034351308285255125, 0.00835702981509937, 0.013556676979218904, 0.025430675808702327, -0.026870397059656673, -0.06303563996980131, 0.012764857125120101, -0.0017273863480226895, 0.009290492205216884, 0.012020860060298583, 0.02694333012016111, -0.029379047167710746, -0.06795669367018722, 0.01350205247744505, -0.0037612086111584835, 0.010266742826107336, 0.010608990763963825, 0.0284776724906184, -0.03185741860897511, -0.07267383100089125, 0.014380359782967152, -0.0056932271139934825, 0.011168670237770245, 0.009308167571193408, 0.030016625352832067, -0.03426983521896506, -0.07709507857081431, 0.0153117052645939, -0.007479015692625703, 0.011917077661689411, 0.008107225400084952, 0.03155243892969922, -0.03659173963359984, -0.08118080620163157, 0.016239386657222212, -0.009091410741099135, 0.01246566433016256, 0.006996451623387289, 0.03308657184880165, -0.03881001865064754, -0.08493125329390527, 0.01713149597049533, -0.010517019594786807, 0.012795140608327813, 0.005967166007718015, 0.03462590712165634, -0.040919191217972606, -0.08837340332630061, 0.017974201198137602, -0.011752728062608707, 0.012907157321961692, 0.005011389081905408, 0.036177096862892534, -0.04291547433360356]","[-0.1774146312016949, -0.5479824912969482, -0.20805940423514835, -0.5687876009891107, -0.22667946020573385, -0.5776778295523002, -0.23643077276645375, -0.5782963519978037, -0.2400651026371854, -0.5737478190795495, -0.23990976320578883, -0.566617429388059, -0.23787175566489716, -0.5590026969177865, -0.23571389732188727, -0.5531130612380957, -0.23430056595228627, -0.5497266168989745, -0.23376930046629465, -0.5485285617210083]","[0.058988943427096485, -0.006437195032392484, 0.0070264241802142635, 0.06080914146998784, -0.005658329166768006, 0.005897421517392143, 0.06273364337383058, -0.004545615948874371, 0.004772901028435861, 0.06473747515621409, -0.002968429125694172, 0.0036473844660132038, 0.0669171755715835, -0.001083750950475082, 0.0025452010938833425, 0.06912820813632448, 0.0009298545208853426, 0.0014708425636147382, 0.07140330695301722, 0.0030366346151140533, 0.0004386296480940466, 0.073774368645526, 0.00520130377335537, -0.0005407025478980643, 0.07627359606624273, 0.007390759149439319, -0.001459749917021469, 0.07893016401987318, 0.009574494582753168, -0.0023140407286059705, 0.08176389154679642, 0.01172380301097542, -0.003101511140090274]","[0.05756711959838867, -0.007208973169326782, 0.01226380467414856, 0.02120377868413925, -0.004468537867069244, 0.00369301438331604, -0.1487548828125, -0.2890869140625, 0.057690709829330444, -0.0072243064641952515, 0.01218840479850769, 0.021216385066509247, -0.004538185894489288, 0.003698393702507019, -0.14765625, -0.2890869140625, 0.05773204565048218, -0.007365129888057709, 0.01218801736831665, 0.02120259404182434, -0.004567958414554596, 0.0036966800689697266, -0.1465576171875, -0.2890869140625, 0.05777284502983093, -0.007456228137016296, 0.01217082142829895, 0.02118520438671112, -0.004527434706687927, 0.0036854296922683716, -0.1443603515625, -0.2890869140625, 0.05781938135623932, -0.0074846819043159485, 0.012139171361923218, 0.021185629069805145, -0.004465408623218536, 0.003684505820274353, -0.14326171875, -0.2890869140625]",0.011430323000000001
"[2.1562302112579346, 2.1762302112579346, 2.1962302112579346, 2.2162302112579346, 2.2362302112579346, 2.2562302112579347, 2.2762302112579347, 2.2962302112579347, 2.3162302112579347, 2.3362302112579347, 2.3562302112579347]","[-0.04381392677216561, 0.011861538558495765, 0.006358414113376577, 0.005183880533170019, 0.01894957919541461, 0.021169886960083227, -0.021363671517170633, -0.04873649147588173, 0.011907614493417592, 0.0044184381801596, 0.0061730100395044445, 0.016976582102910243, 0.02243146909421273, -0.023003211361437056, -0.05377974673978359, 0.012017098745340292, 0.00228370658170609, 0.007148055549569733, 0.015163701391255401, 0.02368184730921456, -0.02502495079989471, -0.05873963579824907, 0.01234852939376671, 0.00014908400768604758, 0.008086569494170838, 0.013516352634375662, 0.02500598687962971, -0.027388266337039956, -0.06361782791419614, 0.012978837214050437, -0.0019359956879338792, 0.009032997949243027, 0.012019733388026092, 0.026396763340223815, -0.02993550950053857, -0.06843378982119543, 0.01393289372904599, -0.003960960426901574, 0.010053264258825998, 0.010652819180854731, 0.027814467630345934, -0.03245350409241733, -0.07304043011405506, 0.015061225715463082, -0.005870324628455343, 0.0110199176649557, 0.00939955363851337, 0.029244304667607895, -0.03490711003158001, -0.07735143498575059, 0.016258337607603368, -0.00762624867161215, 0.01184566678495316, 0.008246604642266266, 0.03067960170766278, -0.0372723710603919, -0.08133067671138874, 0.017455410000188437, -0.009206055311180418, 0.01247801070893494, 0.007182857354924573, 0.03212194300790672, -0.03953665572182995, -0.08498023118964573, 0.018612587571389172, -0.010599183436537322, 0.012893021399612485, 0.006198805511903957, 0.03357770580064559, -0.04169476031788188, -0.08832772001607253, 0.01971124238357673, -0.011804107056840388, 0.013088958441759462, 0.005286055654015686, 0.03505273499922679, -0.04374298436483031]","[-0.18496851833519773, -0.5443356905501253, -0.22109487827364502, -0.5626624903043033, -0.24356397966758128, -0.5699472216736035, -0.25591209784504787, -0.5696045983721754, -0.26121869271091824, -0.564549175238382, -0.2620833204182138, -0.5572094003924324, -0.2606305466691451, -0.5495562625589379, -0.2587710237190157, -0.543695928733148, -0.2574826677127504, -0.5403436055194942, -0.25698627061777934, -0.5391609511449723]","[0.060132665063341806, -0.00601065881356444, 0.006962107854272759, 0.061696370061935624, -0.005136723123262854, 0.005782561755009574, 0.06330265477906738, -0.003748949600571372, 0.004610799317526393, 0.06514928832660993, -0.0019387531478818332, 0.0034677094738424508, 0.06719076900727994, 0.00016317439715018978, 0.0023537426235913372, 0.0692686868659117, 0.0023799854044077584, 0.0012692263256459668, 0.0714169186817264, 0.00467664217505348, 0.00022773393520303387, 0.07366837119234992, 0.007019361140885305, -0.00076055211011683, 0.0760559608499658, 0.009376948102088889, -0.0016886379605720592, 0.07860928645462573, 0.011720905036860074, -0.002552332552556713, 0.08134841223694911, 0.014024437862026229, -0.0033497278312362155]","[0.05747801065444946, -0.0057685598731040955, 0.01227647066116333, 0.021102450788021088, -0.004169374704360962, 0.0036604106426239014, -0.1564453125, -0.2890869140625, 0.05748908221721649, -0.0060311779379844666, 0.012262582778930664, 0.021120190620422363, -0.004287488758563995, 0.0036715567111968994, -0.1553466796875, -0.2890869140625, 0.057502567768096924, -0.006285578012466431, 0.012261271476745605, 0.02113497257232666, -0.004367157816886902, 0.0036744922399520874, -0.154248046875, -0.2890869140625, 0.05752645432949066, -0.0065061673521995544, 0.012243688106536865, 0.02114269882440567, -0.004378184676170349, 0.0036774128675460815, -0.1531494140625, -0.2890869140625, 0.05756346881389618, -0.006683565676212311, 0.012219220399856567, 0.02115137130022049, -0.004373803734779358, 0.003682345151901245, -0.15205078125, -0.2890869140625]",0.007237652
"[2.2155280113220215, 2.2355280113220215, 2.2555280113220215, 2.2755280113220215, 2.2955280113220216, 2.3155280113220216, 2.3355280113220216, 2.3555280113220216, 2.3755280113220216, 2.3955280113220216, 2.4155280113220217]","[-0.04383120626730458, 0.011785604250542907, 0.006864961525359651, 0.004960919676648665, 0.018342472172857283, 0.021455701711829474, -0.020338401509287844, -0.049094550068619805, 0.01182973674484189, 0.004708923229320727, 0.00619577845337923, 0.01641907919744916, 0.022518840511720997, -0.022196920367538623, -0.05423966104856174, 0.01213863382744838, 0.0025353802702830627, 0.007406928120994184, 0.014685011023764754, 0.023615370089842148, -0.024550564763747715, -0.05928461584007527, 0.012821538324065945, 0.0003984218658095683, 0.008629949333983642, 0.01313075716541805, 0.02475825504763099, -0.027285215176735867, -0.06426036947943056, 0.013926873990033865, -0.0016816395315866863, 0.009918136122426372, 0.01173456722520516, 0.025933878811213264, -0.030190188602107045, -0.0691210543269005, 0.0154043895115681, -0.0036744194591640314, 0.01126324518439539, 0.010471288648528823, 0.027131698519792795, -0.03307888107647938, -0.07373532397130714, 0.01707064311060738, -0.005539779430482299, 0.012520796888340594, 0.009320706503964238, 0.028343086314488227, -0.035910593802233465, -0.07802875323575614, 0.018796916103220485, -0.007250822589633706, 0.013591755947675565, 0.008266888826442938, 0.029565702497859125, -0.03865640213890331, -0.0819741270433395, 0.020500342143525987, -0.008792077750575875, 0.014416694882404922, 0.007297417763162162, 0.03080385730449007, -0.04129975050011313, -0.0855801771829387, 0.022134386018739207, -0.01015716353486501, 0.014968902696445519, 0.006402447199663805, 0.03206549235653104, -0.04383226888842011, -0.08887945734625693, 0.02367913295334665, -0.01134638759527273, 0.015247231951841397, 0.005573840463461022, 0.033357436813925695, -0.046247071298165354]","[-0.2203198229068094, -0.550370545567595, -0.26269144261033356, -0.5640442469047355, -0.28884286449881624, -0.5680552330724491, -0.3029628566160123, -0.5654825616694446, -0.3087077099393821, -0.5589633517766083, -0.30918282525083096, -0.5507064994656277, -0.306947688486206, -0.5425126896745472, -0.3043596811635856, -0.5363634228112504, -0.30261374352859505, -0.5328805169833845, -0.3019478040210827, -0.5316575434877819]","[0.060715601817681875, -0.007058623040934187, 0.006835158067608482, 0.06198302152157287, -0.006046546971218536, 0.005630560221580261, 0.06348821396165227, -0.00445804864408661, 0.004445119357196603, 0.0652486571751586, -0.00237649877816537, 0.0032760233394433236, 0.06715876395279874, 3.403165045767764e-05, 0.002123572597019674, 0.06912866666377815, 0.0026086812190726505, 0.0009962383476636028, 0.0711940260810564, 0.005311433636058904, -9.179906847478492e-05, 0.07338886247032117, 0.008106909492576975, -0.0011291478693098433, 0.0757467315285254, 0.010962087881093652, -0.002107245031110594, 0.07829738560878363, 0.013846238256572718, -0.0030201724986662626, 0.0810603943328454, 0.01672920412710477, -0.003864301723603969]","[0.05764608085155487, -0.004596889019012451, 0.012396246194839478, 0.02112913876771927, -0.003854714334011078, 0.0036306232213974, -0.1619384765625, -0.2890869140625, 0.05760723352432251, -0.004750393331050873, 0.012377381324768066, 0.021118268370628357, -0.003926530480384827, 0.003630921244621277, -0.16083984375, -0.2890869140625, 0.0575639009475708, -0.004921972751617432, 0.012367010116577148, 0.021116144955158234, -0.003976829349994659, 0.003630310297012329, -0.16083984375, -0.2890869140625, 0.05753117799758911, -0.005107216536998749, 0.012339860200881958, 0.021110616624355316, -0.003990545868873596, 0.0036333054304122925, -0.158642578125, -0.2890869140625, 0.05751009285449982, -0.005293622612953186, 0.01231849193572998, 0.021100342273712158, -0.003999039530754089, 0.0036424100399017334, -0.158642578125, -0.2890869140625]",0.010609048
"[2.2752010822296143, 2.2952010822296143, 2.3152010822296143, 2.3352010822296143, 2.3552010822296143, 2.3752010822296143, 2.3952010822296144, 2.4152010822296144, 2.4352010822296144, 2.4552010822296144, 2.4752010822296144]","[-0.043907712803979176, 0.01219853879549665, 0.007185697583077783, 0.005614131913218652, 0.01823968909448801, 0.02087498964148482, -0.02065988050517066, -0.049364800139141296, 0.012377401710169756, 0.0048853508877886205, 0.006895013156325748, 0.016353598745626356, 0.021942159387580925, -0.022900616367380628, -0.054708499708696144, 0.012924601965973202, 0.0025978248277941495, 0.008188256916300067, 0.014660610746555012, 0.023055364851743004, -0.025593691338321924, -0.059977113793389505, 0.01390623522677567, 0.00034389825533237485, 0.009540137168306336, 0.013144516565513556, 0.024186908781599688, -0.02856387654184326, -0.06512785663478567, 0.015283581956978893, -0.0018469759455349041, 0.01092947409956549, 0.011783910830758956, 0.02531499767936014, -0.03163532860821898, -0.07005514157887635, 0.016984141719498018, -0.003910707755591437, 0.012308325266498823, 0.010554177249930987, 0.026460990562810923, -0.03464924092412212, -0.07465341051609353, 0.018822909570820046, -0.005817551669076082, 0.01353926650137679, 0.009434120411628274, 0.027620463720128965, -0.037567164891647506, -0.07887023489727274, 0.020674085772414752, -0.007548620303063408, 0.014532469821780473, 0.008407483567011681, 0.02879401349815899, -0.04036309076746395, -0.08269711480909522, 0.022461108425049336, -0.009094469402975265, 0.015239186121410389, 0.007462052256372152, 0.029987915550625015, -0.04302457695006094, -0.08615849762696216, 0.024145850639754815, -0.010453140793191996, 0.015644065954510383, 0.006588497604022518, 0.031211303930609658, -0.0455479779496958, -0.08929975186714059, 0.025717561851508516, -0.011628104357829485, 0.015757255567256767, 0.005779288623391997, 0.03247156857224684, -0.047930666542980255]","[-0.24988869618565268, -0.5661150303423572, -0.2885159480917908, -0.5727023947985949, -0.3106323625552503, -0.5710720156662401, -0.32077721949405447, -0.5640940065020694, -0.3228737387582439, -0.5542157108463905, -0.3202185846300247, -0.5434806064560311, -0.3154933513431427, -0.5335452566516796, -0.3112534466327832, -0.5263286515694721, -0.3086430034300024, -0.5223138719986973, -0.30768936459704455, -0.5209180459614099]","[0.06045778356455178, -0.007278703614764126, 0.006767118870706135, 0.06182854710462715, -0.0058570735050036404, 0.005512304682275371, 0.06345190545490254, -0.00387647743670394, 0.004275391719156474, 0.06524283025379962, -0.0014504713075949027, 0.003052678409315668, 0.06712191313138627, 0.0012941884083872424, 0.0018507657339670303, 0.06906873110558043, 0.004188684431633227, 0.0006857158891193649, 0.07111952494264617, 0.0071921365020388706, -0.0004288903101761221, 0.07330807628462921, 0.010265390394050833, -0.0014822838239858527, 0.07566752004629762, 0.013373279629838919, -0.0024666890726861013, 0.07822696142109575, 0.016484176431497133, -0.0033772051932148273, 0.08100466246248539, 0.019567360201870887, -0.0042114530224499624]","[0.057885751128196716, -0.004312492907047272, 0.012550562620162964, 0.021342210471630096, -0.003763817250728607, 0.0034313350915908813, -0.1729248046875, -0.2890869140625, 0.05784563720226288, -0.004310078918933868, 0.012524425983428955, 0.0213138610124588, -0.0037716329097747803, 0.003422483801841736, -0.1707275390625, -0.2890869140625, 0.05779042840003967, -0.004336848855018616, 0.012511491775512695, 0.021294981241226196, -0.003755830228328705, 0.0034167468547821045, -0.16853008270263672, -0.2890869140625, 0.05779583752155304, -0.004370369017124176, 0.012466728687286377, 0.021280787885189056, -0.003712303936481476, 0.0034228265285491943, -0.16743144989013672, -0.2890869140625, 0.05775086581707001, -0.004399389028549194, 0.012436151504516602, 0.02123384177684784, -0.0036821961402893066, 0.0034279674291610718, -0.16633281707763672, -0.2890869140625]",0.0076902690000000004
"[2.315824270248413, 2.335824270248413, 2.355824270248413, 2.375824270248413, 2.395824270248413, 2.415824270248413, 2.435824270248413, 2.455824270248413, 2.4758242702484132, 2.4958242702484132, 2.5158242702484133]","[-0.0440373846938268, 0.01301110847984514, 0.007303493666065987, 0.0062862491560587135, 0.01830482586194709, 0.02063015830598513, -0.02115327662350631, -0.04959742126084682, 0.013241002332278713, 0.004949225646822104, 0.007597905303285342, 0.016416376579263935, 0.021728692358605944, -0.0234438873144247, -0.05503402122816612, 0.013843440269486472, 0.0026052020578034934, 0.008948948480875468, 0.014715933698389663, 0.022833685207091885, -0.026092303851195802, -0.06032047997287461, 0.01481118104983666, 0.00030073665146067866, 0.010297966558861026, 0.013195650262276452, 0.02390814895598295, -0.029033715535939798, -0.06536181370041849, 0.016095342581407126, -0.001900399743684814, 0.011558209534866404, 0.011841198235339166, 0.02496254064778173, -0.03218363492978063, -0.07017713498852365, 0.01777216283822898, -0.003955413431198602, 0.012833086983505403, 0.010624878645284802, 0.02603236070757037, -0.035264446461053006, -0.07466279617851089, 0.019633390926302917, -0.005841247601586637, 0.013976362129172231, 0.009522628160332086, 0.027115318718459118, -0.038236199646993915, -0.07876791492575402, 0.021535815390602835, -0.007544172498876675, 0.014891958396881472, 0.008516128612329197, 0.028213565944056926, -0.04107225430826607, -0.08248531698275868, 0.023390359461653423, -0.009058606165561292, 0.015527102095289869, 0.007591743340785204, 0.029334538479945257, -0.04376018230885103, -0.08584058680704898, 0.025150327668321502, -0.010385365260005384, 0.015864235105646766, 0.006739213636644788, 0.03048820515837356, -0.04629680394460617, -0.0888800087288636, 0.02679943630678282, -0.01152979554245266, 0.01591267075955315, 0.0059504436714666546, 0.03168250203519786, -0.048680250346503036]","[-0.24293088188616271, -0.5618737191888578, -0.2868943176367057, -0.5668646628635996, -0.31275271163995966, -0.564017647036624, -0.3254007562715691, -0.5561284969510599, -0.32908209766746366, -0.545588009209984, -0.32736308020887095, -0.5343899532537875, -0.3231454933406396, -0.5241465455207062, -0.31914472701733776, -0.516751858149745, -0.3166258727130385, -0.5126534972418467, -0.3156956004015321, -0.5112320246587851]","[0.060299174472716266, -0.007098030865714033, 0.006708981617570053, 0.06169352354916868, -0.005608962095017489, 0.005435958026621002, 0.06323532991728842, -0.003620159730899797, 0.004182521329749278, 0.06491991050772561, -0.0011357240445892813, 0.0029461809429895958, 0.06679798088246036, 0.0017901182916917335, 0.0017372168776015329, 0.06874613857360445, 0.004865939137235209, 0.0005663792061834094, 0.07079848790892274, 0.008046949466810727, -0.0005526344616271217, 0.07298707618842237, 0.011291299891344142, -0.0016087281709586954, 0.07534365233232654, 0.01456187807326792, -0.002593837147964795, 0.0778961909104855, 0.017825582075210455, -0.003502938795514776, 0.0806619977977947, 0.021050511981531628, -0.004333756464173888]","[0.05803065001964569, -0.004476085305213928, 0.012734055519104004, 0.02142444998025894, -0.004152759909629822, 0.003448978066444397, -0.180615234375, -0.2890869140625, 0.0579703152179718, -0.00444997102022171, 0.012699514627456665, 0.021426677703857422, -0.004036180675029755, 0.0034500807523727417, -0.1795166015625, -0.2890869140625, 0.057966411113739014, -0.004389025270938873, 0.012635588645935059, 0.02139727771282196, -0.0038959532976150513, 0.0034360140562057495, -0.1773193359375, -0.2890869140625, 0.057928070425987244, -0.004334263503551483, 0.012591958045959473, 0.021369583904743195, -0.003802284598350525, 0.0034352540969848633, -0.1751220703125, -0.2890869140625, 0.057885751128196716, -0.004312492907047272, 0.012550562620162964, 0.021342210471630096, -0.003763817250728607, 0.0034313350915908813, -0.1729248046875, -0.2890869140625]",0.010531381
"[2.3759264945983887, 2.3959264945983887, 2.4159264945983887, 2.4359264945983887, 2.4559264945983887, 2.4759264945983888, 2.495926494598389, 2.515926494598389, 2.535926494598389, 2.555926494598389, 2.575926494598389]","[-0.04422110586930361, 0.014191134511718849, 0.007271199384100981, 0.00685633279398766, 0.01867815996155827, 0.020105556055042738, -0.02216246930482236, -0.04990746878329082, 0.014495735671021274, 0.004828110730353694, 0.008188690896821602, 0.016768892342973914, 0.021238629728605733, -0.024427784421626707, -0.05540105541486108, 0.015114263983398012, 0.0024059657681954508, 0.009511332921797823, 0.015052346075710335, 0.0223275118273936, -0.02705417451384981, -0.060617918331768765, 0.01602649785678987, 6.852783607868833e-05, 0.010720563014522911, 0.013526441053514358, 0.023361397947014174, -0.030052433575945534, -0.06558335777482222, 0.01733002097649092, -0.0021424590649909018, 0.011886552088749672, 0.012173086967148385, 0.024360801009172116, -0.03320757428206368, -0.07028541693869819, 0.0190490774632436, -0.0041801246834171175, 0.013070047038600784, 0.010962464272634486, 0.02536857007632606, -0.03627088048202226, -0.07463106526934923, 0.02096418519238686, -0.006029083347721206, 0.014123939532293744, 0.009868672421025643, 0.026384996458506213, -0.0392046230288743, -0.07857857538071136, 0.022924775371080154, -0.007681896715639032, 0.01495274083374704, 0.008872113311781334, 0.027414193437666587, -0.04198473973030503, -0.08212853743431903, 0.02483735262014134, -0.009138077706712586, 0.015505243916338469, 0.007958293816279676, 0.028465169117415912, -0.044601640823810594, -0.08531289483677597, 0.026652885612782864, -0.010402475484423473, 0.015765971371049667, 0.007116401707204027, 0.029549127415931388, -0.04705501700805223, -0.08818288804764404, 0.028354111771706488, -0.011483546304634832, 0.0157464429366759, 0.006337996960551373, 0.03067486405300447, -0.049345691247453305]","[-0.24756025836684323, -0.5595943543667534, -0.29305348768147554, -0.5609754151421409, -0.3196856871508328, -0.5552503819611717, -0.33261528472909996, -0.545130957869491, -0.3362929227238781, -0.5329182161973892, -0.33443782683962764, -0.5205165858956291, -0.3300541321364735, -0.5094514243440444, -0.32592653172823804, -0.5015710808427061, -0.32333648155929606, -0.49723958574834815, -0.322381741727839, -0.49574502608058196]","[0.06016452332453681, -0.005929658964427986, 0.006626337237149116, 0.06152653169314293, -0.004356938932973176, 0.0053250275230158906, 0.06300657568381951, -0.0022491084568221353, 0.0040481981439679515, 0.0647122387610225, 0.00045027767125738194, 0.0027969971809387317, 0.06657294626933963, 0.003551014998937063, 0.0015781286149687546, 0.06849827188851287, 0.006780059099979585, 0.0004035364660204266, 0.07052136499358985, 0.010090835867094583, -0.0007137863437192138, 0.07267331747855521, 0.013440958910329925, -0.0017634617681254738, 0.07498507500983298, 0.01679367563943268, -0.0027382662758510534, 0.07748393003078202, 0.02011679254591714, -0.003634164427159803, 0.08018650543009365, 0.02337961137363287, -0.004449991067264847]","[0.05779115855693817, -0.004008494317531586, 0.012989401817321777, 0.021413013339042664, -0.004593223333358765, 0.0034301280975341797, -0.202587890625, -0.2890869140625, 0.057841747999191284, -0.004185423254966736, 0.012991219758987427, 0.02143840491771698, -0.004567377269268036, 0.0034351348876953125, -0.1992919921875, -0.2890869140625, 0.0578916072845459, -0.004284299910068512, 0.012972980737686157, 0.021431326866149902, -0.004418022930622101, 0.003445163369178772, -0.1970947265625, -0.2890869140625, 0.05796311795711517, -0.0043458640575408936, 0.01290065050125122, 0.02141837775707245, -0.004258409142494202, 0.0034399181604385376, -0.1948974609375, -0.2890869140625, 0.05797433853149414, -0.0043797567486763, 0.01282384991645813, 0.021404199302196503, -0.004151985049247742, 0.00344260036945343, -0.1916015625, -0.2890869140625]",0.009661774
"[2.426107883453369, 2.446107883453369, 2.466107883453369, 2.486107883453369, 2.506107883453369, 2.5261078834533692, 2.5461078834533692, 2.5661078834533693, 2.5861078834533693, 2.6061078834533693, 2.6261078834533693]","[-0.04434943651413174, 0.015031864730951758, 0.007100304003972214, 0.0068896587507533925, 0.019019487967622234, 0.01992322599896027, -0.022597738219048792, -0.050100968986290954, 0.015394988851544255, 0.004626542903550882, 0.008289417890058692, 0.017097982232729937, 0.021020379384621063, -0.02481482042892723, -0.05552878131796861, 0.016020126889148903, 0.0022215328793939995, 0.009578934997042281, 0.015384099004844356, 0.02202587297786909, -0.027504543028667894, -0.060669810854590334, 0.01703981166397923, -7.258864181255433e-05, 0.010811516643239419, 0.013872222411257499, 0.022943948356160704, -0.030545935232838273, -0.06551920817592388, 0.018504899478391703, -0.002208330078454387, 0.01201623701307413, 0.012541212637080398, 0.023811385638965385, -0.03374613307841627, -0.07008013510219066, 0.020421630265835107, -0.0041509491037575955, 0.013248699124002504, 0.011358075996188932, 0.024676615528842205, -0.03685525410118898, -0.07427108897500592, 0.022554996649986718, -0.005895311304073173, 0.014356608777293205, 0.010294511889017664, 0.025543699414602113, -0.03983530050298099, -0.07805866775019396, 0.024742825304644944, -0.007441859790125251, 0.015240412747363334, 0.009329220295572403, 0.026419601156497222, -0.04266188496020088, -0.0814491852615923, 0.02688332041458462, -0.0087959424029499, 0.015845843113966508, 0.008446578192244775, 0.027315468503197823, -0.04532511294116307, -0.08447827176979494, 0.028921887216265357, -0.009966519643853982, 0.016155250771087624, 0.007635099583583006, 0.028244108807064214, -0.047824441328088066, -0.08719931522382778, 0.030837893651099967, -0.010964735328809278, 0.016178756980534944, 0.0068860125484489845, 0.02921558653351433, -0.050160489804970856]","[-0.2597714047494841, -0.5515010230974727, -0.3087163898904981, -0.5496564738488627, -0.33782147496151527, -0.5416749745639247, -0.3524469601311867, -0.5300435121230782, -0.35721821128178693, -0.5168720021778792, -0.35600869587260153, -0.503904308639314, -0.35196012584374264, -0.4925331460638987, -0.34797487521899384, -0.4845095172993363, -0.3454308654815376, -0.4801244147290935, -0.34448516408543206, -0.47861674144034966]","[0.060175137145312085, -0.004817574640097355, 0.006570901353241787, 0.061440579427888165, -0.0032565543508349393, 0.005259063496354521, 0.06290169161119297, -0.0010306873023746554, 0.003974351541217835, 0.06454830850273563, 0.0017807813870600597, 0.0027149305710918448, 0.06634800800196594, 0.004998851135238791, 0.0014896576825442764, 0.06820964670501328, 0.008349116032302817, 0.0003089588260869469, 0.07016557273092228, 0.01178589302042532, -0.0008144599246979745, 0.07224604469613216, 0.015267915467967352, -0.0018702483252739377, 0.07448124294511427, 0.01875956773084475, -0.002851092413328704, 0.0768978299081795, 0.02222969272152353, -0.0037528417514440804, 0.07951198782616009, 0.02564836391369507, -0.004574252319248018]","[0.05765029788017273, -0.0026152729988098145, 0.013016194105148315, 0.021266363561153412, -0.004332728683948517, 0.003403693437576294, -0.211376953125, -0.2890869140625, 0.05775170028209686, -0.0037751421332359314, 0.013005256652832031, 0.021372996270656586, -0.004493802785873413, 0.003422170877456665, -0.2102783203125, -0.2890869140625, 0.05769829452037811, -0.003242902457714081, 0.013091981410980225, 0.021327286958694458, -0.004387274384498596, 0.0034244507551193237, -0.2102783203125, -0.2890869140625, 0.05779115855693817, -0.004008494317531586, 0.012989401817321777, 0.021413013339042664, -0.004593223333358765, 0.0034301280975341797, -0.202587890625, -0.2890869140625, 0.057841747999191284, -0.004185423254966736, 0.012991219758987427, 0.02143840491771698, -0.004567377269268036, 0.0034351348876953125, -0.1992919921875, -0.2890869140625]",0.010768229
"[2.4958291053771973, 2.5158291053771973, 2.5358291053771973, 2.5558291053771973, 2.5758291053771973, 2.5958291053771974, 2.6158291053771974, 2.6358291053771974, 2.6558291053771974, 2.6758291053771974, 2.6958291053771974]","[-0.04453896786165792, 0.01620735678754008, 0.007116583602353488, 0.007026939631086919, 0.019523938980573776, 0.019884396029162706, -0.023051681819496676, -0.05029873199815449, 0.016644093942659182, 0.004668578133634025, 0.008442718748264924, 0.01760454135706363, 0.020884427026865104, -0.025479083536028492, -0.055742773043284614, 0.01747191673042605, 0.0023083922953714957, 0.009814449441157502, 0.0159058862815663, 0.021754586184652182, -0.02835067807972621, -0.06086949406214077, 0.01876794740962936, 8.356645155932564e-05, 0.011160443043577915, 0.014415384502284627, 0.022510090755848592, -0.03152350283612872, -0.06568209351738236, 0.020556999576365947, -0.001972500556446604, 0.012517374656889747, 0.01310603890580962, 0.023190140858632982, -0.03476780891606528, -0.07012296434525056, 0.02275162698784234, -0.0038156979077344686, 0.013851341263625408, 0.011943824763655651, 0.02385636979860721, -0.0379025066021003, -0.0741375853370071, 0.025117556465612995, -0.005453086006796196, 0.015016605086188527, 0.01089953109127107, 0.02451897218443906, -0.040892417833549424, -0.07771392543844119, 0.02749609159364796, -0.006894417286585798, 0.01592084702760365, 0.009951515447149568, 0.025189299056574452, -0.04371574513640565, -0.08087467097721279, 0.029791022722902686, -0.008151835591905994, 0.016517349364736315, 0.009084293523458443, 0.025881344519704856, -0.046365349179860765, -0.08366744599478194, 0.0319546487847331, -0.009238973781531492, 0.016795937586390763, 0.008286837214095915, 0.026609668729676902, -0.048843331713285795, -0.08615390386996305, 0.03397365775651619, -0.010169929454271644, 0.016773767823065104, 0.007550965789812182, 0.027385561346618088, -0.05115234246890235]","[-0.2921612059785731, -0.5490814658384329, -0.3379109733795681, -0.5407765656828527, -0.3638344150891888, -0.5280185892464682, -0.3754758995980145, -0.5129904132645113, -0.377597968219311, -0.49751414420400336, -0.37416995459779334, -0.4830736543835654, -0.36838918941171, -0.47083163890556784, -0.36326962237711324, -0.4623549686187439, -0.360135825402473, -0.4577745459412058, -0.35899427136344436, -0.45621014960000583]","[0.060543056709535636, -0.0038169830890297796, 0.006590731717017739, 0.06187919386897556, -0.0020560944340575205, 0.005249245304592254, 0.06336134020793471, 0.00037967371053415633, 0.0039304664082040475, 0.06498033366437017, 0.0033861556596090914, 0.0026382533011020115, 0.06666415213953902, 0.006744452551819435, 0.001382979879418933, 0.06839956319075491, 0.010236214293632528, 0.00017993689436801574, 0.07022072416356284, 0.013816122348655924, -0.0009587906472834362, 0.07215850822401226, 0.017443680247978044, -0.0020236163038855892, 0.07424285722501023, 0.021084781806311348, -0.003008123690554587, 0.07649953466920123, 0.02471009984876904, -0.003909168805610541, 0.07894332515739033, 0.028291105638635017, -0.004726606391007859]","[0.05744995176792145, -0.0008376613259315491, 0.013201117515563965, 0.02105581760406494, -0.0040120333433151245, 0.0034052878618240356, -0.2234619140625, -0.2890869140625, 0.057454243302345276, -0.0010374858975410461, 0.013143002986907959, 0.02108559012413025, -0.003937192261219025, 0.0034047365188598633, -0.2212646484375, -0.2890869140625, 0.05747400224208832, -0.0012492761015892029, 0.013073056936264038, 0.02112916111946106, -0.003848537802696228, 0.0034028291702270508, -0.21796875, -0.2890869140625, 0.05751541256904602, -0.0015120580792427063, 0.013059616088867188, 0.02114955335855484, -0.003871351480484009, 0.003414660692214966, -0.2168701171875, -0.2890869140625, 0.05755509436130524, -0.0018509253859519958, 0.013063490390777588, 0.021164514124393463, -0.0040175095200538635, 0.0034063756465911865, -0.2146728515625, -0.2890869140625]",0.004830902999999999
"[2.558688163757324, 2.5786881637573242, 2.5986881637573243, 2.6186881637573243, 2.6386881637573243, 2.6586881637573243, 2.6786881637573243, 2.6986881637573243, 2.7186881637573244, 2.7386881637573244, 2.7586881637573244]","[-0.04480912911587219, 0.017790334425371434, 0.007566389824901011, 0.007975688028313471, 0.019974130309823493, 0.019776482654826157, -0.023498877702867828, -0.050657936615536844, 0.01837804424027352, 0.005134772798311449, 0.009484940335104785, 0.018060872710439914, 0.02071525413007449, -0.026247441757673965, -0.056183802761234976, 0.01942536882266551, 0.0028055675165948694, 0.010966213019210563, 0.016372157189472946, 0.021488691479350855, -0.029387968630862855, -0.06138529877013257, 0.020984021553111992, 0.000606298152117263, 0.012447815886101584, 0.014891367463439662, 0.02208546137319604, -0.03272903081264331, -0.06619815544030347, 0.02298460319881454, -0.0014308864324469631, 0.013879859479150464, 0.013594041498297986, 0.022536141990993047, -0.036099361707271155, -0.07051940294577749, 0.025360369377861576, -0.003222708464568588, 0.015221596620413055, 0.01244638861998653, 0.022956216839057093, -0.03932219487349202, -0.07433203424171951, 0.027870839828588123, -0.004795099027945052, 0.01633568927420488, 0.011417020030673235, 0.02336600731875182, -0.042364760281481284, -0.07765373469329998, 0.030356325421741364, -0.006171661664766437, 0.017139667186139643, 0.010483128745124488, 0.02378463391517814, -0.04520801928148935, -0.08053012609518853, 0.032723812306603234, -0.0073738931990967585, 0.017597595227925335, 0.009628913744409842, 0.024231694645620607, -0.04784841417599342, -0.08302597048274316, 0.03493168832124481, -0.008420955043646317, 0.01771038189500599, 0.008843609424944256, 0.02472562802244977, -0.0502920131802808, -0.08521519240612829, 0.036974182429098, -0.009329382254258828, 0.01750595916124519, 0.008119574429406532, 0.025280471868420036, -0.05254497581847382]","[-0.3196983585647912, -0.5526532615882918, -0.36258093284712034, -0.535082455093745, -0.3852114406420438, -0.5154946529005322, -0.3934720142845885, -0.49561454663676124, -0.3923963609665644, -0.476841381841497, -0.3861588648147375, -0.46028298488242203, -0.37810004754637166, -0.4467741775813993, -0.371448233644606, -0.4376278444799653, -0.3675040877494253, -0.43275389641961787, -0.36609070858419746, -0.43110286276396487]","[0.06086314982329688, -0.0037909385641672344, 0.006681127568878509, 0.06233512284708853, -0.0018021259462615014, 0.005293506989471286, 0.0639134610999964, 0.0008720995715592039, 0.003922496320479141, 0.06550873271233426, 0.004100212682737414, 0.0025748317475051685, 0.06708594480037144, 0.007731962794950142, 0.0012681154157223595, 0.06869922854027888, 0.011509444517955991, 2.6943718407945738e-05, 0.07038267885458438, 0.015382721163496704, -0.0011375991463267177, 0.07216695102246162, 0.019307554212576683, -0.0022168543884690806, 0.07408207840955439, 0.023247123352705845, -0.0032054907768839236, 0.07615430280768809, 0.027169839555695408, -0.004101716163081637, 0.07839915238516437, 0.031044351263743497, -0.00490703747667709]","[0.057633161544799805, 0.0003018230199813843, 0.01340290904045105, 0.02117636799812317, -0.004057079553604126, 0.003577888011932373, -0.2366455078125, -0.2890869140625, 0.05759185552597046, 0.00018168985843658447, 0.013368189334869385, 0.02116709202528, -0.004029460251331329, 0.0035790354013442993, -0.2344482421875, -0.2890869140625, 0.05755649507045746, 3.240257501602173e-05, 0.013334512710571289, 0.02115468680858612, -0.003979392349720001, 0.003588557243347168, -0.23115234375, -0.2890869140625, 0.05750073492527008, -0.00014573335647583008, 0.013286560773849487, 0.021070614457130432, -0.0038131996989250183, 0.0034059733152389526, -0.23005352020263672, -0.2890869140625, 0.05745793879032135, -0.000355742871761322, 0.013227850198745728, 0.021052181720733643, -0.0038986727595329285, 0.00340212881565094, -0.22785625457763672, -0.2890869140625]",0.011016779
"[2.5959768295288086, 2.6159768295288086, 2.6359768295288086, 2.6559768295288086, 2.6759768295288087, 2.6959768295288087, 2.7159768295288087, 2.7359768295288087, 2.7559768295288087, 2.7759768295288088, 2.7959768295288088]","[-0.04505259609051902, 0.01924344468116141, 0.007921308417424264, 0.008931411286841546, 0.02034778255130935, 0.01916579258572202, -0.02447655086652885, -0.050937801660496176, 0.01992241623209176, 0.005443235911524854, 0.010438030238298028, 0.018421812343719764, 0.020084775361630336, -0.02726627094257569, -0.05649115845572382, 0.021029601841869958, 0.003056678565560265, 0.011925866990244059, 0.016709644648097915, 0.02083124886233754, -0.03032501151139996, -0.06165551114223758, 0.022524364128741613, 0.0007867736521779598, 0.013327448346691096, 0.01520251353617716, 0.021373638701218826, -0.03357880246290642, -0.06633104687427299, 0.024360813895043746, -0.0012990862502238493, 0.014566525830755623, 0.013882655348614168, 0.02177482546335856, -0.03691658846699741, -0.07050948871071977, 0.026583505755696932, -0.0031333418465581274, 0.015714339584048376, 0.012715391480897478, 0.022157891009243015, -0.04008634906247125, -0.07418149022139131, 0.028949292804429757, -0.004744978572549815, 0.016638267635629696, 0.01166847803274591, 0.022543682114161342, -0.043056240438386684, -0.07736923352770199, 0.03129685091985503, -0.0061590764335040646, 0.017259997855375048, 0.010718550390621443, 0.02295100324187833, -0.045808464507699584, -0.08012050568061771, 0.03353230696851342, -0.0073974572595863885, 0.017547213567264904, 0.009849466517643863, 0.023398488646678244, -0.048340983945685714, -0.0825006282251807, 0.03561369532133839, -0.008478851400124499, 0.01750388454102377, 0.00905026626934997, 0.02390321253319129, -0.05066168688006421, -0.08458308281672383, 0.03753515976744555, -0.009418933404077628, 0.01716042054792328, 0.00831319905068148, 0.024477714794854534, -0.052778865921099025]","[-0.3127051370177212, -0.5462091219030006, -0.3554488014585445, -0.5273583028467665, -0.37787692529279804, -0.507131450979668, -0.3859155818615456, -0.4870297850214241, -0.38463240442978874, -0.4682838055850911, -0.3782187081075551, -0.45187524638069354, -0.3700222620778775, -0.4385486122792232, -0.36327702491503827, -0.4295457664085311, -0.3592827137800927, -0.42475367663216324, -0.3578526263518139, -0.42313128837179526]","[0.060930884464362234, -0.0031779340214970198, 0.00665165469468576, 0.062383408850543165, -0.001031049888833735, 0.005227235347786685, 0.06384556055470003, 0.0017074640621075332, 0.0038284772455092764, 0.06530090914325948, 0.0050288648192631236, 0.0024624351800723865, 0.06681325388592518, 0.008816236028426072, 0.001151009413277393, 0.06836624501970745, 0.012731292420521179, -8.717723682627465e-05, 0.06999166827430325, 0.016719286601561745, -0.0012423803192014304, 0.07171805542829623, 0.02073248058751931, -0.0023071782046906186, 0.07357351679806445, 0.02473155744844835, -0.0032775228702122128, 0.07558266963013271, 0.028683231041326973, -0.004152998182486378, 0.07775986203363228, 0.03255510439947873, -0.0049365613324861]","[0.05791798233985901, 0.0006743296980857849, 0.013729751110076904, 0.021301478147506714, -0.004249975085258484, 0.00357992947101593, -0.2476318359375, -0.2890869140625, 0.05784887075424194, 0.0005509182810783386, 0.013644784688949585, 0.021262124180793762, -0.004156976938247681, 0.00358445942401886, -0.2454345703125, -0.2890869140625, 0.05776043236255646, 0.0005101487040519714, 0.013538956642150879, 0.021205663681030273, -0.0040922611951828, 0.003578290343284607, -0.2432373046875, -0.2890869140625, 0.05769596993923187, 0.00040902942419052124, 0.013467341661453247, 0.02119014412164688, -0.004065155982971191, 0.0035803020000457764, -0.23994140625, -0.2890869140625, 0.057633161544799805, 0.0003018230199813843, 0.01340290904045105, 0.02117636799812317, -0.004057079553604126, 0.003577888011932373, -0.2366455078125, -0.2890869140625]",0.009424512999999999
"[2.6255123615264893, 2.6455123615264893, 2.6655123615264893, 2.6855123615264893, 2.7055123615264893, 2.7255123615264893, 2.7455123615264894, 2.7655123615264894, 2.7855123615264894, 2.8055123615264894, 2.8255123615264894]","[-0.04526776003326481, 0.020555735358161274, 0.008158320395177485, 0.009800139197363807, 0.020669367311031733, 0.01892824544544023, -0.024871088465758646, -0.051267198251882945, 0.021510922678144855, 0.005687032306015885, 0.011505171765635773, 0.018763634639573264, 0.01976096676916283, -0.027910809796345346, -0.0568951845377939, 0.022852357165813873, 0.0032970538154445694, 0.0131241669346569, 0.017076079578150785, 0.020372985155415364, -0.031237504207648644, -0.06205052301535895, 0.024550872141024253, 0.0010497449431209809, 0.014575297201058912, 0.015595094614220385, 0.020781619479916802, -0.034751061010060175, -0.06672043786666881, 0.026660341096837147, -0.0010004391413591506, 0.015921261952381412, 0.014292390472023011, 0.021074226438268007, -0.03818711531706126, -0.07082537079362936, 0.02904314523642523, -0.0028016523691150905, 0.017082069206191035, 0.013132769041135422, 0.021351024470960447, -0.04141674465901039, -0.07437574794242047, 0.03147457987736328, -0.004386955610243245, 0.017940994501211765, 0.012085762876591067, 0.021635689633902624, -0.04441044604560484, -0.07740990253289157, 0.0338119184736865, -0.005783750038035362, 0.018435890609030746, 0.011129833837431165, 0.02194897278146072, -0.04715308443361503, -0.07998858822062566, 0.03597963737242229, -0.007014721983783959, 0.018550423780313886, 0.010250718419724747, 0.022310417789460586, -0.04964625631349752, -0.08218726748892587, 0.037953187991406886, -0.00809835370739352, 0.018303800398193657, 0.009439261280635033, 0.02273726629738685, -0.05190200511481827, -0.0840870532388111, 0.03974238498616389, -0.009049294732245599, 0.017740418440349584, 0.00868926713869993, 0.023241989105566022, -0.0539323442565038]","[-0.34707804106435736, -0.5458577437093475, -0.3810458501039041, -0.5228853202379675, -0.3956981042123876, -0.4995591396829324, -0.3970656300749723, -0.4771977327542175, -0.390253897480203, -0.4568646739878836, -0.3794485682668616, -0.4393954536776489, -0.3679545479833255, -0.42540780392006367, -0.35910134391381227, -0.4160348302397576, -0.3540309297643128, -0.4110686316387283, -0.3522482345699934, -0.40939086492590193]","[0.06084254660320554, -0.0030152676482813057, 0.006674757910791751, 0.06230909244854288, -0.0006816124451862748, 0.005205389210162892, 0.06377397139929675, 0.0023389266085405147, 0.003755450634087776, 0.06527294833814046, 0.005987073796638764, 0.0023436329936945555, 0.0667463456519084, 0.00996701737030481, 0.0009940220466306826, 0.06825935089163837, 0.014072042773153548, -0.00027089229775789647, 0.06984311505856888, 0.018244181189634556, -0.0014412440630726664, 0.0715250294025005, 0.02243278981763286, -0.0025099980405931532, 0.07333191476698031, 0.026596771555541743, -0.0034740377858053506, 0.07528703414525251, 0.03070180007133283, -0.00433437418827376, 0.07740322307302305, 0.0347141141487719, -0.00509581068636189]","[0.057980671525001526, 0.0012729018926620483, 0.014103144407272339, 0.021291188895702362, -0.004488788545131683, 0.00350266695022583, -0.26630859375, -0.2890869140625, 0.057987794280052185, 0.0011652261018753052, 0.014018923044204712, 0.021352268755435944, -0.004386551678180695, 0.0035782605409622192, -0.264111328125, -0.290185546875, 0.057997360825538635, 0.0010945647954940796, 0.013923436403274536, 0.02135634422302246, -0.004274740815162659, 0.0035797953605651855, -0.2608154296875, -0.2890869140625, 0.05798840522766113, 0.000995151698589325, 0.013837814331054688, 0.021334178745746613, -0.00423121452331543, 0.0035824328660964966, -0.25751953125, -0.2890869140625, 0.05798475444316864, 0.0008764117956161499, 0.013794094324111938, 0.021315746009349823, -0.004253260791301727, 0.0035752207040786743, -0.2542236328125, -0.2890869140625]",0.008617525000000001
"[2.715773820877075, 2.735773820877075, 2.7557738208770752, 2.7757738208770752, 2.7957738208770753, 2.8157738208770753, 2.8357738208770753, 2.8557738208770753, 2.8757738208770753, 2.8957738208770754, 2.9157738208770754]","[-0.045660363120697295, 0.023081631776888455, 0.007940649841095888, 0.01057449606375391, 0.021471853658163897, 0.017862009354951254, -0.026574856741171805, -0.051615182485280756, 0.02398742801289163, 0.0053930477371735, 0.012168933001534618, 0.01951748434806347, 0.01870911180470096, -0.029397781488831747, -0.057069524681154254, 0.02516816870464157, 0.0029689868504400403, 0.013588789622407718, 0.017780032876827702, 0.019326901117245977, -0.032482661086185916, -0.062014347504790755, 0.026715682100162726, 0.0007171306359812689, 0.014876643518284948, 0.016249923314989187, 0.019735310185992682, -0.03568287655239054, -0.0663705350544922, 0.028521242514491785, -0.0013244236497305401, 0.01591126882981043, 0.014909893520770346, 0.019985192246724792, -0.03895061392329566, -0.07017462335207744, 0.03068611516735028, -0.003091421562652294, 0.016818982231913644, 0.01372462296314838, 0.0202183474510099, -0.042006639486111566, -0.07344291990121152, 0.03296966285563597, -0.00462412794871604, 0.017480563030117486, 0.012660847587455414, 0.020459263185987713, -0.04482325902219815, -0.07621639863117688, 0.035214787984552506, -0.005955558875739059, 0.017830258804644603, 0.011694706113055463, 0.020728871719454926, -0.04738700076203535, -0.07855607023589548, 0.03733282685270302, -0.007112798460670604, 0.0178471857642725, 0.010809945094383034, 0.02104672658175768, -0.049700520059037565, -0.08053603720592435, 0.03928730501403235, -0.00811777712199203, 0.01754534832866829, 0.009995723960957447, 0.021430007231829577, -0.05177660122929288, -0.08223511199272372, 0.041077514308581795, -0.008987851041442571, 0.01696358591944051, 0.009244499582378413, 0.02189096674582953, -0.05362836416684656]","[-0.3259522660095484, -0.5278543493762992, -0.3652566654799805, -0.5032515135703439, -0.3845659854735182, -0.47901595233881056, -0.38991073342885985, -0.45623429515767977, -0.3864137586714965, -0.4357894933057146, -0.3782780322273015, -0.4183760482938716, -0.3688265446965007, -0.4045056240448154, -0.3613003244537254, -0.39524667418753, -0.35691638901518186, -0.39035590994019176, -0.3553605529279909, -0.3887077196388759]","[0.06055016390887458, -0.00015210380704067106, 0.006451567178771267, 0.061873344825447596, 0.002216649473797183, 0.004971822871379761, 0.06320876915381579, 0.005240110359758798, 0.003533734792160903, 0.06452375319612857, 0.008787482657506285, 0.0021494071940946213, 0.06590944918173147, 0.012811490997808317, 0.000837397162438247, 0.06733413962287993, 0.016928552413915554, -0.00038725869816769176, 0.06882535420834635, 0.021079895307686947, -0.0015171239949589577, 0.07040740936053558, 0.025215516646496905, -0.002547149093607981, 0.07210452532405709, 0.02929529664298869, -0.003475854769558584, 0.07393792763742035, 0.03328606919569044, -0.004305578143393163, 0.07591920590213386, 0.037155916427692226, -0.005042135071641862]","[0.057568714022636414, 0.003528706729412079, 0.014303833246231079, 0.02108975499868393, -0.004106827080249786, 0.0034890025854110718, -0.2871824264526367, -0.290185546875, 0.057644784450531006, 0.003232508897781372, 0.01428675651550293, 0.021112829446792603, -0.004210807383060455, 0.0034836679697036743, -0.2860837936401367, -0.2890869140625, 0.05772863328456879, 0.0029642432928085327, 0.014283984899520874, 0.021135233342647552, -0.004257999360561371, 0.0034904927015304565, -0.28388671875, -0.290185546875, 0.057848960161209106, 0.002662286162376404, 0.014149665832519531, 0.02117905020713806, -0.004263423383235931, 0.0034934431314468384, -0.2827880859375, -0.290185546875, 0.05793046951293945, 0.0024144351482391357, 0.014052659273147583, 0.021226100623607635, -0.004278793931007385, 0.003493383526802063, -0.2805908203125, -0.2890869140625]",0.020560859
"[2.8156747817993164, 2.8356747817993164, 2.8556747817993164, 2.8756747817993165, 2.8956747817993165, 2.9156747817993165, 2.9356747817993165, 2.9556747817993165, 2.9756747817993165, 2.9956747817993166, 3.0156747817993166]","[-0.04616578019932399, 0.026224807425213697, 0.008093825841742015, 0.011684831575661732, 0.022755787219460574, 0.01760745865271307, -0.027909491088524526, -0.05202354768515994, 0.027334686084411454, 0.005669927828427719, 0.01330430134968887, 0.020796249862774962, 0.01815681213627303, -0.031088553485549182, -0.05734458627614828, 0.028886664732694297, 0.003404152490356736, 0.014814075352748726, 0.01907385682098476, 0.018404181461044805, -0.034450214005025466, -0.062034264404941655, 0.030781341301392595, 0.001335522741193773, 0.016094484834132828, 0.017570253830554224, 0.018394345183411043, -0.037906939761306324, -0.06611411313388331, 0.03312213262313765, -0.0004697772563156555, 0.01727853927397804, 0.016246706412479425, 0.018284736719335518, -0.0411273081675356, -0.06953021133420877, 0.035631687508330095, -0.00201449606554983, 0.018199586790358244, 0.015064168179605274, 0.018156651318320758, -0.04408073496930747, -0.07234380296320062, 0.03810300841281745, -0.0033523873053804, 0.018769031670845357, 0.013991917127109678, 0.01804287758437989, -0.04674746408624354, -0.07462975025190705, 0.04041132943532423, -0.004524901321347947, 0.018949609247042913, 0.013008821475870038, 0.01797004451854303, -0.04912136128301401, -0.07647333701194446, 0.04249862027150228, -0.00556320189782006, 0.01874638160660745, 0.012101531498315941, 0.017960589943010887, -0.05121271830345002, -0.07796487485672579, 0.04435657221280929, -0.006489814530398883, 0.018196279984708977, 0.011262083201256259, 0.018032622970104897, -0.05304186256686947, -0.0791929600876472, 0.04600922997981653, -0.007320100245658525, 0.017357712655276573, 0.010485492631322917, 0.018198769076822375, -0.054628390897665025]","[-0.3872924683047927, -0.5053646691208874, -0.41182223068052604, -0.47235564489097664, -0.4184890038715686, -0.44242477573696865, -0.4133205919251819, -0.41605760317326146, -0.4013517434297633, -0.39359176076150804, -0.38665496076244327, -0.3752420541460554, -0.37238859488782894, -0.36110802896834615, -0.3618325723633915, -0.35186947110475264, -0.3559188710519867, -0.3470535475367379, -0.3538652756533138, -0.3454424711523362]","[0.06100467326106662, 0.0017846229930764679, 0.006561409158459597, 0.06240145152935017, 0.0045713576512174114, 0.005010193385377892, 0.06370821698401452, 0.008028436659584415, 0.0035006561214783183, 0.06498240278185541, 0.012093854520211611, 0.002056192287198666, 0.06616269627600169, 0.016336659260000275, 0.0007019155800058741, 0.06735074585168832, 0.02065623185538179, -0.0005451836853604952, 0.06857385413584827, 0.024994983464822873, -0.001679407047581627, 0.06985536888794375, 0.029303985295965784, -0.002698202995150112, 0.07121819956095432, 0.03354504693357674, -0.0036031721588796195, 0.07268234577476318, 0.037687140468138036, -0.004400098966268473, 0.07425871592764166, 0.04169916090812853, -0.005098446091694964]","[0.057100728154182434, 0.005196884274482727, 0.014310657978057861, 0.020802579820156097, -0.003236129879951477, 0.0037474781274795532, -0.290478515625, -0.2890869140625, 0.05714048445224762, 0.005130857229232788, 0.01431611180305481, 0.020821459591388702, -0.0032755061984062195, 0.0037488341331481934, -0.290478515625, -0.290185546875, 0.05718909204006195, 0.005023486912250519, 0.014327168464660645, 0.020847029983997345, -0.0033441856503486633, 0.00375191867351532, -0.290478515625, -0.290185546875, 0.05723996460437775, 0.0048642754554748535, 0.014326542615890503, 0.020884357392787933, -0.0034019947052001953, 0.00374622642993927, -0.2893796920776367, -0.2890869140625, 0.05729775130748749, 0.004670664668083191, 0.014316290616989136, 0.02093484252691269, -0.003615446388721466, 0.0035415291786193848, -0.2893796920776367, -0.2890869140625]",0.016281192
"[2.8955390453338623, 2.9155390453338623, 2.9355390453338623, 2.9555390453338624, 2.9755390453338624, 2.9955390453338624, 3.0155390453338624, 3.0355390453338624, 3.0555390453338624, 3.0755390453338625, 3.0955390453338625]","[-0.04674200355271322, 0.029507326340411897, 0.008759268926828748, 0.013439731420758239, 0.023913156930164537, 0.016943216282678128, -0.02927776868659175, -0.052471815582764265, 0.03079597314053361, 0.00640763525567636, 0.015094218394222645, 0.021928557042166993, 0.017234873476744753, -0.0326143393116079, -0.057564657027957204, 0.03243172469603407, 0.004219155575538714, 0.01651138555677102, 0.020183586887239632, 0.017213132244267258, -0.03612234220058046, -0.06203269892600518, 0.034537463569267034, 0.0022548598476689933, 0.01781760545734521, 0.018647228758427926, 0.016988228148090985, -0.039486590441327685, -0.06581214314485745, 0.036846143336868295, 0.000500462807546222, 0.018834416220508667, 0.017287686401954157, 0.016616309226621065, -0.04267036521789414, -0.06888915621755771, 0.03927760027172468, -0.001001459503237434, 0.01953972378931368, 0.016069200689461893, 0.01624277318339962, -0.04554458855552603, -0.07134918214150864, 0.04162836762983188, -0.0023138467423377235, 0.019858342922892718, 0.014960443457630581, 0.015905568756995704, -0.04809300803793751, -0.07328385066283788, 0.04378001954593584, -0.0034830953053247484, 0.019766180846037092, 0.013940338854934455, 0.015634077161068072, -0.05031330007688384, -0.07478894541318822, 0.04568286720573235, -0.004541792762752536, 0.019280854491359252, 0.012996118633486148, 0.015451123704211103, -0.05222007959736254, -0.07596029287170265, 0.047337945027016215, -0.005511199386435985, 0.0184508271867738, 0.012120704863076565, 0.015373623800122652, -0.05383824281924778, -0.07688834079275503, 0.04877853990481373, -0.006403557310775111, 0.01734463148700228, 0.011310049608849276, 0.015412543845395942, -0.05519179509074851]","[-0.4001879694985685, -0.4853785031868355, -0.42006087268116926, -0.4481109299156004, -0.4223102797646976, -0.41569483996290596, -0.41315093065029995, -0.38813674077454124, -0.39775619232588594, -0.36535987809197223, -0.3802773001394667, -0.34722977375480746, -0.3638984515939673, -0.3335595101227204, -0.35198425673054035, -0.3247461707857702, -0.3453755906149438, -0.32019167371225743, -0.3430940552421399, -0.3186752739981299]","[0.0614148203616125, 0.002880253203683125, 0.006693751535931547, 0.06271207184422312, 0.005960926425283564, 0.005071008067346394, 0.06394260986295164, 0.009778685509649776, 0.003501452583267284, 0.06501427740598231, 0.013966824619302987, 0.0020151332575855108, 0.0659969830291105, 0.018467745812560832, 0.0006335647712676362, 0.06697583805524987, 0.02303223523719833, -0.0006240689249663589, 0.06797653689891647, 0.027597209892597174, -0.0017542963942487333, 0.06902066846049348, 0.03210959306351002, -0.0027570282425424253, 0.07012929211577001, 0.03652841589692235, -0.0036366380191648062, 0.07132076714631308, 0.04082059792892867, -0.004401925221072744, 0.07260506071034412, 0.044952802534256264, -0.005065507469201869]","[0.057043612003326416, 0.004444248974323273, 0.014233767986297607, 0.020772606134414673, -0.0036688148975372314, 0.003527924418449402, -0.290478515625, -0.290185546875, 0.05702477693557739, 0.0046387240290641785, 0.014260649681091309, 0.020774707198143005, -0.003594726324081421, 0.00352555513381958, -0.2893796920776367, -0.290185546875, 0.057017117738723755, 0.004815101623535156, 0.01427072286605835, 0.020771250128746033, -0.0035237744450569153, 0.0035233497619628906, -0.290478515625, -0.2890869140625, 0.05701623857021332, 0.004967950284481049, 0.01427680253982544, 0.020768433809280396, -0.0034615248441696167, 0.0035201162099838257, -0.2893796920776367, -0.2890869140625, 0.057025402784347534, 0.005086645483970642, 0.014288187026977539, 0.02077091485261917, -0.0034128576517105103, 0.003522545099258423, -0.2893796920776367, -0.290185546875]",0.021681034
"[2.975313425064087, 2.995313425064087, 3.015313425064087, 3.035313425064087, 3.055313425064087, 3.075313425064087, 3.095313425064087, 3.115313425064087, 3.135313425064087, 3.155313425064087, 3.175313425064087]","[-0.04724573974091191, 0.03227583665206191, 0.008909410188545129, 0.014741359611192068, 0.024779086430346244, 0.016181405871824442, -0.030637497376010413, -0.052817710589455044, 0.03373293907679709, 0.006642163509752082, 0.016361458172352093, 0.02279914031769631, 0.016331310678528478, -0.034191606586815915, -0.05778308453760734, 0.03567806856202353, 0.004571756444667286, 0.017876803080893514, 0.02104644997174092, 0.01621411416449331, -0.037683607319853644, -0.06206127691309679, 0.03786229972068958, 0.002675849216215168, 0.01910686231581521, 0.01949602660200115, 0.01581918221901059, -0.04106634445583586, -0.06562194199667513, 0.040214704778952816, 0.0009794002564148092, 0.020026616691379163, 0.01811979014925609, 0.015251218228358043, -0.04418116201323907, -0.06840400676370662, 0.04262373571554073, -0.0004536338322132926, 0.0205725016316548, 0.016883087820951454, 0.01468090625274415, -0.046943324713787565, -0.07052365927894984, 0.04489723888051193, -0.0016972759384889177, 0.020687081835431626, 0.015754592295406017, 0.014152006716600532, -0.04934164664855051, -0.07209571590639993, 0.04692855122072459, -0.0028054957293332074, 0.02036274691040948, 0.014713593153767192, 0.013697760640437324, -0.05137878488045533, -0.07323265994725164, 0.04867976361744282, -0.003815454765256886, 0.019632062979836686, 0.01374797492367584, 0.013343089031878547, -0.053074567090845376, -0.07404161781905574, 0.050163091377790264, -0.00475058023995938, 0.01855659893656899, 0.012851452773588373, 0.013105749931658207, -0.054459128018599874, -0.07462003079559973, 0.051421768607204224, -0.005623468335123144, 0.017215925333831268, 0.012020744938538046, 0.012996974554921863, -0.05556132277145069]","[-0.4185333712175446, -0.47203302001054676, -0.43191754637086466, -0.4282981544210833, -0.42853621763646704, -0.3913666610234886, -0.41465543977673336, -0.3608218712727005, -0.39544946963175315, -0.33620580645763326, -0.3750307705633923, -0.3170521669482794, -0.35651289108287143, -0.30289140788245605, -0.3432643971458187, -0.29388680841208903, -0.3359876079918077, -0.289277974252982, -0.3334902329710797, -0.28775283913114924]","[0.06132215256417861, 0.004648275789337131, 0.006633461396201135, 0.06268636811538697, 0.008059756345505598, 0.004968632188997013, 0.06386918794825469, 0.01196654929700447, 0.0033715997893226657, 0.06487088126842455, 0.01636597749760771, 0.0018626945492199454, 0.0657020386976378, 0.021040770689402688, 0.00047029986790692035, 0.06651480730440962, 0.025757544655679254, -0.0007820834772074292, 0.0673334015495628, 0.030450900495603506, -0.0018936681906778219, 0.06817756811584941, 0.035066534471618116, -0.0028672625748962233, 0.06906649148547861, 0.03956323095721581, -0.0037103305035115497, 0.07001688774258696, 0.04390807461896884, -0.004434840559372599, 0.07103755648415744, 0.04806754952335002, -0.00505653980936227]","[0.056996047496795654, 0.0040145739912986755, 0.014202088117599487, 0.020530663430690765, -0.0036641880869865417, 0.0034871846437454224, -0.2893796920776367, -0.290185546875, 0.05705815553665161, 0.0038659051060676575, 0.01421692967414856, 0.02060437947511673, -0.00376814603805542, 0.0035182535648345947, -0.290478515625, -0.290185546875, 0.05710400640964508, 0.0037221759557724, 0.01427730917930603, 0.02065320312976837, -0.0038725361227989197, 0.0035422295331954956, -0.290478515625, -0.290185546875, 0.05712386965751648, 0.003658287227153778, 0.014279335737228394, 0.0206962451338768, -0.003945067524909973, 0.003548726439476013, -0.2893796920776367, -0.290185546875, 0.057129934430122375, 0.003634147346019745, 0.014280527830123901, 0.020721718668937683, -0.003987699747085571, 0.003552943468093872, -0.290478515625, -0.290185546875]",0.021003721
"[3.0752363204956055, 3.0952363204956055, 3.1152363204956055, 3.1352363204956055, 3.1552363204956055, 3.1752363204956056, 3.1952363204956056, 3.2152363204956056, 3.2352363204956056, 3.2552363204956056, 3.2752363204956056]","[-0.047427862099115634, 0.0337708032421484, 0.008261425846388216, 0.014817334190732164, 0.025584185859215923, 0.015817906416307655, -0.031033258031786762, -0.05282950756689555, 0.0355113551644063, 0.006184753232334585, 0.01665826011449352, 0.023581227257502196, 0.01598846634455786, -0.034326683869559844, -0.05754222930341565, 0.037511354413706406, 0.004274707228476917, 0.01823243117046453, 0.021807686168768887, 0.01575442530861392, -0.037685927445453876, -0.061521685169473046, 0.039750506325152354, 0.002547590162648946, 0.019505040290506353, 0.02025168843374424, 0.015137235385150874, -0.040997214221450765, -0.06469266657272532, 0.042153542999121246, 0.0010494416791411608, 0.02039519659884974, 0.018892282616165806, 0.01426760523819453, -0.044174192316506475, -0.06707010231647442, 0.04475610469614284, -0.0001481539221208586, 0.020970472702920694, 0.01768988805138997, 0.01336922288820451, -0.04701405072378094, -0.06878607150603108, 0.047319861170272454, -0.0011410654325517422, 0.021154173813194177, 0.016606686294340665, 0.01249449485615307, -0.0495026299259541, -0.0699661328878517, 0.0497018356305602, -0.002000338486951187, 0.020922614554159537, 0.015617176463433479, 0.011683278227807247, -0.05163992191479888, -0.07072923296857817, 0.05183647737675643, -0.0027759137436370444, 0.020295344681906958, 0.014705857485688206, 0.01096555321862203, -0.053443063580965657, -0.07118557199476877, 0.05371582143589997, -0.003500229218924698, 0.019323790993592615, 0.01386421018215564, 0.010362989316778776, -0.05493953894726857, -0.07143317756653991, 0.055369150927452225, -0.004191696060947521, 0.018079984730860334, 0.013087630538152484, 0.009890031128789277, -0.05615581998722099]","[-0.4179172214197415, -0.4449871994841521, -0.44310040332074047, -0.3959863923671101, -0.448614594863036, -0.35550544777715043, -0.4412120971757815, -0.32273447249961307, -0.42654024649417843, -0.2968657901543802, -0.4091464738767049, -0.2771253347305898, -0.3925342615092902, -0.2627782732104217, -0.3803365027457998, -0.25377594046681484, -0.37353311020502394, -0.24921591426802941, -0.3711762418735499, -0.2477184607429006]","[0.06060750874078891, 0.006742933073272006, 0.006608310207144363, 0.06184328367635206, 0.009800757028313622, 0.00497791322797525, 0.06288073912928083, 0.013538559033211772, 0.003403601092571762, 0.06368835483319968, 0.01787217435104571, 0.00190976028035017, 0.06437538356194239, 0.02265635589588033, 0.0005293664498342565, 0.06503971763431415, 0.02751667140242109, -0.0007163244966879034, 0.06570275656314162, 0.03238784127876748, -0.0018262823923831384, 0.06638152215330195, 0.037216091152247444, -0.0028022126017428484, 0.06709257145505965, 0.04196050298196585, -0.0036500346845862452, 0.06785029403447007, 0.04658808847256868, -0.00438003747198179, 0.06866182108834407, 0.051064889849363304, -0.005006405623223298]","[0.05527305603027344, 0.006639271974563599, 0.01398468017578125, 0.01944480836391449, -0.0017642304301261902, 0.003509536385536194, -0.290478515625, -0.290185546875, 0.05552665889263153, 0.006352253258228302, 0.014027953147888184, 0.019554033875465393, -0.0019858255982398987, 0.0034974366426467896, -0.2893796920776367, -0.290185546875, 0.05575060844421387, 0.006064563989639282, 0.014098048210144043, 0.019760973751544952, -0.002197049558162689, 0.003512144088745117, -0.290478515625, -0.290185546875, 0.055959731340408325, 0.0057846978306770325, 0.014143913984298706, 0.019877247512340546, -0.0024608299136161804, 0.003560781478881836, -0.290478515625, -0.290185546875, 0.05618515610694885, 0.005477540194988251, 0.014127969741821289, 0.020041756331920624, -0.0026573315262794495, 0.003571629524230957, -0.290478515625, -0.290185546875]",0.024863693
"[3.1761627197265625, 3.1961627197265625, 3.2161627197265625, 3.2361627197265626, 3.2561627197265626, 3.2761627197265626, 3.2961627197265626, 3.3161627197265626, 3.3361627197265626, 3.3561627197265627, 3.3761627197265627]","[-0.047485776667025706, 0.033692499026092226, 0.008347318188347157, 0.015176151982972598, 0.02526504364864624, 0.01646711819893613, -0.030353721171359184, -0.052647190659842996, 0.0357956205997554, 0.006544970361895687, 0.017236727378815514, 0.023358300037340986, 0.01620999512716607, -0.033874288950330685, -0.05706386226250898, 0.038242764294806, 0.0049101403767979395, 0.019020191738765176, 0.021703817235402156, 0.015403256573696579, -0.03753663092486965, -0.06064216902346296, 0.04099778298903536, 0.0034850609311567874, 0.020445819339926653, 0.02028691885214442, 0.01414287487299093, -0.041224089372197306, -0.06338042343447765, 0.04411978997116086, 0.0023350234663791053, 0.02158673184439299, 0.01906928470847846, 0.01266360989804348, -0.04466296478472561, -0.06529593241849219, 0.04741957789661915, 0.0014628934463647041, 0.0223654426790106, 0.018001931304449853, 0.011163461572332233, -0.0477472607215504, -0.06654839174552207, 0.050630521888243234, 0.0007507948113950426, 0.022697650429359145, 0.017043710070700803, 0.009705565454415113, -0.050461412705196954, -0.06728152543883649, 0.053594846719502535, 0.00011403582440260131, 0.022557284515134557, 0.016167898871588884, 0.008336558516512948, -0.05280477749936166, -0.06762444716988944, 0.05624344912239665, -0.0005037637369109481, 0.02196590032365777, 0.015359522271559907, 0.007089109793280717, -0.054795013508321076, -0.06769121851655356, 0.05857325445547459, -0.0011357039533492262, 0.020980244283660143, 0.014611789529219132, 0.005984885961841055, -0.05646073153723767, -0.06757926187721, 0.06062375969096505, -0.001796563861591837, 0.01967986228415235, 0.013922379883740349, 0.0050378319584449185, -0.05782908582795831]","[-0.46959912840934914, -0.4054851768616694, -0.49652517227939297, -0.3512462025002794, -0.5013797771609416, -0.30808291814721883, -0.49177008055873145, -0.2744642950896628, -0.47407204229654204, -0.24895416122262737, -0.4534446768650111, -0.2302428637785277, -0.4338817813348086, -0.21715168603122867, -0.4195539672905176, -0.20916218945654283, -0.4115701460574135, -0.20519183686714948, -0.4088043797832154, -0.20390240044586078]","[0.06055381814840799, 0.005439742501498923, 0.006650281145797354, 0.06167547612893953, 0.008662059652158494, 0.005005859825427006, 0.06251731940931549, 0.012768678914176324, 0.0033952734987829913, 0.06313683203535692, 0.017652032786088512, 0.0018585850903587442, 0.06358240774838764, 0.02290988812346617, 0.0004384120615879006, 0.06398905707254499, 0.028291684439178066, -0.0008423211465342639, 0.06437768343353467, 0.033729936035927555, -0.0019803496601031867, 0.06476430367489217, 0.03916846560454168, -0.0029751174082930376, 0.06516392517686731, 0.0445648157680103, -0.003830684361076031, 0.06558936540413396, 0.04988473829414364, -0.004556106490495981, 0.06604699406212367, 0.05509147583744145, -0.005165196975398523]","[0.053291454911231995, 0.008585654199123383, 0.013724088668823242, 0.01833997666835785, -0.0006679743528366089, 0.003112196922302246, -0.290478515625, -0.290185546875, 0.053851932287216187, 0.008098214864730835, 0.013818323612213135, 0.018695726990699768, -0.0009729638695716858, 0.0032000988721847534, -0.290478515625, -0.290185546875, 0.054134950041770935, 0.007819868624210358, 0.013867318630218506, 0.01880023628473282, -0.0012078285217285156, 0.0032086223363876343, -0.2893796920776367, -0.2890869140625, 0.05443151295185089, 0.007524251937866211, 0.013914376497268677, 0.01892843097448349, -0.0012463852763175964, 0.003422468900680542, -0.290478515625, -0.290185546875, 0.05471111834049225, 0.0072297751903533936, 0.013956904411315918, 0.019076041877269745, -0.0014347359538078308, 0.003472954034805298, -0.290478515625, -0.290185546875]",0.024432406
"[3.259077787399292, 3.279077787399292, 3.299077787399292, 3.319077787399292, 3.339077787399292, 3.359077787399292, 3.379077787399292, 3.399077787399292, 3.419077787399292, 3.439077787399292, 3.459077787399292]","[-0.0475221635250993, 0.033734034174761826, 0.008477700722603522, 0.015450741800104629, 0.02517925730275991, 0.016017892008618362, -0.030838917209434196, -0.052418025485626754, 0.0360981988745816, 0.006801584315809161, 0.017509472802925308, 0.023335440862525775, 0.015453940321541472, -0.034371594688154206, -0.056493342080166674, 0.038765957663327674, 0.00530843205648759, 0.019225411453926523, 0.021746142134328517, 0.01433993742521108, -0.03806628263600392, -0.05973127083641876, 0.04183638444971147, 0.004051894594270485, 0.020664051445428606, 0.020387972522790832, 0.012819134221184199, -0.04168090871585957, -0.062135192797711035, 0.045146236224031494, 0.0030104224056228, 0.0217332906854302, 0.01922636292984476, 0.011038663706402253, -0.04510300792255823, -0.06371972641525328, 0.04864128905627628, 0.002236274941589781, 0.022445694750833547, 0.018213705785775147, 0.009258466888313457, -0.04815404804460255, -0.0646589850329946, 0.05204008267432874, 0.0016014554982565717, 0.022715511096703247, 0.017306852814496208, 0.007545595965207388, -0.05082071785332518, -0.06510482492675622, 0.05517631637039723, 0.0010157777308308334, 0.022516507168645977, 0.016478167942846844, 0.005948162563423193, -0.05310470125408168, -0.06518927604771474, 0.05797741283494749, 0.00042121122705829177, 0.021870995222949583, 0.01571262177646237, 0.004497938963357094, -0.055025996503903794, -0.0650253851248758, 0.060440524040659034, -0.0002140609357653634, 0.02083702819254091, 0.015003959608707774, 0.0032142094670852385, -0.05661546085660917, -0.0647070219319258, 0.06260768685067176, -0.0009015202169461409, 0.019495650824999017, 0.01435069200405488, 0.0021083084905435144, -0.057902301379100574]","[-0.48091480297921857, -0.3771930163876216, -0.5093980794751619, -0.3209144731800073, -0.5147270164957191, -0.2771757981047116, -0.5048799836325062, -0.2439688963462317, -0.4865458125584772, -0.219449736308686, -0.4651290586060223, -0.20197251478195866, -0.44480653335861514, -0.190091088163453, -0.429919686843929, -0.18299850469377182, -0.4216242715905974, -0.17952952558398869, -0.4187504724221697, -0.1784137044733785]","[0.06046040631968985, 0.005594840936769874, 0.0065705963447704185, 0.061401715272071944, 0.009090582735287178, 0.004908441623722837, 0.062092284118302365, 0.013513248160392344, 0.0032895039856097874, 0.0625186114023617, 0.018581915698405282, 0.001755998819993998, 0.06275076197633278, 0.024132388353589107, 0.00034156075277280706, 0.0629345818611663, 0.02979650245056442, -0.0009269071661535122, 0.06309076126999336, 0.0355049596310284, -0.002047519030402789, 0.0632349457810586, 0.04120036999470145, -0.0030208966181644037, 0.06338148498388707, 0.046839825216977715, -0.0038521957986050737, 0.06354263083862755, 0.052389086776819305, -0.004551519359605738, 0.063724956547341, 0.0578112561225721, -0.005133732522510925]","[0.05077815055847168, 0.011331893503665924, 0.013266563415527344, 0.015623457729816437, -0.0003623291850090027, 0.006004124879837036, -0.2893796920776367, -0.290185546875, 0.05097532272338867, 0.011046580970287323, 0.013289958238601685, 0.015731915831565857, -0.0005017369985580444, 0.006430953741073608, -0.290478515625, -0.290185546875, 0.05117827653884888, 0.010773546993732452, 0.01331239938735962, 0.015887275338172913, -0.0007448047399520874, 0.006436601281166077, -0.290478515625, -0.290185546875, 0.05137844383716583, 0.010513119399547577, 0.013338804244995117, 0.017193816602230072, 0.0007198527455329895, 0.0029285848140716553, -0.290478515625, -0.290185546875, 0.051587238907814026, 0.010254375636577606, 0.01338157057762146, 0.017312221229076385, 0.000516936182975769, 0.002963647246360779, -0.290478515625, -0.290185546875]",0.022533038
"[3.358854293823242, 3.378854293823242, 3.3988542938232422, 3.4188542938232422, 3.4388542938232423, 3.4588542938232423, 3.4788542938232423, 3.4988542938232423, 3.5188542938232423, 3.5388542938232423, 3.5588542938232424]","[-0.047481245508560165, 0.03382978426141074, 0.00715071086845477, 0.014788985035036686, 0.02536153698450523, 0.015096561877584036, -0.031059869055239886, -0.0520514059385282, 0.03643529224746135, 0.00562210257549726, 0.016862560494947477, 0.023577563745799564, 0.014499109071020956, -0.03453990948685988, -0.055814997755733904, 0.03944733133650927, 0.004334208035691051, 0.018695800234995074, 0.02204238887336042, 0.013378680779568835, -0.03810669124941789, -0.058754559273701185, 0.04275089687583232, 0.0032517091338575463, 0.020189301763523015, 0.020738369295550674, 0.011766545101199774, -0.04167779645850807, -0.06086492286034779, 0.04632586401982938, 0.002397925777491689, 0.02134242938220701, 0.019634656709855876, 0.009853737275457929, -0.04506261170510681, -0.06213724721375481, 0.050114224801989474, 0.001837572099206926, 0.022155136525093568, 0.018682445437846168, 0.007920762437309308, -0.04808596625909117, -0.0627575262442277, 0.053821911395316585, 0.0014309411419552336, 0.022536610149467985, 0.017836540108730467, 0.006037747722222663, -0.05073528697549588, -0.06288635532455433, 0.057272730635544826, 0.0010780914927461293, 0.022455994315241166, 0.017067832870264144, 0.004255254295315329, -0.05301263640853755, -0.06266186204282032, 0.06038659928800083, 0.0007130410505080538, 0.021931455587406078, 0.016360297147354468, 0.0026071792576328207, -0.05493800227428287, -0.06220102543740142, 0.06315523189526819, 0.00029766139721661866, 0.02101741039898185, 0.015707073461999697, 0.0011147324478371105, -0.05654191077749497, -0.06159994024391354, 0.06561699696683893, -0.0001843797642334682, 0.01979180035880028, 0.015106387432767836, -0.00020895020700496884, -0.0578530144851311]","[-0.4968727507473762, -0.3525841108532103, -0.5285959269735421, -0.29270418025821365, -0.5364125515041471, -0.246352559459539, -0.5284179456896128, -0.2113238377652022, -0.5114127706603687, -0.18559365013864398, -0.49090734402559655, -0.1673562084656402, -0.4711768189140229, -0.15502585346803302, -0.4566247342056597, -0.14770547370111747, -0.4484830572636583, -0.14414392676805374, -0.4456554770478758, -0.14300369783728528]","[0.05865793831321042, 0.008294759148069542, 0.0062661876346306045, 0.0595471739308473, 0.011832759008757687, 0.004658467475535666, 0.0601774588772227, 0.01614788955088331, 0.0031011796141031667, 0.060533467019990406, 0.02121800945576169, 0.0016197092040810546, 0.06067094432218756, 0.026776177867636086, 0.00025082273798116006, 0.0607629641271612, 0.0324456101189603, -0.0009800593319262418, 0.06082808762969549, 0.03816278175865051, -0.002070694726370448, 0.06087957126967014, 0.043875375178145326, -0.0030210533538417295, 0.0609293574951576, 0.04954478574145327, -0.0038353291612871487, 0.06098745039190556, 0.05514045058793604, -0.004522382340825359, 0.061058470951393384, 0.060628673594004034, -0.005095630434881926]","[0.04858575761318207, 0.015107512474060059, 0.013036251068115234, 0.015350699424743652, 0.003926388919353485, 0.0027697384357452393, -0.2893796920776367, -0.290185546875, 0.048805296421051025, 0.014740251004695892, 0.013055115938186646, 0.01547502726316452, 0.003725796937942505, 0.0027799010276794434, -0.290478515625, -0.290185546875, 0.04901960492134094, 0.014387570321559906, 0.013080984354019165, 0.0156044140458107, 0.003466598689556122, 0.0027915984392166138, -0.290478515625, -0.2890869140625, 0.04922948777675629, 0.014045588672161102, 0.01310017704963684, 0.015802927315235138, 0.0032287538051605225, 0.0027682632207870483, -0.2893796920776367, -0.290185546875, 0.04943111538887024, 0.013690799474716187, 0.013116598129272461, 0.01593700796365738, 0.002948977053165436, 0.002794325351715088, -0.290478515625, -0.290185546875]",0.032010521
"[3.4753036499023438, 3.4953036499023438, 3.515303649902344, 3.535303649902344, 3.555303649902344, 3.575303649902344, 3.595303649902344, 3.615303649902344, 3.635303649902344, 3.655303649902344, 3.675303649902344]","[-0.04733995764676173, 0.033889383382429944, 0.004780007647545643, 0.014347639610459288, 0.025170522770009196, 0.014668956207465058, -0.03047217095072362, -0.051590945813102626, 0.036951487358714175, 0.0035599926187792627, 0.016687056544974547, 0.023499174461290948, 0.014140604244429734, -0.03402987852882696, -0.05504334369103602, 0.040363235441289155, 0.002577122154715357, 0.01872517597622522, 0.02208222450728509, 0.012947431194841937, -0.03778918168350448, -0.057660909290911985, 0.044154880075670866, 0.0018422633222282556, 0.0204585023750535, 0.020902964150519794, 0.011170247488329935, -0.04154991566412755, -0.059405306133898696, 0.04830330377423709, 0.0013951713889722888, 0.021884957836454423, 0.019925039996369805, 0.009035647536140324, -0.04508447657719506, -0.06025150741125121, 0.052663693218101784, 0.0012790489929032601, 0.02293828784082841, 0.019096159733796962, 0.006823936653764283, -0.04825709946432266, -0.060404144416387244, 0.05692759365039125, 0.0013350723844489823, 0.023522170238265742, 0.01836908119764106, 0.004612250839124773, -0.051053355741671275, -0.06004024951285464, 0.06090932730335949, 0.0014464152115576195, 0.023602991941416743, 0.017713443494517672, 0.0024578842837849452, -0.05347390181682823, -0.05931224145649437, 0.06452372458124092, 0.0015325550995108942, 0.023198627525893835, 0.01711267268555597, 0.0004014421011760468, -0.05553812995778969, -0.05834914433601968, 0.06776107069277623, 0.0015432547515725856, 0.022365232747519823, 0.0165599154540683, -0.0015292421061227635, -0.0572764083941394, -0.05725670207950664, 0.07066101490878099, 0.001452503135244264, 0.021184024017626885, 0.016053778185382422, -0.0033146200715679303, -0.0587169411177865]","[-0.5378957579474333, -0.32149678405146465, -0.5715388042496965, -0.2546696113415475, -0.5801666744084668, -0.20263821273978216, -0.5721710936352771, -0.16310136034137943, -0.5546300405838656, -0.13391350264114943, -0.5333102530946465, -0.11312970561666394, -0.5127140612600872, -0.09901388380271703, -0.4974849332975972, -0.09061772444025717, -0.4889478772539976, -0.08653418083345817, -0.4859785472020912, -0.0852295318420396]","[0.05509052124463909, 0.010990233119025028, 0.005825543040382186, 0.05610102401823114, 0.014336913176618005, 0.00430786105859049, 0.056856248306046187, 0.01863592815553705, 0.0028180047348382864, 0.057302517189817936, 0.023730226051351444, 0.0013891071738432181, 0.05750264655609627, 0.029296750367183044, 6.022075900125046e-05, 0.0576556772010125, 0.03500926530000559, -0.0011425349785585404, 0.05777456173644335, 0.04081135730249841, -0.0022129732150579784, 0.05786651769614304, 0.046656295880176835, -0.003147519226153861, 0.05793775299330728, 0.05251004463795894, -0.003947195140379556, 0.057992988422984615, 0.05834562644561769, -0.004618030064536871, 0.05803180825298537, 0.06413154919068997, -0.0051709935503949644]","[0.045958444476127625, 0.018068939447402954, 0.012731552124023438, 0.01376689225435257, 0.005967080593109131, 0.002687394618988037, -0.290478515625, -0.290185546875, 0.04618854820728302, 0.017862290143966675, 0.012767821550369263, 0.013917170464992523, 0.005799822509288788, 0.002700597047805786, -0.290478515625, -0.290185546875, 0.046417877078056335, 0.0176619291305542, 0.012800484895706177, 0.014093853533267975, 0.005584433674812317, 0.002738073468208313, -0.2893796920776367, -0.290185546875, 0.04665002226829529, 0.017454713582992554, 0.012832462787628174, 0.014253653585910797, 0.00537717342376709, 0.0027619600296020508, -0.290478515625, -0.290185546875, 0.04689033329486847, 0.01722721755504608, 0.012865841388702393, 0.014408469200134277, 0.005208499729633331, 0.002764269709587097, -0.290478515625, -0.290185546875]",0.021980261
"[3.575727939605713, 3.595727939605713, 3.615727939605713, 3.635727939605713, 3.655727939605713, 3.675727939605713, 3.695727939605713, 3.715727939605713, 3.735727939605713, 3.755727939605713, 3.775727939605713]","[-0.04729845471212092, 0.033973156656368325, 0.002971338999963419, 0.013986595740173897, 0.025636431809770835, 0.014253297161857775, -0.03208094282789031, -0.05120581785847394, 0.03732446565665546, 0.0020089600029412286, 0.01616613220154126, 0.02401095520312773, 0.013684010641778802, -0.035546630096934095, -0.05428263928880929, 0.04101597930105785, 0.001312794570637723, 0.018072011624635384, 0.02263407440461876, 0.012384813360944207, -0.03908824087440503, -0.05645441298494494, 0.0450665707764481, 0.0009074933423166553, 0.019693352788247603, 0.021488801899792763, 0.010448247256840765, -0.042520176752559743, -0.05766361753647422, 0.04936134724072485, 0.0008048748861176932, 0.020943886029457286, 0.020543841746249764, 0.008076187162877656, -0.045721750557284675, -0.05790896020938911, 0.05384318702602072, 0.0010615948578516893, 0.021819788024562033, 0.019748747854519313, 0.005585661267360136, -0.048533390715366484, -0.05742747951745246, 0.05821345304379252, 0.0015011773820030815, 0.02224105878911723, 0.01905573361298981, 0.003061556146528604, -0.05094981457813477, -0.05642083155920732, 0.06229320682547644, 0.001991890554209179, 0.022186350678146453, 0.018433946126008016, 0.000567778823110575, -0.052979592933251975, -0.055059058409454235, 0.06600126292080954, 0.0024410025870390374, 0.02168191511475313, 0.01786637342608771, -0.0018492951116760423, -0.054648788392980305, -0.05348274452088791, 0.0693296539817223, 0.0027886648891415453, 0.020788758234977774, 0.01734581115770268, -0.00415676823114535, -0.055993457565703085, -0.05180422870328327, 0.07231817762367443, 0.003001674530320143, 0.019589906931035662, 0.016870649392984872, -0.0063306073228046635, -0.057046984527640426]","[-0.5447921474528883, -0.28284282002398203, -0.5754473473642159, -0.20811968911489825, -0.5822504296596284, -0.15031107062993365, -0.5733233180715983, -0.10675259717123294, -0.5554891138506851, -0.07493619808107818, -0.5342791906010953, -0.052567608452144, -0.5139886508608369, -0.03758486217022956, -0.49905936588087685, -0.028793020294628806, -0.4907153175966389, -0.024571425779736596, -0.4878186065066604, -0.023237478243448517]","[0.05340589690850239, 0.01444238628807426, 0.00562689972467334, 0.05463398933870245, 0.017934619892243653, 0.004132067516509963, 0.05549054519161156, 0.022268602899867318, 0.00268343029018947, 0.05593524675336703, 0.027277641421263876, 0.0013118156684019944, 0.056077976798467266, 0.03276681199546916, 5.0268518673401985e-05, 0.05612314277265862, 0.03836185973054507, -0.0010826569251474183, 0.05607969134680013, 0.04401615828953487, -0.0020841869752366016, 0.055950804581317515, 0.0496915015368784, -0.002954294770026511, 0.0557391027692532, 0.055360814528301994, -0.0036971384271318186, 0.055446649573113405, 0.06100274513942505, -0.0043210875620509626, 0.055071835202385455, 0.06659069287085417, -0.004838432261450087]","[0.044268056750297546, 0.020035594701766968, 0.012590914964675903, 0.012711063027381897, 0.00729137659072876, 0.002575710415840149, -0.2893796920776367, -0.290185546875, 0.044444769620895386, 0.019785821437835693, 0.012612909078598022, 0.012855187058448792, 0.007068611681461334, 0.0026076287031173706, -0.290478515625, -0.290185546875, 0.044652923941612244, 0.019507288932800293, 0.012608706951141357, 0.012988336384296417, 0.006858862936496735, 0.0026375800371170044, -0.290478515625, -0.290185546875, 0.04484952986240387, 0.01926901936531067, 0.012634336948394775, 0.013138554990291595, 0.006682299077510834, 0.0026481300592422485, -0.290478515625, -0.290185546875, 0.045057326555252075, 0.01901395618915558, 0.012648165225982666, 0.01327429711818695, 0.006524726748466492, 0.002667650580406189, -0.290478515625, -0.290185546875]",0.020626866
"[3.6469385623931885, 3.6669385623931885, 3.6869385623931885, 3.7069385623931885, 3.7269385623931885, 3.7469385623931886, 3.7669385623931886, 3.7869385623931886, 3.8069385623931886, 3.8269385623931886, 3.8469385623931887]","[-0.04722074262684615, 0.03404396350671476, 0.0015419726950689188, 0.012878537042278475, 0.02513095438720638, 0.014079899280672475, -0.031415151702806565, -0.050687775406407384, 0.03779648960786021, 0.0009099194506760006, 0.015303538375909196, 0.02364072006545366, 0.01323233427724534, -0.03475750441375704, -0.05327674368385962, 0.04193920520474491, 0.0005838975834435673, 0.017488212158920515, 0.02239988126037355, 0.011625401320406589, -0.03819370842658058, -0.054915985845974555, 0.046404125915103726, 0.0005642116397817789, 0.019338344015623114, 0.021390543237940332, 0.009375128320665442, -0.04162029842648399, -0.05559023210406633, 0.05116668523109433, 0.0008852836922654943, 0.020839933662943146, 0.0205735052368428, 0.0067544386389566105, -0.04484961348426255, -0.05539987474739547, 0.05609460025470668, 0.0015136500583871454, 0.021976981425787568, 0.01989375283813724, 0.004018177895013273, -0.04772946592748643, -0.054567275945347486, 0.06088592644686095, 0.002273556737345946, 0.022659523005629456, 0.019304501868820455, 0.001249720898916523, -0.05025031826326445, -0.05327983061885666, 0.06535979215951439, 0.003034892982659373, 0.022857189568228978, 0.018776084555539512, -0.001488462789016209, -0.0524163636705794, -0.051693823903544434, 0.0694346859035718, 0.0037074086126209953, 0.0225884800291276, 0.018292864587943776, -0.004151837857216208, -0.05424910135846505, -0.0499368817698523, 0.07310385294861707, 0.004234415784426649, 0.021908098677012364, 0.017849148528889816, -0.006709334958626452, -0.05577991326849837, -0.04810962505241623, 0.07640950904323762, 0.0045863197328185985, 0.0208942734811925, 0.017444849911299548, -0.009137865836528689, -0.05703747120420257]","[-0.5754983185414086, -0.23169059201079364, -0.6078183576032277, -0.16172401777874226, -0.6157438968010858, -0.10820362494789584, -0.6074577202912292, -0.068406161749831, -0.5898747982248536, -0.03978812928571339, -0.5686422374492257, -0.02003137418432347, -0.5481812688248373, -0.0070625460073663725, -0.5330630794088493, 0.0004172211198524917, -0.5245891620340539, 0.003959824721828944, -0.5216411491112634, 0.005069012400513601]","[0.05190191808474931, 0.016817812320918613, 0.005141764624125855, 0.05286746639570161, 0.020126173917419887, 0.0037313639667635456, 0.053447115840595694, 0.02427310446098252, 0.0023627538177768415, 0.05368855587047161, 0.029179933759844623, 0.0010622406683036267, 0.05372611914745262, 0.034539917799352615, -0.00014336634959466465, 0.05367583556507238, 0.04005473462170084, -0.0012407198424266852, 0.053543350509647425, 0.04568375240286926, -0.002222611563655441, 0.05332878243907091, 0.05139227492063636, -0.003084780726501979, 0.053031608431069466, 0.05715546125459703, -0.003827114987102309, 0.052650972948670494, 0.06295340670059346, -0.0044536588404358035, 0.05218320891343653, 0.06876000615523115, -0.004972477800782471]","[0.04286380112171173, 0.022535383701324463, 0.012573540210723877, 0.011772923171520233, 0.009192444384098053, 0.0027236193418502808, -0.290478515625, -0.290185546875, 0.04297313094139099, 0.02233128249645233, 0.012575775384902954, 0.01185966283082962, 0.009035363793373108, 0.0027169734239578247, -0.2893796920776367, -0.290185546875, 0.04308527708053589, 0.022122010588645935, 0.012592524290084839, 0.01192503422498703, 0.008793920278549194, 0.0025594383478164673, -0.290478515625, -0.290185546875, 0.04321084916591644, 0.021890714764595032, 0.012603342533111572, 0.012014202773571014, 0.008591994643211365, 0.0025777965784072876, -0.290478515625, -0.290185546875, 0.043332308530807495, 0.021662533283233643, 0.01262587308883667, 0.012117825448513031, 0.008439727127552032, 0.002700701355934143, -0.290478515625, -0.290185546875]",0.018899252
"[3.7582836151123047, 3.7782836151123047, 3.7982836151123047, 3.8182836151123047, 3.8382836151123048, 3.8582836151123048, 3.878283615112305, 3.898283615112305, 3.918283615112305, 3.938283615112305, 3.958283615112305]","[-0.0471683851915123, 0.03416020441553251, -0.0006288484861723738, 0.012170449033628518, 0.025298184348355898, 0.013878526072678287, -0.03123545663576118, -0.05019118827085391, 0.038325752747482636, -0.0008832269940299606, 0.014773043872236016, 0.02389253291589365, 0.012985836836436667, -0.03446990122226706, -0.05229527689273411, 0.04281832921769452, -0.0007996490070394677, 0.017081794183348667, 0.022734124014881507, 0.011284189786098173, -0.03785929918524879, -0.05343097675396541, 0.04766541168584919, -0.0003602115148433356, 0.019075548197838767, 0.021802551064789864, 0.00890847618742078, -0.041236794678696106, -0.05366718280434174, 0.05277213145045365, 0.00036825491643348155, 0.020725742203235874, 0.021061870917927456, 0.006035231509983835, -0.04443165698209506, -0.052995063599074105, 0.058061683588070075, 0.0014303608150206823, 0.02200693895901507, 0.020460304146742665, 0.002993539592327959, -0.04728654788370293, -0.05165742753581058, 0.0632219038976497, 0.002631824216465708, 0.022827024133146696, 0.0199490094432441, -0.00012510729757949523, -0.04979212565800012, -0.04985788297259832, 0.06806347754321741, 0.003826496028487229, 0.023153550263247842, 0.01949682716203071, -0.003250922575782026, -0.05195245900183965, -0.04776499644090411, 0.07249843225239574, 0.004910735960826564, 0.023003182219752616, 0.01908716564287359, -0.006332614876901311, -0.053788729996597714, -0.04551511900138369, 0.07651556097673781, 0.005817166539356466, 0.022429151574417383, 0.0187138519106832, -0.00933282016533258, -0.055331812634806854, -0.04321452574323924, 0.08015446213186217, 0.006508108858777247, 0.021508633446326184, 0.018376708990189568, -0.012222517863700537, -0.056609620741802834]","[-0.5974743045744457, -0.1955628672262567, -0.63206736962407, -0.11933579079689816, -0.6417470268341641, -0.06104743687225345, -0.6347239510794361, -0.017771795754698304, -0.6179766098882515, 0.013261693737455964, -0.5972381845755768, 0.03460070414294029, -0.5770286291428053, 0.04854198565559253, -0.5620096872583322, 0.056535153839775865, -0.5535605472044773, 0.060295524549784034, -0.5506140388951648, 0.06146495886564003]","[0.049282048923039445, 0.01982007619848769, 0.0049007171355173185, 0.05027296126206793, 0.02286816127720037, 0.0035536425893312185, 0.05092630258677566, 0.02680396561225784, 0.0022488578863666397, 0.05125995204110967, 0.03147477390721054, 0.001005222487292734, 0.05127717936685794, 0.036692971027559196, -0.00015620872589927615, 0.05118875917720711, 0.04210263140540249, -0.0012189199893568592, 0.05099624891912491, 0.04767132640015603, -0.0021743443897248582, 0.050695233239676285, 0.053370259912754126, -0.0030169248929947656, 0.050280774297033815, 0.0591785566549059, -0.003745026664341289, 0.04974811030407433, 0.06507874619298448, -0.004360767934124432, 0.04909043828324633, 0.07104590615469508, -0.004869850269223264]","[0.04227909445762634, 0.023680761456489563, 0.012642145156860352, 0.011390648782253265, 0.009977959096431732, 0.002831369638442993, -0.290478515625, -0.2802978515625, 0.04234975576400757, 0.023521795868873596, 0.012578219175338745, 0.011428780853748322, 0.009890340268611908, 0.002790287137031555, -0.2893796920776367, -0.28359375, 0.042418599128723145, 0.02342374622821808, 0.012576103210449219, 0.011442780494689941, 0.009747497737407684, 0.002577170729637146, -0.290478515625, -0.2868896484375, 0.04248166084289551, 0.02332828938961029, 0.012584865093231201, 0.011495709419250488, 0.009664066135883331, 0.002573147416114807, -0.290478515625, -0.2890869140625, 0.04254944622516632, 0.02321721613407135, 0.012596070766448975, 0.011577174067497253, 0.009620077908039093, 0.00273016095161438, -0.290478515625, -0.290185546875]",0.021306654
"[3.835536479949951, 3.855536479949951, 3.875536479949951, 3.8955364799499512, 3.9155364799499512, 3.9355364799499513, 3.9555364799499513, 3.9755364799499513, 3.9955364799499513, 4.015536479949951, 4.035536479949951]","[-0.04711075468659283, 0.03421814733954861, -0.002003340866904291, 0.011853523545351345, 0.025298459794770405, 0.013677085240318788, -0.03137239393062999, -0.04963459819217256, 0.03883798566759181, -0.0018655461299848283, 0.014542013699443643, 0.024006617388746255, 0.012550721988883531, -0.034681459257333125, -0.05123175788090885, 0.0438221953744051, -0.001353658466571994, 0.016955305960190917, 0.02295362747824454, 0.010623937712681946, -0.03810597082902614, -0.05194025808966792, 0.049110837313015826, -0.0005497136795529634, 0.019061923416152236, 0.022116118870279075, 0.007957612087807379, -0.04146586228718051, -0.05172329401819517, 0.05464970131739236, 0.0005602012848383109, 0.020832544148559146, 0.021456047230163325, 0.004813196581511874, -0.044566774027066394, -0.050591026354986635, 0.06026554355872008, 0.0019745564173672364, 0.022179458564468603, 0.02092102781747488, 0.00148920352895233, -0.04731523919743169, -0.048800687420816294, 0.06566582345111789, 0.003492915751035488, 0.023023806497458357, 0.020464513628268784, -0.0019195309611982306, -0.04970531706875288, -0.0465657313123692, 0.07067886550750863, 0.0049650736453750455, 0.02334476101941772, 0.02005755449817829, -0.005340729204701864, -0.051743998872976524, -0.04406047706326607, 0.07523262821882373, 0.00628531757857632, 0.02316902073480069, 0.0196857292779562, -0.008721660560369524, -0.05345524532238312, -0.04142364252123111, 0.07933012063755357, 0.007385895632067513, 0.02255826518447888, 0.019344939442629813, -0.012024109039198885, -0.0548724601583639, -0.03876133583231142, 0.08302324206537268, 0.008230099468983777, 0.02159654437864804, 0.019036867014583327, -0.015217968469350135, -0.0560255502193041]","[-0.632083484076089, -0.15422842786770077, -0.6596337430827373, -0.07594389733287442, -0.6634684310690226, -0.016590142735328765, -0.6516941562726389, 0.02701015683570362, -0.6311825246065457, 0.05786367441400292, -0.6075657179448399, 0.07873548554555015, -0.585266721273828, 0.0921154792765458, -0.5689387262066479, 0.0996516534475034, -0.5598290226074651, 0.10314181937553815, -0.5566671461369733, 0.10421430008116013]","[0.04756946559856068, 0.0217788852433336, 0.004712125492064789, 0.048612579953503876, 0.024904308906652517, 0.003394711306219378, 0.04933514759393376, 0.028866594297194403, 0.0021199471939494785, 0.049622436448574, 0.03358242719571081, 0.0009044501071180377, 0.049567488961845374, 0.0387638003862234, -0.00022876222973788884, 0.04938517869657133, 0.04414703896542038, -0.0012634902446597707, 0.04907381588711246, 0.04970440802536036, -0.0021913591336737426, 0.04862547987770427, 0.05541019959736149, -0.0030072689318516588, 0.048031803866167455, 0.061246051159491444, -0.003709847074041761, 0.04728513953152236, 0.06719654850067158, -0.004301044492549977, 0.04637688660946626, 0.07323788841792611, -0.004785944824843291]","[0.04096059501171112, 0.02519907057285309, 0.012434840202331543, 0.010926827788352966, 0.010735072195529938, 0.003065958619117737, -0.290478515625, -0.25283203125, 0.041153669357299805, 0.02494005858898163, 0.012506633996963501, 0.010928593575954437, 0.01064278930425644, 0.0030062496662139893, -0.290478515625, -0.2583251953125, 0.04134739935398102, 0.024679869413375854, 0.012548297643661499, 0.01101752370595932, 0.010532289743423462, 0.002975553274154663, -0.290478515625, -0.2649169921875, 0.04153826832771301, 0.024458780884742737, 0.01256224513053894, 0.011124566197395325, 0.01041317731142044, 0.0029459893703460693, -0.2893796920776367, -0.27040996551513674, 0.041722461581230164, 0.024255499243736267, 0.012586355209350586, 0.011182032525539398, 0.010316051542758942, 0.0029392093420028687, -0.290478515625, -0.27480449676513674]",0.010199090000000001
"[3.915764570236206, 3.935764570236206, 3.955764570236206, 3.975764570236206, 3.995764570236206, 4.015764570236206, 4.035764570236206, 4.055764570236206, 4.075764570236206, 4.095764570236206, 4.115764570236206]","[-0.047061283969325095, 0.03427133852473915, -0.0032874484874915633, 0.011240499835065396, 0.02563976420708517, 0.013595667255118887, -0.03161565567950888, -0.04900175091564911, 0.03929307906584863, -0.0026951039583059905, 0.013988117255001025, 0.02441125249963872, 0.012286337051832703, -0.03473353139225085, -0.050076712527263895, 0.044594763474669306, -0.0017893414186209385, 0.01646576267835385, 0.02341107286328551, 0.010090922346749038, -0.03792577010639113, -0.05022048238345024, 0.05017106011900958, -0.000572575058880898, 0.018633813988350383, 0.022620493463423992, 0.007142977364862283, -0.041039738147137184, -0.049417707419671, 0.05588334857146901, 0.0009211534254282776, 0.020384943127358685, 0.022006713285661797, 0.0036687950128891107, -0.043986275705701725, -0.047732963772312564, 0.06169084605280715, 0.0026989141739381444, 0.02173829216889699, 0.021517905013243514, 1.8051896181772752e-06, -0.046593754602257884, -0.045432330630434725, 0.06729312622432487, 0.0045495328908112245, 0.022613178427423126, 0.021106267043145575, -0.003758011213735133, -0.048857430162299764, -0.04273314267468642, 0.07251192660739841, 0.00631517596449318, 0.022985876417904134, 0.020742108481633027, -0.007534619304111221, -0.05078494499079869, -0.03980928095364297, 0.07727008462837709, 0.007885433969121019, 0.022879439051594657, 0.020410730210125953, -0.0112730274662888, -0.052400145153592446, -0.036795675475001996, 0.0815669705826758, 0.009190425039633262, 0.022351477186201334, 0.020108146219320493, -0.014933705788143214, -0.05373577583542102, -0.03379250193489611, 0.08545219048850206, 0.010193408236506187, 0.021481818759483202, 0.019836430457675962, -0.01848526757987066, -0.05482097875148605]","[-0.6386660555375537, -0.10513894280744938, -0.6685713641127924, -0.025748212677811383, -0.6743795175781377, 0.033631705081258303, -0.6641822684131473, 0.0765081115754433, -0.6448743859015329, 0.10619119184078901, -0.6221308292144289, 0.12571885138993155, -0.6004298481395018, 0.1378174586506165, -0.584454393953601, 0.14440509526612236, -0.5755125390816784, 0.14736055469529952, -0.5724024771677797, 0.14824546602612249]","[0.04637521985004378, 0.023968568081963237, 0.004661533798049788, 0.04741552674448701, 0.026901269003273054, 0.003377440066367754, 0.048000005822514735, 0.030681018836885343, 0.002142072231028358, 0.04812952438922091, 0.03518275941573101, 0.0009693607482708089, 0.047933601005377136, 0.04026929956407699, -0.00012142336681097987, 0.04758607447421137, 0.045585647412921926, -0.0011219452144892728, 0.04708187725687729, 0.05110853852035602, -0.0020237998303773708, 0.0464099186423933, 0.056814739257561975, -0.0028215332810557214, 0.04555882375336817, 0.06268701493569395, -0.0035127824629999083, 0.04451864665302485, 0.06871028305886329, -0.0040977468949314755, 0.04328009003590272, 0.07486059515329258, -0.004579055984068603]","[0.038937002420425415, 0.027137726545333862, 0.01184624433517456, 0.010816872119903564, 0.011347748339176178, 0.0033578723669052124, -0.290478515625, -0.228662109375, 0.03964126110076904, 0.026653707027435303, 0.011985957622528076, 0.011050984263420105, 0.010939739644527435, 0.0031665414571762085, -0.290478515625, -0.2396484375, 0.040172725915908813, 0.02610751986503601, 0.012033671140670776, 0.011180289089679718, 0.01075858622789383, 0.0031527727842330933, -0.290478515625, -0.241845703125, 0.04054270684719086, 0.025703102350234985, 0.012104600667953491, 0.011129379272460938, 0.01074141263961792, 0.0031233876943588257, -0.290478515625, -0.24404296875, 0.040766641497612, 0.02544417977333069, 0.0122908353805542, 0.010983504354953766, 0.010773606598377228, 0.0030964910984039307, -0.290478515625, -0.2484375]",0.018767102
"[4.015318155288696, 4.035318155288696, 4.055318155288696, 4.075318155288696, 4.095318155288696, 4.115318155288696, 4.135318155288696, 4.155318155288696, 4.175318155288696, 4.195318155288696, 4.2153181552886965]","[-0.04652901509545848, 0.034417661505621436, -0.004050699548756528, 0.010581004199420412, 0.026057920981339473, 0.013148723636812108, -0.031225533862718025, -0.04796507695907945, 0.03988097040327311, -0.003090415916023624, 0.013503381899135195, 0.02490387407377368, 0.011505291441029762, -0.03426393289882225, -0.04850130403068961, 0.04563504780862539, -0.0017951593786476815, 0.016162081977829867, 0.02397695777237826, 0.00896324027282507, -0.03737654027472154, -0.04809180931589087, 0.051583008236717035, -0.0002132177214502205, 0.018444607676986743, 0.0232582208512326, 0.005637052186136282, -0.04047471568408763, -0.046774847604187264, 0.057711675454296944, 0.0016336768898932038, 0.0203629478786857, 0.022709542557408972, 0.0018031201074716, -0.04335412135668168, -0.04459878662701848, 0.06387833247045618, 0.003727635192492015, 0.02185865571268255, 0.022277292582126587, -0.0022171601605121584, -0.045905133105185944, -0.04184261687605968, 0.0697860306233523, 0.005849101863526121, 0.022854268747308372, 0.021913997614985213, -0.006320022497015311, -0.04812404064085685, -0.03873003796828644, 0.07526163044328166, 0.00783583774549078, 0.023328714618169273, 0.021590824686548875, -0.010427567680743821, -0.05001893387705853, -0.035435835231249324, 0.08023461955166616, 0.009576492383106395, 0.023307310458061198, 0.021294392953868577, -0.014485025494929677, -0.051613680024612724, -0.03209174906657976, 0.08471207655650215, 0.011002983529572583, 0.0228496152248711, 0.021022327859535894, -0.018454280775905007, -0.05294064528734691, -0.028792207510596787, 0.08875166661891205, 0.012082327797682103, 0.02203711472362223, 0.020778368647833608, -0.022305138647550772, -0.05402812819942688]","[-0.6683984750267846, -0.056139711077595564, -0.6957113499132288, 0.02406396545347924, -0.699034130996107, 0.08297605181471772, -0.6865266420335706, 0.1245569067065695, -0.6651495266149083, 0.15251023411727788, -0.6406428363832424, 0.1702050802181891, -0.6175412898317325, 0.1806358891403051, -0.6006283061059998, 0.18602609145734134, -0.5911896192243942, 0.18832242600094354, -0.5879117377645605, 0.1889805926149884]","[0.045049038523128804, 0.025593792440167018, 0.004710888505593758, 0.04587935890455397, 0.02846857411101933, 0.003448281585918256, 0.046247557821052054, 0.03219045687787414, 0.002236367397423944, 0.04617793396637471, 0.03673875044705621, 0.0010869091236340722, 0.045743729167909586, 0.04182886765412697, 1.2471067993402585e-05, 0.04515184127833494, 0.04718119947773136, -0.0009762706432585588, 0.044395239102349215, 0.052774834451073005, -0.001870349316578146, 0.04346052130434208, 0.058587189410163276, -0.0026633608257009556, 0.04233373359714343, 0.06460130958045429, -0.003351375188809236, 0.041002704707238546, 0.07080234082127657, -0.003932391800656632, 0.03945715250340387, 0.07716601131171519, -0.004406399502313363]","[0.02673855423927307, 0.03592085838317871, 0.010204881429672241, 0.00637846440076828, 0.015037253499031067, 0.003516361117362976, -0.290478515625, -0.1704345703125, 0.02772727608680725, 0.03538304567337036, 0.010312288999557495, 0.0065081194043159485, 0.014992117881774902, 0.003525480628013611, -0.290478515625, -0.1770263671875, 0.0286395400762558, 0.034782811999320984, 0.010497868061065674, 0.006801433861255646, 0.014706999063491821, 0.003407523036003113, -0.290478515625, -0.1858154296875, 0.029722943902015686, 0.033985480666160583, 0.01053076982498169, 0.007227048277854919, 0.014326006174087524, 0.0032649636268615723, -0.290478515625, -0.193505859375, 0.030901983380317688, 0.03334428369998932, 0.010702252388000488, 0.007819928228855133, 0.013858020305633545, 0.0033185333013534546, -0.290478515625, -0.2011962890625]",0.020321830000000003
"[4.095148324966431, 4.11514832496643, 4.135148324966431, 4.15514832496643, 4.175148324966431, 4.19514832496643, 4.215148324966431, 4.23514832496643, 4.255148324966431, 4.27514832496643, 4.295148324966431]","[-0.04363006715953464, 0.03494031223547812, -0.0032959085848158045, 0.00976623813939936, 0.0265367707169677, 0.010638923268959852, -0.030508255146991684, -0.04469845644142918, 0.04082449639699947, -0.0021805591270680174, 0.012847222323713077, 0.02544886917676145, 0.008716484919093086, -0.03344756556692203, -0.04491311106411586, 0.0468811134021615, -0.0007822141217861522, 0.015601599718038999, 0.024575477274537037, 0.0059934759488719305, -0.036536780137067126, -0.04430371961793769, 0.053130282979247045, 0.0008594275673685328, 0.01803735548560973, 0.023890821203220995, 0.0026238665872928965, -0.039579735762277565, -0.042910329639602604, 0.0594503285352453, 0.002687610916413856, 0.020090249144498123, 0.023356329084754317, -0.001164303807925857, -0.042438853012877836, -0.04078696922547105, 0.0657202346625451, 0.004684108322511511, 0.021716343238418083, 0.022921953776421984, -0.0050743967752083135, -0.044995239575040286, -0.038182452406784834, 0.071662573332639, 0.00665019471229501, 0.022837481824110006, 0.022544418474094254, -0.009013787356393872, -0.047243642486891516, -0.035293608516366086, 0.07712131946175699, 0.008442823083060812, 0.02343151258997095, 0.022198484686886316, -0.012915069201048493, -0.04919033532709332, -0.03227164070805569, 0.08204080886148027, 0.009967947178589622, 0.023522447238806716, 0.02187382292887851, -0.016733852998827875, -0.050857060805504145, -0.029228177335072172, 0.086440720802345, 0.011172585440579547, 0.02316844158268525, 0.021570575545043748, -0.02044181508007587, -0.052273813554164016, -0.026241238762920116, 0.09038901651472653, 0.012036412502148252, 0.022449566909707695, 0.021294433636332044, -0.024017113314792955, -0.05346635903555629]","[-0.6872692782860423, -0.026098924706117285, -0.7100742519029454, 0.04352506397789774, -0.709701018307575, 0.09360979002792602, -0.6942370561379961, 0.12803694596397286, -0.6705673002574704, 0.15038561776224418, -0.6443529718618635, 0.16386675479546875, -0.6200483110098173, 0.17129282622668773, -0.6023994839654316, 0.1748447468563653, -0.5925969388850267, 0.1762375626971872, -0.5892020813224941, 0.1766084493996618]","[0.04278624438475531, 0.02725739356755419, 0.004850130506496075, 0.043250062736110095, 0.030239804287536032, 0.0035900691898258508, 0.04336010959312442, 0.03410209660679131, 0.0023840495736755507, 0.04308769694911341, 0.03867741138160996, 0.0012372844687531526, 0.04251228047445765, 0.043779556705785705, 0.0001632531695490158, 0.04181194183798842, 0.04913256079693529, -0.0008296255429653954, 0.04098042521235734, 0.0547130611639588, -0.0017307922391540664, 0.04000578639871255, 0.06049707937158244, -0.002532385686921934, 0.038875485890912276, 0.06646794313501436, -0.00322910521881159, 0.03757864341433548, 0.07261242373343446, -0.0038178028869690905, 0.036106404313454465, 0.07890838845904202, -0.004297733945038296]","[0.018129169940948486, 0.042016059160232544, 0.009460687637329102, 0.004114888608455658, 0.01687169075012207, 0.0037883222103118896, -0.290478515625, -0.118798828125, 0.018732696771621704, 0.04160971939563751, 0.00953325629234314, 0.0040945932269096375, 0.016869038343429565, 0.0038165003061294556, -0.290478515625, -0.123193359375, 0.019395150244235992, 0.04113735258579254, 0.009621202945709229, 0.004087917506694794, 0.016847386956214905, 0.003779500722885132, -0.290478515625, -0.1286865234375, 0.020174458622932434, 0.0406343936920166, 0.009725362062454224, 0.004175841808319092, 0.016789555549621582, 0.0037137866020202637, -0.290478515625, -0.1352783203125, 0.021057769656181335, 0.04004982113838196, 0.009833335876464844, 0.004498809576034546, 0.01660342514514923, 0.0036696791648864746, -0.290478515625, -0.14296875]",0.019044137
"[4.155153751373291, 4.175153751373291, 4.195153751373291, 4.215153751373291, 4.235153751373291, 4.255153751373291, 4.275153751373291, 4.295153751373291, 4.315153751373291, 4.335153751373291, 4.355153751373291]","[-0.04035129947496725, 0.03557102287428328, -0.002262552079541713, 0.008810205748474567, 0.02649230629501623, 0.008273766599897252, -0.029882575531217388, -0.041055285944681066, 0.041818862289025246, -0.0009675598220301937, 0.011973387190061784, 0.025510377377778913, 0.006038482022007375, -0.03277617679463003, -0.041011152537068093, 0.048246978726925016, 0.0005645795300985473, 0.014873072149261144, 0.024722011927496214, 0.003140594765228254, -0.03577733594368725, -0.04025606593927198, 0.05476152792380542, 0.002261474103903372, 0.01744113035719043, 0.024097968943429422, -0.00028394527797667463, -0.03875349118915021, -0.03884121645015973, 0.06125789232595058, 0.004072664517369194, 0.019629013220549534, 0.02359899280103451, -0.004007636808946098, -0.04155706603916279, -0.03684092351665271, 0.06759209699276453, 0.005955163992678772, 0.02138281349942894, 0.023178485288508566, -0.007783750453461428, -0.04408482992706116, -0.034468862161848905, 0.07351507378499952, 0.0077357555066746315, 0.022626763706080952, 0.02279885929620832, -0.011531898742239878, -0.04633073073432625, -0.031890981220315626, 0.07889454719523817, 0.009294479653822737, 0.02333977379763956, 0.02243959644510813, -0.015195942489072028, -0.04829978625068646, -0.02923163127918181, 0.08369446263834754, 0.01055782980729475, 0.023545847655856496, 0.02209424186569687, -0.018742503067065854, -0.05001194100913767, -0.02657967219740459, 0.0879503095101235, 0.01149058911116508, 0.023302307614042117, 0.02176603806236476, -0.02215357264159519, -0.05149497098571351, -0.02399461343115539, 0.09174233585386707, 0.012087262352907031, 0.022687795833679317, 0.021463026486213257, -0.025416048567693843, -0.0527721972021058]","[-0.706883834993141, 0.002672773118588003, -0.7233124141149618, 0.05991149188064368, -0.7179465220248671, 0.09975378685402755, -0.6986801615953016, 0.1259353052142934, -0.6722092996485229, 0.14185242071355186, -0.6440167097355101, 0.15050989763486367, -0.6183911445881085, 0.15449825763594982, -0.5999696832118664, 0.1559462362353976, -0.5897988479788241, 0.15630399271263395, -0.5862888252305574, 0.15634538279314691]","[0.040936279292083544, 0.02892344952305459, 0.004745374743522213, 0.041133430191152454, 0.0320862820762402, 0.00350725304292121, 0.04100887398516473, 0.03601288583340789, 0.002320664827307972, 0.04056566863947997, 0.040611939756796556, 0.0011923145651566713, 0.03988172862261652, 0.04567613463580056, 0.00013243677457497327, 0.03909393403459083, 0.05097703352715666, -0.0008508256063679553, 0.03819798941355179, 0.056488951303727664, -0.0017461600430186408, 0.03718488608196435, 0.06218690705522345, -0.00254492097711001, 0.03604507705647897, 0.06805500567823852, -0.0032408962354186777, 0.034770597573812734, 0.07408212558700189, -0.0038300491023144367, 0.03335573137963799, 0.08024868766873272, -0.004310994218838182]","[0.013301067054271698, 0.0456860214471817, 0.009496241807937622, 0.002335570752620697, 0.018309012055397034, 0.0040832459926605225, -0.290478515625, -0.0847412109375, 0.013483405113220215, 0.04543621838092804, 0.009568482637405396, 0.0022235363721847534, 0.018394827842712402, 0.004053846001625061, -0.290478515625, -0.09133281707763671, 0.013911031186580658, 0.04511238634586334, 0.009646803140640259, 0.0023008063435554504, 0.018352389335632324, 0.004038065671920776, -0.290478515625, -0.0990234375, 0.014400102198123932, 0.04478029906749725, 0.00965738296508789, 0.002576008439064026, 0.018129020929336548, 0.003996297717094421, -0.290478515625, -0.105615234375, 0.01509053260087967, 0.044310688972473145, 0.009624511003494263, 0.002895541489124298, 0.01784774661064148, 0.0039772093296051025, -0.290478515625, -0.1111083984375]",0.018749478
"[4.276148080825806, 4.296148080825805, 4.316148080825806, 4.336148080825805, 4.356148080825806, 4.376148080825805, 4.396148080825806, 4.416148080825805, 4.436148080825806, 4.456148080825805, 4.476148080825806]","[-0.03267826775195057, 0.03705327232063306, -0.005056663953046135, 0.0070335781473488, 0.026104474567660883, 0.0011661974534033987, -0.02743255933485424, -0.03327203373752176, 0.04363315807739418, -0.0039569467657717345, 0.010484872718910363, 0.025296701376980677, -0.00040209399568786155, -0.030169277963408632, -0.0332824690809765, 0.05025526967154653, -0.0026013763731543454, 0.013664817188054835, 0.024640573311804494, -0.0023620909221662495, -0.033114253382681993, -0.032788451113981654, 0.05684684163496378, -0.0010550057306747593, 0.016516046074921874, 0.024105702121743615, -0.004593478413299719, -0.036154140207780266, -0.031879097879877354, 0.06328838213762089, 0.0006055518206910881, 0.018974234512630986, 0.02365654077645087, -0.006974347781655339, -0.0391690861442327, -0.030688438344619418, 0.06949790166083646, 0.0022906410317127435, 0.021052121236949255, 0.023256372691159356, -0.00940495163001993, -0.041990756529364896, -0.02928747787583827, 0.07527595814914267, 0.0039007045348788457, 0.022652208290905036, 0.022880001638825816, -0.011847862191880203, -0.04459744715489265, -0.027741135554627313, 0.08052105919454713, 0.005365300873039654, 0.023732986987643243, 0.022514771074815216, -0.01427615295818766, -0.0469803653687659, -0.026108321920328647, 0.08521244627956581, 0.0066394754006824895, 0.024299971437060437, 0.02215835722735124, -0.01667292135752265, -0.04914725468687195, -0.024441134730786032, 0.08938925201135386, 0.00769942053217644, 0.02439449637888512, 0.02181536538843039, -0.01902735016163081, -0.051115206884094606, -0.022783625144819436, 0.09312772673596997, 0.00853789945130104, 0.024082159845071633, 0.021493493520411966, -0.02132903682593118, -0.052898254633238995]","[-0.7107778506655238, 0.010528603018854065, -0.7254452901832815, 0.038889321542866465, -0.7206020248746869, 0.06049305050938351, -0.7032770385188123, 0.0764624038450682, -0.6794473989502947, 0.08786034702256265, -0.6540245354774175, 0.09567240021974513, -0.6308717274361904, 0.10078808499698112, -0.614203713588122, 0.103746625944236, -0.6049891227968014, 0.10516335584022277, -0.6018060567840726, 0.10561578516107145]","[0.027587193125532372, 0.03783086032567917, 0.004274642217400704, 0.02761989226967765, 0.040643951488386065, 0.003115808443180601, 0.02769227598474666, 0.04401512954766895, 0.002009155177353783, 0.027836226745284853, 0.04786386717471336, 0.0009493995013993839, 0.028072348775701195, 0.05208246106761871, -6.075025987373195e-05, 0.028331687657014215, 0.0564965011678602, -0.001015530486170313, 0.028600610347387923, 0.0610943897417906, -0.001900299485526613, 0.028863478833062617, 0.06586488167675508, -0.0027047882203059537, 0.029105960291767596, 0.07080395536484252, -0.0034223426170956195, 0.02931501130936498, 0.07591061470358529, -0.004049292201016019, 0.02947662271163276, 0.08117519455570221, -0.0045848465076034906]","[0.009627386927604675, 0.049142926931381226, 0.009825468063354492, 0.0013602972030639648, 0.019333183765411377, 0.004336118698120117, -0.290478515625, -0.0451904296875, 0.009992524981498718, 0.048725783824920654, 0.009807020425796509, 0.001441769301891327, 0.01916658878326416, 0.004297569394111633, -0.290478515625, -0.0495849609375, 0.010398104786872864, 0.04832170903682709, 0.009767979383468628, 0.0015592202544212341, 0.01901964843273163, 0.004262194037437439, -0.2893796920776367, -0.055078125, 0.010860346257686615, 0.0478791743516922, 0.009728997945785522, 0.0017691031098365784, 0.018901973962783813, 0.004230231046676636, -0.290478515625, -0.0605712890625, 0.011367373168468475, 0.04754118621349335, 0.009491771459579468, 0.002084106206893921, 0.018709450960159302, 0.004185482859611511, -0.290478515625, -0.0671630859375]",0.025509594999999996
"[4.375519275665283, 4.395519275665283, 4.415519275665283, 4.435519275665283, 4.455519275665283, 4.475519275665283, 4.495519275665283, 4.515519275665283, 4.535519275665283, 4.555519275665283, 4.575519275665283]","[-0.02480053891010904, 0.03852150152986132, -0.006067163975165219, 0.005510686282465202, 0.02645915546556674, -0.0026655403918091312, -0.02577852822696834, -0.025282980706263797, 0.04543930549272916, -0.00474205986051471, 0.00914069356116382, 0.025760410379541174, -0.004034502550634225, -0.028428764098193185, -0.02524680212726415, 0.05234352430817692, -0.0031535091969822067, 0.01250361956957072, 0.025192620458914607, -0.0056975238476079946, -0.03133516137560367, -0.024795900585157654, 0.059139864822496335, -0.0013796528981739455, 0.015524319955158381, 0.02472303912060729, -0.007538920418998882, -0.03440167250813626, -0.024072134976593704, 0.06576325689915029, 0.0004889757838388834, 0.018203337420583388, 0.02431327787671761, -0.00946444125346883, -0.037445668638683954, -0.02320875753629252, 0.07206651944636747, 0.0023222037994504257, 0.020508100467623865, 0.02393158579848708, -0.011459819627792935, -0.04033321768623549, -0.02221325951410042, 0.0778856248513315, 0.004053009982541113, 0.022336636286177523, 0.023560322181758075, -0.013503156356247758, -0.043037718735651806, -0.02110568707695836, 0.08314352209241854, 0.005632763598398632, 0.023642465083246585, 0.023192018644768976, -0.01557697325200097, -0.04554593474577012, -0.019915471646772005, 0.0878350389144742, 0.007029399961777404, 0.024426002757843263, 0.022827648771299093, -0.01766851792851679, -0.04786161332660033, -0.018677343240067895, 0.09200815758780662, 0.008224977424787392, 0.024723706047343072, 0.022473702448302567, -0.019767244363691622, -0.049998245144575404, -0.017426905004989245, 0.09574325795361863, 0.00921292560763123, 0.024596821251854584, 0.022138816163374403, -0.021860898661301517, -0.051966539821033504]","[-0.7310925838402271, 0.0405630092101666, -0.741358168426077, 0.0553113660175456, -0.7339257077866986, 0.06809135604210229, -0.7152934904995136, 0.07880882189474886, -0.6909950274861623, 0.08748685707180584, -0.6655909024767697, 0.09424655020580353, -0.642680261076918, 0.09927503910247007, -0.6262623659405067, 0.10248343858968431, -0.6172074576302014, 0.10413554933709764, -0.6140832953225366, 0.10468819377301943]","[0.018989563021656997, 0.04339122299073361, 0.004277294368133067, 0.019231212518081242, 0.0458702863645124, 0.0031398507667228515, 0.019647701758484848, 0.048834379649962845, 0.0020518555256892057, 0.020287607101838523, 0.052228626005935475, 0.0010048180811290663, 0.02108801078394973, 0.05590144462332214, -1.2670252598212528e-06, 0.021914852474101965, 0.05978311807986714, -0.0009525234248672909, 0.022750895721800113, 0.06387021588768649, -0.0018366281281485541, 0.023578411308444736, 0.06815859760891696, -0.0026450658573451413, 0.024382147338440352, 0.07265009712724702, -0.003372204915312871, 0.025148606537433227, 0.07734849832026525, -0.004014657712487768, 0.025862819680500526, 0.08224832819189531, -0.004571170194511698]","[0.00684027373790741, 0.052119627594947815, 0.009992659091949463, 0.0007361844182014465, 0.020276367664337158, 0.0043759942054748535, -0.2893796920776367, -0.0188232421875, 0.0069218650460243225, 0.05203865468502045, 0.009985774755477905, 0.0007259100675582886, 0.020300552248954773, 0.0044186413288116455, -0.290478515625, -0.0210205078125, 0.007922068238258362, 0.05101381242275238, 0.009973734617233276, 0.0008636787533760071, 0.020037949085235596, 0.0043748170137405396, -0.290478515625, -0.0210205078125, 0.00927126407623291, 0.0495356023311615, 0.009858399629592896, 0.0012746304273605347, 0.019487202167510986, 0.004359051585197449, -0.2893796920776367, -0.0375, 0.009627386927604675, 0.049142926931381226, 0.009825468063354492, 0.0013602972030639648, 0.019333183765411377, 0.004336118698120117, -0.290478515625, -0.0451904296875]",0.022578022
"[4.47602391242981, 4.496023912429809, 4.51602391242981, 4.536023912429809, 4.55602391242981, 4.576023912429809, 4.59602391242981, 4.616023912429809, 4.63602391242981, 4.656023912429809, 4.67602391242981]","[-0.01871360064949459, 0.039649378372010706, -0.006354785687822919, 0.004252802658294982, 0.027359818363276337, -0.0053049424248325225, -0.024623195939875976, -0.019060833776082614, 0.04685629904108678, -0.0047653344041941464, 0.008005821447787187, 0.026696061476402598, -0.006517482803221993, -0.027187792287231918, -0.018961851895572285, 0.05396396000434795, -0.0029333608387233003, 0.011476151184396467, 0.0261453889256181, -0.007978157981738024, -0.030043005183565213, -0.01855841779089471, 0.06093542579869874, -0.0009509371578279621, 0.014652942945665933, 0.025675088919434673, -0.009613648437359647, -0.0330335330123047, -0.01798075605516338, 0.06764238934971041, 0.0010498591083943542, 0.017488420606718545, 0.025255062081001846, -0.011412972851005397, -0.03602008996403853, -0.017254442887684223, 0.07400166293638098, 0.003015165477571912, 0.01994497420697902, 0.024860587667508892, -0.013318542279012802, -0.0388678433536683, -0.01638067891718832, 0.07986324343928979, 0.004881009002465677, 0.0219223187069381, 0.02447589962256807, -0.015308628867843012, -0.04155036745315481, -0.015376940666666205, 0.08515879333045494, 0.0065988966365441, 0.023374157259281853, 0.024094598770660947, -0.017364376169373016, -0.04405415066211127, -0.01427283399514746, 0.08988780448217094, 0.008134809077102647, 0.02429996390914899, 0.023718130927916286, -0.019470106260192056, -0.046382348289957194, -0.013105094276830915, 0.09410006480157325, 0.009467534947891142, 0.024734516374245768, 0.023353061330903487, -0.02161132134114109, -0.048547613492357956, -0.011912332205969926, 0.09787596338230434, 0.010586578186131134, 0.024737001993143912, 0.023007896410613272, -0.023771547676416344, -0.050559619271388384]","[-0.7420985862521919, 0.05832089266166459, -0.7503960650902846, 0.0725614716253033, -0.7419832069686971, 0.08559964441665602, -0.7230253464770844, 0.09701667093018576, -0.6987935952838311, 0.10659728746207092, -0.6736491694028846, 0.11428902280807278, -0.6510488235674778, 0.12015903934050909, -0.6348757853237157, 0.12395866383308543, -0.6259606432420581, 0.12592780205373086, -0.6228851364534989, 0.12658664376907353]","[0.013390904485354738, 0.0471871323281956, 0.0045556599452023505, 0.013890431081032495, 0.04934360721071318, 0.0033949395634120805, 0.014637738768131792, 0.05195837572750861, 0.0022898429751299076, 0.015580906294557995, 0.05494627762276849, 0.001231250311953147, 0.01659256154658917, 0.0582723956665232, 0.0002275887676543853, 0.01761011156106851, 0.06182838509097799, -0.0007183677669981847, 0.018616617920019563, 0.06561658952155813, -0.001597056664725649, 0.01959461344584923, 0.06963756384627828, -0.0024021041924200404, 0.0205294099523331, 0.07389661318254426, -0.003129286824493427, 0.02140830911434133, 0.07839995609405959, -0.0037758485214132165, 0.02221705409571839, 0.08314393546894605, -0.004340369716294035]","[0.007125236093997955, 0.0512838214635849, 0.009785085916519165, 0.0008560866117477417, 0.020012423396110535, 0.0043814778327941895, -0.290478515625, 0.0064453125, 0.006964132189750671, 0.051453277468681335, 0.00982162356376648, 0.000765576958656311, 0.020086541771888733, 0.004396006464958191, -0.290478515625, 0.004248046875, 0.006821297109127045, 0.05162486433982849, 0.0098533034324646, 0.000701904296875, 0.020165205001831055, 0.004403561353683472, -0.2893796920776367, 0.00205078125, 0.006707020103931427, 0.05178946256637573, 0.009883135557174683, 0.0006970912218093872, 0.020189687609672546, 0.0043661147356033325, -0.290478515625, -0.0034423828125, 0.006621852517127991, 0.051938995718955994, 0.009911537170410156, 0.0006688162684440613, 0.020251378417015076, 0.004373878240585327, -0.2893796920776367, -0.0078369140625]",0.020500145
"[4.545169115066528, 4.565169115066528, 4.585169115066528, 4.605169115066528, 4.625169115066528, 4.645169115066528, 4.665169115066528, 4.685169115066528, 4.7051691150665285, 4.725169115066528, 4.7451691150665285]","[-0.014452695733255874, 0.04039934206044588, -0.005778820668985989, 0.003140794510934212, 0.028253391332476892, -0.008626381499313796, -0.02364875013646079, -0.014635811293705654, 0.04785464172921512, -0.004166215990768714, 0.006984755912325704, 0.027603068838647566, -0.009754714521632308, -0.026152423908067754, -0.01453066653301968, 0.05516676322952449, -0.002369606663013897, 0.010597900962646005, 0.02704438820610123, -0.011021508088585558, -0.028932466026761687, -0.014283207664392525, 0.062225893594292266, -0.0005217999010352073, 0.013922305987191592, 0.026549484244713067, -0.012429752254636373, -0.03187227177361905, -0.013929528943609801, 0.06895894509627962, 0.0013195486313901928, 0.016908011204466947, 0.026093206362638996, -0.013937105371262125, -0.03482630051535279, -0.013493667553766124, 0.07528244602174906, 0.003098184937317163, 0.01951363041561439, 0.02565354689050167, -0.015515303323721872, -0.03766386994396492, -0.012951349869065126, 0.08106362047195079, 0.004768080673391085, 0.021636889149809067, 0.025218159745568923, -0.017154392981060834, -0.040358731537607745, -0.012300039126267245, 0.08624894844354028, 0.006295485963281309, 0.023229771117360465, 0.02478333955076808, -0.018845457086880638, -0.042897050322064395, -0.011554316360388858, 0.0908500273908641, 0.007657915549858215, 0.024290121486447103, 0.02435252093591574, -0.02058095930426102, -0.04528115064038156, -0.01074036120218977, 0.09492592958866929, 0.008842568193535625, 0.02485107751241985, 0.023933602737680817, -0.022352868651816335, -0.04752234201482903, -0.009890052129787292, 0.09856363388853553, 0.009844452195778093, 0.024970144647055343, 0.023535861236418015, -0.024149820246596287, -0.04962847839859534]","[-0.7508090098338563, 0.06536132171946626, -0.7553169867324587, 0.07233417964556813, -0.743882396249399, 0.0799224713008703, -0.72264282327637, 0.08743937791470122, -0.6967955507504262, 0.09439187501401104, -0.6705952558726749, 0.10044755702159994, -0.64737190116435, 0.10539882592174414, -0.6308873942727076, 0.10876006680067882, -0.6218486213351921, 0.11056372988349503, -0.6187412344239241, 0.11118226568899453]","[0.009654857704376685, 0.050044917779123566, 0.004967597534805357, 0.010057928139603045, 0.052185507989038094, 0.0037721219201696243, 0.010752196770195122, 0.05467551920086233, 0.0026320383322793184, 0.011632571660696422, 0.05752972147812274, 0.0015498201504025033, 0.012635309010214701, 0.0606672073497756, 0.0005233183311315059, 0.013678792603762036, 0.06400294261901562, -0.00044363623573318023, 0.014749251044088085, 0.06754470888816222, -0.0013429822560411253, 0.0158322181471221, 0.0712984249955495, -0.0021694648199881428, 0.016915597653796577, 0.07527453112070148, -0.0029195863699804647, 0.017988612420032357, 0.07948398468638107, -0.0035910011841959744, 0.01903794676485493, 0.0839274510482575, -0.004182445693803771]","[0.008017808198928833, 0.05062371492385864, 0.00969037413597107, 0.0012449473142623901, 0.019698038697242737, 0.004341185092926025, -0.2893796920776367, 0.0163330078125, 0.007906951010227203, 0.050669193267822266, 0.009691625833511353, 0.0012013092637062073, 0.019719958305358887, 0.004342362284660339, -0.290478515625, 0.0119384765625, 0.0077730342745780945, 0.050742149353027344, 0.009697526693344116, 0.001139998435974121, 0.019756987690925598, 0.004341825842857361, -0.290478515625, 0.008642578125, 0.007616013288497925, 0.050850048661231995, 0.009713321924209595, 0.0010661184787750244, 0.019802168011665344, 0.0043418556451797485, -0.290478515625, 0.008642578125, 0.00745372474193573, 0.050976648926734924, 0.009734183549880981, 0.0009988471865653992, 0.01986175775527954, 0.0043495893478393555, -0.290478515625, 0.0075439453125]",0.011999772
"[4.594783306121826, 4.614783306121826, 4.634783306121826, 4.654783306121826, 4.674783306121826, 4.694783306121826, 4.714783306121826, 4.734783306121826, 4.754783306121826, 4.774783306121826, 4.794783306121826]","[-0.013632093618288047, 0.04051899117998991, -0.005612532190832636, 0.002925087854183595, 0.028473044872800033, -0.009027971195390514, -0.023551553487766733, -0.013686957358662294, 0.04817635347212966, -0.0038253795066853064, 0.006833518720765285, 0.027828462607314954, -0.010008017923105742, -0.026057562810778808, -0.013618059858017445, 0.055568549485713305, -0.0019710115546335435, 0.010503991181447889, 0.027257865418480617, -0.011187959620301379, -0.028828653209260733, -0.013449490235518462, 0.06264970389309446, -0.0001129844698684272, 0.013879583489044417, 0.02674460443290943, -0.012586551299933177, -0.03173489227333936, -0.013193571807019763, 0.06935350927849251, 0.0016785282194463045, 0.016908285237197333, 0.02627419317537211, -0.014208893545059222, -0.034634054392239474, -0.012729461297848504, 0.07565979040371598, 0.003458585745146414, 0.01952834637737743, 0.02582933703894296, -0.015929773474008695, -0.03740715515707742, -0.0120716363554662, 0.08143356785825659, 0.00516376992211364, 0.02164635521010497, 0.025395270046532716, -0.01772959863099042, -0.04003092666489925, -0.011247932912953826, 0.086618922125241, 0.006746133777163814, 0.02322130038134568, 0.024966333071733335, -0.019591984372817, -0.042493768178333946, -0.010296099221755926, 0.09122519378765528, 0.008171924723242938, 0.024256488077396617, 0.024544442662610622, -0.021503501526870458, -0.044799828633136654, -0.009259385461465453, 0.09530954936973782, 0.00941970684083839, 0.024789242798665557, 0.024136370434654893, -0.02345156378883749, -0.0469619616693773, -0.0081816835128211, 0.09895751974847497, 0.010478150886237589, 0.024880224801832142, 0.02375060462740944, -0.025421454519651596, -0.04898928150812288]","[-0.7515500655998355, 0.056737979045239126, -0.7551502414248674, 0.0733135680711701, -0.7431362808020039, 0.08812585660965391, -0.7215326572705147, 0.10090888959607597, -0.6954538231808927, 0.11156682978107413, -0.669097341633069, 0.12011989951063928, -0.6457592251542871, 0.12666898605500546, -0.6291965250920091, 0.13092380890496058, -0.6201156087506436, 0.1331356640492597, -0.6169938927507714, 0.13387698947784785]","[0.009215346338225627, 0.050443693107496745, 0.005052683484925158, 0.009839198454298703, 0.05241996926553716, 0.0038190862927760527, 0.010649685511610163, 0.054796270765073096, 0.0026628530598662437, 0.011544549253631242, 0.057572982241815396, 0.0015780712584674284, 0.012400350814141925, 0.06071690938399188, 0.0005658049042893687, 0.013285684808709064, 0.0640686052206223, -0.0003870685809452823, 0.014189094467114138, 0.06763520466789208, -0.0012725526312706847, 0.015096942624816312, 0.07142203236671874, -0.0020854764142779203, 0.01599720745240585, 0.07543891356022758, -0.0028224441417998847, 0.016878769281137962, 0.0796962007272386, -0.003481185523672714, 0.01772768253405399, 0.08419399595143506, -0.004060438036745051]","[0.008084572851657867, 0.05093050003051758, 0.009752273559570312, 0.001255616545677185, 0.01982778310775757, 0.004345759749412537, -0.290478515625, 0.0317138671875, 0.008144490420818329, 0.05082789063453674, 0.009737730026245117, 0.0012835115194320679, 0.019780755043029785, 0.004342511296272278, -0.290478515625, 0.02951679229736328, 0.008177883923053741, 0.05074042081832886, 0.00972205400466919, 0.001302771270275116, 0.019745707511901855, 0.004345044493675232, -0.290478515625, 0.02731952667236328, 0.008184149861335754, 0.05067463219165802, 0.009708553552627563, 0.0013071373105049133, 0.019719362258911133, 0.004345044493675232, -0.2893796920776367, 0.02622089385986328, 0.008157119154930115, 0.050630033016204834, 0.009698629379272461, 0.0012971758842468262, 0.01970168948173523, 0.004345208406448364, -0.290478515625, 0.0240234375]",0.006115616000000001
"[4.675858974456787, 4.695858974456787, 4.715858974456787, 4.735858974456787, 4.755858974456787, 4.775858974456787, 4.795858974456787, 4.815858974456787, 4.835858974456787, 4.855858974456787, 4.875858974456787]","[-0.00928811482048355, 0.04135961551004781, -0.005143367158597568, 0.001543955477640905, 0.02949256681036305, -0.010666793918418644, -0.022802719121505534, -0.00955676667694012, 0.04907460648803551, -0.0033369274741848446, 0.005565248838226811, 0.028795453380437343, -0.011415743804981763, -0.02515795791266888, -0.009722297353989957, 0.056463842059484765, -0.0014913080165741487, 0.009360495589837628, 0.02816778323384874, -0.012444236295084479, -0.02776163802119742, -0.009788918221560559, 0.0634908430802186, 0.0003178360939718802, 0.012868298358356928, 0.0276037013235157, -0.0138123269185449, -0.03050095943035015, -0.00962703925201537, 0.07015664087335538, 0.00213399322941645, 0.01601273497032065, 0.02709304942296077, -0.015425265091052057, -0.03325800580948489, -0.009189760412046565, 0.07644059522612157, 0.003969808019024805, 0.018751604368711174, 0.02661650280743357, -0.017173514932707995, -0.03591462853166595, -0.008511310534547841, 0.08221569756746233, 0.005753257507771936, 0.020997705438514137, 0.026158544295577676, -0.019031395849477575, -0.03844873464753696, -0.007635062286534717, 0.08742783117266847, 0.00742814471976317, 0.022711954543890744, 0.02571237067915547, -0.020976762429759814, -0.040848683619597426, -0.006610721461869036, 0.09208378438213298, 0.008953141846709053, 0.023896351913319576, 0.025278535056769906, -0.02299054144253288, -0.043117501728970734, -0.005490476746801436, 0.09623556374588757, 0.01030021141040875, 0.024584728812513532, 0.024862421842043465, -0.025054895242594438, -0.04526625657863777, -0.0043246404782030685, 0.09996249531610746, 0.011452614008763401, 0.02483301071442051, 0.02447129440045065, -0.02715066547651754, -0.047302150705887426]","[-0.749658486054675, 0.06286022497000782, -0.7531763359495383, 0.0843707701332834, -0.7422091684163981, 0.1030502939155479, -0.7222396079123443, 0.11877057016069344, -0.6979733929415102, 0.13157643488969567, -0.6733196259985865, 0.14163443030211353, -0.6513908148825482, 0.14919139775859847, -0.6357777510648852, 0.15402518966625584, -0.6271940408436116, 0.15650383942273421, -0.6242369462330832, 0.1573248412208853]","[0.006788843407854461, 0.05298585341038198, 0.00534953041241959, 0.007569446889015841, 0.05460178706025243, 0.00407960344683822, 0.008432749426485864, 0.05662499787773889, 0.0029105239419910944, 0.009233280247346154, 0.059113407606636414, 0.001836596804802415, 0.010015388284166482, 0.06196968803637226, 0.0008361757193133812, 0.010812735459586165, 0.06505862789537797, -0.0001037045160097172, 0.011615815383962613, 0.06839159875409528, -0.0009776841975783768, 0.012412705749385022, 0.0719768894499051, -0.0017825769485604326, 0.01319319182730272, 0.07582575475667097, -0.002516263502092553, 0.013948153291602039, 0.0799488746565058, -0.003177008556641603, 0.014665846084170764, 0.0843463659036563, -0.003763309004313875]","[0.007277287542819977, 0.0515008270740509, 0.00984048843383789, 0.0009021162986755371, 0.020092815160751343, 0.004389524459838867, -0.290478515625, 0.0427001953125, 0.007350929081439972, 0.05149261653423309, 0.009845435619354248, 0.0009260773658752441, 0.02008911967277527, 0.004384636878967285, -0.290478515625, 0.0416015625, 0.007448025047779083, 0.0514594167470932, 0.009839355945587158, 0.0009665265679359436, 0.020071372389793396, 0.0043801069259643555, -0.290478515625, 0.0405029296875, 0.007554888725280762, 0.051406130194664, 0.009829968214035034, 0.0010199174284934998, 0.02004152536392212, 0.004366457462310791, -0.290478515625, 0.039404296875, 0.0076733604073524475, 0.051331937313079834, 0.009818404912948608, 0.001069977879524231, 0.020004868507385254, 0.004360213875770569, -0.290478515625, 0.0383056640625]",0.020549358999999996
"[4.775034189224243, 4.795034189224243, 4.815034189224243, 4.835034189224243, 4.855034189224243, 4.875034189224243, 4.895034189224243, 4.915034189224243, 4.935034189224243, 4.955034189224243, 4.975034189224243]","[-0.005957130206204151, 0.041916573762645605, -0.0030480234524305518, 0.0010716034008013764, 0.02946499791314067, -0.011155907383732368, -0.021879825692504677, -0.006366862195613876, 0.049723527850062454, -0.0011834268712007008, 0.005234020332414685, 0.028786770174113314, -0.01220868183259661, -0.024232313882358046, -0.006626728024349123, 0.05719236287557766, 0.0006555672336442795, 0.009162101969435938, 0.028190388138574017, -0.013710734178295589, -0.02680799677296694, -0.006592792267883471, 0.06434473836023805, 0.002513721690424704, 0.01277163201510317, 0.027669656911881727, -0.015575108733200152, -0.02949034566752727, -0.006207276741882316, 0.07117028127186084, 0.004406007902073508, 0.016010510397353045, 0.02720515944568631, -0.01766645133553227, -0.03214240100102422, -0.005472364607109778, 0.07757680608783982, 0.006303920900019756, 0.01880152593597807, 0.02677289039384971, -0.019870866656499116, -0.03468778550802484, -0.004468768431893639, 0.08343434437619784, 0.008115319314136456, 0.021068231847362753, 0.02635537538731321, -0.022151160056586506, -0.03710924349233981, -0.0032703007141463257, 0.08869020353597551, 0.009772655539659445, 0.022780673311699584, 0.025945153682149308, -0.024478631828214685, -0.03939871238944129, -0.0019438763061121033, 0.09335612159594908, 0.011230574613766342, 0.023948479066500904, 0.025543172542775758, -0.026832368706637345, -0.04156179904699815, -0.0005487085827039356, 0.09749143233705657, 0.012462689160924927, 0.024611672376057984, 0.025155919769069203, -0.02919585178101762, -0.043611272530519246, 0.0008649116176743252, 0.10118385320398214, 0.013457937434910182, 0.024830988626572906, 0.024792067160709988, -0.03155220878375453, -0.04555522314801726]","[-0.762413681392329, 0.09123739099309548, -0.762598905511017, 0.11996597536713245, -0.7483285936102504, 0.14231295070871902, -0.7252557673764639, 0.1591906197749658, -0.6982226988954159, 0.17153574736406657, -0.6712426495606425, 0.18025945939061547, -0.6474971193484678, 0.18620942750907052, -0.6306876806262627, 0.1897477959378954, -0.6214794697788522, 0.19146876766819776, -0.6183141729301533, 0.19202021518451667]","[0.007112943025832985, 0.05182450880692979, 0.005215650358204815, 0.0077449849021643535, 0.05347350840891529, 0.00399609405274326, 0.00822326110715621, 0.055681796525660854, 0.002890930946078285, 0.008591122247846972, 0.05838366562481401, 0.0018705252762316604, 0.008897091070718233, 0.061435364438664486, 0.0009143184565103546, 0.009196731614074416, 0.06474247435600944, 1.4683612436172666e-05, 0.009484161339095243, 0.06831161709491251, -0.0008234359155623316, 0.009750318646641887, 0.07214688740622321, -0.0015966276918657485, 0.009987103420614263, 0.07625656847785534, -0.0023018584725642555, 0.010187488829375146, 0.08064925624058361, -0.0029359345930490832, 0.01034294124946833, 0.08532284229259313, -0.0034956360845526113]","[0.007269911468029022, 0.05097655951976776, 0.009716719388961792, 0.001096084713935852, 0.019822746515274048, 0.004353359341621399, -0.290478515625, 0.050390625, 0.007229022681713104, 0.05102701485157013, 0.009728074073791504, 0.0010557249188423157, 0.019854381680488586, 0.004357531666755676, -0.290478515625, 0.050390625, 0.007184028625488281, 0.05109246075153351, 0.009739935398101807, 0.0010027885437011719, 0.019894197583198547, 0.004364863038063049, -0.2893796920776367, 0.0492919921875, 0.0071509480476379395, 0.0511569082736969, 0.009747833013534546, 0.0009506568312644958, 0.019930928945541382, 0.0043648481369018555, -0.2893796920776367, 0.048193359375, 0.007131464779376984, 0.05122379958629608, 0.009761959314346313, 0.0009291768074035645, 0.019962742924690247, 0.004377573728561401, -0.290478515625, 0.04599609375]",0.021533515000000003
"[4.855611562728882, 4.875611562728881, 4.895611562728882, 4.9156115627288814, 4.935611562728882, 4.9556115627288815, 4.975611562728882, 4.9956115627288815, 5.015611562728882, 5.0356115627288816, 5.055611562728882]","[-0.0036652180845745804, 0.042272806932627416, -0.0011665420710155112, 0.0005560915887701448, 0.02944315999532876, -0.012982571422396925, -0.021437334439931528, -0.004204889589057646, 0.050144841646309155, 0.00048239206758285473, 0.004792163088808267, 0.028786922887851854, -0.014317351499426678, -0.02373811318069941, -0.004473046484551551, 0.05768466373477062, 0.002149892906943531, 0.008770554437382562, 0.02821251947419589, -0.01601511929111139, -0.026228495311823433, -0.004407639018534509, 0.06489527661903824, 0.003846808162671691, 0.01243400966525671, 0.027704334956155475, -0.01798243667909432, -0.028772145941124764, -0.0040076927433611974, 0.07168993496423698, 0.0055327190887122565, 0.01569920410899234, 0.027242150806682505, -0.02013066044043548, -0.03127517852471971, -0.0032605691255326225, 0.07799365048864909, 0.007199709435806656, 0.018488229894135736, 0.026804700271361764, -0.022333875673374835, -0.03367649234832044, -0.002260468962004479, 0.0836954113801606, 0.008759405213113042, 0.02073761747091886, 0.026376246743078906, -0.024557427657583095, -0.035962549265037544, -0.001087118332462163, 0.08875898285631775, 0.010150767058651146, 0.02242717763968466, 0.02595100480606992, -0.026777122263766405, -0.03812770098635175, 0.0001923642370259933, 0.09321000330135942, 0.011336693601641345, 0.023573436503182492, 0.025531475742896666, -0.028978450376734046, -0.04017881882244939, 0.0015223762748163769, 0.0971191153102244, 0.012299804285643916, 0.02422083462918581, 0.025125505754236912, -0.031152342894791137, -0.04212907581269701, 0.0028582482348176487, 0.10058277504636459, 0.01303793384799956, 0.024432457556950306, 0.024742845960276545, -0.03328928808401856, -0.043986470390948745]","[-0.764113923833057, 0.1022272144063717, -0.7580892889119826, 0.130212216469475, -0.7389935059083816, 0.1507912291097911, -0.7122989899658198, 0.16539885184259523, -0.6826583815779861, 0.17537029164166779, -0.6538937696999474, 0.18190163435448994, -0.6290013341830338, 0.186027335083224, -0.6115477608879052, 0.1883319475570751, -0.6020448466793671, 0.18940329522102917, -0.5987908272246034, 0.18973846943810296]","[0.007188079864450803, 0.05178424774101842, 0.005213704443879585, 0.0073444404038068845, 0.053741453501547465, 0.00402567673904386, 0.007390562164844683, 0.05618382909998809, 0.00294076564172574, 0.007345693492411209, 0.0590125025631032, 0.0019344696963519148, 0.0072282629553466204, 0.062159292174785996, 0.0009971675635584987, 0.007129762652784644, 0.06552516177297463, 0.00011740774000124077, 0.007049058482872295, 0.06911477840371916, -0.0007011112126478203, 0.0069812141491796265, 0.07293155130199214, -0.0014557066425409104, 0.006921311927740814, 0.07698432522224863, -0.0021437511165838252, 0.006864820088903656, 0.0812830960698867, -0.0027623787731014815, 0.006805584651521257, 0.08582745319112473, -0.0033088334526167884]","[0.007344946265220642, 0.0510232150554657, 0.009750843048095703, 0.0013214871287345886, 0.019800513982772827, 0.0043713003396987915, -0.290478515625, 0.06357421875, 0.0073274970054626465, 0.051008448004722595, 0.009745478630065918, 0.0011931359767913818, 0.019834771752357483, 0.004366353154182434, -0.290478515625, 0.061376953125, 0.007292695343494415, 0.05098719894886017, 0.009728491306304932, 0.0011179149150848389, 0.019832730293273926, 0.004359111189842224, -0.290478515625, 0.0580810546875, 0.0072762444615364075, 0.050967320799827576, 0.009715914726257324, 0.0011120736598968506, 0.019820719957351685, 0.004358217120170593, -0.2893796920776367, 0.05478515625, 0.007290959358215332, 0.05094251036643982, 0.009711772203445435, 0.0011078715324401855, 0.019811704754829407, 0.004356220364570618, -0.290478515625, 0.0514892578125]",0.013714781999999998
"[4.954465627670288, 4.974465627670288, 4.994465627670288, 5.014465627670288, 5.034465627670288, 5.054465627670288, 5.074465627670288, 5.094465627670288, 5.114465627670288, 5.134465627670288, 5.154465627670288]","[-0.00122728456149588, 0.04277488546465104, -0.00024253148221113153, -4.855413015509009e-05, 0.029907622728099086, -0.014434204466666482, -0.020795833924761815, -0.0017918869316723381, 0.05072526665476099, 0.0013625197001035454, 0.004275274432292044, 0.02924579769335212, -0.015875247297617738, -0.023015377558129844, -0.0020186789543118356, 0.05834432425222921, 0.003015940960165708, 0.008347361001477309, 0.028661595979651323, -0.017658473066156657, -0.025363953006663935, -0.0018887022528805703, 0.06556319722207452, 0.00467262147456834, 0.012078735727068034, 0.028140008014967164, -0.019744529418862036, -0.02774240023126063, -0.0013748029696684287, 0.07231622334687504, 0.00631341496906649, 0.015384935219402847, 0.027664359661470943, -0.022025301162687645, -0.030069089194049547, -0.0004557718197518008, 0.07854336135595105, 0.00794606232446836, 0.018186574127050954, 0.027214466499699455, -0.02435050007175632, -0.032298627618839386, 0.0007443376622919079, 0.08414498822501962, 0.009473064736704976, 0.020433229243134742, 0.026774342963889676, -0.026681162648953635, -0.03442144853878832, 0.002125603253510179, 0.08909388595789992, 0.010827897533051991, 0.02211420561183688, 0.026338133276802896, -0.02899099973340324, -0.03643448452570844, 0.0036085056684012286, 0.09342266920349421, 0.011970911547663226, 0.023252477457188767, 0.025908405232583503, -0.03126528053483671, -0.03834602486455552, 0.005130982757020706, 0.09720719808400771, 0.012884383268098014, 0.0238964073823028, 0.02549315595897572, -0.03349596927303211, -0.04016980324577443, 0.006646074360398924, 0.10054764618540171, 0.013567319410452664, 0.024110993147290424, 0.02510231220152418, -0.035675101962733866, -0.04191387731192009]","[-0.7628745484980397, 0.1177612712553703, -0.7526851440859125, 0.15066123668301826, -0.7305787693325203, 0.1741432875888349, -0.7017910026614915, 0.1902130581453719, -0.6707635880122029, 0.20068535367735257, -0.6411343335986233, 0.20714597854536562, -0.6157420031583426, 0.2109362948985254, -0.5980355625650575, 0.21290208192765245, -0.5884281646844276, 0.21375564352480816, -0.585145421857842, 0.2140094557357468]","[0.006123994791069398, 0.052578790010781695, 0.005372535674323942, 0.006059204376603455, 0.05454821919795272, 0.004189446908525518, 0.00586059251701232, 0.05692734117354137, 0.003110147774115113, 0.005500893262101125, 0.05970052429882289, 0.0021215237788601016, 0.005032861013660739, 0.06279278818062606, 0.0012088133908259024, 0.004590697799280119, 0.0660983944105844, 0.0003548312382464225, 0.004175334040373513, 0.06962211360762005, -0.00043842580930597563, 0.003783145144293676, 0.07336779188061504, -0.001169377099463631, 0.0034099545650954077, 0.07734493733886882, -0.0018360297080697308, 0.003051767776468761, 0.08156429063506554, -0.002435822137996091, 0.0027032452604005552, 0.08602611832197793, -0.002966091084616984]","[0.00586121529340744, 0.05149172246456146, 0.009660035371780396, 0.0012241750955581665, 0.019866377115249634, 0.00438515841960907, -0.290478515625, 0.0767578125, 0.006116233766078949, 0.05142247676849365, 0.009671032428741455, 0.0011898726224899292, 0.019880980253219604, 0.004379704594612122, -0.290478515625, 0.074560546875, 0.006362199783325195, 0.0513552725315094, 0.009671270847320557, 0.0012141615152359009, 0.019873201847076416, 0.0043798089027404785, -0.290478515625, 0.07236328125, 0.0066417306661605835, 0.05133947730064392, 0.00975799560546875, 0.0013045147061347961, 0.019836336374282837, 0.004378974437713623, -0.290478515625, 0.070166015625, 0.006901755928993225, 0.05124473571777344, 0.009757846593856812, 0.0014126375317573547, 0.01979289948940277, 0.004387795925140381, -0.290478515625, 0.070166015625]",0.021926059
"[5.035074472427368, 5.055074472427368, 5.075074472427368, 5.095074472427368, 5.115074472427368, 5.135074472427368, 5.155074472427368, 5.175074472427368, 5.195074472427368, 5.215074472427368, 5.235074472427368]","[-0.00037936308173358384, 0.042860041328532744, 0.00017034937713150474, -6.0214909874222633e-05, 0.02982875293681877, -0.014513160352565332, -0.020462804929517284, -0.0008181694993876143, 0.05091245609727578, 0.001907809974582375, 0.00431970115277409, 0.02918780682586804, -0.016083296189119658, -0.022607032604522077, -0.0008868537599776513, 0.058570892921092625, 0.003666982663558059, 0.008413879237600725, 0.028621450794323496, -0.018082418134365223, -0.024845315325011174, -0.0005304081048398836, 0.06579107183471374, 0.005422493215171286, 0.012133512177247029, 0.028119822013169156, -0.020457282398084066, -0.027085885284541783, 0.00029457498680630423, 0.07252434755830758, 0.007169638863393354, 0.015393758845230416, 0.0276684654585079, -0.023068820520875957, -0.02925903316018106, 0.0016016208890513527, 0.07872845264770933, 0.008924277362787014, 0.018125240926757907, 0.02724606134165601, -0.02573020224490279, -0.03132341557203905, 0.003226292523913471, 0.08430112516851584, 0.010569557225638083, 0.020288476205394652, 0.026834489220884983, -0.028392422020217585, -0.03327389195339413, 0.0050404644221293225, 0.08921422422439482, 0.012025617868222687, 0.021881499095191426, 0.02642660795850306, -0.031022452114355704, -0.03511086713788703, 0.0069465927264024865, 0.09350088406820115, 0.013244655087617572, 0.022934016509202897, 0.02602440134482845, -0.03360174569964951, -0.03684530204564494, 0.008872659211102347, 0.09723851806679468, 0.01420501561626241, 0.023499335047606675, 0.025635802254265337, -0.036120517035334684, -0.03849296718300323, 0.010767674722026655, 0.10052940913826436, 0.014905025703403412, 0.023645821397188536, 0.025270990253445764, -0.03856999810563451, -0.04006352333586753]","[-0.758918019805159, 0.1405201817975181, -0.7469864894519295, 0.18138797011949961, -0.7233725830660482, 0.20991569465528148, -0.6933110108887497, 0.22884452364027508, -0.6612421224673724, 0.24063451606868255, -0.6307980150843036, 0.24742250363187002, -0.6048058910488676, 0.25100849723351404, -0.5867213564970076, 0.2526394157808463, -0.5769231413805185, 0.25324634211692465, -0.5735783630441837, 0.25340205227656054]","[0.005928587879470926, 0.05216028120341187, 0.005327348883148453, 0.005798944505483572, 0.054058559077588164, 0.004156063678790289, 0.005424875692410791, 0.056415629355325514, 0.0031012682748121634, 0.004798606828661622, 0.059212680895580405, 0.0021456232268586284, 0.004011249414631268, 0.06236429035377844, 0.00126985378307376, 0.003233173015837698, 0.06574084445883877, 0.00045200036570136604, 0.0024648481338234163, 0.06934488785880921, -0.0003061341295991227, 0.0017016672910082908, 0.07317831470990965, -0.0010028212312689355, 0.000938271964301296, 0.07724909273072322, -0.0016356790168794433, 0.0001698523571334043, 0.08156672281384525, -0.0022016093179120233, -0.000608660884473422, 0.0861302078166668, -0.002697389786015858]","[0.0031421631574630737, 0.05207163095474243, 0.009615868330001831, 0.000964827835559845, 0.019759580492973328, 0.004337981343269348, -0.290478515625, 0.0943359375, 0.0033381879329681396, 0.05203704535961151, 0.009615331888198853, 0.0009309649467468262, 0.01979157328605652, 0.00433996319770813, -0.290478515625, 0.092138671875, 0.0034984052181243896, 0.05202402174472809, 0.009625405073165894, 0.0008469000458717346, 0.019854485988616943, 0.004359126091003418, -0.290478515625, 0.0910400390625, 0.0037034302949905396, 0.05199088156223297, 0.00962907075881958, 0.0007476657629013062, 0.019909515976905823, 0.004362478852272034, -0.290478515625, 0.08884296417236329, 0.00392720103263855, 0.05195409059524536, 0.009644836187362671, 0.0007530003786087036, 0.019932851195335388, 0.00436420738697052, -0.290478515625, 0.08554706573486329]",0.022640401
"[5.135626792907715, 5.155626792907714, 5.175626792907715, 5.1956267929077145, 5.215626792907715, 5.2356267929077145, 5.255626792907715, 5.2756267929077145, 5.295626792907715, 5.315626792907715, 5.335626792907715]","[0.0010795955717347924, 0.043126511652426786, 0.0011287018475627892, -0.00028912993104721285, 0.02987342208842209, -0.01565341609080977, -0.020275544195445257, 0.0008126737328023896, 0.05127158756000556, 0.00288031126643494, 0.004087465802206463, 0.02926067754369043, -0.017545451683501703, -0.022288403061210924, 0.0009932601758864375, 0.05898068581992577, 0.004645597389774644, 0.00814901488061385, 0.028722481247406825, -0.01988983975564336, -0.024337422706535817, 0.0016836150162523541, 0.06621219401084263, 0.006417723946630655, 0.011806359732713762, 0.02824578945468356, -0.022569998780698264, -0.02633445948897532, 0.00291100474117844, 0.07292372821215765, 0.008207557401099155, 0.014986286158296112, 0.027809615251287462, -0.025392424314782197, -0.028214673823194803, 0.004600124373142625, 0.07900691999935591, 0.009961200985104814, 0.017603533254375338, 0.02739120411180823, -0.028217998507625006, -0.02998230906997703, 0.006569277856818336, 0.08438800099625289, 0.011562982988883903, 0.019639379255187227, 0.026975185857735614, -0.030998315949859325, -0.031638175299535984, 0.00868246301787277, 0.08906243724366666, 0.012937579763186878, 0.02110758702854198, 0.02655689881465049, -0.03370297427626358, -0.03318704998181429, 0.010841640153055207, 0.09308241083559057, 0.01404412970169612, 0.02204904687698699, 0.026140530621912073, -0.03631823164861474, -0.03464280916877249, 0.012979521804565195, 0.09654016854788271, 0.0148693264842527, 0.022524273804536952, 0.025735911904070277, -0.03884036072718923, -0.03602307904841422, 0.015052893801466294, 0.09954900340471098, 0.015420346917234118, 0.022605495435465868, 0.025354755623348275, -0.041266496341587494, -0.0373388753269487]","[-0.7572300415112998, 0.17782706300489687, -0.7366528643079924, 0.21830823171029134, -0.7065259702144475, 0.245098964974861, -0.671739554554293, 0.26154548674851746, -0.6363938987151968, 0.2705853624550645, -0.6038003286673449, 0.27472381028102244, -0.5764918104400676, 0.2760312865290687, -0.5577022764156327, 0.2760818518394965, -0.5475962007662113, 0.2758390461755819, -0.5441625163082002, 0.2757069780760616]","[0.005640881569908385, 0.052351751502701216, 0.005348412634082145, 0.0051515414692550054, 0.054435365099958055, 0.00419688391533235, 0.004333482281950962, 0.056970441925449755, 0.0031699168014283075, 0.003243947308846251, 0.05988777090796171, 0.002245469445414372, 0.0020346218133633354, 0.06304905556883256, 0.0013983048094980965, 0.0008361705114117157, 0.06640293008579157, 0.0006148955645199905, -0.00035030372178823654, 0.06995107216920982, -0.00010532257847817306, -0.0015287366386258494, 0.07369544678828044, -0.0007623135128227432, -0.002704115162797671, 0.07764512428733461, -0.0013549143669395747, -0.003880736137626406, 0.08181139021785988, -0.0018810269951639036, -0.005062103311358701, 0.08619517741395644, -0.0023384551469058934]","[0.0021239370107650757, 0.05235655605792999, 0.009631365537643433, 0.0006019473075866699, 0.01987113058567047, 0.004366621375083923, -0.2893796920776367, 0.09873046875, 0.002256840467453003, 0.05231761932373047, 0.009624004364013672, 0.0006182119250297546, 0.01987747848033905, 0.004364922642707825, -0.290478515625, 0.096533203125, 0.002435557544231415, 0.05226406455039978, 0.00962260365486145, 0.0006664469838142395, 0.019858062267303467, 0.004363924264907837, -0.290478515625, 0.0954345703125, 0.0026607438921928406, 0.052199944853782654, 0.009618401527404785, 0.0007727667689323425, 0.019819363951683044, 0.004362359642982483, -0.290478515625, 0.0954345703125, 0.0028977170586586, 0.05213785171508789, 0.009623944759368896, 0.0009066388010978699, 0.01977407932281494, 0.00434739887714386, -0.290478515625, 0.0943359375]",0.020825783
"[5.215240478515625, 5.235240478515625, 5.255240478515625, 5.275240478515625, 5.295240478515625, 5.315240478515625, 5.335240478515625, 5.355240478515625, 5.375240478515625, 5.395240478515625, 5.415240478515625]","[0.003154809710271842, 0.04352240566634186, 0.001946717293728397, -0.0006156781079449428, 0.030030456502403016, -0.01719913458260854, -0.019489441322561488, 0.0029829304040063735, 0.0516882809106082, 0.0036605066022854255, 0.0038016435873131716, 0.02942798680792579, -0.019202578598400598, -0.021394426200055022, 0.003280479774232216, 0.05938035317052846, 0.005390305542133722, 0.007882765659708173, 0.028893734314601103, -0.021597537889032462, -0.023327320276206966, 0.004094166400664503, 0.06657100268275874, 0.007136931347203039, 0.01155501626781824, 0.028410920600947496, -0.024260880316425933, -0.025193304907603124, 0.005363908993485149, 0.0731583576629149, 0.008824781403939164, 0.01473715114306395, 0.027962404295428758, -0.027093022491633957, -0.02695383800824183, 0.00709937633224806, 0.07909509079404398, 0.010471752780964492, 0.017347057203358378, 0.027530490546931963, -0.02990619818713539, -0.028612568654169585, 0.009109827901629591, 0.08431780500187963, 0.011962913418476794, 0.019373248506099824, 0.027100451850405036, -0.03265264846081889, -0.03017177789950061, 0.011254562396896657, 0.08882965056086581, 0.013224864760948049, 0.020834221916553895, 0.026668129202969758, -0.03530357503344786, -0.03163681466021618, 0.013434167544391924, 0.09268818676892965, 0.014219454130713322, 0.021773506964010456, 0.026238081054276226, -0.03784767400270679, -0.033021302849111034, 0.015582277343512689, 0.09598912634771323, 0.01493646684978375, 0.022252598988559497, 0.025820391083475454, -0.040284126747168816, -0.034342070643999176, 0.017657903363106554, 0.09884771840979434, 0.015386192228088383, 0.022343476115533195, 0.02542692135641414, -0.04261302188085013, -0.03560916202101981]","[-0.748858761334167, 0.1893499953711227, -0.7255674436464052, 0.23013558578452858, -0.6936354874903343, 0.25659080209451446, -0.6577371737841522, 0.27233418944302834, -0.6217837545516373, 0.28052008920526406, -0.5889224489824505, 0.28381186822448057, -0.5615480844144356, 0.28438760134714064, -0.5427779693585376, 0.2839317319033883, -0.5327049997682294, 0.28341778848999377, -0.5292874882001735, 0.2831942657434474]","[0.004290577012103225, 0.052807678831838345, 0.00541954165580405, 0.003528039182431164, 0.054907227703755446, 0.004287558040885653, 0.0024768732436191154, 0.057413056593187406, 0.0032796110647672627, 0.0012028860334003522, 0.06023116223375702, 0.002370589221818875, -0.000251862724646168, 0.06332917526016768, 0.0015504490240809687, -0.0016785387558240217, 0.06660904072200147, 0.0007930284783599362, -0.003074163871837121, 0.07007202532119505, 9.680561984160008e-05, -0.0044411832034308985, 0.07372018742322695, -0.0005386980946706643, -0.005783562664669506, 0.07756298510567206, -0.0011125920164722913, -0.007104884975584813, 0.0816122450604504, -0.001622967875728687, -0.008407965063806477, 0.08586955117556894, -0.002067836221382624]","[0.0020624473690986633, 0.05237942934036255, 0.009637981653213501, 0.0005811750888824463, 0.01986190676689148, 0.004366472363471985, -0.290478515625, 0.1349853515625, 0.0021239370107650757, 0.05235655605792999, 0.009631365537643433, 0.0006019473075866699, 0.01987113058567047, 0.004366621375083923, -0.2893796920776367, 0.09873046875, 0.002256840467453003, 0.05231761932373047, 0.009624004364013672, 0.0006182119250297546, 0.01987747848033905, 0.004364922642707825, -0.290478515625, 0.096533203125, 0.002435557544231415, 0.05226406455039978, 0.00962260365486145, 0.0006664469838142395, 0.019858062267303467, 0.004363924264907837, -0.290478515625, 0.0954345703125, 0.0026607438921928406, 0.052199944853782654, 0.009618401527404785, 0.0007727667689323425, 0.019819363951683044, 0.004362359642982483, -0.290478515625, 0.0954345703125]",0.017601573
"[5.315539121627808, 5.335539121627807, 5.355539121627808, 5.375539121627807, 5.395539121627808, 5.415539121627807, 5.435539121627808, 5.455539121627807, 5.475539121627808, 5.495539121627807, 5.515539121627808]","[0.00560051326151471, 0.04394138005058111, 0.002100651841408407, -0.0004904268020669963, 0.03004077751869509, -0.018482046990904624, -0.018833367532682933, 0.005579819923876502, 0.052105331541109905, 0.0038785958092079076, 0.003891344577128871, 0.029464636366549803, -0.02053141572106797, -0.020667721448774636, 0.006074654849468328, 0.05977045527010451, 0.005701103407171222, 0.007918680425737746, 0.028946207638205088, -0.022949544423237104, -0.02247201611238244, 0.007053056206329744, 0.06684547105975591, 0.007484691333441647, 0.011509404923235848, 0.02847197688204681, -0.025694469477289046, -0.02417603709021915, 0.008547228421853929, 0.07328617725751266, 0.009231591473272453, 0.014582523587014333, 0.028028501598147227, -0.02859946624418258, -0.02574726180361705, 0.010531817631870034, 0.07903699987525473, 0.010937501676784004, 0.01706014153662935, 0.027598405436945146, -0.031487100573643234, -0.027205763660921523, 0.012800354844904317, 0.08405085383149515, 0.012483904199542675, 0.018945210398819173, 0.027168106665538178, -0.03430759706455776, -0.028557532353476356, 0.015201283118109492, 0.08834318402633365, 0.013795039775546244, 0.020267366481188962, 0.026734305958346645, -0.037030856813421456, -0.029810883364836904, 0.01762835133358332, 0.09198037467591576, 0.014831406054057455, 0.0210783008812087, 0.026302182518728737, -0.03964486175164891, -0.030981805381954993, 0.02001150512525585, 0.09506405410905197, 0.015582223279027462, 0.021445062429210248, 0.02588224762112405, -0.042148479228302234, -0.03208908309241301, 0.022308374822667176, 0.09771306320370912, 0.01605779414066471, 0.02144298137493822, 0.025486643035942613, -0.044541654982799085, -0.03314455843208599]","[-0.7370001806531041, 0.21365700306834437, -0.708952378886665, 0.25705420817382124, -0.6736554760600094, 0.28515476657190153, -0.6354970842567309, 0.30182926122338016, -0.5981249206010928, 0.3104472579689178, -0.5644508940254716, 0.31385441571204364, -0.5366654020279367, 0.3143799238354784, -0.5177241760676664, 0.3138272348282977, -0.5075986633070204, 0.31323872881925463, -0.5041720744471497, 0.3129846845819917]","[0.001660083659479672, 0.05339102161446441, 0.00545472389658741, 0.0008513746815698164, 0.05546901322086084, 0.004341186747182313, -0.0002377804449125165, 0.057881155815999286, 0.00334983590239446, -0.0016455863767562695, 0.060629214204244164, 0.0024719705950202453, -0.0032303255281525, 0.06362258786664299, 0.001683040790799506, -0.00479368908347666, 0.06678599609429359, 0.0009575558201944112, -0.006334707965155895, 0.07012091595929215, 0.00029320876106897487, -0.007857837911659393, 0.07362984254908156, -0.00031095606575259893, -0.009368833121433218, 0.07732270423786147, -0.0008543904775404343, -0.010872607971517123, 0.08121177199320728, -0.0013355030074500007, -0.012372586427372378, 0.08529910832670229, -0.0017526474485887178]","[-0.0017841830849647522, 0.05212441086769104, 0.009964555501937866, -0.00018884986639022827, 0.01935647428035736, 0.0044767409563064575, -0.290478515625, 0.1525634765625, -0.001454085111618042, 0.05210931599140167, 0.009908199310302734, -0.0001931115984916687, 0.01940612494945526, 0.004483938217163086, -0.290478515625, 0.1503664016723633, -0.0011506229639053345, 0.05211953818798065, 0.009879440069198608, -7.712095975875854e-05, 0.01945050060749054, 0.004480242729187012, -0.290478515625, 0.1459718704223633, -0.0007908046245574951, 0.0521281361579895, 0.009868979454040527, 0.0001206323504447937, 0.01947447657585144, 0.004486501216888428, -0.290478515625, 0.14267578125, -0.0003627389669418335, 0.05212302505970001, 0.009871751070022583, 0.0003211572766304016, 0.01947946846485138, 0.004479855298995972, -0.290478515625, 0.1393798828125]",0.019420441
"[5.365302801132202, 5.385302801132202, 5.405302801132202, 5.425302801132202, 5.445302801132202, 5.465302801132202, 5.485302801132202, 5.505302801132202, 5.525302801132202, 5.545302801132202, 5.565302801132202]","[0.006434616348097826, 0.044057429292697944, 0.0021471176187048534, -0.0004585064782382834, 0.030057094659992612, -0.018991656899761795, -0.018619698561192853, 0.006734718398911759, 0.05224594897429977, 0.004084605740356762, 0.00384974036027728, 0.029500393749932834, -0.02118424701094324, -0.020309140303199278, 0.007508962648290883, 0.059864370056737067, 0.006004611445304202, 0.0077859744635461366, 0.028997615686712733, -0.023798306435697403, -0.021950183268018626, 0.00881132140180018, 0.06687957691813798, 0.007902406015013934, 0.011270430900421341, 0.028536953826385054, -0.026706840690454738, -0.023474948830735837, 0.010633065924445843, 0.07323931310093071, 0.009761035607775932, 0.01423051039868187, 0.0281021835264429, -0.02973960897537177, -0.024860084509469905, 0.012907083060281474, 0.07887893168093077, 0.011548047501792618, 0.01659728676213864, 0.02767580123444759, -0.032738109180630345, -0.026133506530755773, 0.015425022568507472, 0.08376312851773585, 0.013146533828614089, 0.018381778038236485, 0.027245582433030935, -0.035652986745298265, -0.027303717749856647, 0.01803661916791638, 0.08791633579785849, 0.014483412648301861, 0.01961912715752785, 0.026809362822838134, -0.03845516962987716, -0.028380864644528506, 0.020639463359386177, 0.09141147160375687, 0.015522657746278224, 0.02036425932444642, 0.02637326238879041, -0.041134491783975366, -0.02938198680383133, 0.023169097264476503, 0.09435462091974997, 0.016257442256956564, 0.020685539596203673, 0.025948567190855306, -0.04369213535537597, -0.030326404705626007, 0.0255895969207277, 0.09686740404146688, 0.016702188822388817, 0.020658079629359505, 0.025548040231513414, -0.046130182086899674, -0.03122643085302169]","[-0.7273246795497927, 0.2434281966909075, -0.6964404900350392, 0.2852961884759866, -0.6592329416718985, 0.3115543371931172, -0.6198854272262095, 0.32628187910481143, -0.5818577640348674, 0.3330151578871895, -0.5478942945159755, 0.33473139253519457, -0.520040386122908, 0.33385885444402136, -0.5011243189883653, 0.3323545890401398, -0.49103822070884895, 0.33125887434629475, -0.4876307404072954, 0.33083353042058206]","[0.0007186740623950083, 0.05363637131299415, 0.005481712389821425, -0.00018445252723064964, 0.05568378591693257, 0.004376714198144338, -0.0014622088855825721, 0.058105136670205226, 0.003408711844929968, -0.0030390303157011855, 0.06082758479611616, 0.00255254925267856, -0.00477384557848004, 0.06376368964558221, 0.001783814911402004, -0.0064967039588896824, 0.06685986819883816, 0.0010801390382826348, -0.008207994784629968, 0.07011773437190971, 0.0004385944875737735, -0.00991305680683674, 0.0735400098896073, -0.00014223003969071613, -0.011618338044559362, 0.0771370367518287, -0.0006621014570389328, -0.013329034046492438, 0.08092168494588847, -0.001119672057687815, -0.015047905648050142, 0.08489675669176444, -0.0015135556345402534]","[-0.004673950374126434, 0.05243478715419769, 0.010330259799957275, -0.0009914934635162354, 0.019445762038230896, 0.004351124167442322, -0.2893796920776367, 0.1745361328125, -0.00438806414604187, 0.05239036679267883, 0.010268956422805786, -0.0010146573185920715, 0.01946413516998291, 0.004356399178504944, -0.290478515625, 0.1701416015625, -0.004158474504947662, 0.052292659878730774, 0.010082244873046875, -0.0009054169058799744, 0.01945267617702484, 0.004356294870376587, -0.2893796920776367, 0.1657470703125, -0.00379759818315506, 0.05226120352745056, 0.010060727596282959, -0.0007118061184883118, 0.019424423575401306, 0.004357501864433289, -0.2893796920776367, 0.162451171875, -0.0033512040972709656, 0.05221429467201233, 0.010040104389190674, -0.0005095601081848145, 0.019398823380470276, 0.004358813166618347, -0.290478515625, 0.16025390625]",0.01095904
"[5.365302801132202, 5.385302801132202, 5.405302801132202, 5.425302801132202, 5.445302801132202, 5.465302801132202, 5.485302801132202, 5.505302801132202, 5.525302801132202, 5.545302801132202, 5.565302801132202]","[0.006434596512381736, 0.04405745899900355, 0.0021471869254548197, -0.00045858279684063234, 0.030057093906624276, -0.018991490468294507, -0.01861988959236677, 0.007097100492806153, 0.052219052605654896, 0.004244676249048811, 0.003736353853350901, 0.029518503567155647, -0.021439577461961675, -0.020137604393352708, 0.008253464371817822, 0.059815761898698784, 0.006334313297183839, 0.007554153198967017, 0.029034917513785417, -0.02425564981996443, -0.021634469286896635, 0.009903074219937587, 0.0668123208430299, 0.008391414749575145, 0.010925954329685463, 0.028590881348858288, -0.02729557544767687, -0.02305691954014543, 0.011984094803055588, 0.07315191813789915, 0.010370988114132803, 0.013792314598416882, 0.02816776151347703, -0.03040247916169905, -0.024382384710401175, 0.01439088127597744, 0.07878281578697265, 0.012217761391800495, 0.0161130941148299, 0.027747581328465106, -0.0334426332892234, -0.025613760466272457, 0.016942974592027076, 0.0836665239720803, 0.013826240517729283, 0.01789077346283798, 0.027319297402490884, -0.036372072016952556, -0.026758170548700014, 0.019514322294480226, 0.08782509617015816, 0.015133906734593526, 0.019152623439639797, 0.026881812925910967, -0.03916657516921749, -0.02782441008747049, 0.02202363076006391, 0.09132962020568802, 0.01611445071566328, 0.019946289283082987, 0.026442193019964068, -0.0418209156251158, -0.028827718416609922, 0.024424666763691337, 0.09428472943995024, 0.016769811561049102, 0.02033345677003568, 0.026012555074945612, -0.04434106104884039, -0.029785361573472106, 0.026696786973453936, 0.0968108756265948, 0.017122118522977615, 0.02038319181561547, 0.025606371342719605, -0.04673308413252192, -0.03070783223917779]","[-0.7199531765400438, 0.2705855033227281, -0.6914742520971234, 0.3041766697648419, -0.6562067348432388, 0.3235457732674998, -0.6184109345162978, 0.3326533011398944, -0.581607642273321, 0.3349117020368245, -0.5485872750202172, 0.333176107101421, -0.5214303069940328, 0.32975541950176823, -0.5029567883199139, 0.3266458950222129, -0.4930968998894759, 0.32474104555573935, -0.4897637919898029, 0.32405311913517815]","[0.000719057627139863, 0.053636434645865094, 0.005481683022358741, -0.00036603547641111955, 0.055707378092854754, 0.0043954172881877085, -0.0017701477806383314, 0.05814065895257814, 0.0034411232582955975, -0.003400287126908208, 0.06086384454817084, 0.002591648962183335, -0.005139290081789594, 0.06380200980305162, 0.0018246256596201604, -0.006875491156161928, 0.06689736317063089, 0.001122244698965602, -0.008609719387604908, 0.0701515996455937, 0.0004821071301983615, -0.010346549916475656, 0.07356753712563036, -9.703384026416018e-05, -0.012091374974094404, 0.07715587866745155, -0.0006148850196461275, -0.013848088209254206, 0.08093015628486722, -0.0010700590627190643, -0.015617429654660842, 0.08489402991425532, -0.0014611808776034962]","[-0.0066043660044670105, 0.05264854431152344, 0.01047658920288086, -0.0014956146478652954, 0.019447937607765198, 0.004361659288406372, -0.2893796920776367, 0.18662109375, -0.006313122808933258, 0.05260497331619263, 0.01047244668006897, -0.0012993663549423218, 0.019408732652664185, 0.0043579041957855225, -0.290478515625, 0.1833251953125, -0.00592929869890213, 0.05255311727523804, 0.010455727577209473, -0.0011226087808609009, 0.01937955617904663, 0.004351109266281128, -0.290478515625, 0.180029296875, -0.00556664913892746, 0.052506595849990845, 0.010438621044158936, -0.0009809285402297974, 0.019368872046470642, 0.004345417022705078, -0.290478515625, 0.1789306640625, -0.005225665867328644, 0.05247926712036133, 0.010425984859466553, -0.0009292885661125183, 0.019391074776649475, 0.0043508559465408325, -0.290478515625, 0.17783203125]",0.011778173
"[5.5348899364471436, 5.554889936447143, 5.574889936447144, 5.594889936447143, 5.614889936447144, 5.634889936447143, 5.654889936447144, 5.674889936447143, 5.694889936447144, 5.714889936447143, 5.734889936447144]","[0.011949681826297357, 0.04501921488752124, 0.004670482947399211, -0.0009360457670089101, 0.03061462408210483, -0.022434100100758386, -0.016471807605743658, 0.012445537630035194, 0.05311152701675594, 0.006538624411369837, 0.0033644262904952314, 0.030052186824658517, -0.024820688935418122, -0.018068111931363984, 0.013367419891601721, 0.06060999304080679, 0.008366805433135368, 0.007284308611796636, 0.029530660579214385, -0.027467993529189952, -0.019626136632223217, 0.014689007522314397, 0.06745383846469832, 0.010096254847174822, 0.010771428980001043, 0.029031539341612404, -0.030320481682417546, -0.021034076517842094, 0.016332141054199712, 0.07358238042145768, 0.011639449951305357, 0.01380390252972942, 0.028543058635486257, -0.0333116206772434, -0.0222154843157435, 0.01845941483942009, 0.07889567740772324, 0.013092223426144004, 0.0161905769560497, 0.02805724079018571, -0.036216062734372584, -0.023298209795157766, 0.020842463940740998, 0.0833918978176942, 0.014343362927931508, 0.017963447914661146, 0.02756468428578235, -0.03898623732767431, -0.02429473269652948, 0.023319547622829555, 0.08712182342252311, 0.015327381087750835, 0.019173196367486017, 0.02706545891283008, -0.041596787980636665, -0.025217256479538534, 0.025783352970807055, 0.09017844846827108, 0.0160169474255035, 0.01988555621151238, 0.026567396492273604, -0.04404295792034971, -0.026083382209858764, 0.028169075052164514, 0.09268249952686136, 0.016414212876648113, 0.020175752428981727, 0.026083015655726852, -0.04633229923851412, -0.026911961124787564, 0.030443094916964574, 0.09476564980295327, 0.016542136267942632, 0.02012261928443572, 0.025625864187141516, -0.04847336516440659, -0.02771428450048242]","[-0.7164642820799596, 0.2536267964915582, -0.6759412138335295, 0.2959400568801455, -0.631677694002053, 0.32146923583978404, -0.5873634294538006, 0.3348106044611049, -0.5460000248652647, 0.339910568406959, -0.5099225055167442, 0.34004034165036745, -0.48081970322495476, 0.3378221547289979, -0.46125840577546423, 0.33539841888459865, -0.45090016673022026, 0.3338155865686178, -0.44741657616651315, 0.33322742220452095]","[-0.0022989274407304583, 0.05361609971030079, 0.0057349070580201555, -0.0035998479159410346, 0.05575655239743149, 0.004674025956683536, -0.00515514177481069, 0.05819164890819639, 0.003734727339121946, -0.007008015510463594, 0.06085387557567179, 0.002904867789106369, -0.009208572192973774, 0.06367927464718948, 0.002182258511895796, -0.011367444296539797, 0.06663926139036835, 0.001525923455312217, -0.01347874224288359, 0.06973263562481247, 0.0009301441197551163, -0.015542456731288956, 0.07296108530505041, 0.00039201568775659723, -0.017560686384178625, 0.07633516223856329, -8.909949051894017e-05, -0.0195350470739708, 0.0798685897977558, -0.0005125961056045014, -0.021465128025709435, 0.08356517908669936, -0.0008779992876086773]","[-0.008045561611652374, 0.0527644157409668, 0.010746806859970093, -0.0015755370259284973, 0.019350096583366394, 0.0043540894985198975, -0.290478515625, 0.2063966751098633, -0.007741376757621765, 0.052726492285728455, 0.010703802108764648, -0.0014381706714630127, 0.0193464457988739, 0.004353195428848267, -0.290478515625, 0.2031005859375, -0.007443338632583618, 0.05272677540779114, 0.010682493448257446, -0.0014303624629974365, 0.019388839602470398, 0.004358395934104919, -0.290478515625, 0.1987060546875, -0.007238306105136871, 0.05272349715232849, 0.01065632700920105, -0.0014968439936637878, 0.01942993700504303, 0.004368394613265991, -0.290478515625, 0.197607421875, -0.0070538148283958435, 0.052707746624946594, 0.010588079690933228, -0.0015836581587791443, 0.01944907009601593, 0.004363268613815308, -0.290478515625, 0.19541015625]",0.021785392
"[5.615367889404297, 5.6353678894042964, 5.655367889404297, 5.6753678894042965, 5.695367889404297, 5.7153678894042965, 5.735367889404297, 5.7553678894042966, 5.775367889404297, 5.795367889404297, 5.815367889404297]","[0.014752246754762378, 0.04547746844684917, 0.005037542456309315, -0.0004369277803749093, 0.030817451576998462, -0.02408724637578511, -0.016016312920431423, 0.015349097088930558, 0.053503302242629044, 0.00691064460045313, 0.0037322527453995916, 0.03025576202400742, -0.026424459548535124, -0.017617415378029508, 0.016321478220681855, 0.06088644245554996, 0.008705455235813295, 0.00752208304704036, 0.029720992476065612, -0.029030646261238833, -0.019086249408939552, 0.017614313110214958, 0.0675657453331342, 0.010325897488188934, 0.01091541692449974, 0.029200274410302145, -0.031885632752703744, -0.02028950722069691, 0.019408317960813486, 0.07343528422891427, 0.011851271323985816, 0.013732450276267474, 0.028686114880140747, -0.03478470272291894, -0.021300255867465513, 0.02165095871182022, 0.07843686376203221, 0.01326399961029113, 0.015891582626756027, 0.028167956847595026, -0.03758104683102631, -0.022196090697792624, 0.024121538771076784, 0.08259231139277619, 0.014462741733043632, 0.017438345688418032, 0.02763945259865992, -0.040231901185329516, -0.022992081045083358, 0.026664925208177967, 0.0859701552283727, 0.015390000189733596, 0.018434000579423328, 0.02710285404160235, -0.04271573948503304, -0.02370283936841175, 0.02917932174083072, 0.08867588900261622, 0.01602460476725085, 0.018952111161813202, 0.02656742955744916, -0.045030843296596235, -0.024348200242626242, 0.0316043741475772, 0.09083828884010989, 0.01637316240579675, 0.01907326714497924, 0.02604653532461031, -0.047187185897321626, -0.024949193272990677, 0.03390994680417009, 0.09259353079501378, 0.016461597531919454, 0.018879528096522023, 0.02555411718605393, -0.04919529377562824, -0.025519459188870906]","[-0.696998691375127, 0.27430186697527464, -0.6508874238070184, 0.31372427764121413, -0.6027140448894928, 0.3370365949395149, -0.55583206027259, 0.34874656857017794, -0.5129253692650151, 0.3526933675329546, -0.47603449840514717, 0.3520474193128217, -0.44658514073803707, 0.3493395808899506, -0.42692657010978774, 0.34664338301519293, -0.41656676521954983, 0.3449357630966045, -0.4130941115286498, 0.3443096825229618]","[-0.005319770912013078, 0.053989243166341794, 0.005914740270647201, -0.006535196236986174, 0.056217125265725976, 0.004852187575930422, -0.008083361078610962, 0.058674362766891974, 0.003916515707317103, -0.010103874316316763, 0.06129374096319529, 0.003109873096432736, -0.012291810206771725, 0.06402556300208673, 0.002398478297027662, -0.014439033145369318, 0.06685545934488246, 0.0017550862461241934, -0.01654233669397387, 0.06978275008191526, 0.001173802148678682, -0.018603695414846633, 0.07281001903031026, 0.0006514039392531146, -0.020626648434918127, 0.07594877024906932, 0.00018668563643808866, -0.022613815243914703, 0.07921365787082024, -0.00022059998035928174, -0.024565344830562164, 0.08260959942212853, -0.0005710724500445075]","[-0.011484600603580475, 0.052659064531326294, 0.010962188243865967, -0.002733960747718811, 0.019351333379745483, 0.004387184977531433, -0.290478515625, 0.23056640625, -0.011316947638988495, 0.05267614126205444, 0.01093021035194397, -0.0027341917157173157, 0.019380852580070496, 0.004390984773635864, -0.290478515625, 0.228369140625, -0.011106997728347778, 0.052696868777275085, 0.010908454656600952, -0.0026427581906318665, 0.019388854503631592, 0.004386082291603088, -0.290478515625, 0.226171875, -0.010814934968948364, 0.05270947515964508, 0.010882467031478882, -0.002504773437976837, 0.019401907920837402, 0.004379749298095703, -0.290478515625, 0.223974609375, -0.010489426553249359, 0.052713945508003235, 0.010871291160583496, -0.002326063811779022, 0.01938481628894806, 0.0043607354164123535, -0.290478515625, 0.2228759765625]",0.019132866000000002
"[5.715148687362671, 5.7351486873626705, 5.755148687362671, 5.7751486873626705, 5.795148687362671, 5.8151486873626705, 5.835148687362671, 5.855148687362671, 5.875148687362671, 5.895148687362671, 5.915148687362671]","[0.018168823998394208, 0.046024916482787046, 0.0055355538164701575, -0.00017458309382076105, 0.0314276990168323, -0.026153052386155288, -0.015035688887310135, 0.019018710326446864, 0.053876026997577126, 0.007400579640664892, 0.003869544683665832, 0.030828096543662177, -0.028680624557211067, -0.016307281518175752, 0.02023652193812519, 0.06101860758159374, 0.009124966459471844, 0.007553669419572837, 0.03025382892034416, -0.031509050205348874, -0.017347968985841608, 0.022002968243674467, 0.06735052601824518, 0.010789175924713654, 0.010689733675760014, 0.029696067241435357, -0.03441028695129833, -0.018235476398940603, 0.02426331079727071, 0.07281159605463618, 0.012380533189100686, 0.013186122419000542, 0.0291394771564467, -0.03720187444481207, -0.019043606306965215, 0.026751076795819916, 0.07741132547433789, 0.013770583779471147, 0.01509587724932079, 0.028571210167846445, -0.03983282968289478, -0.01976428161748787, 0.029298260103923834, 0.0811842338981262, 0.014885388607258746, 0.016460134476682976, 0.027988626671726094, -0.04227457762987119, -0.02040960227402421, 0.031794376040356676, 0.08420618014504144, 0.015690499626361643, 0.017333895093613192, 0.02739658706370511, -0.044517407461138525, -0.020991284498652386, 0.034175050647059814, 0.08658542032444347, 0.016183644554243638, 0.01778305690186815, 0.02680602308052768, -0.04657003488962157, -0.021525599166400636, 0.03641074398016701, 0.08844995017750655, 0.016386434042555936, 0.01787967931212271, 0.02623123959003102, -0.04845158158467709, -0.022029829541688785, 0.0384959491099081, 0.08993280553607881, 0.016336244527100745, 0.01769696631719707, 0.025686646730247217, -0.050180149770757194, -0.02251471588491773]","[-0.6562594651417293, 0.32754157590125643, -0.6110186170243803, 0.35191617299454653, -0.5644089626977702, 0.3632268639877174, -0.5194769472883307, 0.36559858973025433, -0.47864117232781905, 0.3624747214063647, -0.44371657691363353, 0.3566508032389448, -0.4159475806634456, 0.35031049875366627, -0.39746076203660186, 0.345411535079428, -0.38773816085075136, 0.3426242602351268, -0.3844836702217058, 0.3416541451751872]","[-0.008874815426222926, 0.054544668019117726, 0.006276239407136952, -0.010465896367677252, 0.056725041392280406, 0.005243789029132806, -0.01256267380940257, 0.05907473142257036, 0.004363174080455501, -0.014832047957495376, 0.06154473982795139, 0.003592203312706932, -0.01702773379595124, 0.06410067987904222, 0.002893825531183225, -0.019168684882619136, 0.06672262530353157, 0.0022613870650465273, -0.021255006615257477, 0.06941153971431202, 0.0016898355237007223, -0.023289841657073707, 0.0721715752613985, 0.001175980743795435, -0.025277311692179394, 0.07501563607499007, 0.0007181510000831004, -0.0272203256664163, 0.07795979142298082, 0.00031530318800587764, -0.029118558636020753, 0.08101083433443179, -3.420586343105825e-05]","[-0.012302987277507782, 0.052501291036605835, 0.011193186044692993, -0.002592816948890686, 0.019240915775299072, 0.004391968250274658, -0.290478515625, 0.2470458984375, -0.012272670865058899, 0.05252961814403534, 0.011179119348526001, -0.002635084092617035, 0.019282102584838867, 0.0043970197439193726, -0.290478515625, 0.245947265625, -0.012274026870727539, 0.05255480110645294, 0.01115328073501587, -0.002707071602344513, 0.01930879056453705, 0.004393965005874634, -0.290478515625, 0.24375, -0.012266851961612701, 0.05255532264709473, 0.01111060380935669, -0.0027919262647628784, 0.019317403435707092, 0.004394978284835815, -0.290478515625, 0.241552734375, -0.01225326955318451, 0.052548497915267944, 0.01106417179107666, -0.0028120577335357666, 0.019297152757644653, 0.00438767671585083, -0.2893796920776367, 0.23935546875]",0.019627401000000003
"[5.775531053543091, 5.79553105354309, 5.815531053543091, 5.83553105354309, 5.855531053543091, 5.8755310535430905, 5.895531053543091, 5.9155310535430905, 5.935531053543091, 5.9555310535430905, 5.975531053543091]","[0.020753174352690872, 0.04648796976818767, 0.006348872399503358, -0.0002353206880072529, 0.0318327274725249, -0.027404667521473726, -0.014503123681282228, 0.021735089694096436, 0.0542172506243968, 0.008204958705469513, 0.0037231492790745615, 0.031215073163576385, -0.030152144782780724, -0.015552399949216936, 0.023259503621080507, 0.06118230056367886, 0.01001486135693018, 0.007202090390104722, 0.030626393788546594, -0.033045575127150985, -0.016480724303747758, 0.025286953538935578, 0.06732056285354149, 0.011761642062611091, 0.010115730891589738, 0.030045961254460588, -0.03590644100619243, -0.017297111178032905, 0.027561092107098895, 0.07263403654096659, 0.013310878120331115, 0.012532895042708854, 0.029454748683681756, -0.038666801152454966, -0.017929599888794723, 0.030027785401044848, 0.07703845250319752, 0.014624908350614535, 0.014361825076965738, 0.02884665931564903, -0.041243718705685786, -0.01847817352288006, 0.032524645671423255, 0.08058867774890913, 0.015638996560989066, 0.015652916913215117, 0.028221646785716314, -0.04361152840026858, -0.01895764416521154, 0.03494704008001014, 0.08337569163544044, 0.016326923822676385, 0.01646760709803685, 0.02758645991958914, -0.045763319697268726, -0.019381548497405574, 0.037236677955588895, 0.08551829448974813, 0.01669369390420118, 0.016875663246068668, 0.02695333118564939, -0.04771075083912643, -0.019767114684822694, 0.03937010244307927, 0.08715121322330768, 0.016767212419238297, 0.016950825296007915, 0.026337400011241918, -0.049475901966725765, -0.020132051238942072, 0.04134749769454721, 0.08841123951793403, 0.016590130915661548, 0.01676624210250911, 0.025753557103447573, -0.05107958197501915, -0.02048745066536973]","[-0.6450366559373061, 0.34271010429541604, -0.5953176360180188, 0.363796911586431, -0.5456884543890305, 0.3722463312671525, -0.49887822178290325, 0.37218367488722703, -0.45700428779969376, 0.36705473147857715, -0.42161425284108045, 0.3596441588977279, -0.3937230780076234, 0.35211396883627355, -0.37526297417124677, 0.3464559612901339, -0.3655939800266659, 0.343282034454209, -0.3623663579012306, 0.3421852692220361]","[-0.0104255972551206, 0.054830799420131804, 0.006445280265220177, -0.012310213534614478, 0.05703297262434637, 0.005442337196329028, -0.014428955911139685, 0.05939477955983907, 0.004567685901330165, -0.016590848399782754, 0.06184203636709995, 0.0037866670541584213, -0.018864975901622172, 0.06428743673559856, 0.003094882077565142, -0.021095620718647012, 0.0667776417377195, 0.0024737695075822685, -0.02328054729422535, 0.0693143324328176, 0.0019168224798695732, -0.02542037342433845, 0.07190256252663918, 0.0014197076745032788, -0.027516837887048284, 0.07455617836771644, 0.0009797864347294016, -0.029570553196854865, 0.07729219020840006, 0.0005951010973563875, -0.03157873291242641, 0.08011842027721805, 0.00026306826605670963]","[-0.012660332024097443, 0.052358269691467285, 0.011498302221298218, -0.0024409666657447815, 0.01923792064189911, 0.004418849945068359, -0.290478515625, 0.26901874542236326, -0.012697622179985046, 0.05237241089344025, 0.011357158422470093, -0.0027018263936042786, 0.01926317811012268, 0.0044145286083221436, -0.290478515625, 0.26462421417236326, -0.012755021452903748, 0.05240851640701294, 0.01124715805053711, -0.0027908384799957275, 0.019236981868743896, 0.004398256540298462, -0.290478515625, 0.2602294921875, -0.012753188610076904, 0.052439168095588684, 0.011217325925827026, -0.0027665719389915466, 0.019243404269218445, 0.004395604133605957, -0.290478515625, 0.254736328125, -0.012667134404182434, 0.05245347321033478, 0.011205673217773438, -0.002752266824245453, 0.019252881407737732, 0.004395872354507446, -0.290478515625, 0.2492431640625]",0.015280606
"[5.894973993301392, 5.914973993301391, 5.934973993301392, 5.954973993301391, 5.974973993301392, 5.994973993301391, 6.014973993301392, 6.034973993301391, 6.054973993301392, 6.074973993301391, 6.094973993301392]","[0.02440892782770195, 0.04709342122834395, 0.007032730430603606, 0.0001989847124597533, 0.03216086026087992, -0.029492399268040558, -0.013367877193939103, 0.025561046306780542, 0.05458189494024733, 0.008885404976275288, 0.003954379820797196, 0.031521969340475395, -0.0320881723650573, -0.014418827318940963, 0.027203295375350642, 0.06125254643455061, 0.010693551466778028, 0.007188684023643872, 0.030894523683311748, -0.03473001505195418, -0.015336693310285738, 0.029112280914169654, 0.06709809794243571, 0.012314201238213031, 0.009976669765120048, 0.030256900530529023, -0.03739964565969916, -0.01597481201818963, 0.03125942589470369, 0.0720217729439496, 0.013692895640899094, 0.012240560789840317, 0.029603408075530895, -0.04003428360339237, -0.016374169449827992, 0.03369507152180638, 0.07598609635836662, 0.014870674667441937, 0.01387250770348092, 0.028934913653548906, -0.04249882415075895, -0.016665565672498793, 0.03623087317525235, 0.07907390043529625, 0.015779737586369698, 0.01494674844676947, 0.02825293681145684, -0.04476496957351234, -0.01686985992768506, 0.03874118782063446, 0.08139617332185586, 0.0163905656596235, 0.01554329595169085, 0.027565007905540596, -0.04682351565407628, -0.017005676106237516, 0.0411508872842245, 0.08308492083716196, 0.01670468019802362, 0.015745672552942836, 0.026883506005943133, -0.04868368899429654, -0.017094727726225473, 0.0434232065367295, 0.08428255220716749, 0.016746434489063145, 0.015637142387159405, 0.026223250985585915, -0.05036520551556649, -0.01715877853763083, 0.04554806782086032, 0.08512936681151155, 0.016554992024759622, 0.015296817685757745, 0.025598545155617262, -0.05188711499270886, -0.01721270290233194]","[-0.6187363002163556, 0.34167007786387993, -0.561265531124788, 0.36863705637085104, -0.5063300874796363, 0.38179236290411056, -0.45611626146308454, 0.3854272241754209, -0.41224991856018933, 0.3831441265272285, -0.37584497975955033, 0.37786485970779093, -0.3475451637104465, 0.3718721255870906, -0.328987472893178, 0.36716454216975414, -0.31933060116176537, 0.3644621929850257, -0.3161215318437248, 0.36351658397916503]","[-0.014098676823652845, 0.055025913052785924, 0.006694686768189406, -0.015844342896305874, 0.05721617027464898, 0.005697599382783025, -0.017699164499974995, 0.05948998394183569, 0.004811845521178526, -0.019841433674982478, 0.06173900627067486, 0.004041953644931873, -0.02220992564626645, 0.06397845837310134, 0.0033803020120641847, -0.024539852084610847, 0.06623445501746472, 0.0027905199424287375, -0.026828967395946757, 0.06850895048644334, 0.0022651205373245276, -0.02907836413395115, 0.07080757704101348, 0.0017992691144437245, -0.03129003214975412, 0.07314448842743237, 0.001389869972315605, -0.03346450379563093, 0.07553678015290588, 0.0010343853699845695, -0.035598788101182666, 0.07799266808504779, 0.000729561417638358]","[-0.016063809394836426, 0.051822006702423096, 0.011946290731430054, -0.0030121803283691406, 0.018870189785957336, 0.004505246877670288, -0.290478515625, 0.2887939453125, -0.015579521656036377, 0.05187197029590607, 0.011903196573257446, -0.0028276145458221436, 0.018926158547401428, 0.0045079439878463745, -0.290478515625, 0.2876953125, -0.015107139945030212, 0.05193740129470825, 0.011854469776153564, -0.0027645528316497803, 0.019026532769203186, 0.0044951289892196655, -0.2893796920776367, 0.2865966796875, -0.014693379402160645, 0.051981598138809204, 0.011791795492172241, -0.0027471184730529785, 0.019085124135017395, 0.004487544298171997, -0.290478515625, 0.2843994140625, -0.014279000461101532, 0.05201731622219086, 0.011720001697540283, -0.0026404857635498047, 0.019069403409957886, 0.004466012120246887, -0.290478515625, 0.2822021484375]",0.019679742
"[5.975461959838867, 5.995461959838867, 6.015461959838867, 6.035461959838867, 6.055461959838867, 6.075461959838867, 6.095461959838867, 6.115461959838867, 6.135461959838867, 6.155461959838867, 6.175461959838867]","[0.02619489397584902, 0.04735728016509487, 0.007642208214987556, 0.00025826591682591595, 0.03241035743402093, -0.030205295219568936, -0.013202923680883542, 0.027667523781710182, 0.05458220595174369, 0.009631035522592172, 0.0036912804342943816, 0.03173838751037661, -0.032783886690860554, -0.014119254291809375, 0.02942320887103454, 0.061010723720914734, 0.011448121299029576, 0.006734435640922913, 0.031066378087294476, -0.035499455057952975, -0.014735959427790723, 0.03146196050161079, 0.06654039565576131, 0.01303464951262443, 0.009314775594149475, 0.03038496812755966, -0.03830289621750997, -0.015031825804254178, 0.033854627996735824, 0.07112413002290283, 0.014425485719837013, 0.01133652820147836, 0.029691498400867548, -0.04104182237722702, -0.01508744413284352, 0.03655010302394481, 0.07473840005725413, 0.01560978719789423, 0.012737042040945988, 0.02898524800144866, -0.043604833112824926, -0.0150286341914938, 0.03934279697218909, 0.07748101951488699, 0.016516254203908697, 0.013605699358785904, 0.028268293427177092, -0.04596054887350091, -0.014882365420476301, 0.04209627851290326, 0.07947268116667888, 0.017113573248040716, 0.014032652076621447, 0.027548392788738035, -0.04809782581299737, -0.014672087060159583, 0.04472998602265624, 0.08085060326183305, 0.017402867635282065, 0.01410713056761593, 0.026837878202628382, -0.05002510490803419, -0.01442290103408981, 0.04720584515697929, 0.08175885604685035, 0.017409154633713193, 0.013914395632475608, 0.026151346490784624, -0.05176221954400978, -0.014158983380684413, 0.04951530648641567, 0.08233690076947339, 0.017173019072854068, 0.01353261846739895, 0.025502808161754584, -0.05332881727769065, -0.013897440228767028]","[-0.5883327533507464, 0.36325882523352276, -0.5275214730086675, 0.3924519138304627, -0.4707927107525873, 0.40665876366103504, -0.41991224076543354, 0.41052071361375403, -0.3761310872914506, 0.40793286857445826, -0.3402376194069457, 0.4020630129669137, -0.3126024394590408, 0.3953970050179214, -0.29460146563037226, 0.3901535531052844, -0.28527994077875385, 0.3871377241460807, -0.28219290986767065, 0.38607988950846267]","[-0.014988835188199934, 0.05506703936205426, 0.006798847668487262, -0.016564499864039628, 0.0572276125112543, 0.0057878062639624694, -0.01854362808180321, 0.059387863101286076, 0.004914056753133167, -0.02093329929453369, 0.06153115229715045, 0.004175090952278637, -0.023514233151261887, 0.06362992435147863, 0.0035405398678394207, -0.026082226135867193, 0.0657232155614107, 0.002981708157097085, -0.028635015663077135, 0.06781305997202924, 0.002490853521176284, -0.031173201112199678, 0.06990515336403913, 0.002063001267280651, -0.033697991912717606, 0.07201359158857423, 0.0016948779717189666, -0.03620862541988257, 0.07415556442970583, 0.0013836369537276738, -0.038699761796471166, 0.07634001599449203, 0.001125519400799746]","[-0.018909484148025513, 0.05175809562206268, 0.012117385864257812, -0.004485107958316803, 0.018865108489990234, 0.004536762833595276, -0.290478515625, 0.289892578125, -0.01657737046480179, 0.05180336534976959, 0.011976033449172974, -0.003270961344242096, 0.018880367279052734, 0.0045473575592041016, -0.290478515625, 0.289892578125, -0.016063809394836426, 0.051822006702423096, 0.011946290731430054, -0.0030121803283691406, 0.018870189785957336, 0.004505246877670288, -0.290478515625, 0.2887939453125, -0.015579521656036377, 0.05187197029590607, 0.011903196573257446, -0.0028276145458221436, 0.018926158547401428, 0.0045079439878463745, -0.290478515625, 0.2876953125, -0.015107139945030212, 0.05193740129470825, 0.011854469776153564, -0.0027645528316497803, 0.019026532769203186, 0.0044951289892196655, -0.2893796920776367, 0.2865966796875]",0.020493623
"[6.075078964233398, 6.095078964233398, 6.1150789642333985, 6.135078964233398, 6.1550789642333985, 6.175078964233398, 6.1950789642333985, 6.215078964233398, 6.235078964233399, 6.255078964233398, 6.275078964233399]","[0.02886759022375913, 0.04784266976514928, 0.008989296178033838, -1.9275352361011585e-05, 0.03284829154842002, -0.031873706136049985, -0.012481803983836822, 0.030490484212606993, 0.054763272502126065, 0.010880809605248627, 0.003247391377934896, 0.03211304295430416, -0.03460638399266175, -0.012995904740210399, 0.032418930780068335, 0.06079314615841856, 0.012551365348566407, 0.006099174134282096, 0.031377451353833005, -0.03748081036707347, -0.013180963564867226, 0.03473594585954965, 0.0658773246844005, 0.014034436291347032, 0.008439890531997883, 0.030634472268216497, -0.04033525062211259, -0.013081608318069985, 0.03739651219432909, 0.0699815746328761, 0.01531811158484797, 0.010210685012990382, 0.029878458188614745, -0.04303235501565356, -0.012796326796614623, 0.040251880969851245, 0.07311928678763491, 0.016346381301895373, 0.011410890634402914, 0.029108678696055892, -0.04550186722086336, -0.012424861156617489, 0.04311249500444907, 0.07540525628077314, 0.01706253823608513, 0.012135916556484, 0.02832939289274356, -0.04771921540215478, -0.011996063591123408, 0.04585897519435222, 0.07697021827529894, 0.017448817833560493, 0.012477065455535324, 0.027549716666535693, -0.0496799076416009, -0.011533968356981013, 0.048428181893168575, 0.07795555861462743, 0.017518576748710827, 0.012520681898539844, 0.026782629427116608, -0.051399393626480244, -0.011062442446967946, 0.05079898862104236, 0.07850497809162633, 0.01730750523706735, 0.012346105591327315, 0.026042865432189984, -0.052904637476255435, -0.010603333237916724, 0.052978374615528234, 0.07875453778889575, 0.016865152017218187, 0.012023564091015218, 0.025344272955486982, -0.05422197455513996, -0.010171632788622946]","[-0.5450558018662963, 0.39369743714354566, -0.48289717155678863, 0.4157100491218084, -0.4263075855031617, 0.42352458922699937, -0.37654404323588253, 0.42189094541190053, -0.3344167897602023, 0.41474180731708365, -0.30034274834588154, 0.4052348626601721, -0.2743928429163215, 0.395810599191429, -0.25761825763523905, 0.3887991953058333, -0.24898059273595843, 0.38488135303922155, -0.2461312210983963, 0.3835280945370393]","[-0.016041534175239347, 0.05526369173617951, 0.006968166578360968, -0.018039130459451824, 0.057335082726660325, 0.0059897981207113205, -0.020527637197701232, 0.059387413955954926, 0.005166656898686561, -0.023308973453565973, 0.06136225275936891, 0.004469919755815788, -0.02618514840797115, 0.0632545728559295, 0.0038710375259531915, -0.02904046590495113, 0.06510638866372842, 0.003350629435143304, -0.031870400757289974, 0.06692083816467331, 0.002900573592876654, -0.03467233030364747, 0.06870483707644848, 0.0025152510352546287, -0.0374444549132773, 0.07047363108051252, 0.0021904871556177596, -0.040183256610589746, 0.07224574349097646, 0.001922272530229474, -0.04288022890375476, 0.07403219635175429, 0.001705414567558794]","[-0.01759440451860428, 0.05171366035938263, 0.012019127607345581, -0.00394834578037262, 0.018786832690238953, 0.0045451819896698, -0.290478515625, 0.2909912109375, -0.01790071278810501, 0.05172821879386902, 0.012042105197906494, -0.0040644630789756775, 0.018812760710716248, 0.004547402262687683, -0.290478515625, 0.2909912109375, -0.018200352787971497, 0.05173720419406891, 0.012057512998580933, -0.0041701048612594604, 0.018836557865142822, 0.0045779794454574585, -0.290478515625, 0.2909912109375, -0.01847051829099655, 0.05174893140792847, 0.01207280158996582, -0.004287026822566986, 0.018849074840545654, 0.004572004079818726, -0.290478515625, 0.289892578125, -0.018687471747398376, 0.0517553985118866, 0.012097954750061035, -0.004371866583824158, 0.018853425979614258, 0.004571303725242615, -0.290478515625, 0.289892578125]",0.019342792999999997
"[6.15546727180481, 6.175467271804809, 6.19546727180481, 6.215467271804809, 6.23546727180481, 6.255467271804809, 6.27546727180481, 6.295467271804809, 6.31546727180481, 6.335467271804809, 6.35546727180481]","[0.03207586371206169, 0.04834777696460417, 0.010470629797135395, -8.35913797090212e-05, 0.0334839620375976, -0.03404113791220109, -0.010995157115427649, 0.033737172188471075, 0.05495313792572827, 0.01215975994683238, 0.0030903841941342706, 0.03268484146305414, -0.0368696364650537, -0.01135630471023947, 0.03574895564931773, 0.060666266116834094, 0.013661858827019736, 0.005811353538908194, 0.03188987384795554, -0.03969698616934421, -0.011462891733531159, 0.03807601303709705, 0.06544022349546613, 0.014960431376898628, 0.008031163146037103, 0.031083952646339476, -0.042387135774074804, -0.011323671803168199, 0.040574591891035836, 0.06927319598342685, 0.015991236640815903, 0.009774650914129553, 0.03025785140866637, -0.04486154998765349, -0.010956621524355115, 0.04319747101962293, 0.07210814939957952, 0.016733596426307076, 0.01095506385839061, 0.029414699916281296, -0.047061650393344104, -0.010526126179742967, 0.04577571267728357, 0.07407892294601448, 0.017149286324952804, 0.011671261666536339, 0.028561596011442116, -0.04897188082980729, -0.010059917819941998, 0.04820758388107494, 0.07532968665912618, 0.017236200005734895, 0.012015740687599665, 0.027709579584333763, -0.050595785354366804, -0.009580309309877728, 0.05044468071725308, 0.07601041401039801, 0.017020526582010278, 0.012074194800566405, 0.026872775144409198, -0.051956154227995106, -0.009108791919155902, 0.05247773351709637, 0.07626946342390098, 0.016548026826038724, 0.01192396282729821, 0.026066451462116683, -0.05308663542518077, -0.00866452258710208, 0.054322759061592146, 0.07624463363063486, 0.01587570898333626, 0.011632430279503943, 0.0253045552878121, -0.054019593859949804, -0.008259974431782904]","[-0.5246320278787433, 0.39704536628387865, -0.45938635059707406, 0.4120747675810777, -0.4009911313798865, 0.4143429312466729, -0.35036842411156155, 0.40844836821069547, -0.30802473519936324, 0.398151951364041, -0.27411703925034203, 0.38642447459248935, -0.2485021794585066, 0.3755145068138874, -0.2320378885776231, 0.36764373506762194, -0.22359493727133542, 0.36332354972995906, -0.2208177153612918, 0.36184719544709254]","[-0.0181431781097382, 0.05499131007589453, 0.007302427409198842, -0.020532626524136233, 0.057094418271636194, 0.006365825270744363, -0.02322957610494658, 0.059147144816274366, 0.005565855371450823, -0.02610518488098057, 0.06107281230009498, 0.004879626402780168, -0.02911785722123561, 0.06282530343455672, 0.004296788182381217, -0.03207876424766787, 0.06450953136199455, 0.0037939360667205158, -0.0349791917175345, 0.06612973552173074, 0.003361500416008578, -0.0378123292976521, 0.06769421028126299, 0.0029923943716871904, -0.04057284535119665, 0.06921950736604732, 0.002680899339200682, -0.04325457404129862, 0.07072530759856654, 0.002421396710693635, -0.04584723490267173, 0.07222383668089138, 0.002207091922225679]","[-0.01666293293237686, 0.05132006108760834, 0.011871695518493652, -0.003727950155735016, 0.018496781587600708, 0.004578500986099243, -0.290478515625, 0.289892578125, -0.016513340175151825, 0.05137591063976288, 0.01187160611152649, -0.003649882972240448, 0.018513083457946777, 0.004577234387397766, -0.290478515625, 0.2909912109375, -0.016411572694778442, 0.051428839564323425, 0.011882424354553223, -0.0035610124468803406, 0.01854577660560608, 0.0045778751373291016, -0.290478515625, 0.2909912109375, -0.01637076586484909, 0.051476672291755676, 0.011893004179000854, -0.003515206277370453, 0.01858055591583252, 0.004579901695251465, -0.290478515625, 0.2909912109375, -0.01639220118522644, 0.051522329449653625, 0.011898159980773926, -0.0035097822546958923, 0.018619641661643982, 0.004582583904266357, -0.290478515625, 0.289892578125]",0.021763801
"[6.257575511932373, 6.277575511932373, 6.297575511932373, 6.317575511932373, 6.337575511932373, 6.357575511932373, 6.377575511932373, 6.397575511932373, 6.417575511932373, 6.437575511932373, 6.457575511932373]","[0.032995138106005135, 0.048473974077259355, 0.010211842527947714, 0.000508512938948553, 0.033632553963201584, -0.03523263337830981, -0.009969654746682245, 0.0349281083560057, 0.05470530700930113, 0.011841532332478057, 0.003466166192347502, 0.03279355207386037, -0.03792761293271896, -0.010211836932458371, 0.03717328968770616, 0.0600225757169971, 0.01329208878608631, 0.0059570467009698366, 0.03195127004430787, -0.04056276618662591, -0.01018729992081054, 0.03961317293314725, 0.06441294627769417, 0.014494882037812346, 0.008011667453739756, 0.03109116747209886, -0.04307494261855489, -0.009842429791650287, 0.042219656836194414, 0.06780626844240009, 0.01542212004023594, 0.0095578309858176, 0.03021220144868722, -0.04539729910465781, -0.009286126179094183, 0.04496458521685984, 0.07021299088930366, 0.01608619151722563, 0.010544383911629407, 0.029320843891222057, -0.04745086270112844, -0.008665576073672049, 0.04767432148137587, 0.07177942837397175, 0.016450463175611222, 0.011080070778095872, 0.02842474927626182, -0.049221693929258084, -0.008009839878102512, 0.050243243112395766, 0.07265646835716694, 0.01651291572704767, 0.011263897258819997, 0.02753488443479592, -0.050714319654744607, -0.007342108335977751, 0.05261958127596793, 0.07299607399978345, 0.016298492429064827, 0.011185195607290789, 0.026664792362604363, -0.05195168144867403, -0.006684293640453468, 0.054791093393520555, 0.07294506946457381, 0.015850650738199176, 0.010922664614500229, 0.025828833850679245, -0.05296709713223671, -0.006055792608679858, 0.05677122223247717, 0.07263748015403135, 0.015223357111848423, 0.01054336119354233, 0.025039938033209294, -0.05379273628686189, -0.005469575186857891]","[-0.4869099938136166, 0.40335195449894334, -0.41975095752989533, 0.41978553331130336, -0.3607249652688224, 0.423375941549557, -0.3103368395162406, 0.41870096998954154, -0.26874044709704054, 0.40949455278263824, -0.23580074580555205, 0.3986976882031349, -0.21114195301718416, 0.3885320945030708, -0.19539537524681638, 0.38115711892053983, -0.18735933668986204, 0.3770966568148355, -0.18472502912162242, 0.3757066717352521]","[-0.02087573004586374, 0.054833435248347495, 0.007564294679840877, -0.02334372243089944, 0.05682617191199357, 0.006653268864731832, -0.026043236802867464, 0.0587056953576397, 0.0058701941463401575, -0.029006921836516097, 0.06038238755812664, 0.005211265341699356, -0.03210339644926252, 0.06190488103073388, 0.00466067515521873, -0.035128876154228106, 0.06334260376345568, 0.004186287593690885, -0.03807690349386572, 0.06470082855579795, 0.00377883456486261, -0.040943083093277655, 0.06598824233464518, 0.003431518727365912, -0.04372445457853358, 0.06722094761473363, 0.0031388034265034115, -0.046417176809435134, 0.06841781571556771, 0.0028951726689721013, -0.04901333196571156, 0.0695908146854114, 0.0026939638038885327]","[-0.01846861094236374, 0.051207587122917175, 0.011945098638534546, -0.004830516874790192, 0.018405288457870483, 0.004558250308036804, -0.290478515625, 0.2909912109375, -0.01826033741235733, 0.05120079219341278, 0.011946260929107666, -0.004645057022571564, 0.018414750695228577, 0.004556626081466675, -0.290478515625, 0.2909912109375, -0.01803213357925415, 0.05119547247886658, 0.011932551860809326, -0.0042997002601623535, 0.01854187250137329, 0.004467129707336426, -0.290478515625, 0.2909912109375, -0.01781211793422699, 0.051197052001953125, 0.011914312839508057, -0.004128105938434601, 0.018549367785453796, 0.004468604922294617, -0.290478515625, 0.289892578125, -0.017577700316905975, 0.05120548605918884, 0.011906087398529053, -0.004120878875255585, 0.018453270196914673, 0.004571780562400818, -0.290478515625, 0.2909912109375]",0.016254542
"[6.335115909576416, 6.355115909576416, 6.375115909576416, 6.395115909576416, 6.415115909576416, 6.435115909576416, 6.455115909576416, 6.475115909576416, 6.495115909576416, 6.515115909576416, 6.535115909576416]","[0.03333135240055175, 0.04855005382551008, 0.009667594596865487, 0.0011728620200182351, 0.033668757106256914, -0.03342317133566777, -0.01171480652023307, 0.03564400021023548, 0.05439194219448991, 0.011683312090793496, 0.0035202225885960746, 0.03279038707427209, -0.036194722227737466, -0.011698310269507753, 0.03827216103460446, 0.05932788208181417, 0.01348612076649927, 0.0054638768760807204, 0.031905346768701506, -0.039092923010415205, -0.011180512519385406, 0.04124580237898191, 0.06326871125449687, 0.015048055890463874, 0.006935545075133022, 0.03100804596416156, -0.04203267129780114, -0.01020652123962356, 0.0445800019666476, 0.06620531319733633, 0.016389358881539008, 0.0078905330419339, 0.03009942461039817, -0.044864599017039805, -0.008901739454232789, 0.048195776114573034, 0.06813063342261871, 0.01749027386342389, 0.008281009619699515, 0.02918501578738912, -0.04748886036234023, -0.0074655370829878505, 0.05185252920411155, 0.06921328087250941, 0.01828395913538555, 0.008254084757661784, 0.028271605380187005, -0.04987176044657349, -0.005945458727271898, 0.055394761852477395, 0.06961924162249553, 0.018744607289510856, 0.007937880164509598, 0.027369303525162827, -0.052001439148363894, -0.004381151681623892, 0.05873597858562544, 0.06950944178324, 0.018879457565699916, 0.007442167302654993, 0.02649085480789724, -0.05388760217403061, -0.0028088349685693216, 0.061842077174685206, 0.06903475968886347, 0.018719835070523612, 0.006858271837906587, 0.025649952465206807, -0.055553050766351746, -0.001260523676507037, 0.06471490778099498, 0.06832971448117903, 0.01831249705177735, 0.006259130414212225, 0.024859059735716477, -0.057021425238504245, 0.00023897926729576699]","[-0.442232777720857, 0.44711737333879115, -0.3675101545312321, 0.47831340744776774, -0.30362068817371685, 0.49232337049383434, -0.2504403612485714, 0.49456119009153526, -0.20754715405006469, 0.4895563844469736, -0.17429343368800318, 0.48099174168856706, -0.14985862196916078, 0.47176860469820897, -0.134472898965169, 0.4646456417744988, -0.1267057814444983, 0.46057703206494505, -0.12417987079644083, 0.45915154903591493]","[-0.020301945188999415, 0.0546978931354003, 0.007461671307626538, -0.022197528397619237, 0.05662827361299794, 0.006507888118259864, -0.02466735552169086, 0.05837410466700721, 0.005706719480345068, -0.02764011577049541, 0.05992449791807131, 0.005050303520188315, -0.03089871628893448, 0.06127179439290176, 0.004510002617637454, -0.034214353852649704, 0.06251689028883689, 0.0040567905423274375, -0.03758650863734325, 0.0636628628457312, 0.003683730761183668, -0.04101538620652212, 0.06471547021140989, 0.003387140172208092, -0.04450061328853405, 0.06568782693966924, 0.0031648900241609823, -0.04803808182236691, 0.06659671151023261, 0.0030147399861553126, -0.05161572742874165, 0.06745378932963586, 0.0029327318677885295]","[-0.018904171884059906, 0.05118544399738312, 0.011953473091125488, -0.00523173063993454, 0.01835528016090393, 0.004534199833869934, -0.290478515625, 0.2909912109375, -0.018944665789604187, 0.05121295154094696, 0.011966437101364136, -0.005177192389965057, 0.01839965581893921, 0.004555255174636841, -0.290478515625, 0.2909912109375, -0.018973857164382935, 0.05122429132461548, 0.011977136135101318, -0.005114056169986725, 0.018425747752189636, 0.004561170935630798, -0.290478515625, 0.2909912109375, -0.018979236483573914, 0.05122457444667816, 0.011985540390014648, -0.005074404180049896, 0.0184202641248703, 0.004556909203529358, -0.290478515625, 0.2909912109375, -0.01894845813512802, 0.051225319504737854, 0.011985808610916138, -0.005044281482696533, 0.018413588404655457, 0.004557028412818909, -0.290478515625, 0.2909912109375]",0.025958847
"[6.436035394668579, 6.456035394668579, 6.476035394668579, 6.496035394668579, 6.516035394668579, 6.536035394668579, 6.556035394668579, 6.576035394668579, 6.596035394668579, 6.616035394668579, 6.636035394668579]","[0.033291242422504946, 0.04854713824304954, 0.010455540814933674, 0.0007592701030438923, 0.03350211926946679, -0.033834521589488506, -0.011171330081127102, 0.03592362816533533, 0.053972264921527326, 0.012422624197492809, 0.002890285873937534, 0.032578548233843624, -0.03677069477108086, -0.01068996049099617, 0.038904166746658295, 0.05842737155006524, 0.014153427778407342, 0.004594803052275706, 0.03165003882745869, -0.03983631643624678, -0.009707570017674253, 0.042277039388571386, 0.0618893818599803, 0.015663982678265125, 0.005834623467816847, 0.03071195999091893, -0.042891364989470285, -0.00827826655905984, 0.04598217006818336, 0.06433649341486919, 0.0169280187980448, 0.006577390838255874, 0.029765848793829385, -0.04581787358517994, -0.006553243981733227, 0.04993092486446356, 0.06580139555974089, 0.01793679908373679, 0.006801714708812366, 0.028818496318377334, -0.04850370363774506, -0.004728627662819035, 0.05387231726793249, 0.06646259677944916, 0.01862378769912381, 0.0066633200488924755, 0.027876674457630306, -0.05091507865028819, -0.0028557160096192675, 0.05764799801056802, 0.06649009206730302, 0.018965444120482348, 0.006292977289464928, 0.02695018282015459, -0.05304152276464152, -0.0009760029350323747, 0.061174518667585005, 0.06604403051730437, 0.018972676772429715, 0.005798216096834231, 0.026051201799151946, -0.05489575931705679, 0.00087481838314853, 0.06442488473757096, 0.06527105623048057, 0.018681302073828863, 0.005264469377709164, 0.025192738855166215, -0.05650475743311293, 0.0026668010972655787, 0.06741021747922, 0.06429943621129645, 0.01814287740275465, 0.004756349344824613, 0.02438659214804307, -0.057896674932273504, 0.004377304899895074]","[-0.3953061080355655, 0.4712578895676088, -0.32026758857628035, 0.5017302540183902, -0.2574190417563263, 0.51400926203594, -0.20609915137628343, 0.5139832602531089, -0.16544026452191393, 0.5065499139843745, -0.13443555851891836, 0.4956676046990651, -0.11198714802942177, 0.4844361073240029, -0.0980081159535216, 0.4759169892795214, -0.0910113195480023, 0.4710969053649168, -0.08874986845954932, 0.46941662149840574]","[-0.019406456973631858, 0.054319819662584035, 0.007358470265308448, -0.02177740112924309, 0.056062759164348996, 0.0064544930447523186, -0.024763164602467524, 0.057619778333615645, 0.005712258515341517, -0.028218654144885114, 0.05893399453753556, 0.005111657018984417, -0.03196173784658818, 0.06004622966624229, 0.004632444043330075, -0.03575425485968131, 0.06104078525378753, 0.004242626686755013, -0.039593257014103767, 0.061920285884330184, 0.003936029433314836, -0.0434762362096609, 0.06269001015033915, 0.0037097435238204746, -0.04740057049408353, 0.06336270727091087, 0.003562183532227259, -0.05136011029120724, 0.06395539694908514, 0.0034912425400133174, -0.055340076947864913, 0.06448120993396778, 0.00349251775749293]","[-0.020007997751235962, 0.049469590187072754, 0.011636435985565186, -0.006402455270290375, 0.017343759536743164, 0.004283130168914795, -0.290478515625, 0.2909912109375, -0.01966708153486252, 0.04972636699676514, 0.011680811643600464, -0.0061922818422317505, 0.0174139142036438, 0.004274800419807434, -0.290478515625, 0.2909912109375, -0.01937580108642578, 0.049955934286117554, 0.011721372604370117, -0.005805909633636475, 0.017656072974205017, 0.004260733723640442, -0.290478515625, 0.2909912109375, -0.019152045249938965, 0.05014894902706146, 0.011743128299713135, -0.005624301731586456, 0.01773315668106079, 0.004397526383399963, -0.2893796920776367, 0.2909912109375, -0.01896025985479355, 0.05036953091621399, 0.011776715517044067, -0.00528426468372345, 0.01798291504383087, 0.004356741905212402, -0.290478515625, 0.2909912109375]",0.022924589999999998
"[6.535343885421753, 6.5553438854217525, 6.575343885421753, 6.5953438854217525, 6.615343885421753, 6.635343885421753, 6.655343885421753, 6.675343885421753, 6.695343885421753, 6.715343885421753, 6.735343885421753]","[0.03340383431270963, 0.04854540702775004, 0.009716496258630683, 0.0015582559393947685, 0.03335109993657199, -0.034272940489909545, -0.010854706281913703, 0.03627609147615603, 0.05353521354207736, 0.011641623662912725, 0.0033659217151759528, 0.03239999910677428, -0.03706459243963944, -0.010284632586868521, 0.03950122901938816, 0.057565846697803194, 0.01337116160188999, 0.004738555816380859, 0.03143949711568557, -0.03993992223272827, -0.009168518990229116, 0.04306679633719207, 0.06058895592025937, 0.014868555596510577, 0.005661369790083848, 0.03046275237832623, -0.042830577703309156, -0.007529052778030929, 0.04692105295394733, 0.06261240652657434, 0.01610636355630684, 0.006146438064439005, 0.029473640160481734, -0.0456437312730593, -0.005473432585220175, 0.051099699378922, 0.06360780012220742, 0.017127971865906467, 0.006079718390555065, 0.02848407985330636, -0.048243870677198056, -0.003288886161282036, 0.05532822730973621, 0.06378332525046637, 0.017862752861349588, 0.005642206275667999, 0.027502659787063802, -0.050595038768027706, -0.0010334264457071483, 0.0594286891965336, 0.06332941583035721, 0.01828208370201768, 0.004984169723667755, 0.026540041940881956, -0.052684188923419584, 0.001245543225785219, 0.06330139570577567, 0.06241887539293552, 0.018391038050823295, 0.004227405958177758, 0.025608510602828087, -0.05452073856095467, 0.003506933928192292, 0.06690612929959676, 0.061204833881879805, 0.018219203860713372, 0.003467049773225586, 0.02472064792817459, -0.05612805389304785, 0.00571572553985584, 0.07024361223160877, 0.05981756918248042, 0.0178118868117022, 0.002773590554052803, 0.02388755703046105, -0.05753118561916936, 0.007844321747768921]","[-0.3608390918335175, 0.4747580643818162, -0.2781425149809651, 0.5113133372024553, -0.21025874222768337, 0.5286750864446994, -0.15589896477788823, 0.5328042224912612, -0.11363421657206384, 0.5286798868353844, -0.08197550176024657, 0.5203422817539358, -0.059421787818535445, 0.5109766002367035, -0.045552988276285324, 0.5036238127784674, -0.03867914250912491, 0.499386890488871, -0.036473536385725217, 0.4978944721673357]","[-0.021614400647057885, 0.05420276485843267, 0.007471677515260566, -0.023914777558223688, 0.05589412797959925, 0.006586638735243788, -0.026762506400955566, 0.057318438837201224, 0.005852567199025938, -0.030133932198768365, 0.05844293596220185, 0.005264957191868369, -0.03392619198193858, 0.05927639548275643, 0.004812414892030326, -0.03777527327587571, 0.059966665888973036, 0.004449341323954137, -0.041681705578412664, 0.06051850279521975, 0.004169396530373959, -0.045646785857441086, 0.06093792025009215, 0.003970329173617948, -0.04967126917111042, 0.061237109948722335, 0.003851674027520069, -0.05375176881113952, 0.06143203593666868, 0.0038127222838131303, -0.05787580042506857, 0.061535431689552667, 0.0038506736826944277]","[-0.02576512098312378, 0.04592818021774292, 0.011369258165359497, -0.00992601364850998, 0.015571430325508118, 0.004025653004646301, -0.290478515625, 0.2909912109375, -0.025093086063861847, 0.04632444679737091, 0.011381387710571289, -0.009551793336868286, 0.015750378370285034, 0.004012987017631531, -0.290478515625, 0.2909912109375, -0.024426229298114777, 0.046718940138816833, 0.011407703161239624, -0.009055636823177338, 0.016032353043556213, 0.003972962498664856, -0.290478515625, 0.2909912109375, -0.02378777414560318, 0.047111883759498596, 0.011429578065872192, -0.008502520620822906, 0.01631055772304535, 0.0040087103843688965, -0.290478515625, 0.2909912109375, -0.023146353662014008, 0.04749153554439545, 0.011467695236206055, -0.007970817387104034, 0.016543880105018616, 0.004096895456314087, -0.290478515625, 0.2909912109375]",0.022226274999999997
"[6.595472812652588, 6.6154728126525875, 6.635472812652588, 6.6554728126525875, 6.675472812652588, 6.6954728126525875, 6.715472812652588, 6.735472812652588, 6.755472812652588, 6.775472812652588, 6.795472812652588]","[0.03342139581540916, 0.0485435928298671, 0.009479636182877619, 0.0017650304004966227, 0.03334633726737568, -0.03390905111054433, -0.011148815368765858, 0.0365713740743284, 0.05307696500918286, 0.011486065845183467, 0.0031697796977074497, 0.03234351881015761, -0.03663439932697887, -0.010337225229862905, 0.040034934543132214, 0.05665412269236213, 0.013275003080196142, 0.004170613511063276, 0.03133132062930995, -0.03950230634800486, -0.008918850920733978, 0.043806712924095395, 0.05926609931706188, 0.014809437671574697, 0.004797993054471011, 0.030307045877954648, -0.042461676147741746, -0.006886299602842138, 0.04795715583102812, 0.0608677650275279, 0.016116709960478027, 0.0049712046485312945, 0.029279823912580452, -0.04538184246535304, -0.0044441974766133655, 0.05247693680241908, 0.06148226187385753, 0.017232929783771125, 0.004626322979956608, 0.028261108489019467, -0.0481119838060621, -0.0018628655712792995, 0.05706818119030177, 0.06132126790188779, 0.018076449203998528, 0.003955755647010324, 0.027258193839389804, -0.05060970694664341, 0.0007928540263208771, 0.061535882524138004, 0.06057471968571888, 0.01860940282927749, 0.0031165929316268595, 0.02628036335171859, -0.052856542613737095, 0.003469791958426958, 0.065768793406268, 0.05941171838066164, 0.018829346754658353, 0.002233406659478655, 0.025338473512409154, -0.054857365697409954, 0.0061224816604365405, 0.0697197165570695, 0.05797948537986781, 0.01875999845133974, 0.0014007817543191829, 0.024443739902936176, -0.05663189133079357, 0.008712508399593512, 0.07338598193045354, 0.05640129390718464, 0.01844233768172801, 0.0006860955818293559, 0.023606096710486607, -0.058202408357949695, 0.011209043541675796]","[-0.3198365194935002, 0.4897382800853362, -0.23716093829265333, 0.5316961774430649, -0.1702468430184932, 0.5529090904072917, -0.11742450689338929, 0.5596411899682701, -0.07694727113473854, 0.5571485013160851, -0.04706609770491501, 0.5497226153860997, -0.02607483218188637, 0.5407760556150265, -0.013311602957784614, 0.5335672837721687, -0.007043189973191465, 0.5293561425884808, -0.00504563265091189, 0.5278607683461377]","[-0.021733125348402993, 0.054161871665483474, 0.0074644785668400715, -0.023887440334896426, 0.05571091336637757, 0.0065782265558378406, -0.026689995861058913, 0.05697087932357192, 0.005850384980566226, -0.0301815608034266, 0.057886367224882385, 0.005282841471252908, -0.03411406507818371, 0.058529780173214085, 0.00485083161131783, -0.038139567631640836, 0.05902063805933366, 0.004509258318558196, -0.042260142456420846, 0.05936323277735145, 0.00425354624039187, -0.046478208909243146, 0.05956234564351881, 0.0040835843557198714, -0.050795137123042955, 0.05962851786722467, 0.004001235944336212, -0.055207372163970314, 0.059576483759822274, 0.004008123262903673, -0.05970102947738565, 0.059419146227561725, 0.004103557498971178]","[-0.03021707385778427, 0.043226927518844604, 0.01132473349571228, -0.012700088322162628, 0.014112859964370728, 0.003918856382369995, -0.290478515625, 0.289892578125, -0.029809318482875824, 0.04350493848323822, 0.01133832335472107, -0.012310422956943512, 0.014324188232421875, 0.003949061036109924, -0.290478515625, 0.2909912109375, -0.029330380260944366, 0.043807461857795715, 0.011338412761688232, -0.011932961642742157, 0.014490887522697449, 0.003960207104682922, -0.290478515625, 0.2909912109375, -0.028883442282676697, 0.04407934844493866, 0.011333078145980835, -0.011640027165412903, 0.014601245522499084, 0.003972575068473816, -0.290478515625, 0.2909912109375, -0.02832924574613571, 0.04440528154373169, 0.011340409517288208, -0.011402972042560577, 0.01479126513004303, 0.0040079206228256226, -0.290478515625, 0.2909912109375]",0.024158025
"[6.715492486953735, 6.735492486953735, 6.755492486953735, 6.775492486953735, 6.795492486953735, 6.815492486953735, 6.8354924869537355, 6.855492486953735, 6.8754924869537355, 6.895492486953735, 6.9154924869537355]","[0.03343665476613639, 0.04847517562108101, 0.009589828692467259, 0.002562569078779616, 0.03261265848911447, -0.0340551698897759, -0.010025482085676836, 0.0370460642590172, 0.05249430151843096, 0.011614990336396552, 0.003688833688701475, 0.0316100508715213, -0.03702268004485132, -0.008881298729114737, 0.04098713334188231, 0.055573061550097884, 0.013403872012787208, 0.00444082932558832, 0.030598987688490724, -0.040160107229656294, -0.007038807232300504, 0.04535476224726055, 0.05764033269851059, 0.014982908197898662, 0.004744010639083751, 0.02957905186451974, -0.0433117872106372, -0.004624616640514868, 0.050155180478574354, 0.05869481112727867, 0.016390413188105343, 0.00454982856730988, 0.028552886393145276, -0.046285474988290734, -0.0018628433438541928, 0.05516876452123342, 0.05876791190073664, 0.017538932993935264, 0.0038853795396910445, 0.02752789390568262, -0.04902212206714104, 0.0010196758087993164, 0.06012294522069327, 0.05808512281171908, 0.01836193346387338, 0.002947732104685514, 0.02651405066070799, -0.051486885592619776, 0.003958543444347762, 0.06484716304365269, 0.05684471603379347, 0.018835464657615042, 0.0018950039297482965, 0.0255225870044617, -0.053668207457697896, 0.00690135160276094, 0.06925341359988955, 0.05521960181979496, 0.018969619578966364, 0.0008498557866101623, 0.024565679785157418, -0.055578015299755354, 0.009804345156554484, 0.07331600473760023, 0.05335733756596455, 0.01879908803931403, -9.722126481144326e-05, 0.02365539982427929, -0.057242984958062605, 0.012631273683151279, 0.07705137306170098, 0.051379174623758773, 0.018374157614675552, -0.0008844085828940109, 0.02280221969178915, -0.05869155011880081, 0.015352893174919632]","[-0.2650273673198934, 0.5382072409458507, -0.18134971069442385, 0.5711887008458972, -0.11453638554888916, 0.5846448941050529, -0.06252748008746517, 0.5848643063353037, -0.023250237991593394, 0.5770598059941563, 0.00531215546670447, 0.5654490035015605, 0.02507877388420114, 0.5533519138183127, 0.036950389065477804, 0.5441318738107688, 0.042721499894065304, 0.538897082438776, 0.04454631225530642, 0.5370670259642425]","[-0.022955756947576567, 0.052524240457016536, 0.00731560621899785, -0.025524378330962216, 0.053965207981709895, 0.0065173106649605295, -0.02886208387877809, 0.05507462311326261, 0.005887245997576507, -0.03276788290722443, 0.05583965048587469, 0.005403741656769601, -0.03691180805432348, 0.05629271655893575, 0.0050248470793552436, -0.041139922865870426, 0.05657963748824235, 0.004734233431054946, -0.04545795418132059, 0.056702505876139675, 0.004530496163697162, -0.049870351767966614, 0.05666372119148688, 0.004415931234874826, -0.054380045045771874, 0.0564718663742072, 0.004394193068725016, -0.05898456858779588, 0.05614059537472649, 0.00446812574207911, -0.06366993292896161, 0.05568292294004751, 0.0046376210639520465]","[-0.031902603805065155, 0.042078495025634766, 0.011297613382339478, -0.013966046273708344, 0.013432040810585022, 0.0039011090993881226, -0.290478515625, 0.2909912109375, -0.03192891925573349, 0.04205942153930664, 0.011289030313491821, -0.013982288539409637, 0.01344115287065506, 0.0038985013961791992, -0.290478515625, 0.2909912109375, -0.031914643943309784, 0.04206325113773346, 0.011291176080703735, -0.0139499232172966, 0.01344793289899826, 0.003895998001098633, -0.290478515625, 0.2909912109375, -0.03187002241611481, 0.04209230840206146, 0.011301994323730469, -0.01387779414653778, 0.013452455401420593, 0.0038929283618927, -0.290478515625, 0.2909912109375, -0.031780801713466644, 0.04215896129608154, 0.011312812566757202, -0.013720780611038208, 0.013502873480319977, 0.0038826167583465576, -0.290478515625, 0.2909912109375]",0.021429166
"[6.815997838973999, 6.835997838973999, 6.855997838973999, 6.875997838973999, 6.895997838973999, 6.915997838973999, 6.935997838973999, 6.955997838973999, 6.975997838973999, 6.995997838973999, 7.015997838973999]","[0.03355712855876104, 0.04840803467316359, 0.008370882305915175, 0.005892886789182809, 0.031056173238812525, -0.03453361381522229, -0.008338957531745031, 0.03756190225673277, 0.051910594796803954, 0.010363816773947163, 0.00674451841099204, 0.03012326570026942, -0.037461997523669646, -0.00731636676452521, 0.041951578377183114, 0.05444436934679165, 0.012180033663871489, 0.00710043506661803, 0.029177916274475982, -0.04046779330931915, -0.005649238900533893, 0.04676397448537546, 0.05598132804184907, 0.013850256773772303, 0.006928803073673833, 0.028213110735495928, -0.043377508667039794, -0.003440059089954201, 0.05180435952637137, 0.05652635585765317, 0.01527510120840089, 0.0062886586429777395, 0.0272297364541404, -0.046133979374573, -0.0008240165727922811, 0.05698746673033477, 0.056111750710026546, 0.016438318907601123, 0.005171080310047442, 0.02624018503451124, -0.04865596513232991, 0.001962480205778201, 0.06207091320559515, 0.05496115916998395, 0.017285042610220472, 0.0037734647991795127, 0.025256005671878853, -0.05091611493128479, 0.004859837666077488, 0.06690444063119863, 0.05327205466676295, 0.017798642441028755, 0.002257346050570258, 0.024289588446348452, -0.05290781769359739, 0.0078178594907076, 0.07141213633133732, 0.051217234648060286, 0.017992815801988242, 0.0007511310395515024, 0.023353916560544623, -0.0546454805788293, 0.010792375072080357, 0.07557406966414167, 0.04894447811061556, 0.017902892948747917, -0.0006474292409487389, 0.022461560189168818, -0.056156421725236536, 0.013744612886200245, 0.07940802050992396, 0.04657529039935282, 0.01757757863630408, -0.0018684971375156458, 0.021623249198026148, -0.057468841084855365, 0.016641490088751376]","[-0.21854138858190422, 0.5542188446673997, -0.13492591567767126, 0.5825749250731843, -0.06772868691295822, 0.5935104497280315, -0.01509253529737597, 0.5927153212912604, 0.024899838848615866, 0.5848979114517806, 0.054152704161328245, 0.5738549027177008, 0.07451112822267197, 0.5625650900984489, 0.0867873181884749, 0.5540269391355791, 0.09277216012746202, 0.5491991533376637, 0.09466779982799602, 0.5475154062653784]","[-0.028709642536199897, 0.04922931357055482, 0.007325505430783252, -0.031306763887098854, 0.050712052340998515, 0.006622424163451157, -0.03443593104363951, 0.05189494029677766, 0.0060597712308156915, -0.03788838553826679, 0.05271850917595167, 0.0056030494049399415, -0.04161811595193532, 0.05323599595837125, 0.00524920868450085, -0.04541005817432331, 0.05357672676900016, 0.004968077668698889, -0.049280826196854144, 0.05373892310591, 0.0047616811317903185, -0.05324495633304471, 0.05372033865105319, 0.004634310342859216, -0.057314297961415406, 0.05352432666038309, 0.004590970675457662, -0.06149435806771231, 0.05315901920779664, 0.004635856973843833, -0.06577879652383745, 0.052632085720604405, 0.004770728283162828]","[-0.031852349638938904, 0.04213365912437439, 0.011301130056381226, -0.013936430215835571, 0.013444080948829651, 0.003898024559020996, -0.290478515625, 0.2909912109375, -0.031902603805065155, 0.042078495025634766, 0.011297613382339478, -0.013966046273708344, 0.013432040810585022, 0.0039011090993881226, -0.290478515625, 0.2909912109375, -0.03192891925573349, 0.04205942153930664, 0.011289030313491821, -0.013982288539409637, 0.01344115287065506, 0.0038985013961791992, -0.290478515625, 0.2909912109375, -0.031914643943309784, 0.04206325113773346, 0.011291176080703735, -0.0139499232172966, 0.01344793289899826, 0.003895998001098633, -0.290478515625, 0.2909912109375, -0.03187002241611481, 0.04209230840206146, 0.011301994323730469, -0.01387779414653778, 0.013452455401420593, 0.0038929283618927, -0.290478515625, 0.2909912109375]",0.022881439000000003
"[6.895236968994141, 6.91523696899414, 6.935236968994141, 6.95523696899414, 6.975236968994141, 6.99523696899414, 7.015236968994141, 7.03523696899414, 7.055236968994141, 7.07523696899414, 7.095236968994141]","[0.03366179819440026, 0.048306437900444636, 0.0071262590881055275, 0.009073410510889172, 0.029906975099924793, -0.03428926315488422, -0.008316290605894703, 0.03811528382521513, 0.05124828467087225, 0.00924007820180686, 0.009339279790469458, 0.02901432526328802, -0.037105134988393185, -0.007438447056092589, 0.042971187075686756, 0.05322805310537761, 0.011240125012932598, 0.009036930047411526, 0.028098072487468, -0.03993077851904775, -0.005873622919816864, 0.048081648834272114, 0.05421782943233539, 0.013018717862020896, 0.008244458344323117, 0.02714964981660644, -0.04273595624757179, -0.0036274987196672067, 0.053398858087593606, 0.054218608697858967, 0.014547118585535996, 0.006986084623266786, 0.026176224379419452, -0.04543993415474802, -0.0008499772766926123, 0.058904604492617196, 0.053246208238137104, 0.01583937922561581, 0.005226395438180682, 0.025193227332134503, -0.04794457159602566, 0.002188707067167876, 0.06434863666363982, 0.051535163089765204, 0.01683689893702769, 0.0031825601428935434, 0.02421332263295419, -0.05022018380417059, 0.005423035654702415, 0.0695710887271563, 0.04929188144255943, 0.01751789274801855, 0.001034962747963623, 0.023249635852993222, -0.05225694138199122, 0.008795302596214624, 0.07448551056415371, 0.046696108630880834, 0.017889973259831646, -0.0010707105717368216, 0.022315579830395824, -0.05406490551122385, 0.012252046493863609, 0.07906140348613747, 0.043900625035456, 0.017981984894643723, -0.0030215531531063494, 0.021423903639130812, -0.0556664354931324, 0.01574390507689043, 0.08330684640507961, 0.04103013549781016, 0.01783622473181865, -0.004735084234259864, 0.020585344651615177, -0.0570850026028913, 0.019226608711519676]","[-0.17065624116161487, 0.5679406433832633, -0.08217129510596616, 0.6006052241624155, -0.01100776256871881, 0.6156979388863904, 0.044734964056220995, 0.6186929493134341, 0.08705692641319931, 0.6141601110396901, 0.11797165931331603, 0.6058197240803447, 0.13945124367837053, 0.5966275640943477, 0.1523759324269226, 0.589446803884589, 0.1586627092466616, 0.5853128257496523, 0.16064946696255494, 0.5838556882301623]","[-0.03303428733446323, 0.0467143149682574, 0.00738882787013706, -0.03517167292508672, 0.04836135745347203, 0.006684673174810474, -0.037681726366250334, 0.049664523772715796, 0.006094075039078994, -0.040660573387806265, 0.05058471721686919, 0.005628044883007721, -0.04400711577578709, 0.05115914826109691, 0.005269439459627989, -0.04745859006871933, 0.05152791458099504, 0.0049779072078073305, -0.05104189476463861, 0.051685776193862054, 0.004757701296941974, -0.054781031686398585, 0.05162549101014502, 0.004615174471382488, -0.05869549072543889, 0.05134450555294201, 0.004557739958631402, -0.06279648877989608, 0.050844982887620294, 0.004592750011113811, -0.06708186686500328, 0.050129520174426734, 0.0047260951400796]","[-0.031884193420410156, 0.04234795272350311, 0.011331737041473389, -0.014431603252887726, 0.013351552188396454, 0.00393405556678772, -0.2805908203125, 0.2909912109375, -0.03171072155237198, 0.042467743158340454, 0.011349141597747803, -0.014367684721946716, 0.01339741051197052, 0.003933846950531006, -0.281689453125, 0.2909912109375, -0.03153551369905472, 0.042584821581840515, 0.011354237794876099, -0.014298409223556519, 0.013448499143123627, 0.0039339810609817505, -0.28388671875, 0.2909912109375, -0.031349100172519684, 0.04270532727241516, 0.011338889598846436, -0.014174483716487885, 0.013520941138267517, 0.00393126904964447, -0.2871824264526367, 0.2909912109375, -0.031214311718940735, 0.04279790818691254, 0.011340051889419556, -0.014037735760211945, 0.013586267828941345, 0.003923147916793823, -0.2893796920776367, 0.289892578125]",0.017474815
"[6.99511194229126, 7.015111942291259, 7.03511194229126, 7.055111942291259, 7.07511194229126, 7.095111942291259, 7.11511194229126, 7.1351119422912594, 7.15511194229126, 7.1751119422912595, 7.19511194229126]","[0.03375929292890481, 0.04825109665632003, 0.006493034064250559, 0.010905337930867473, 0.029219873270516037, -0.03389588772553162, -0.009281748574270308, 0.03873200115393652, 0.0506243936933284, 0.008801619461690658, 0.010451514658198656, 0.02832634480516674, -0.03665319759764653, -0.008315655407354416, 0.043963686656495304, 0.05202259652107063, 0.010913173575058261, 0.009481570136260338, 0.027394395733567587, -0.039487982883364164, -0.006466410704024204, 0.04945559177426243, 0.05240135257320651, 0.012793034943219518, 0.008035993695291364, 0.026419287638550653, -0.042328932205127276, -0.0037572251580763267, 0.055227460689846596, 0.051736097393083255, 0.014447691204582445, 0.00610819343795931, 0.025409607168851604, -0.04506528088298753, -0.00038935754068201566, 0.061231447758865847, 0.050019108626103384, 0.015863936188069243, 0.0036595891637371284, 0.02438375079864551, -0.047619823749327155, 0.0033154207805253725, 0.06719606358156163, 0.04752552647397263, 0.016981756128972268, 0.0009446891080473945, 0.023357991297218265, -0.049959860347383096, 0.007278192537693614, 0.0729448995676649, 0.04449164767964214, 0.01777752024494239, -0.001826434473076457, 0.022347892820735436, -0.05207248817943874, 0.011428256060506244, 0.07837919654008427, 0.04111782750250936, 0.018256747951767432, -0.004485694371907007, 0.021368362278078007, -0.05396469806810413, 0.015699497734821044, 0.08345990505591461, 0.037569762657327026, 0.018446154123992527, -0.006904507218154076, 0.020432928862255832, -0.055655991261756896, 0.02003018782224775, 0.08818977745991535, 0.0339790666096788, 0.01838606879572902, -0.008990715456568979, 0.0195526340081927, -0.057167412942996175, 0.024363775462861365]","[-0.11421772701534315, 0.5937319760366656, -0.01435273242028682, 0.6307187160635445, 0.06482160139166354, 0.6491573518222968, 0.12589367472794677, 0.6546457665496372, 0.17150351998129398, 0.6518831936992047, 0.20424150331814261, 0.6447255751827188, 0.2265878067746018, 0.6362703579739759, 0.23982967429998606, 0.6294812502127394, 0.246186965708659, 0.6255139212362366, 0.24817509545345107, 0.624103029973657]","[-0.034774067334404024, 0.04565214325008293, 0.007298425508958317, -0.0364389887784049, 0.04742190110020683, 0.00655945858804019, -0.03868532240891409, 0.04876708057501267, 0.005967386232863525, -0.041538695789063884, 0.0496152200255211, 0.005514495711000045, -0.04482370260948865, 0.05001168092321473, 0.005168907312425475, -0.04828216571221633, 0.05015313340711547, 0.0048930692924660235, -0.05194700375878225, 0.05003398963057659, 0.00469169576110362, -0.05584705128979606, 0.04964416644979863, 0.00457303328839842, -0.060004945465889636, 0.0489769903465036, 0.004547939636003306, -0.06443308531991554, 0.048030696310717325, 0.0046287181790716225, -0.06912832227281651, 0.04680560920389265, 0.004827425846920086]","[-0.03322511911392212, 0.041549235582351685, 0.011203527450561523, -0.01514490693807602, 0.012995198369026184, 0.004041716456413269, -0.24873046875, 0.2909912109375, -0.033118583261966705, 0.04154576361179352, 0.01128491759300232, -0.015138499438762665, 0.01288016140460968, 0.003982231020927429, -0.255322265625, 0.2909912109375, -0.03298730403184891, 0.04158659279346466, 0.011328160762786865, -0.015057824552059174, 0.012944549322128296, 0.003983944654464722, -0.2652099609375, 0.2909912109375, -0.032831668853759766, 0.04168321192264557, 0.011331915855407715, -0.014950886368751526, 0.013027317821979523, 0.003968670964241028, -0.272900390625, 0.2909912109375, -0.032668888568878174, 0.041812166571617126, 0.011344879865646362, -0.014881648123264313, 0.013072699308395386, 0.003957599401473999, -0.2794921875, 0.2909912109375]",0.022823830000000003
"[7.005473852157593, 7.025473852157592, 7.045473852157593, 7.065473852157592, 7.085473852157593, 7.105473852157592, 7.125473852157593, 7.1454738521575925, 7.165473852157593, 7.1854738521575925, 7.205473852157593]","[0.03376044240412667, 0.0482505562547012, 0.006483390332622189, 0.010921012681695581, 0.029210429699184495, -0.033852372717979654, -0.009413526930011636, 0.03917918262737385, 0.05005868904556893, 0.008850273511377448, 0.009992648576170333, 0.028262525399806702, -0.03674062438655781, -0.008030521743329317, 0.04482573581481711, 0.050947057436763615, 0.011006611890134787, 0.008611701519578628, 0.02728691248486174, -0.039713950856722496, -0.0057625398519996415, 0.05074139997371464, 0.050875333225465294, 0.012956585047190824, 0.006791790466644003, 0.026280215157227817, -0.042644329386461496, -0.002697121393840137, 0.05689270655126044, 0.049819848918875774, 0.014686170461761294, 0.004533109765318183, 0.025248767415589138, -0.045420490357563674, 0.0009388898762355545, 0.06313948052307536, 0.04782242871224064, 0.016141312160961065, 0.0018750374173848456, 0.024207694185765544, -0.04799267400618804, 0.004883857416344443, 0.06923895191904103, 0.045140247329936066, 0.017270084023099215, -0.0009427462526259878, 0.02317208780403829, -0.05033229185158766, 0.009058405672914494, 0.07503959542770254, 0.041992215883890335, 0.01805572992826609, -0.0037255513320549535, 0.022156321923179515, -0.05242982980044363, 0.013391537779120036, 0.08046441967573585, 0.038561891808136045, 0.018509601191147834, -0.0063209826126938715, 0.021174072483600266, -0.05429561714994943, 0.01781825165423566, 0.08549333327030761, 0.03499913234833653, 0.01866330831025876, -0.008616005975735103, 0.020237703789826388, -0.05595249833037085, 0.02227887136963741, 0.09014523543322277, 0.031421267385314505, 0.018561245084169536, -0.010533412265110875, 0.019357293077868973, -0.05742457756143544, 0.026718560100246622]","[-0.06793063203770214, 0.6243058447830365, 0.02337123825799277, 0.6537962322194455, 0.09502685513276413, 0.6660464789890979, 0.14966001783516064, 0.6665109952756549, 0.18991214849458557, 0.6597406154878225, 0.21835279836674343, 0.649453526323473, 0.23742311482644793, 0.638624555518556, 0.24854790429510976, 0.6303134522944476, 0.25381586110015864, 0.6255693037133725, 0.25544570341424533, 0.6239040066468928]","[-0.034706447152391906, 0.04569836406686889, 0.007280003922952805, -0.03653161567506591, 0.04736338575496957, 0.0065727090847014225, -0.03898762970938796, 0.04859637482761858, 0.006014235527880274, -0.04198031785435086, 0.04933379720123021, 0.0055779263943902535, -0.04532112728124116, 0.04964462112117518, 0.005232521554460412, -0.048857919076667033, 0.049685848945671296, 0.004958979158396826, -0.052623627147750596, 0.04944799663891297, 0.0047639075778525, -0.056645192086683616, 0.04891831424076676, 0.004657388386646311, -0.06094287079712124, 0.048088937928409514, 0.004652296590990979, -0.06552640655209241, 0.046958813564661916, 0.0047629972559399825, -0.07038914640699623, 0.04553131011130862, 0.005003293339085779]","[-0.03515949845314026, 0.03929603099822998, 0.010753035545349121, -0.015304088592529297, 0.012715555727481842, 0.003717094659805298, -0.21796875, 0.2909912109375, -0.03465955704450607, 0.03999176621437073, 0.010854870080947876, -0.015376351773738861, 0.013009592890739441, 0.004152864217758179, -0.22565898895263672, 0.2909912109375, -0.03413069248199463, 0.04071508347988129, 0.010933399200439453, -0.014863990247249603, 0.013388529419898987, 0.003765672445297241, -0.233349609375, 0.2909912109375, -0.033658288419246674, 0.041148632764816284, 0.010811179876327515, -0.014728672802448273, 0.013636499643325806, 0.0037929266691207886, -0.235546875, 0.2909912109375, -0.033388614654541016, 0.04145409166812897, 0.0108870267868042, -0.01475977897644043, 0.013610318303108215, 0.0038304030895233154, -0.2388427734375, 0.2909912109375]",0.011460419999999999
"[7.135733366012573, 7.155733366012573, 7.175733366012573, 7.195733366012573, 7.215733366012573, 7.235733366012573, 7.255733366012573, 7.275733366012573, 7.295733366012573, 7.315733366012573, 7.335733366012573]","[0.03370156051374859, 0.04823403217874307, 0.006510353288422508, 0.010443365414193854, 0.029394309861095237, -0.03378230211413423, -0.009816558982295057, 0.03950475962204311, 0.049440656932026414, 0.008907689660163922, 0.009022850006108153, 0.028363816351237237, -0.03669039791999581, -0.007913473040796384, 0.0455582914886958, 0.049697868214461205, 0.011110993475069365, 0.007165803755887446, 0.02729892637865453, -0.039621458351892784, -0.005042983179489525, 0.05187149873269864, 0.04893883722632411, 0.013099224730363703, 0.004886930051862802, 0.026194369725681486, -0.04248037526698144, -0.0013149202870703209, 0.058335367376897304, 0.04716922585067483, 0.014807371468277953, 0.0022533541204964405, 0.025059844933365556, -0.04521615844039843, 0.003069117988233159, 0.06492358777266047, 0.044411249502576834, 0.01624070064327654, -0.0007609552857481969, 0.02391781338648267, -0.04775105849140125, 0.007760617376787475, 0.07137024818016652, 0.0409656675649942, 0.017348146097422957, -0.003885265471592678, 0.022786387307971938, -0.050054539585998564, 0.012668262952399489, 0.07750845134965431, 0.037079573629279376, 0.0181134076985331, -0.0069048595073895975, 0.021681479787592675, -0.052115545253783535, 0.017711588251220566, 0.08325236365455016, 0.03295203676515872, 0.018547995665765673, -0.009656832573231425, 0.020617133738863355, -0.05394340685333607, 0.022818884475630158, 0.08857819413922272, 0.02873870996785339, 0.018683481279530026, -0.012025402370031857, 0.019605296631860454, -0.05556058898519814, 0.02792573672002464, 0.09350481857815499, 0.024556025222384446, 0.018564114303959104, -0.013936573237140305, 0.018655245441815536, -0.056991428812418116, 0.032973141907710606]","[-0.007370922669573131, 0.6401459064637471, 0.092809374603401, 0.6725420852937376, 0.16936354880311993, 0.6865030554279402, 0.22604528173493474, 0.687793808877057, 0.2664646072986158, 0.6812331384610395, 0.2939949789406946, 0.6707618015019912, 0.31172688993748915, 0.6595427564174483, 0.3216984245161474, 0.6508682559535388, 0.32626644803342364, 0.6458957960233027, 0.3276414086319788, 0.6441455296700176]","[-0.03397839649454404, 0.046373926224280826, 0.007239784070184108, -0.03593073265122859, 0.0478186593051344, 0.00655675946541745, -0.038522529421802454, 0.048700711214582526, 0.006016998368592041, -0.04168671776341504, 0.04899319734815011, 0.005598975529951922, -0.045359781938291155, 0.04877754969358694, 0.005292853825739741, -0.04926567615587796, 0.048262984916418894, 0.0050627875164055425, -0.05343533052162319, 0.04744188448154718, 0.004917276983729124, -0.0578933275938982, 0.046301217051908594, 0.004870407663872811, -0.06265737606537969, 0.0448318771601901, 0.0049404650546316375, -0.06773417267083404, 0.04303228974614903, 0.0051478983174035875, -0.07311290051182107, 0.0409077008287797, 0.0055124635579426595]","[-0.04386037588119507, 0.02817472815513611, 0.009542196989059448, -0.018470779061317444, 0.009871087968349457, 0.004332393407821655, -0.1509521484375, 0.2909912109375, -0.04277252405881882, 0.029618218541145325, 0.009639620780944824, -0.018101945519447327, 0.010242544114589691, 0.004324674606323242, -0.1564453125, 0.2909912109375, -0.04169948026537895, 0.031045153737068176, 0.009772717952728271, -0.017780914902687073, 0.010598458349704742, 0.004293367266654968, -0.1619384765625, 0.2909912109375, -0.0406450554728508, 0.03246395289897919, 0.009884923696517944, -0.01736680418252945, 0.011121369898319244, 0.004212424159049988, -0.1707275390625, 0.2909912109375, -0.039570391178131104, 0.033844441175460815, 0.009970664978027344, -0.016999714076519012, 0.01151786744594574, 0.004178628325462341, -0.17841796875, 0.2909912109375]",0.023589036
"[7.235408067703247, 7.255408067703247, 7.275408067703247, 7.295408067703247, 7.315408067703247, 7.335408067703247, 7.355408067703247, 7.375408067703247, 7.395408067703247, 7.415408067703247, 7.435408067703247]","[0.03411787651317702, 0.046216356873505185, 0.00578402151242257, 0.010179396964940008, 0.02880885723669681, -0.033400716877301735, -0.007382228736115868, 0.04032069125879961, 0.046933035535446116, 0.008264155007627772, 0.008581607237542886, 0.027757177994208824, -0.036231328221360895, -0.0052260011777566975, 0.046724207932625675, 0.046730850383521205, 0.010555963140189969, 0.006556499345116882, 0.026676097901968742, -0.0390746871989895, -0.0022018256123913756, 0.05324898614941684, 0.04559702582604176, 0.012587812015563592, 0.004192568243692318, 0.025563432165788602, -0.04188827877972408, 0.0016279604776659978, 0.05989025622852322, 0.04353630252775664, 0.014355654263682509, 0.0015072989929651606, 0.024431802063036155, -0.04458296030120608, 0.006029292358000772, 0.06658803033176186, 0.040599963501065275, 0.015852155786947864, -0.0014883386904345657, 0.023301018933362526, -0.047086252239892074, 0.010696990937397888, 0.07309363284413756, 0.03706646696587376, 0.017026839031471404, -0.0045409836826582825, 0.022187027389819113, -0.04936886159902207, 0.015544881169802184, 0.07925398466656045, 0.0331623449053621, 0.017862895293048433, -0.007452119272225735, 0.02110377524464971, -0.051420227304772914, 0.020497479853254747, 0.08499428687201055, 0.029068071868587137, 0.018370577720805654, -0.010073582615050118, 0.02006352917651197, -0.05324964300856814, 0.0254885568344524, 0.09029946269709796, 0.024922991905129813, 0.018579748717804795, -0.012302559624014445, 0.019076716244465226, -0.05487923204320548, 0.030459394305567006, 0.0951951417717955, 0.020829843922552167, 0.018532759028512025, -0.014076031616116848, 0.01815143136323799, -0.05633287821856031, 0.03535621892197899]","[0.03542549368744896, 0.6540444743769784, 0.1269564225249487, 0.6832840046996788, 0.19621782191750808, 0.6948826968464898, 0.2469348060871043, 0.6944421985906878, 0.28263527365488395, 0.6866342329574013, 0.306577262718388, 0.6752744225577623, 0.32171546029767134, 0.663423140490077, 0.3300783429913282, 0.6543627948776924, 0.3338448508126625, 0.6492003891435376, 0.3349621185683343, 0.647389303212824]","[-0.03620058032524276, 0.044147314123599735, 0.007509378599377392, -0.03827765963504637, 0.04517248867166579, 0.0068611257793258495, -0.04089996269621554, 0.045703049516638394, 0.00634708757068303, -0.04412699417106769, 0.04571274402130587, 0.005965920524759305, -0.04779657645388102, 0.0452859880396046, 0.00568968702357342, -0.05168263402243589, 0.04459633314275724, 0.005487516929482794, -0.05581794566623832, 0.04363303974878585, 0.0053706929350667565, -0.06022842301822762, 0.04238087848539118, 0.005354950632115774, -0.06493314556948326, 0.04082926635006423, 0.005459251471331861, -0.06994034564755802, 0.03897591769715758, 0.005703837931092526, -0.07524072856119324, 0.03682628793780296, 0.006107460803736586]","[-0.05281814560294151, 0.01704747974872589, 0.009937584400177002, -0.02239510416984558, 0.005955055356025696, 0.004275456070899963, -0.1037109375, 0.2909912109375, -0.05208767578005791, 0.018006443977355957, 0.00999954342842102, -0.022230692207813263, 0.005930013954639435, 0.004218041896820068, -0.1125, 0.2909912109375, -0.045088835060596466, 0.026654601097106934, 0.009512066841125488, -0.0188908651471138, 0.009479589760303497, 0.004286870360374451, -0.1125, 0.2909912109375, -0.04386037588119507, 0.02817472815513611, 0.009542196989059448, -0.018470779061317444, 0.009871087968349457, 0.004332393407821655, -0.1509521484375, 0.2909912109375, -0.04277252405881882, 0.029618218541145325, 0.009639620780944824, -0.018101945519447327, 0.010242544114589691, 0.004324674606323242, -0.1564453125, 0.2909912109375]",0.021844050000000004
"[7.3150413036346436, 7.335041303634643, 7.355041303634644, 7.375041303634643, 7.395041303634644, 7.415041303634643, 7.435041303634644, 7.455041303634643, 7.475041303634644, 7.495041303634643, 7.515041303634644]","[0.03518029525633826, 0.03995754658398157, 0.004219351542380603, 0.007083147236106631, 0.027090866557145668, -0.03199629930410141, -0.002998085959938621, 0.04179269650659698, 0.04038372387069416, 0.006899194377278969, 0.0055255275942759285, 0.026095225415226502, -0.03475158115231972, -0.0003803071442054851, 0.04848866670474053, 0.04000910763144778, 0.009364446233090793, 0.0036648421002553424, 0.025088935072398594, -0.03762659713379262, 0.0029132462991438217, 0.05528123642098254, 0.038859416549603024, 0.011606833720862202, 0.001534346374655509, 0.024080467898436347, -0.04053289630458705, 0.00673512437300434, 0.062121417246525125, 0.03700152404042969, 0.013616023218806457, -0.0008203059681631735, 0.02308182857718232, -0.04336440666614348, 0.010878766708491838, 0.06888175333465155, 0.03456776186195294, 0.015369372495973479, -0.00329893386030637, 0.022103639785202862, -0.04603083139079869, 0.01516698155159443, 0.07534760332085633, 0.03175174838149734, 0.0168059658160798, -0.005710844359468181, 0.021153390869146152, -0.04850117765535927, 0.0195272854909676, 0.08139380587583683, 0.028709496166814015, 0.01789955981545181, -0.007912482275735188, 0.02023840148827856, -0.05076282951119882, 0.02389793457844119, 0.0869686687204844, 0.025563896049915505, 0.01865230077958788, -0.009802906080756653, 0.019365818541411915, -0.05282307580195832, 0.028228095405355157, 0.09207620641347505, 0.022408542728000587, 0.01908743127295575, -0.011318701482847887, 0.01854233081598739, -0.05470218386937511, 0.03247549548866414, 0.09675755616012607, 0.01931128924074528, 0.01924222085674954, -0.012428537885515142, 0.017773588111643958, -0.056422175976925816, 0.036602332613753646]","[0.06889740257189754, 0.6773925460540182, 0.13248233982294422, 0.7010984920866208, 0.17956367761525377, 0.708209706752922, 0.2131459276764241, 0.70415477291096, 0.23601348190810106, 0.693455429272364, 0.2506992998340358, 0.6798043960087801, 0.2594701461726535, 0.6661627173483349, 0.26403609216545754, 0.6559352507453456, 0.2659690662910179, 0.6501703825318301, 0.2665105719448053, 0.6481601795462035]","[-0.038331770231766704, 0.04089101957258112, 0.007625118272600595, -0.040654058251328284, 0.041188823072976444, 0.007053097342212489, -0.04354276930667067, 0.04115649903054752, 0.006621738773420205, -0.04690739607318184, 0.04082688044170313, 0.006305960550645473, -0.05058762903182079, 0.040269086146372146, 0.006078136862504913, -0.05445660513854811, 0.039531984312271895, 0.005921562222933829, -0.058546377458682075, 0.03860191782965661, 0.005851425543041966, -0.06288143579588035, 0.03746486821635653, 0.005884688019900164, -0.06748022838799672, 0.036114023001172946, 0.00603911840758542, -0.07235134156434841, 0.03455234569135346, 0.00633148700172903, -0.07748621804156786, 0.032791214450504924, 0.006774993132686369]","[-0.05898937210440636, 0.00916220247745514, 0.010179370641708374, -0.024083659052848816, 0.004079163074493408, 0.004454270005226135, -0.04438457489013672, 0.2909912109375, -0.05850569158792496, 0.009670600295066833, 0.010120093822479248, -0.023987412452697754, 0.004120320081710815, 0.004451543092727661, -0.04877910614013672, 0.2909912109375, -0.05807039886713028, 0.010180570185184479, 0.010131806135177612, -0.02398858219385147, 0.004120871424674988, 0.004454314708709717, -0.05537109375, 0.2909912109375, -0.0576399527490139, 0.01075473427772522, 0.010167330503463745, -0.023988157510757446, 0.004166349768638611, 0.0044565349817276, -0.061962890625, 0.2909912109375, -0.057121392339468, 0.011443771421909332, 0.010176241397857666, -0.02401469647884369, 0.004301615059375763, 0.004537761211395264, -0.070751953125, 0.2909912109375]",0.022121857
"[7.415207147598267, 7.435207147598266, 7.455207147598267, 7.475207147598266, 7.495207147598267, 7.515207147598266, 7.535207147598267, 7.555207147598266, 7.575207147598267, 7.595207147598266, 7.615207147598267]","[0.03686432567855781, 0.03047217783114779, 0.0019082947668131345, 0.0077336130902165914, 0.022522832061795083, -0.029765820777733307, 0.005114465171130147, 0.04377026256105507, 0.030879280132408614, 0.004795449840483164, 0.006586308040303418, 0.021816228816583672, -0.03253139299867821, 0.007184683758236794, 0.05070317065376008, 0.03068857489101528, 0.00751454675331653, 0.005108008561950881, 0.021125497230111957, -0.03549333692531799, 0.009552228068686382, 0.05762555493247214, 0.03000139495442889, 0.010049617514825433, 0.003365136394035578, 0.020459413938108878, -0.03854687955547183, 0.012126589708504998, 0.06441832247963696, 0.02897164974088899, 0.012373191312002577, 0.0015027911868773715, 0.019818766235214384, -0.0415651683200909, 0.01488229494507419, 0.07098669174939454, 0.027662436557872212, 0.014455775743242149, -0.00040751098684681616, 0.019200633949635622, -0.044444215651318134, 0.017737996226226745, 0.07717322394096171, 0.02613822888041804, 0.016224046819722865, -0.002260160109210429, 0.01860219127051281, -0.04715333857248648, 0.020651658264723427, 0.0828940096151757, 0.02446088155542142, 0.017641149076822474, -0.0039735105748650345, 0.018024152606484545, -0.049679654257813816, 0.02358697762026562, 0.08812555775044462, 0.02268891628563774, 0.018700575329160852, -0.00548795473668298, 0.017470102561472023, -0.05202953415630293, 0.026513699011885827, 0.09288975544394308, 0.020875799500721607, 0.019418858498812967, -0.006763841220061312, 0.01694546797648897, -0.054221485611945584, 0.029406268584005243, 0.09723781451359073, 0.01906779701457624, 0.019828341654013325, -0.0077791946395825325, 0.016456166832628585, -0.056274704126842025, 0.03224143055836021]","[0.061565625325184725, 0.6902726784610314, 0.09291536906962997, 0.7068216657292683, 0.11805684396856757, 0.7091080411292658, 0.13766287219071294, 0.7019718021182424, 0.15243842601382768, 0.6894600529391042, 0.16310871511926545, 0.6748851074035347, 0.1704055030772325, 0.6608969616915332, 0.17472674969914836, 0.6506032299041097, 0.17679280523466326, 0.6448607872516319, 0.1774360142819342, 0.6428703490779412]","[-0.046692071393107715, 0.02931030974517146, 0.008200881679991667, -0.04902446827469775, 0.02931467581565972, 0.007758816124167289, -0.05163213432172942, 0.02939666021263676, 0.007408639214316004, -0.05444297210718385, 0.029562658447991108, 0.007124690375171383, -0.057429406167125996, 0.029722734516202554, 0.006900009553739039, -0.0605194782034395, 0.02984361107955369, 0.006723621624255216, -0.06375691291457608, 0.029902852522512458, 0.006610758075465739, -0.06717799714832462, 0.0298812536344073, 0.0065745640812888695, -0.07081307397221215, 0.029768404316388608, 0.006626694652500209, -0.07468295127450164, 0.029562852262441375, 0.006776904666025985, -0.07879213331130341, 0.029268318310413655, 0.007031841470808153]","[-0.062249213457107544, 0.006025344133377075, 0.010604143142700195, -0.02518487721681595, 0.003277786076068878, 0.004620775580406189, -0.0059326171875, 0.2909912109375, -0.062076717615127563, 0.006175808608531952, 0.010647803544998169, -0.025217808783054352, 0.0031692832708358765, 0.004639849066734314, -0.0125244140625, 0.2909912109375, -0.06181858107447624, 0.006355978548526764, 0.010684311389923096, -0.02517685294151306, 0.0031370744109153748, 0.004647284746170044, -0.02021484375, 0.2909912109375, -0.061464034020900726, 0.006625950336456299, 0.010617643594741821, -0.025045134127140045, 0.0032368451356887817, 0.004627510905265808, -0.02900390625, 0.2909912109375, -0.061043769121170044, 0.007029809057712555, 0.010522633790969849, -0.024891316890716553, 0.0033589527010917664, 0.004600897431373596, -0.035595703125, 0.2909912109375]",0.023772918
"[7.495678901672363, 7.515678901672363, 7.535678901672363, 7.555678901672363, 7.575678901672363, 7.595678901672363, 7.615678901672363, 7.635678901672363, 7.655678901672363, 7.675678901672363, 7.6956789016723635]","[0.03777851909691522, 0.02539907723140271, 0.0006764947415054147, 0.009669451359911459, 0.020060037305270298, -0.028346002295991823, 0.016471981798656804, 0.04506151252879199, 0.025423138526379493, 0.0036652652486703985, 0.009431543299663099, 0.01946340077328577, -0.031054665488493192, 0.01794761568825093, 0.052219181432651376, 0.025119251948195837, 0.006509007272996308, 0.008836511740870382, 0.018928766029672747, -0.03399527679925317, 0.01912686212409318, 0.05911193545464806, 0.02472901835414431, 0.009170041717971601, 0.008028997296551958, 0.018469626555241776, -0.037080614969226704, 0.019992492382846026, 0.06562704809368841, 0.024380044672525823, 0.011603179322464014, 0.0070923847278142145, 0.01808531772866958, -0.04020405308348034, 0.020568160954977193, 0.07163978551934307, 0.02430133767980782, 0.013814167343187368, 0.0062577314155631515, 0.017754506574438715, -0.04319521112782773, 0.02108576166499497, 0.07709398573959303, 0.024353691577296995, 0.015721168580284165, 0.005488243131308155, 0.017456321119382202, -0.04602714384734602, 0.02156097993855545, 0.08198213542200969, 0.024444306582615472, 0.017279945802615455, 0.004756644131706968, 0.017178794820689382, -0.04868993242616277, 0.022008241542285728, 0.08633615928756838, 0.02452001796931179, 0.018478070818180106, 0.0040445543160813145, 0.016917312112585715, -0.05119216623794205, 0.022441667989408477, 0.0902160121711255, 0.024558838443239486, 0.019327660762379607, 0.0033412862402827457, 0.016672645730052088, -0.05355354448289779, 0.022874591471540168, 0.09369710288690314, 0.024560564630754005, 0.019857994881062362, 0.00264227237091835, 0.016448618839269864, -0.05579306556736828, 0.02331862195462317]","[0.057095581616905144, 0.6880292166963954, 0.03343850115269724, 0.6889234445204873, 0.01929118197146598, 0.679875210198712, 0.012228444790517143, 0.664830992241189, 0.010056424944903712, 0.6470658378532865, 0.010877884542929686, 0.6292263344531672, 0.013110327862913702, 0.6133774367217271, 0.015266460784196545, 0.6021742692818127, 0.016630585671291904, 0.596074695726599, 0.01713660020757281, 0.593991950699289]","[-0.0557536293126788, 0.017342207925318043, 0.0101888846634961, -0.0586851147104368, 0.01634555062226095, 0.01000321277593752, -0.061439329543700905, 0.015973005551426667, 0.009777037502854746, -0.0640082730924445, 0.016221060576020463, 0.009504526435032634, -0.06638207279300579, 0.017039963315332862, 0.009188307212579794, -0.06865328511116808, 0.018097891942220556, 0.008874852807975842, -0.07087549656070347, 0.01935914654646309, 0.008578333591078291, -0.07309594650473838, 0.020795072959895577, 0.008309356766878828, -0.07535808825735701, 0.022386382602940014, 0.008076388157796544, -0.07769863406046418, 0.024120432874859432, 0.007886105287653766, -0.08014134836088738, 0.025984800247186524, 0.007742960446871727]","[-0.06333987414836884, 0.005275852978229523, 0.010846763849258423, -0.025468923151493073, 0.003106817603111267, 0.004621446132659912, 0.02373046875, 0.2909912109375, -0.06336882710456848, 0.005249597132205963, 0.010855227708816528, -0.025484904646873474, 0.0030710026621818542, 0.0046256184577941895, 0.0193359375, 0.2909912109375, -0.0633469745516777, 0.005239725112915039, 0.010849088430404663, -0.025511175394058228, 0.003062114119529724, 0.004628166556358337, 0.0160400390625, 0.2909912109375, -0.06327080354094505, 0.005293957889080048, 0.010819733142852783, -0.025512196123600006, 0.0030629634857177734, 0.004630580544471741, 0.011645698547363281, 0.2909912109375, -0.06312771886587143, 0.005396105349063873, 0.010789215564727783, -0.025430679321289062, 0.003101035952568054, 0.004620209336280823, 0.0072509765625, 0.2909912109375]",0.017858311
"[7.57596230506897, 7.595962305068969, 7.61596230506897, 7.635962305068969, 7.65596230506897, 7.675962305068969, 7.69596230506897, 7.715962305068969, 7.73596230506897, 7.755962305068969, 7.77596230506897]","[0.03934545247463775, 0.016948062672876997, -0.00152271849135657, 0.01328363592768404, 0.01651183958377423, -0.026749940619314357, 0.011561083374315339, 0.04695336499676195, 0.01681235488947319, 0.0016798194883395478, 0.011391895237563131, 0.016130999283044845, -0.029421259929462686, 0.012606516496288578, 0.05443032708027688, 0.016313237926844575, 0.0047467110755961255, 0.009145210054721829, 0.015771893009153725, -0.0323440197477424, 0.01385106191292829, 0.06172460401357932, 0.015536324826592783, 0.007624103650474126, 0.006616061163960777, 0.015446636986847822, -0.03547165357662474, 0.015237742517106682, 0.0687604766356607, 0.0146734180759885, 0.010304724629161356, 0.003990399309991465, 0.015154074641945276, -0.03865955542302767, 0.0168461847297479, 0.07549708675702824, 0.013797541073635641, 0.012789741906554266, 0.0013798045105593473, 0.014880977844159872, -0.041754161295487556, 0.01871325553975874, 0.08182173980918533, 0.012849810039325164, 0.014987626483641029, -0.0011636812579077448, 0.014614874061736685, -0.04472246825474553, 0.020811512693730702, 0.08767748295265651, 0.011807031833850432, 0.016844866131257585, -0.0035882210541158905, 0.014350697818462732, -0.0475485384921497, 0.023110856973610608, 0.09305401073248097, 0.01067396247250458, 0.01834019607838044, -0.005844774442426888, 0.014089349676722818, -0.050234432381605895, 0.025578879530949485, 0.09797651104331868, 0.009474441241678599, 0.01947751833242326, -0.007889714442062407, 0.01383577985614811, -0.052793197136659795, 0.028181655726070794, 0.10249322791688872, 0.008242303475403695, 0.02027872442074455, -0.009687003345197061, 0.013596771945054261, -0.05523785875178832, 0.030884562106828318]","[0.1267609159818217, 0.7157662121119799, 0.13283331686958802, 0.7312061714012288, 0.1426508098665718, 0.7342351309637896, 0.15413953470488195, 0.7289096273068116, 0.16569170529993227, 0.718702293547693, 0.17614471623464567, 0.7065167760128968, 0.1847369015192719, 0.694719554905047, 0.19051914650932184, 0.685984900396641, 0.1935550959726582, 0.6810894040610882, 0.19456381099150644, 0.679386701958325]","[-0.06020566319809528, 0.011278212065642723, 0.010201677028601086, -0.061465375225799423, 0.011955367704990394, 0.009573318491366223, -0.06278608177192113, 0.012964359292669592, 0.009003964478798476, -0.0642001029873327, 0.014340995381847854, 0.008486805041401979, -0.06575328867912011, 0.015897458230562656, 0.008032260520489665, -0.0674282975747803, 0.01744778326064811, 0.007635744491357954, -0.06929563980555209, 0.018946094097742172, 0.007309179584295222, -0.07141655677590109, 0.020353683655867094, 0.007061513402038422, -0.07384309930320854, 0.021643555345256527, 0.0069005469777803086, -0.07661455708675069, 0.0227992413683471, 0.006833675224481528, -0.07975170782648389, 0.023809555241899094, 0.006867663866519269]","[-0.06171262264251709, 0.0065924301743507385, 0.010417193174362183, -0.024807356297969818, 0.0035941824316978455, 0.004561245441436768, 0.0358154296875, 0.2909912109375, -0.06186092272400856, 0.00647389143705368, 0.010462909936904907, -0.024870939552783966, 0.003548070788383484, 0.004568412899971008, 0.0358154296875, 0.2909912109375, -0.06204260140657425, 0.006329916417598724, 0.010508805513381958, -0.024954773485660553, 0.0034892261028289795, 0.004577666521072388, 0.0358154296875, 0.2909912109375, -0.06223687157034874, 0.006173774600028992, 0.010549366474151611, -0.02504434436559677, 0.003426656126976013, 0.0045891255140304565, 0.0336181640625, 0.2909912109375, -0.06244506314396858, 0.006012223660945892, 0.010594666004180908, -0.025127723813056946, 0.0033659636974334717, 0.004596590995788574, 0.0314208984375, 0.2909912109375]",0.022289093
"[7.675851821899414, 7.695851821899414, 7.715851821899414, 7.735851821899414, 7.755851821899414, 7.775851821899414, 7.795851821899414, 7.815851821899414, 7.835851821899414, 7.855851821899414, 7.875851821899414]","[0.040599773968372596, 0.009840855682984883, -0.003396313899383873, 0.012596154864988506, 0.014976671525940037, -0.025655067149407452, 0.013836324077133992, 0.04845406682803894, 0.009714127513161691, -5.095853735769777e-05, 0.010469094986337826, 0.014693305926262216, -0.028296868377081556, 0.014690023577087319, 0.05610629482324128, 0.00929089466170942, 0.0031554213483160347, 0.008003672037121056, 0.014439433893348242, -0.031221796290263264, 0.015689659911552196, 0.06349858635368372, 0.008766920241260927, 0.006207687876600358, 0.005385966079899314, 0.014216502216402747, -0.03431394350661021, 0.01693339185330608, 0.07060369847703427, 0.008214665103124772, 0.00909555658201055, 0.002727428438540733, 0.014013797059632117, -0.037425521701501804, 0.01847532108131999, 0.07737018253276193, 0.007600368161474567, 0.011772470990842311, 7.844294431576039e-05, 0.013816557181320278, -0.04045416588101446, 0.020304948496045597, 0.08370304620794404, 0.0068691743627328425, 0.014152011656766371, -0.002510067658487329, 0.013614483556238982, -0.04337218786205111, 0.022393652434081052, 0.08955755462032282, 0.006003524038494392, 0.016183897214773754, -0.004985253758867662, 0.013404507577704767, -0.0461671262321893, 0.024709065766092927, 0.09493095691914707, 0.005014728469022338, 0.017848420067558015, -0.007295529176510053, 0.013189332683189526, -0.04884278036660264, 0.027215334518226064, 0.0998522973284387, 0.003933447838623752, 0.019149648300196814, -0.009393790536940682, 0.012975469983922195, -0.05141248052360457, 0.029874431638280293, 0.10437103025033664, 0.002799988530041619, 0.020108570943630208, -0.011240153987746037, 0.012770984054259048, -0.05388848434360613, 0.0326476906358658]","[0.13353218523010854, 0.7287840200183068, 0.14137585773147612, 0.7409805895144015, 0.15318685909359442, 0.7419938254817631, 0.16667051322492132, 0.7355802119907088, 0.18005567797858424, 0.7249410914570193, 0.19206506755570787, 0.7127444789956113, 0.20187292677063484, 0.7011604149475795, 0.20844499327254937, 0.69265573059708, 0.21188596591264752, 0.6879098735219706, 0.21302708558962388, 0.6862630186257959]","[-0.06406374618435784, 0.006699463844511033, 0.011030069437955703, -0.06499034496634826, 0.007608743083737934, 0.010298331294297025, -0.06593398142242124, 0.008935059366496745, 0.009628775619564323, -0.066988245972878, 0.010510431569958456, 0.00903779091468948, -0.06817070837167949, 0.012156475755602525, 0.008522608385844066, -0.06949049888452308, 0.013769799897015211, 0.008077717327445555, -0.07102420687214539, 0.015309182793052933, 0.007712230537940901, -0.07283797092168143, 0.016740110800145036, 0.007432523949117531, -0.07498745539956142, 0.018039351792135783, 0.007244285281863938, -0.07751456700910253, 0.019193622301918012, 0.007153443630306011, -0.08044217076405791, 0.02019419960027813, 0.00716609512110189]","[-0.061534009873867035, 0.006728574633598328, 0.010361194610595703, -0.02473759651184082, 0.0036335960030555725, 0.0045547932386398315, 0.0489990234375, 0.2909912109375, -0.06148109957575798, 0.006770089268684387, 0.010349690914154053, -0.024711355566978455, 0.0036522895097732544, 0.004553407430648804, 0.04130859375, 0.2909912109375, -0.06145802140235901, 0.006787225604057312, 0.01034519076347351, -0.024697378277778625, 0.0036594346165657043, 0.004551231861114502, 0.0369140625, 0.2909912109375, -0.06146903708577156, 0.006777852773666382, 0.010348290205001831, -0.0247037336230278, 0.003653615713119507, 0.004553362727165222, 0.0358154296875, 0.2909912109375, -0.06151532381772995, 0.006741359829902649, 0.010356485843658447, -0.024729274213314056, 0.0036415234208106995, 0.00455571711063385, 0.0358154296875, 0.2909912109375]",0.012920346999999999
"[7.734912157058716, 7.754912157058715, 7.774912157058716, 7.794912157058715, 7.814912157058716, 7.8349121570587155, 7.854912157058716, 7.8749121570587155, 7.894912157058716, 7.9149121570587155, 7.934912157058716]","[0.041323610757647254, 0.005628834788696422, -0.004543453528795425, 0.010662163968262623, 0.014436565096393336, -0.025120203160669975, 0.014825537645193378, 0.04933184794759077, 0.005597292834385379, -0.0011007718848885684, 0.008380946303194985, 0.01422822823546208, -0.02784175669495866, 0.015483837826967651, 0.057033838403834254, 0.005510637785300791, 0.0022339586221775806, 0.00594896694116873, 0.014053818001022551, -0.03078750895490535, 0.01638447757372388, 0.06442190000653102, 0.005431906870534815, 0.005445229514590306, 0.003487635476974245, 0.013896225664843139, -0.0338199107903201, 0.01765944368877726, 0.07145907568575872, 0.005317128403431378, 0.00847917723533251, 0.00106899074045599, 0.013735044041248388, -0.0368316263042264, 0.019363437348956354, 0.07816597934497713, 0.004974145456048221, 0.011272438485454553, -0.001400119111579532, 0.013560001619760764, -0.039767751277782204, 0.021354489186032305, 0.08444939753431488, 0.004395835416701962, 0.013749174762239906, -0.003848878674264936, 0.013366844740732253, -0.042604574602623325, 0.023599082821645096, 0.09026497118319561, 0.003601448602390605, 0.01586655034674113, -0.006209140844818299, 0.013156979845280518, -0.04533199474097971, 0.026061222334808534, 0.09560923965684623, 0.0026299388683423226, 0.017609673764558277, -0.008418089386549832, 0.012936365794787887, -0.04795492387565689, 0.028701901349750918, 0.10050980844693244, 0.0015321482529096152, 0.018985346267206025, -0.01042088754469603, 0.012713820139095926, -0.0504868813476379, 0.03148028545453639, 0.10501430056685665, 0.00036267046385112325, 0.020015727133166638, -0.012172782019312912, 0.012498979580674113, -0.052939681042610216, 0.03435549474422378]","[0.10960523821112862, 0.731890776799863, 0.12932107856484878, 0.7424321902800368, 0.14986960690088091, 0.7425010132566798, 0.16958476876069492, 0.7356411927152108, 0.1872775887780272, 0.7248863532034377, 0.2021686246891019, 0.712775083855663, 0.21383710393086425, 0.7013808166017506, 0.22146655388730926, 0.6930483666342455, 0.225398611032626, 0.688407440273199, 0.2266894874702097, 0.6867985699873282]","[-0.06499918714394226, 0.005943861004119366, 0.011217086513596541, -0.06571470600590557, 0.007169108462380613, 0.010416450773690578, -0.06647875540289427, 0.00866885836230935, 0.009707751756944383, -0.06738150248705577, 0.010216721708534937, 0.009100351105365334, -0.06849834542066502, 0.011649148116131158, 0.008597871952903624, -0.0697689680079483, 0.013023605529251636, 0.008169140771710826, -0.07126878237057843, 0.014308484383487752, 0.00782226915084383, -0.07306280698294398, 0.015476685769912901, 0.007563054525996371, -0.07520536596881267, 0.016511111821894797, 0.007396944073614797, -0.07773680043676268, 0.017403794561884123, 0.007329877278264618, -0.08067840006113758, 0.018150647248030616, 0.007368156894616895]","[-0.062099702656269073, 0.006403617560863495, 0.01056826114654541, -0.024900540709495544, 0.0037757381796836853, 0.004582211375236511, 0.07316913604736328, 0.2909912109375, -0.06200435012578964, 0.006468519568443298, 0.010539770126342773, -0.024881385266780853, 0.003734581172466278, 0.004579454660415649, 0.0687744140625, 0.2909912109375, -0.06190282106399536, 0.00652649998664856, 0.010502994060516357, -0.02489599585533142, 0.003606945276260376, 0.004579827189445496, 0.065478515625, 0.2909912109375, -0.06180872023105621, 0.006540149450302124, 0.010452836751937866, -0.024876363575458527, 0.0035361945629119873, 0.004577130079269409, 0.06328125, 0.2909912109375, -0.061717528849840164, 0.00658426433801651, 0.010412722826004028, -0.024812594056129456, 0.00356987863779068, 0.004564344882965088, 0.0599853515625, 0.2909912109375]",0.011477113
"[7.795450925827026, 7.815450925827026, 7.835450925827026, 7.855450925827026, 7.875450925827026, 7.895450925827026, 7.9154509258270265, 7.935450925827026, 7.9554509258270265, 7.975450925827026, 7.9954509258270265]","[0.041747976214555865, 0.0030939617499911873, -0.0051187654303518565, 0.00903087059513145, 0.014130738395364207, -0.02458967936581003, 0.014649701279037973, 0.04973519160378986, 0.00333018461477492, -0.0015632172847518666, 0.006708781907238012, 0.01398597495879622, -0.027287472709512872, 0.015140778354390315, 0.05734193969127997, 0.0036175859285585265, 0.0019019805862178286, 0.004362914760804554, 0.013856798007171092, -0.030132114118231967, 0.016051663686302096, 0.06456451343899164, 0.0038920262865649318, 0.00521397920730593, 0.0020799687740013957, 0.01371524112142503, -0.03305201306270886, 0.01754493389145101, 0.07144942471228852, 0.003942023204227861, 0.008293787255535916, -0.00020414647503380122, 0.013547275084699207, -0.036008084774460006, 0.0195596609574585, 0.07811772666177819, 0.003588523324354661, 0.011138738400236088, -0.0026289817100313166, 0.013352080041940738, -0.03891253779752519, 0.021886613314545243, 0.08444671151201388, 0.002877598063647367, 0.013671937100001617, -0.005090676047332543, 0.013130441220437395, -0.04173892070763642, 0.024482267575456802, 0.09036779819479437, 0.001869968683109262, 0.01584889987624584, -0.007494715933430638, 0.012887487192856205, -0.04447431961503927, 0.027302026799040178, 0.09585775410985359, 0.0006362164192387727, 0.01765266532496004, -0.00975789422856997, 0.012631866227962765, -0.04712054045238317, 0.030298904866959322, 0.10092829013799423, -0.0007493749223500396, 0.019087759429991677, -0.011810275448129147, 0.012374243372929179, -0.04968784807679737, 0.03342486138879973, 0.10561461083980846, -0.0022155194053390306, 0.020174053609520744, -0.01359662119581165, 0.01212542870903205, -0.052185007402895674, 0.03663299709755584]","[0.09380500086441568, 0.7201977550525328, 0.1289231408558594, 0.7366043615717113, 0.16102499193013114, 0.7414184273213199, 0.18917160428293484, 0.7383171531839239, 0.2128161799109463, 0.7304677400229392, 0.2317391076894882, 0.7205357501471104, 0.24600519088679212, 0.7107181353054914, 0.25509553421246345, 0.7033564644798218, 0.259699588650518, 0.6991944918233377, 0.26119373557569403, 0.6977384541659245]","[-0.06450498519339765, 0.006210224752194904, 0.011030362363385837, -0.06490140199773298, 0.0076522333811164245, 0.01017325954744086, -0.06540779706645838, 0.009145654172812101, 0.009442658949936789, -0.06622186910761785, 0.010469234703231578, 0.008860853248712441, -0.06739591726894545, 0.011617546435153336, 0.008410446340501032, -0.06875813265793485, 0.012686427386873866, 0.008031632261582544, -0.07038109231284362, 0.013651612953274217, 0.007733088961014101, -0.07232773556555494, 0.014491016232213383, 0.0075216753702811445, -0.07465014545860904, 0.015191031141922107, 0.0074042670774887576, -0.07738610442355331, 0.01574615946513358, 0.007388547325317685, -0.0805542761280188, 0.01615419267001128, 0.0074828302228722166]","[-0.06289925426244736, 0.004464194178581238, 0.010831743478775024, -0.02503310889005661, 0.0035228803753852844, 0.004542231559753418, 0.087451171875, 0.2909912109375, -0.06278791278600693, 0.004876963794231415, 0.01080217957496643, -0.024989120662212372, 0.0036662667989730835, 0.004537329077720642, 0.0863525390625, 0.2909912109375, -0.06266716495156288, 0.00526939332485199, 0.010778874158859253, -0.024949103593826294, 0.0037894397974014282, 0.004539355635643005, 0.08525390625, 0.2909912109375, -0.06254339218139648, 0.005610018968582153, 0.010742008686065674, -0.024936117231845856, 0.0038108229637145996, 0.004542306065559387, 0.083056640625, 0.2909912109375, -0.062434032559394836, 0.00587734580039978, 0.010704606771469116, -0.024942368268966675, 0.003800325095653534, 0.004550844430923462, 0.0819580078125, 0.2909912109375]",0.024347464
"[7.876106023788452, 7.896106023788452, 7.916106023788452, 7.936106023788452, 7.956106023788452, 7.976106023788452, 7.996106023788452, 8.016106023788453, 8.036106023788452, 8.056106023788452, 8.076106023788451]","[0.041939043055158665, 0.0017819807680931742, -0.005172884034687603, 0.007142212037427247, 0.013842022857295638, -0.024409223840046648, 0.01482629783192561, 0.049887974191358736, 0.0023660339096471176, -0.0015201797357433588, 0.005023534697873471, 0.013752285609239781, -0.027109352150798245, 0.015385916710133686, 0.05738474966298561, 0.0029858122104497228, 0.0020065395641398415, 0.0029759432977539023, 0.013648498624666727, -0.029905674305194772, 0.0165528179648881, 0.0644969980441521, 0.0034039307856509418, 0.005322051278815457, 0.0009476696440239039, 0.013505727966848813, -0.032767594004513345, 0.018373559159626074, 0.07136082829300272, 0.0034182919854758337, 0.008413695892331237, -0.0011724671719218133, 0.013315503718315505, -0.035609183259470926, 0.020718711888051876, 0.07801543454605239, 0.002865605955401154, 0.011232115088121645, -0.003499575468112131, 0.013082302223993803, -0.03839087271637058, 0.023354593370914785, 0.08433227213943123, 0.001852841881034371, 0.013713417476663731, -0.0059009339387327145, 0.012813662476054168, -0.041089522830236216, 0.026232812871577537, 0.09023936829055408, 0.00048548341059705065, 0.015823420588092597, -0.008261436093716313, 0.012519469167441507, -0.04369466666391349, 0.029306058914035774, 0.09571203433524977, -0.0011343967932232462, 0.017553112759229154, -0.010484232377154618, 0.012211553365840391, -0.046210074128541584, 0.032526315122100774, 0.10076194739173011, -0.002911604772204041, 0.01891295326464107, -0.012491406679222885, 0.011902571263071048, -0.048647649750999264, 0.03584565191021511, 0.10542518767326385, -0.004762003917657331, 0.019927070304527315, -0.014224140712259612, 0.011604468336631105, -0.05101749123212947, 0.039217859783944695]","[0.09009514539725255, 0.7191954877129465, 0.13958482562679356, 0.7339267485525756, 0.18163718364089948, 0.7372983248205783, 0.2163370304446681, 0.7329833688415249, 0.24403177578003035, 0.7241371454109782, 0.2652639184652663, 0.7134159523878567, 0.28072506709030276, 0.7030101246837241, 0.29034611939876476, 0.6952737021253872, 0.29513830041817585, 0.6909211934939248, 0.2966760114439019, 0.6894030252344159]","[-0.06322248273389064, 0.007160488990721525, 0.010641430286075781, -0.06363607673146632, 0.008515778813778407, 0.009820865413091795, -0.06430082250626101, 0.009699905807644349, 0.009162548368546908, -0.06536233203625397, 0.01062862564074285, 0.00866686506366321, -0.06673868045662457, 0.011317314598304762, 0.008287534044552292, -0.06830517724075758, 0.011922032312000397, 0.007979384772815123, -0.07013082330774567, 0.012423912591743136, 0.00775104805779625, -0.07227530700728424, 0.012804606618086023, 0.00761015916945329, -0.07478787546190402, 0.013053150066142827, 0.0075647376673342315, -0.07770379876717648, 0.013166150514280606, 0.007623598507026763, -0.08103933253798024, 0.013143445303418932, 0.0077958913923845685]","[-0.0633246898651123, 0.0013658925890922546, 0.010970830917358398, -0.024999916553497314, 0.0026588067412376404, 0.004413396120071411, 0.09404296875, 0.2909912109375, -0.06334345042705536, 0.0013889297842979431, 0.010974317789077759, -0.0250079408288002, 0.0026616156101226807, 0.004414588212966919, 0.0929443359375, 0.2909912109375, -0.06334399804472923, 0.0014960095286369324, 0.010966211557388306, -0.02502429485321045, 0.0026755332946777344, 0.004426524043083191, 0.0929443359375, 0.2909912109375, -0.06333912163972855, 0.0016605556011199951, 0.010966658592224121, -0.025034554302692413, 0.0027248188853263855, 0.004442274570465088, 0.0929443359375, 0.2909912109375, -0.06331714987754822, 0.0018859952688217163, 0.010959386825561523, -0.025033853948116302, 0.0028221607208251953, 0.004456415772438049, 0.0929443359375, 0.2909912109375]",0.022266231999999997
"[7.975610017776489, 7.995610017776489, 8.015610017776488, 8.03561001777649, 8.05561001777649, 8.075610017776489, 8.095610017776488, 8.11561001777649, 8.13561001777649, 8.155610017776489, 8.175610017776489]","[0.042626707103913426, -0.002361343368223961, -0.006077880460576809, 0.004608227159594559, 0.013300097471741327, -0.023681174593157, 0.017702824646839862, 0.05073148717260974, -0.0016560775778630226, -0.002290898657842361, 0.0028856019400593878, 0.01318756306624549, -0.026313977893281295, 0.019118873503714714, 0.05846051889773018, -0.0011913659123938725, 0.0013319958328100931, 0.001148801344545829, 0.013041295819795032, -0.02906954950054082, 0.02106586147988556, 0.06593741959696423, -0.0011362334374692014, 0.004775039537807169, -0.0007316171642566204, 0.012863315421260063, -0.03186260326239682, 0.02332993293972408, 0.07318799446222199, -0.0016272827366070374, 0.007987349624244041, -0.0029005149130608, 0.012663985987226251, -0.03463928109441427, 0.025622904768787466, 0.07995792090503091, -0.0023736139689137514, 0.010888695401849889, -0.005048243501307058, 0.01244361498758238, -0.03734375711298835, 0.028072496032436105, 0.08618853566397404, -0.0033342089170251836, 0.013428039891569, -0.007100126170487459, 0.012204300066026377, -0.03996089474340922, 0.030646013589302006, 0.09186505757931919, -0.0044632408640203364, 0.015580337504575058, -0.008994663120739195, 0.011951017688236445, -0.04248582104116565, 0.033311580149079645, 0.09700949286126964, -0.005711922430787646, 0.017342804163421887, -0.010683493981983625, 0.01169111841677396, -0.0449266350542789, 0.036038854983607524, 0.10167126300031529, -0.007031493213729391, 0.018729885203730954, -0.012131291938475801, 0.01143338241681369, -0.04729879058164009, 0.03879886085413471, 0.10591630674675277, -0.008376721502953731, 0.019768054084351446, -0.013315399643740709, 0.01118671613111767, -0.049615233788494986, 0.041563110057164857]","[0.167004560247155, 0.7517551365790873, 0.18983668399787146, 0.7509322236727685, 0.20958774984001852, 0.7421416908438958, 0.22612315489118387, 0.7284930456327401, 0.23945063205814748, 0.7126112235729467, 0.24972199102140413, 0.6966833037747758, 0.2572078120266156, 0.6824950781854386, 0.26185926716498675, 0.6724145904564136, 0.2641668989897127, 0.6668967064602307, 0.26490430423039263, 0.665003768514444]","[-0.06409042101917695, 0.005772396159547721, 0.01097190384553759, -0.06512076617375473, 0.006164600598251191, 0.010330871794515861, -0.06643698376710772, 0.0063839997084294, 0.009849517732619884, -0.06789426183883229, 0.006539359973739334, 0.009462680092935383, -0.06929884110586126, 0.006859760611160226, 0.009103594747764454, -0.07085629524846437, 0.0071495960665024505, 0.008822492307303698, -0.07263594933685669, 0.007388390924877086, 0.008625821232487674, -0.07469527117991404, 0.007559662169462467, 0.008518846920059442, -0.07708177246599668, 0.007655811959395464, 0.008507085959529093, -0.07983020441614008, 0.0076777580867331, 0.008596428668236733, -0.08295677175352068, 0.007630846691209392, 0.00879234478603097]","[-0.06305285915732384, 0.002802625298500061, 0.010898083448410034, -0.024884924292564392, 0.0032693445682525635, 0.0044863224029541016, 0.0951416015625, 0.2909912109375, -0.0630895085632801, 0.0025579407811164856, 0.01090964674949646, -0.02489856630563736, 0.003178149461746216, 0.004479303956031799, 0.0951416015625, 0.2909912109375, -0.0631275363266468, 0.002301529049873352, 0.010918498039245605, -0.024914711713790894, 0.0030773505568504333, 0.0044762492179870605, 0.09404296875, 0.2909912109375, -0.06316766142845154, 0.0020578578114509583, 0.010927438735961914, -0.024927794933319092, 0.002975374460220337, 0.0044692158699035645, 0.0951416015625, 0.2909912109375, -0.06320472806692123, 0.001844950020313263, 0.01094028353691101, -0.024942226707935333, 0.0028695836663246155, 0.0044296979904174805, 0.0951416015625, 0.2909912109375]",0.022478534
"[8.04666805267334, 8.06666805267334, 8.086668052673339, 8.10666805267334, 8.12666805267334, 8.14666805267334, 8.166668052673339, 8.18666805267334, 8.20666805267334, 8.22666805267334, 8.24666805267334]","[0.043079810085546934, -0.0050383701800473, -0.00662063963822732, 0.003593810665152201, 0.013093107650267324, -0.022857723910228493, 0.019384710923801132, 0.05125156417962441, -0.004230266029536233, -0.0027171233245399844, 0.0020635194271083597, 0.0129793511456981, -0.025511777310151668, 0.020990668620288783, 0.0591346974352555, -0.003780718865049399, 0.001049491703909658, 0.00038014360138985897, 0.012840117660793429, -0.02825801276337954, 0.022896773889783742, 0.06676708273767204, -0.003834682648544068, 0.0046249251116675365, -0.0015934319341898752, 0.012678697672449576, -0.0310319358349509, 0.024882522355751818, 0.0739022828524237, -0.004110425117149295, 0.007926606359622784, -0.003528873965433616, 0.012487725789619063, -0.033756667402742566, 0.027134179610770602, 0.08054220517107141, -0.004700899739346293, 0.010893700456228296, -0.005469737342665957, 0.01226787827628281, -0.036415459420160376, 0.029525995028373546, 0.08663726981557626, -0.005551162363319913, 0.013481320996664686, -0.007340651536304313, 0.012023632188809193, -0.038995311868577326, 0.032026479916954925, 0.09217895599160353, -0.006604035894365554, 0.015668931626841836, -0.009079438410713557, 0.011761825959202261, -0.04149249614561398, 0.03460518618950299, 0.09719322396115748, -0.00780146323423492, 0.017456925806536627, -0.010636995728676836, 0.01149127883252705, -0.04391548829899998, 0.03723308479489215, 0.10173164684778974, -0.009087137232500039, 0.018861880824594772, -0.011977160075861417, 0.011221911701599802, -0.046279493448183925, 0.03988249047970724, 0.1058609726859562, -0.010409743216676596, 0.01991160627109809, -0.013076292651856487, 0.010963477129967644, -0.04859670282747377, 0.0425265185266456]","[0.15923946939295502, 0.7497555211539078, 0.18554534783461585, 0.746494375339872, 0.2080643904256332, 0.7360511642245708, 0.22677528658277923, 0.7213434086225392, 0.24179585181263283, 0.7048399527053768, 0.2533557493219619, 0.6885947431292162, 0.2617821689181938, 0.6742841445303764, 0.2670201395327629, 0.6641730434319442, 0.26962101111100567, 0.6586555062052422, 0.27045292140716815, 0.6567659606751479]","[-0.06481285373575452, 0.004063690065181369, 0.011343594869593243, -0.06598970045707742, 0.004124974558495698, 0.010752747927601725, -0.0672361408264095, 0.004178680876419705, 0.010264106670619277, -0.068404129231729, 0.004401554946720232, 0.009816314712135732, -0.06973812360470888, 0.0045318292634064505, 0.009469749809083439, -0.07122774822656452, 0.004648116195476337, 0.00920319246487633, -0.07294101922957485, 0.004734539321896936, 0.009021302657773678, -0.07493408115476152, 0.004778439800496859, 0.008927952610330081, -0.07725310836964594, 0.004775366404380588, 0.00892746782778886, -0.0799316275529075, 0.004728568601188865, 0.009024664790616033, -0.08298497235759561, 0.004644647728664353, 0.009224077399522912]","[-0.06305285915732384, 0.002802625298500061, 0.010898083448410034, -0.024884924292564392, 0.0032693445682525635, 0.0044863224029541016, 0.0951416015625, 0.2909912109375, -0.0630895085632801, 0.0025579407811164856, 0.01090964674949646, -0.02489856630563736, 0.003178149461746216, 0.004479303956031799, 0.0951416015625, 0.2909912109375, -0.0631275363266468, 0.002301529049873352, 0.010918498039245605, -0.024914711713790894, 0.0030773505568504333, 0.0044762492179870605, 0.09404296875, 0.2909912109375, -0.06316766142845154, 0.0020578578114509583, 0.010927438735961914, -0.024927794933319092, 0.002975374460220337, 0.0044692158699035645, 0.0951416015625, 0.2909912109375, -0.06320472806692123, 0.001844950020313263, 0.01094028353691101, -0.024942226707935333, 0.0028695836663246155, 0.0044296979904174805, 0.0951416015625, 0.2909912109375]",0.011023592000000002
"[8.135295391082764, 8.155295391082763, 8.175295391082763, 8.195295391082764, 8.215295391082764, 8.235295391082763, 8.255295391082763, 8.275295391082764, 8.295295391082764, 8.315295391082763, 8.335295391082763]","[0.04326624317854465, -0.0062266725184416585, -0.006197462471439816, 0.004495422937423819, 0.012534416635321323, -0.022477367702841915, 0.019722243487827616, 0.05160653221533133, -0.00557181454803278, -0.002233339992821621, 0.002748324276130334, 0.012437269049851495, -0.025184187372217663, 0.02120897248101701, 0.05966632210595731, -0.005426372223511704, 0.0015628628192757667, 0.0006643825635101166, 0.012310764372173738, -0.027932805189298696, 0.02286998959316157, 0.06721589236977035, -0.0055355843805858515, 0.005104216225990435, -0.0014208671071240817, 0.012140317425104932, -0.030642681853088133, 0.024952508872995886, 0.07426829365607149, -0.006016869056903733, 0.008324216620950727, -0.0035378012461054786, 0.011921924917957554, -0.0332891936761336, 0.02736269119637537, 0.08084690073169423, -0.006933629354823739, 0.011183127589543436, -0.005722881074977676, 0.0116624082321837, -0.03585287500889415, 0.02995376031809668, 0.08689581178239357, -0.008191861772532456, 0.013644845026700039, -0.007874731802343543, 0.011370741805790556, -0.03832265689165052, 0.032688900538763666, 0.09240181767542671, -0.009703216380427263, 0.015696493215692178, -0.009909327012976766, 0.01105720510050104, -0.04069672005514395, 0.035532655747594934, 0.09738756450858427, -0.011385352018688276, 0.01734504042662266, -0.011759710118180793, 0.010733208449391705, -0.04298550089258131, 0.038450717741084606, 0.10190238615981172, -0.013163641334668474, 0.01861256790410677, -0.013375637657925835, 0.010410545069856664, -0.045206129012166876, 0.04140985885031051, 0.10601157884150914, -0.014973567931360792, 0.019531342607727573, -0.014722875875141537, 0.010100220856371779, -0.04737255168117664, 0.044377645728945245]","[0.17349538970844472, 0.7435341191822917, 0.21132826907965377, 0.7398782428216163, 0.2426664773945188, 0.7290462982364649, 0.267926705169094, 0.7139776074037116, 0.2876470580081606, 0.6971642409114255, 0.3024511444417091, 0.6806812334456926, 0.3130226122927639, 0.6662213875775786, 0.3195001311677134, 0.6560262724179537, 0.32268449372305064, 0.6504702380347065, 0.3236960312896334, 0.6485693283774243]","[-0.06517431603395896, 0.0014032512265993446, 0.011544050900778924, -0.06619338422619925, 0.0016526339481330865, 0.010909388545141674, -0.06709512696317488, 0.0020589774575121567, 0.010330198722662054, -0.06817558461686413, 0.00230761894246978, 0.009879711978081573, -0.06946353167586194, 0.0024316117922955627, 0.009540295638345242, -0.0709252580738311, 0.002517506333196806, 0.009282905946540687, -0.07262923912208286, 0.0025458798988018394, 0.009112674915323193, -0.07463203648204553, 0.002500040726580721, 0.009034459667319528, -0.07697982394610026, 0.002371736748712827, 0.00905388508374294, -0.07970558036667441, 0.002160989352222309, 0.009177277726105437, -0.0828235574250259, 0.0018718747168176009, 0.009410809082172289]","[-0.06317399814724922, 0.001576550304889679, 0.011177510023117065, -0.024735182523727417, 0.0033684521913528442, 0.004468932747840881, 0.127001953125, 0.2909912109375, -0.06310094520449638, 0.0019947588443756104, 0.011110901832580566, -0.024752900004386902, 0.0034217238426208496, 0.004431053996086121, 0.1248046875, 0.2909912109375, -0.06303886324167252, 0.0023991912603378296, 0.011076420545578003, -0.02472468465566635, 0.0035642534494400024, 0.004391416907310486, 0.122607421875, 0.2909912109375, -0.06296783313155174, 0.0027958303689956665, 0.011046141386032104, -0.02469148486852646, 0.003714531660079956, 0.00442110002040863, 0.12041015625, 0.2909912109375, -0.0630187951028347, 0.0030299946665763855, 0.010890334844589233, -0.02487235516309738, 0.003353409469127655, 0.0044866204261779785, 0.118212890625, 0.2909912109375]",0.022305145999999998
"[8.214828729629517, 8.234828729629516, 8.254828729629516, 8.274828729629517, 8.294828729629517, 8.314828729629516, 8.334828729629516, 8.354828729629517, 8.374828729629517, 8.394828729629516, 8.414828729629516]","[0.043320925904213436, -0.006582311914317684, -0.0062090441704489956, 0.0042547242107488226, 0.012432424188655538, -0.022986821209558805, 0.018812761016727096, 0.05186393014655566, -0.00627288818533542, -0.002290659144620752, 0.002008461541929538, 0.012325210421681831, -0.025590059331084797, 0.020271925516833673, 0.05985789249970944, -0.0062483044875746374, 0.0014056239636685952, -0.0002597904187484184, 0.012160927962155389, -0.028117728070701807, 0.0222821413730295, 0.06732803588811351, -0.0066630661253852435, 0.004809351488244379, -0.0025743698454621195, 0.011926276291730938, -0.030539979204612346, 0.024804864981424667, 0.07430575433806216, -0.007611561209358463, 0.007874979821403616, -0.004960728475769263, 0.011622925453993432, -0.032840782108368605, 0.027711275344229482, 0.0807947634098369, -0.009136550830059195, 0.010552776707176081, -0.007441587150482562, 0.011265169481424288, -0.035040346544299425, 0.030820584562220737, 0.08674775734169474, -0.011082845883283749, 0.012827759573096604, -0.009883997147959178, 0.010869208739602966, -0.03713664544709369, 0.03408649920386302, 0.09215765036975831, -0.013317195618124448, 0.014702863007595776, -0.012180543395753814, 0.010450264252444158, -0.03913461987561641, 0.03746509289381236, 0.09705094699199254, -0.015726209685746187, 0.016196081869255873, -0.014248170678783522, 0.010022808977992362, -0.04104949986537407, 0.04091454989684619, 0.1014789549837404, -0.01821553189107835, 0.017336408808631187, -0.0160268312494851, 0.00960024433014775, -0.042901829954715774, 0.04439492602792096, 0.10550754613335069, -0.020709652602387635, 0.018159652422096984, -0.017477727394863325, 0.009194167749234365, -0.04470834562455471, 0.04786752349093541]","[0.20391230171389713, 0.7353113866513613, 0.25603589842637786, 0.7277371462237155, 0.29725390312569866, 0.7143161038362971, 0.32895447007406553, 0.6976911209102559, 0.35254622914336786, 0.6800735015557394, 0.36941395990228754, 0.6632865120414024, 0.38089267003467675, 0.6488091684507988, 0.38765654114788417, 0.6386963015242771, 0.39087760978106345, 0.6332163613279567, 0.3918762213562369, 0.6313481069754052]","[-0.06494539467390359, 0.0022131972886145768, 0.011382748163296874, -0.06569237483518875, 0.0027781348329751765, 0.010655665238241241, -0.06656964920058728, 0.0030713840627720757, 0.010082609494742822, -0.06765229429739483, 0.003066869335300204, 0.009654405433167312, -0.068943397247894, 0.002818025140986613, 0.009346816458008167, -0.07042760429672146, 0.002461082430152306, 0.009133998216571904, -0.07217147746345354, 0.0019798897452822928, 0.009019810409975904, -0.0742288550364667, 0.0013604182093782669, 0.009009038130714409, -0.07664269520493583, 0.0005967425783932612, 0.009108038567336774, -0.07944261226921645, -0.000308480950781842, 0.009324307678381771, -0.08263963766341842, -0.0013473227357043704, 0.00966527119462679]","[-0.06404949352145195, -0.0024449825286865234, 0.011826634407043457, -0.024743594229221344, 0.0023730620741844177, 0.004438549280166626, 0.1456787109375, 0.2909912109375, -0.06396066024899483, -0.002193152904510498, 0.011787354946136475, -0.02474900335073471, 0.0024131760001182556, 0.004447221755981445, 0.144580078125, 0.2909912109375, -0.06388964131474495, -0.0019526854157447815, 0.01175031065940857, -0.024759359657764435, 0.002443164587020874, 0.004459798336029053, 0.1423828125, 0.2909912109375, -0.06380846723914146, -0.0016448423266410828, 0.011689633131027222, -0.02479015290737152, 0.002436526119709015, 0.004463493824005127, 0.140185546875, 0.2909912109375, -0.06372454017400742, -0.0013182014226913452, 0.011628419160842896, -0.024813473224639893, 0.0024807676672935486, 0.004469007253646851, 0.13798828125, 0.2909912109375]",0.021360386
"[8.235698223114014, 8.255698223114013, 8.275698223114013, 8.295698223114014, 8.315698223114014, 8.335698223114013, 8.355698223114013, 8.375698223114014, 8.395698223114014, 8.415698223114013, 8.435698223114013]","[0.04331971588261121, -0.006565210643757477, -0.006302376392833009, 0.004038925211008119, 0.012505240240179825, -0.02306602890617717, 0.01869586330607744, 0.05194394619093748, -0.006450179778309589, -0.0024012465842090133, 0.0017009916329421206, 0.01234719961622376, -0.025596670733479848, 0.020548657189394276, 0.06005076009424401, -0.006745175739276776, 0.0012579712563091808, -0.0007081600558218554, 0.012126932262655009, -0.028066232967332915, 0.02293316247485248, 0.06767610002643945, -0.007549113817365573, 0.00463245503069753, -0.0032117697508699996, 0.011841813048759735, -0.030424844341882768, 0.02573753509038622, 0.07482484617073464, -0.008909799972218094, 0.007681150967523321, -0.005827957198924298, 0.011499253763364463, -0.03265160861091146, 0.02879191206607941, 0.08139686682208591, -0.01073606196021604, 0.010335283379679103, -0.008444196106091838, 0.011111791023101648, -0.03477116764101544, 0.03202267367638544, 0.08736823754864187, -0.012891370958672899, 0.012585682443358953, -0.0109424307609004, 0.010694004925591902, -0.03678488538306053, 0.03538499458203439, 0.09275053741312053, -0.015260267917709541, 0.01443921541358475, -0.01322974127255828, 0.010259492260664456, -0.03870002312367593, 0.038836219949890616, 0.0975850880804823, -0.017746249533043212, 0.01591625485321833, -0.015237000484306791, 0.009821070546879017, -0.040533431669925436, 0.042336680343139026, 0.10193484549966059, -0.020270624609632235, 0.01704694243766576, -0.016917233902234027, 0.009390560159865767, -0.04230690125215657, 0.045849168690171985, 0.10587468316053496, -0.022771825693779307, 0.017867334263657574, -0.01824360380315354, 0.008978199373644361, -0.044038295731234606, 0.04933738862012621]","[0.24500598742012306, 0.7459358872532041, 0.28901974392511376, 0.7334363957646275, 0.32323439158577405, 0.7163081719700588, 0.3490345811758522, 0.6969560327953175, 0.3677895031431495, 0.6773696653804295, 0.38082777535427265, 0.6591793708490625, 0.38941266631663995, 0.6437032872600301, 0.3943222137302782, 0.6329814983856357, 0.3965962579800381, 0.627202504267714, 0.3972844075183291, 0.6252386055215945]","[-0.06487924108682808, 0.002661970030512162, 0.011348805197394007, -0.06578690797894438, 0.002951273666874421, 0.010669778730012958, -0.0668429264271555, 0.0029757899744922156, 0.010145302156553626, -0.06803917791291147, 0.0027549572628089436, 0.009746751596108716, -0.06933404710737068, 0.0023818420429737586, 0.009442429807872355, -0.07082587518155181, 0.0018888125174445491, 0.009240010973431634, -0.07258117581990708, 0.0012580462628606348, 0.00914264525172559, -0.07465243503170504, 0.00047547449874363323, 0.00915460186205097, -0.07708107196406333, -0.0004639012368365947, 0.009281946330298219, -0.07989532538659472, -0.001555564462980108, 0.009531946817480819, -0.08310484697437104, -0.002788464796426471, 0.00991162095783693]","[-0.06442965939640999, -0.0032682642340660095, 0.011966496706008911, -0.024880453944206238, 0.0020512640476226807, 0.0044231116771698, 0.1544677734375, 0.2909912109375, -0.06442157551646233, -0.0032801255583763123, 0.01196107268333435, -0.02487391233444214, 0.0020513832569122314, 0.004424557089805603, 0.151171875, 0.2909912109375, -0.06436046957969666, -0.003215797245502472, 0.011944621801376343, -0.02486923336982727, 0.0020592957735061646, 0.0044221431016922, 0.1478759765625, 0.2909912109375, -0.06429756805300713, -0.0030964016914367676, 0.011926889419555664, -0.024847455322742462, 0.0021084994077682495, 0.00442090630531311, 0.1478759765625, 0.2909912109375, -0.06422682479023933, -0.002895921468734741, 0.011894017457962036, -0.024807453155517578, 0.0021919384598731995, 0.004423975944519043, 0.1478759765625, 0.2909912109375]",0.011954375000000001
"[8.375585079193115, 8.395585079193115, 8.415585079193114, 8.435585079193116, 8.455585079193115, 8.475585079193115, 8.495585079193114, 8.515585079193116, 8.535585079193115, 8.555585079193115, 8.575585079193115]","[0.04363815451354626, -0.008485275278471215, -0.006759079783454787, 0.0026961604929738193, 0.012275539389432152, -0.021903750931596445, 0.02112754798829477, 0.052250659910581365, -0.0084450828061245, -0.0027632045281837034, 0.0006122308646630899, 0.0121008145598623, -0.02434497857412287, 0.02311052852090719, 0.060334565747686995, -0.008856232404834134, 0.0009860189677378176, -0.001581375871047671, 0.011863518894334138, -0.02668891173269045, 0.025504408862062622, 0.0678980349558447, -0.00979081125864445, 0.004445211698893876, -0.003894616769710619, 0.011557624885033407, -0.0288747682565552, 0.028229005044708665, 0.0748415064693417, -0.01117816454273609, 0.0075472558009488785, -0.00619121763652834, 0.011182417367650382, -0.030895456723960605, 0.03128013953615429, 0.08117093724039125, -0.013104939101260742, 0.010219131025788768, -0.008526079190131508, 0.010753840545060504, -0.03282079892447777, 0.034456900869964335, 0.08687999588959437, -0.015401774273356166, 0.01246641313778818, -0.01077551219139165, 0.010291035251121024, -0.034656675010051194, 0.03771907386568303, 0.09199307326496317, -0.0179307197686203, 0.014306292986041217, -0.012844056259236541, 0.009810620121424678, -0.03641270508211368, 0.041029524290247865, 0.09656034695188724, -0.020580870465568384, 0.015765862805526408, -0.014662219509052362, 0.009327255700956574, -0.03810643366980694, 0.04435477437001391, 0.10065046587742281, -0.02326515712109454, 0.016879175705045896, -0.016183996701248232, 0.008853755743934127, -0.0397591797795211, 0.047664158993330805, 0.10434156735970049, -0.025917823357254788, 0.017684122431438534, -0.01738411280544699, 0.00840079025288876, -0.041387671091974235, 0.050927955224450816]","[0.2495599946494904, 0.7343650112979557, 0.2994296842557032, 0.7167663673018121, 0.3372797031559343, 0.6961393050944424, 0.36514167275175075, 0.674503583540464, 0.3849120459728671, 0.6535218172306254, 0.39832410671259233, 0.6345519992845388, 0.4069430916957453, 0.6186917518317747, 0.41177234509020566, 0.6078129562760302, 0.4139715803957493, 0.6019857804821072, 0.4146292060622614, 0.6000133942951076]","[-0.06518922548079475, 0.001193227060682922, 0.011573427664910874, -0.06619399479815391, 0.0009412528288499367, 0.010968739665173644, -0.06723713811541576, 0.0004895572885392774, 0.010495008662037897, -0.06831078297584792, -0.00016473415722817464, 0.010129993671592619, -0.0695480006927337, -0.0010861209071082456, 0.00989253167769899, -0.0709659770202895, -0.002079946787477027, 0.00975784034331273, -0.07262913801594872, -0.003158671045748296, 0.009726495558874504, -0.07458809948678469, -0.004332328399615282, 0.009800705437578827, -0.07688295978709592, -0.0056033676454276815, 0.009984515190885723, -0.0795413743843506, -0.006966135446366373, 0.01028300005705507, -0.08257326306759671, -0.008409643148644896, 0.010700817820641806]","[-0.06403672322630882, -0.0029356256127357483, 0.012005895376205444, -0.024670399725437164, 0.002425670623779297, 0.004400864243507385, 0.18193359375, 0.2909912109375, -0.06406651064753532, -0.0028652027249336243, 0.011916279792785645, -0.02471262961626053, 0.0023503154516220093, 0.004405468702316284, 0.1786376953125, 0.2909912109375, -0.06409670785069466, -0.0028053373098373413, 0.0118732750415802, -0.024696752429008484, 0.0023889318108558655, 0.004407167434692383, 0.1742431640625, 0.2909912109375, -0.06412336602807045, -0.0027443617582321167, 0.011876195669174194, -0.024652279913425446, 0.0024857372045516968, 0.0044065117835998535, 0.170947265625, 0.2909912109375, -0.06414419040083885, -0.0027044937014579773, 0.011875569820404053, -0.02463727444410324, 0.0025111734867095947, 0.004408910870552063, 0.1676513671875, 0.2909912109375]",0.017257925
"[8.455124855041504, 8.475124855041503, 8.495124855041503, 8.515124855041504, 8.535124855041504, 8.555124855041504, 8.575124855041503, 8.595124855041504, 8.615124855041504, 8.635124855041504, 8.655124855041503]","[0.04419095902482625, -0.011900872703839903, -0.00684094890672261, 0.0018674462824231066, 0.012077136513274385, -0.020996750928108997, 0.02321306345696846, 0.052803343830874816, -0.011949623651640233, -0.0028257804010338697, -0.00016307038145789134, 0.0118730722172754, -0.023382303327963476, 0.025223086179232777, 0.06086874110647987, -0.0124618586119485, 0.0009396257116491604, -0.00233201260806112, 0.011610440452143567, -0.025647709835622923, 0.02754187538098049, 0.06829039925575278, -0.0133741715949775, 0.004388735069205499, -0.004494671925065364, 0.0112799809293486, -0.027749558685781998, 0.030224289423170073, 0.07507408174561742, -0.014780727932491272, 0.007454015459685388, -0.006686507487426112, 0.010886948114987728, -0.02971797407243564, 0.03312269508619057, 0.08121158941018117, -0.016655336045299153, 0.010090208976559014, -0.008880787970096568, 0.010447658344116796, -0.031594463406462756, 0.03611621977894583, 0.0867096206026946, -0.01884750204177829, 0.012304176773112225, -0.01096950892606875, 0.009979454611443726, -0.03338545063201765, 0.03916976987764764, 0.09160239270107703, -0.021235165402672545, 0.014113704224143039, -0.01287059364376781, 0.009497450572284618, -0.0351007390797332, 0.04225114242754499, 0.09594735671151813, -0.023720567304477302, 0.015546009849435714, -0.01452567802674524, 0.009015050464191664, -0.03675780121749509, 0.045331938258060006, 0.09981837569540372, -0.026227211566023145, 0.016634976200336257, -0.015897650747659087, 0.008544056378091877, -0.03837773993965515, 0.048386600330318025, 0.10329714760187281, -0.028697514220400327, 0.017418159372852206, -0.01696798383105813, 0.008094375726705079, -0.03997703066650886, 0.05139023385558488]","[0.26739465342694685, 0.7244539355402485, 0.3107918702337098, 0.7044117549542712, 0.34350437129479394, 0.6820116544947494, 0.36740422609612733, 0.6591226038589608, 0.38421496553089396, 0.6372800260165339, 0.39549979962988335, 0.6177355222322096, 0.40266103735273806, 0.601498334602568, 0.4066251480534435, 0.5904058445259124, 0.4084088304927307, 0.5844802541704657, 0.4089366535476864, 0.5824780648051479]","[-0.06573877500614178, -0.001957257191791406, 0.012182292612570755, -0.06674992807920876, -0.0023833089686977615, 0.011589934051351225, -0.06770560427415495, -0.002939812691888477, 0.011108018496762018, -0.06875346962785134, -0.0037578117469978523, 0.010761929894370414, -0.06992243795059072, -0.004724919478818812, 0.010530829860408097, -0.07126154622305303, -0.005742405495327674, 0.010400856966740424, -0.07283347104868287, -0.006822694496078974, 0.01037181654981989, -0.07468717807361724, -0.007975094617754142, 0.010444875512589658, -0.0768616092703931, -0.00920121904206006, 0.010622795542549746, -0.07938389150831615, -0.01049478097780776, 0.010909174228563856, -0.0822640022638621, -0.011844458446176542, 0.011307075932119215]","[-0.06333264335989952, -0.006602585315704346, 0.01244497299194336, -0.024164974689483643, 0.001825191080570221, 0.004374831914901733, 0.20830078125, 0.2909912109375, -0.06340417638421059, -0.006086751818656921, 0.01239195466041565, -0.024250976741313934, 0.0019281208515167236, 0.0043989866971969604, 0.206103515625, 0.2909912109375, -0.06397304311394691, -0.003015391528606415, 0.012086987495422363, -0.024623744189739227, 0.002531766891479492, 0.004393190145492554, 0.1852294921875, 0.2909912109375, -0.06403672322630882, -0.0029356256127357483, 0.012005895376205444, -0.024670399725437164, 0.002425670623779297, 0.004400864243507385, 0.18193359375, 0.2909912109375, -0.06406651064753532, -0.0028652027249336243, 0.011916279792785645, -0.02471262961626053, 0.0023503154516220093, 0.004405468702316284, 0.1786376953125, 0.2909912109375]",0.021291114
"[8.55560302734375, 8.57560302734375, 8.59560302734375, 8.61560302734375, 8.63560302734375, 8.65560302734375, 8.67560302734375, 8.69560302734375, 8.71560302734375, 8.73560302734375, 8.75560302734375]","[0.04458804287292588, -0.014319946023480148, -0.0068677372674322765, 0.0018720187916049266, 0.011705724609458162, -0.020957395206066664, 0.023551555127331557, 0.053197236090730654, -0.014668725886849187, -0.002970768123646129, -0.00045698421211534245, 0.01145994917749298, -0.02312477323355038, 0.025650090027067085, 0.06113010968997879, -0.015462928995031622, 0.0006403681182256256, -0.002824981500235052, 0.011135027254933292, -0.02508375486286277, 0.028206460532627528, 0.0683932804250015, -0.016821136877143206, 0.003895153527953441, -0.005265295260659182, 0.010730731685725787, -0.02685353658058607, 0.031091487164400675, 0.07497752669874352, -0.018737340611551096, 0.006744790729445069, -0.0077487260194903365, 0.010260274500716007, -0.028476184642988515, 0.03417972257597715, 0.08088065163897656, -0.02111878650841626, 0.00916625711807801, -0.0102036271671755, 0.009743965738545364, -0.029996879303456125, 0.03737496029885773, 0.08612906887186661, -0.023799825087831968, 0.011181189022273665, -0.012516409739264326, 0.009201393288193447, -0.03142950373223026, 0.040639447973250954, 0.09077068265506232, -0.026649120483830918, 0.012817616394595931, -0.01460163388539796, 0.00864887322259203, -0.03278928802490197, 0.04393805779704285, 0.09487159853108265, -0.029564673029899586, 0.014109033697521301, -0.016399598165319797, 0.008100128534208677, -0.03409722592266751, 0.04723965496464862, 0.09851036257698076, -0.032469727185083924, 0.015092298313487795, -0.017873586286517095, 0.007566633542279969, -0.035376655774638596, 0.05051609232671278, 0.10177046676967677, -0.0353092033171174, 0.015805345970956966, -0.019006861567018182, 0.007057603945295259, -0.03664588525597294, 0.0537397014996386]","[0.3155140401786832, 0.7059150752283379, 0.3608078776995029, 0.6815654072111195, 0.3942779229092243, 0.6564926285280732, 0.41812551747983795, 0.6321496729105707, 0.434363583393181, 0.6097025865336221, 0.4448074007553784, 0.5900841856529473, 0.45107442711686796, 0.5740383125561423, 0.45434634938295626, 0.5631799827931634, 0.4557319471392068, 0.5574150640965326, 0.45611934323853054, 0.5554747757046667]","[-0.06641915462001802, -0.0038881757002107165, 0.012529591790816141, -0.06727013326786113, -0.004255790432468487, 0.011889330350343563, -0.06812895439080591, -0.004960719960485083, 0.011401547910137033, -0.06903653578985969, -0.0059208133293799925, 0.011047912906183122, -0.07004938269901873, -0.0070460201370763365, 0.010814370121246863, -0.07123556010830001, -0.008269219554326135, 0.010692377503042305, -0.0726567120752094, -0.009603159512160175, 0.010680972470844097, -0.07436020285291689, -0.011056942916218837, 0.010780971486139102, -0.07638324597201795, -0.012631787035462416, 0.010995071693677083, -0.07875149880874421, -0.014320508304863644, 0.011326946224028855, -0.08147404928622903, -0.016109655848442817, 0.011779714653124884]","[-0.0632430799305439, -0.010589778423309326, 0.012900054454803467, -0.023810550570487976, 0.0006236881017684937, 0.004638999700546265, 0.2269775390625, 0.2909912109375, -0.06341451406478882, -0.010214559733867645, 0.01249423623085022, -0.02391906827688217, 0.0005943477153778076, 0.004643052816390991, 0.223681640625, 0.2909912109375, -0.06332237645983696, -0.010019399225711823, 0.012660503387451172, -0.024015001952648163, 0.0004341825842857361, 0.004424259066581726, 0.2203857421875, 0.2909912109375, -0.06332425400614738, -0.009610719978809357, 0.01263609528541565, -0.024129949510097504, 0.0005741715431213379, 0.004546627402305603, 0.2159912109375, 0.2909912109375, -0.06331446021795273, -0.009080387651920319, 0.012596935033798218, -0.02415073662996292, 0.0007594376802444458, 0.004544109106063843, 0.2126953125, 0.2909912109375]",0.021370075000000002
"[8.635302066802979, 8.655302066802978, 8.675302066802978, 8.695302066802979, 8.715302066802979, 8.735302066802978, 8.755302066802978, 8.775302066802979, 8.795302066802979, 8.815302066802978, 8.835302066802978]","[0.045147127423370466, -0.017715969260076368, -0.007583275912903417, -0.0005578639308384067, 0.011282417893920451, -0.02013908882690378, 0.025093446455693537, 0.053705028956109846, -0.018199877929955185, -0.003694167839021965, -0.0028313616417073185, 0.011004536190237803, -0.022127731805326727, 0.02762417671705746, 0.06159649696988238, -0.01921311995325796, -0.00010584385092286308, -0.00517203819506375, 0.01065366279852443, -0.023949308750283033, 0.03047175895381255, 0.06880567252012922, -0.020755172052550293, 0.0031371145874541603, -0.007549349109621622, 0.010235631232721313, -0.02558876076127603, 0.03352902565432527, 0.07532244579643146, -0.02273683958918819, 0.006025047460041709, -0.009884861145746666, 0.009760028563919117, -0.027039632105275574, 0.036713740501753356, 0.08107554440444295, -0.025103761124775817, 0.008476965514971934, -0.012106317880250574, 0.009243718615088513, -0.028399773772920866, 0.03993658211777346, 0.08611894433999998, -0.02769893511534008, 0.01052315699139273, -0.014118430604326075, 0.008706131847826417, -0.029687745532030307, 0.04316292709158037, 0.09052164780490371, -0.030402461066537195, 0.012196754412987638, -0.01585453714851905, 0.008162874202516782, -0.030921323816442085, 0.046361677408080254, 0.0943656239153525, -0.0331257886903317, 0.013533484506189025, -0.017273637035390473, 0.007626494734968027, -0.03212240138098457, 0.04950763214536047, 0.09774107816684934, -0.035806489008955875, 0.01457027115219091, -0.018356924649431516, 0.007107074174721856, -0.03331419816419042, 0.052579943359115595, 0.10073982238624977, -0.038403378331984185, 0.015343640027261761, -0.019104128808293545, 0.00661250081053307, -0.03451452455369286, 0.05555835782080563]","[0.34105972929546724, 0.7035070765247761, 0.3790369962188056, 0.6731846107610221, 0.40564542184885144, 0.643857216864232, 0.42332450591609944, 0.616587026855304, 0.43424633242261185, 0.5921907717676466, 0.44031599580172925, 0.5713061039034171, 0.44318243753919684, 0.5544369383029106, 0.4442392250233271, 0.5431135171942644, 0.4444834610226328, 0.5371341169514572, 0.4444960902645395, 0.5351284946126136]","[-0.06625074608676107, -0.004238483304155771, 0.012517473691370906, -0.06723419363779537, -0.00508856618276754, 0.01195771926062772, -0.06819549960858429, -0.006185805477957551, 0.011537950232109573, -0.06915671988276617, -0.007491094433140333, 0.01124172874959406, -0.07014513243287546, -0.008996778728652455, 0.011057767641185379, -0.07130284086788496, -0.01059795512401962, 0.010995328154701056, -0.07268791585657264, -0.012300952218522454, 0.011050417803358137, -0.07434350066213424, -0.014107396600161692, 0.011221073044438867, -0.07630312821834717, -0.016011101142080264, 0.011507243460310512, -0.07858972656003882, -0.01799777019685589, 0.011909644033314848, -0.08121048805373188, -0.020046807718757886, 0.012428017459297447]","[-0.06376196071505547, -0.011723421514034271, 0.013344049453735352, -0.02405758947134018, 0.0005977079272270203, 0.004743471741676331, 0.2566408157348633, 0.2909912109375, -0.06373714655637741, -0.011701904237270355, 0.01327487826347351, -0.023962408304214478, 0.0004947558045387268, 0.004635810852050781, 0.2544435501098633, 0.2909912109375, -0.06372201815247536, -0.011757560074329376, 0.013186514377593994, -0.023930229246616364, 0.0003359094262123108, 0.00464339554309845, 0.2511476516723633, 0.2909912109375, -0.06367995962500572, -0.011795058846473694, 0.01308596134185791, -0.023943565785884857, 0.0001733824610710144, 0.004641979932785034, 0.2467529296875, 0.2909912109375, -0.06365536898374557, -0.011815831065177917, 0.013017773628234863, -0.02393866330385208, 0.00012730807065963745, 0.004644244909286499, 0.2423583984375, 0.2909912109375]",0.022786386
"[8.735559940338135, 8.755559940338134, 8.775559940338134, 8.795559940338135, 8.815559940338135, 8.835559940338134, 8.855559940338134, 8.875559940338135, 8.895559940338135, 8.915559940338134, 8.935559940338134]","[0.045516635893931935, -0.02004279511571108, -0.00754588192241888, -0.0014714555842134452, 0.011039740536444917, -0.01765052343117732, 0.028293977047570414, 0.05397649377745087, -0.020772660321118193, -0.0035039594506062, -0.0035071360631508484, 0.010717071012936799, -0.019610071671732794, 0.030781484466396666, 0.06175041768510203, -0.021935863968722626, 0.00023199028289181355, -0.005596543264175241, 0.010345101728729886, -0.02148896129902545, 0.03341496024253844, 0.06883328363415102, -0.023441763710841564, 0.0036538100262623013, -0.007654603915154089, 0.009925511537164252, -0.023229296479221537, 0.03617081911110005, 0.07515511471179975, -0.025235687537782416, 0.0066910593175361945, -0.009590019348698355, 0.009462958247696902, -0.024866544260475347, 0.03901816110494696, 0.08074177282588407, -0.02731356954556436, 0.009303204283572451, -0.011402969818394167, 0.008972120112486548, -0.026456186263972798, 0.04184883189092874, 0.08564093748245555, -0.02955102613242461, 0.011506871512392715, -0.013019801451231385, 0.008468295051277181, -0.028007039524378587, 0.04463759042378325, 0.0899161276289363, -0.03185476946706346, 0.01332377530086152, -0.014391731346497174, 0.007963901355472109, -0.029528151644025426, 0.047362889335328145, 0.09364500645328763, -0.034157084616674195, 0.014780697535035272, -0.015491853632608464, 0.007469164316765293, -0.031033744565286563, 0.050009266703882865, 0.0969147388975157, -0.03641099379579066, 0.015908133607053503, -0.0163117210966627, 0.006992610126299213, -0.03254034050228212, 0.05256559441497643, 0.09981523138776605, -0.03858597962673081, 0.016738570503501617, -0.016857851606455712, 0.006541211808987314, -0.034059798250901975, 0.05502110310262287]","[0.33982076621530655, 0.6902998119507511, 0.3685401884519893, 0.6627441714321562, 0.38804452110649135, 0.6354912223328064, 0.40049277449832177, 0.6096639175825502, 0.40775162552858324, 0.5861800659862121, 0.4114096777533259, 0.5657966002723334, 0.4128014008344711, 0.5491417355017627, 0.4130780567433462, 0.5378801581037824, 0.4129879569045674, 0.5319035558004105, 0.4129063772059641, 0.5298920432640616]","[-0.06585869494590524, -0.008067505054534685, 0.012912443071031454, -0.06676716970186602, -0.00948890026513638, 0.012450359077517792, -0.06762235950778073, -0.010956502336344265, 0.012108283989678448, -0.06845409385873302, -0.012531664555257116, 0.011875824717723749, -0.0693969053107717, -0.014205916534321794, 0.011764768862913666, -0.07051014953644741, -0.015871838338176403, 0.011757093236590688, -0.0718495753477999, -0.01753501459018736, 0.011847433769287541, -0.0734569859146561, -0.019196983003262336, 0.01203212523328201, -0.07536544961003, -0.020852537057444387, 0.012309250811979311, -0.07759806867610752, -0.022489779765614504, 0.012677731537932502, -0.08016255874686629, -0.02409226197818004, 0.013135875063816194]","[-0.06335875019431114, -0.013363301753997803, 0.013572514057159424, -0.023824721574783325, 0.00025641173124313354, 0.004463687539100647, 0.2841064453125, 0.2909912109375, -0.06345504894852638, -0.013193570077419281, 0.013665497303009033, -0.0238727405667305, 0.00027789175510406494, 0.004471540451049805, 0.2819091796875, 0.2909912109375, -0.06355496123433113, -0.013036057353019714, 0.013545632362365723, -0.023920617997646332, 0.00016707181930541992, 0.004501521587371826, 0.27861328125, 0.2909912109375, -0.06362529471516609, -0.0129324272274971, 0.013421118259429932, -0.023983441293239594, 2.2143125534057617e-05, 0.004525214433670044, 0.2753173828125, 0.2909912109375, -0.0637015849351883, -0.012848913669586182, 0.013334870338439941, -0.023996151983737946, -1.646578311920166e-06, 0.004549816250801086, 0.2709228515625, 0.2909912109375]",0.02228684
"[8.81493592262268, 8.83493592262268, 8.85493592262268, 8.874935922622681, 8.89493592262268, 8.91493592262268, 8.93493592262268, 8.954935922622681, 8.97493592262268, 8.99493592262268, 9.01493592262268]","[0.0461433801808577, -0.02420685763683152, -0.0066263184792996485, -0.0017826983159294429, 0.01022881366828354, -0.018058750407736593, 0.028820809835320677, 0.054458383368827065, -0.025053295628794735, -0.002883486987577796, -0.004079840299787128, 0.009917668032858403, -0.020057163405834633, 0.031164978169774985, 0.06204312306686126, -0.026260409141217272, 0.0005635994480015865, -0.0063759292602806154, 0.009550435672309135, -0.021820005519891744, 0.033720455172839406, 0.06881559263750298, -0.027803954972958896, 0.0036470076449910825, -0.008571756787049339, 0.009120668182697547, -0.023336530132511052, 0.03649185906240547, 0.07478922888127845, -0.02970532022233051, 0.006331753650459902, -0.010654373643197258, 0.008633060361479223, -0.024640746218200095, 0.03938489796674252, 0.07996243725906568, -0.031970147272471175, 0.008558299207921683, -0.012617154586233392, 0.008104692582682906, -0.025833694367133647, 0.042282593652144096, 0.08440899725957415, -0.03445014360207933, 0.010366883483482386, -0.014378729161686348, 0.007555082165852858, -0.02693742417643953, 0.04515690474153908, 0.08821325040622913, -0.03703203170361215, 0.01179918878585011, -0.01588367129966728, 0.006999929363731726, -0.02797283175184087, 0.0479832298332675, 0.09146872085614657, -0.0396320556510196, 0.012898200854219204, -0.017099669732938104, 0.006451884838924254, -0.028964723689912597, 0.05074273159153504, 0.09427391159176228, -0.04219100455694737, 0.013706879915903478, -0.018014198064802058, 0.005921128948673334, -0.029938985806225386, 0.05342070397586126, 0.09672613167806376, -0.0446696241924653, 0.014266622371778082, -0.018631030158272974, 0.005415625232711836, -0.030915757673111045, 0.05600277222073163]","[0.3584730144779703, 0.6676626535736074, 0.3931499292744495, 0.6320007034869406, 0.4173395375403013, 0.5985832563064053, 0.43332331242213207, 0.5682658943219419, 0.4431259018903684, 0.5416806874471936, 0.4485136287832259, 0.5192966908336698, 0.4510070953606173, 0.5014620289326306, 0.4518907413568685, 0.48959802816311676, 0.452071526278426, 0.4833726234619619, 0.45206922907618163, 0.4812935212938148]","[-0.06572742885553329, -0.011650513934839513, 0.013330919631519222, -0.06668612658942052, -0.012469023889992492, 0.01281802763450246, -0.06752240037718393, -0.01348702229087495, 0.012417408399777674, -0.06835875704209937, -0.01477228927109131, 0.012149019946232187, -0.06924808029952989, -0.016273482246980997, 0.012002620047883106, -0.07028861707768297, -0.017852778392828395, 0.011970126178952434, -0.07153225541315933, -0.01951535852293862, 0.012046441171695399, -0.07301664090233428, -0.021261323688424483, 0.012228290860754498, -0.07477090046109636, -0.023083159933823705, 0.01251399136038156, -0.07681481296386872, -0.02496594138669206, 0.012902348662259477, -0.0791537268094552, -0.026889493549242527, 0.013391083829962902]","[-0.06276819482445717, -0.017311088740825653, 0.013901114463806152, -0.023441188037395477, -0.001684427261352539, 0.004255041480064392, 0.289599609375, 0.29208984375, -0.06283082813024521, -0.016852334141731262, 0.013866275548934937, -0.023482784628868103, -0.0013714730739593506, 0.004264816641807556, 0.289599609375, 0.29208984375, -0.06287983059883118, -0.01636435091495514, 0.013831138610839844, -0.02352912724018097, -0.0010754019021987915, 0.004283159971237183, 0.289599609375, 0.29208984375, -0.06293898448348045, -0.015865065157413483, 0.013786137104034424, -0.023589447140693665, -0.0008652880787849426, 0.004305720329284668, 0.289599609375, 0.29208984375, -0.06302649900317192, -0.015347905457019806, 0.013731807470321655, -0.023660093545913696, -0.0008065775036811829, 0.004497498273849487, 0.2885009765625, 0.2909912109375]",0.019808384000000002
"[8.915398597717285, 8.935398597717285, 8.955398597717284, 8.975398597717286, 8.995398597717285, 9.015398597717285, 9.035398597717284, 9.055398597717286, 9.075398597717285, 9.095398597717285, 9.115398597717284]","[0.04684379390616619, -0.02848492769489793, -0.0071498388739506796, -0.0035665009054920063, 0.009974057569620066, -0.017879907408226377, 0.030177625190441044, 0.05497622310427617, -0.029497322896046254, -0.0035850980358224553, -0.005933424587034668, 0.009604847213362654, -0.019514602077556738, 0.03274089191906335, 0.062262178203711, -0.03088563579273258, -0.0003469766730247629, -0.008218143206006966, 0.009167336819406728, -0.020850366061840972, 0.035542143339200305, 0.06870304950091999, -0.032677991196789685, 0.0025279952750130977, -0.010408875110698034, 0.008663939712685129, -0.021906611170739915, 0.03847163806203697, 0.07428583769881075, -0.034883792151603976, 0.004979439824172223, -0.01250177013500733, 0.008109782528392605, -0.022784191713736596, 0.041392258176767366, 0.07901943991348032, -0.03735695896523494, 0.006999730422507414, -0.014391956664972276, 0.007525331513591732, -0.023558724127945886, 0.044276400504051606, 0.08300775848141964, -0.03995933816453613, 0.008641358440887332, -0.01601472463289174, 0.0069295375877760105, -0.02426003763354423, 0.04709868169711148, 0.08635581874985435, -0.04259017745434364, 0.009952820017361566, -0.017330903543045697, 0.006336882352205591, -0.024914020233874547, 0.049837212627709404, 0.08917005265881664, -0.04518013095326061, 0.010979320800956186, -0.018323797700459256, 0.00575821571837461, -0.025547711104627786, 0.05247693060851247, 0.09155579434850769, -0.04768533105085389, 0.011762440734093091, -0.018995459141573284, 0.005201591216033208, -0.026187436999048207, 0.055007686898113535, 0.09361279980164719, -0.050081576485417535, 0.012339603515795976, -0.01936283104055407, 0.004672864483965816, -0.026853413662757734, 0.0574195417538542]","[0.4008754995196228, 0.6368213429180151, 0.42827071980396714, 0.5960059506167075, 0.4457510182532506, 0.5596125194667233, 0.45575995044845075, 0.5278988624042473, 0.4604242928233163, 0.5009753383667893, 0.4615701189486868, 0.47886673852374745, 0.46074137640524626, 0.46155545898994044, 0.45944778044194357, 0.45017113936455155, 0.4585015588965114, 0.44424374264875394, 0.45812793628982296, 0.44227396458854074]","[-0.06633951070413269, -0.013031284056274739, 0.013770547954272683, -0.06724546280071664, -0.01404586672501118, 0.013253556868574101, -0.06804039518685134, -0.015397509441616108, 0.01287713755018105, -0.0687560799677227, -0.0170369624211677, 0.01262937842609313, -0.06947458143385732, -0.018815087931736585, 0.012499865231863083, -0.07032496334506066, -0.020704041807339202, 0.012495546940613167, -0.07135477692221337, -0.02270282920777955, 0.012608645038421074, -0.0725974211171625, -0.0248044839244006, 0.01283315980894617, -0.07407858410486878, -0.026994889305103964, 0.013164587819383566, -0.07581592751358468, -0.029253040654162454, 0.013598759210152522, -0.07781436906177763, -0.031552405264425154, 0.014130192538157171]","[-0.062200598418712616, -0.0180041566491127, 0.013818532228469849, -0.02308914065361023, -0.002190627157688141, 0.004174724221229553, 0.2906982421875, 0.2909912109375, -0.062204547226428986, -0.018109142780303955, 0.013718962669372559, -0.02308168262243271, -0.002085775136947632, 0.004392772912979126, 0.2906982421875, 0.2909912109375, -0.06224839389324188, -0.018305383622646332, 0.013757020235061646, -0.023104064166545868, -0.002146795392036438, 0.00439627468585968, 0.2906982421875, 0.29208984375, -0.06229905039072037, -0.0184333398938179, 0.013781130313873291, -0.02313198894262314, -0.0021919310092926025, 0.0043986886739730835, 0.289599609375, 0.29208984375, -0.06235804036259651, -0.01848936825990677, 0.013800472021102905, -0.02316702902317047, -0.002213403582572937, 0.004398912191390991, 0.289599609375, 0.29208984375]",0.022777690000000003
"[9.015735864639282, 9.035735864639282, 9.055735864639281, 9.075735864639283, 9.095735864639282, 9.115735864639282, 9.135735864639281, 9.155735864639283, 9.175735864639282, 9.195735864639282, 9.215735864639282]","[0.047482185263002186, -0.032413965329943756, -0.007574458475481572, -0.005568061478501256, 0.009602372281633006, -0.01667002463682342, 0.03198731492884718, 0.05538950753622261, -0.033518836065531216, -0.004066146436696583, -0.007829822156599917, 0.009195682210018163, -0.018127497767730476, 0.034745201145058205, 0.062458666877335915, -0.03500701722592839, -0.0008777032230441495, -0.010004953431875605, 0.008728299743773052, -0.019300604882192256, 0.03763409360209631, 0.06866239020795198, -0.03689650631275962, 0.0019357935021147644, -0.012089036168879987, 0.008207375479080879, -0.02022056407139007, 0.0405237886615606, 0.07399566796620488, -0.03904687130828838, 0.004382510459316255, -0.013972878138463965, 0.007642000271224564, -0.020908056151013384, 0.04338913775310876, 0.07842427379423242, -0.04142186244387838, 0.006389489285810726, -0.015607976580621716, 0.007048674411082095, -0.021503376428360255, 0.04616746412586087, 0.0820771273001886, -0.04388793755543406, 0.008018393993834489, -0.016944502374628318, 0.006446772892196386, -0.02204071166980867, 0.04883742338209987, 0.08507743720524441, -0.046350797920727854, 0.009323408351940636, -0.017957483984130485, 0.005850687960531432, -0.022548299932948247, 0.05138159054696506, 0.08754425537750121, -0.04874888464957483, 0.010352578353798502, -0.01864348586393229, 0.005270755195533478, -0.023053847162407735, 0.053790338015010646, 0.08959114179492522, -0.05104671954160798, 0.011148147118843987, -0.01901654375268514, 0.004714270078106873, -0.023583243510155637, 0.05605962995687376, 0.09132275364416946, -0.05322825797691333, 0.011746678651075563, -0.019104006243794765, 0.004186293459213713, -0.02415582923620664, 0.0581856638012118]","[0.4141772343144452, 0.6210590861472836, 0.43684797206262116, 0.5750280506384864, 0.44998294651905996, 0.535119761166839, 0.45614713748988023, 0.5011727413540442, 0.4575456536125324, 0.4729320237687916, 0.4560397316890217, 0.45011846839615144, 0.45317252349142173, 0.43246875722809075, 0.45056362818962714, 0.4209541567832276, 0.4489453677228718, 0.414991311532082, 0.44835263978045997, 0.41301658049101614]","[-0.06612116392309253, -0.014799708756958019, 0.013999375289166949, -0.06703428730698235, -0.016153204140401112, 0.013543304339846074, -0.06779735257591835, -0.017794923394754303, 0.013217182738067823, -0.06843839701001686, -0.01963020854466979, 0.013007438330439935, -0.06902959756172655, -0.021688291676593252, 0.012917954375909702, -0.06974675441837863, -0.0238497588801998, 0.012959838990259875, -0.07063388832242301, -0.026106693113174817, 0.013121503008417967, -0.07172073561877534, -0.02844499424173552, 0.013393389580112824, -0.07302989053603515, -0.030844169461818005, 0.0137675683359344, -0.07457682609617577, -0.033277849900628986, 0.01423651625505018, -0.07636527030892992, -0.03571495043123818, 0.014791461199476164]","[-0.0624103918671608, -0.015968479216098785, 0.013688862323760986, -0.02319175750017166, -0.0012775585055351257, 0.004245743155479431, 0.289599609375, 0.2909912109375, -0.06235243380069733, -0.016115598380565643, 0.013688147068023682, -0.02316385507583618, -0.0013493150472640991, 0.004233419895172119, 0.2906982421875, 0.2909912109375, -0.06229899451136589, -0.016310609877109528, 0.013690084218978882, -0.023136749863624573, -0.0014438331127166748, 0.004224047064781189, 0.2906982421875, 0.29208984375, -0.06225419417023659, -0.016548946499824524, 0.01369476318359375, -0.023114971816539764, -0.001554042100906372, 0.0042122602462768555, 0.2906982421875, 0.29208984375, -0.062219589948654175, -0.016821108758449554, 0.01370123028755188, -0.023098714649677277, -0.001676715910434723, 0.004196852445602417, 0.2906982421875, 0.29208984375]",0.020071044
"[9.095394372940063, 9.115394372940063, 9.135394372940063, 9.155394372940064, 9.175394372940064, 9.195394372940063, 9.215394372940063, 9.235394372940064, 9.255394372940064, 9.275394372940063, 9.295394372940063]","[0.04783753383145492, -0.03412040509312303, -0.006666729499307824, -0.005440758683538485, 0.009214465405508299, -0.015815716940666066, 0.03334743234720937, 0.05554349887952792, -0.03536970378154473, -0.0032632004822171793, -0.007666419071168176, 0.008794160911410172, -0.017357072849501717, 0.035898142376336956, 0.06239740909112854, -0.0369655861778246, -0.0002081471539657777, -0.009833351126218092, 0.008328821137916154, -0.01862352862278985, 0.038488898026148334, 0.06837966368365055, -0.03879262070228294, 0.002516231650857963, -0.011825691464747795, 0.007812612938420548, -0.01953276243398641, 0.04114117712178966, 0.07344124055871305, -0.04083567687733545, 0.004860847001913641, -0.013579020724600892, 0.0072433717437014955, -0.020143415402845664, 0.043823774631148435, 0.0775654180618575, -0.04316283832197848, 0.0067280982308449075, -0.015120617350760453, 0.006637427674818402, -0.02063493269516699, 0.046418447819399314, 0.0808952690482006, -0.045628995431118924, 0.008191249504008992, -0.016399314669236154, 0.006016566383025957, -0.021045804131588113, 0.048907122824605846, 0.08356530777323065, -0.048129149602254215, 0.009314825776177916, -0.01738787583482995, 0.005397229168082508, -0.021408185816786583, 0.05127531944820947, 0.08570328804398905, -0.050591839235625935, 0.010155924870638334, -0.018079790329049876, 0.004791516568996962, -0.021753546319555655, 0.0535155463373454, 0.08742912341346169, -0.052972568952856125, 0.010764521183835505, -0.018485407035211475, 0.00420820016069319, -0.02211123573557742, 0.05562522405553694, 0.08885174512448256, -0.05524738175098724, 0.011183575458815374, -0.018627987690559105, 0.003653482457907034, -0.022503491246064718, 0.057601782154711005]","[0.40766796164600094, 0.6048133667921014, 0.4339594546071505, 0.5541303060466136, 0.45029185435607305, 0.5105899730368928, 0.45921166837380906, 0.47389235303910976, 0.46292345431499354, 0.44364935654852433, 0.4632954051503657, 0.4194554755332237, 0.46188365281515925, 0.4009261470909098, 0.4602231993098393, 0.3889211625164135, 0.45909446519029556, 0.382735535339192, 0.45866285435060244, 0.38069436826674685]","[-0.06553488458954859, -0.018221028276917295, 0.01431679733705371, -0.0664576084130355, -0.019461175421734644, 0.013890594807084433, -0.06719590343331361, -0.020860787333568442, 0.013569041074706245, -0.06776649671554846, -0.022565344453893132, 0.013358706853517699, -0.0682854263799052, -0.024570671962583557, 0.013275736268639982, -0.06891776804280558, -0.02667099842087506, 0.013318358083246107, -0.06970532725589584, -0.02885876269610055, 0.013474038901202245, -0.07067584921580639, -0.031120772991850565, 0.013732663657025412, -0.07185027380474174, -0.03343778750313087, 0.014085961078287301, -0.07324283332181447, -0.03578517292013039, 0.014526250803031715, -0.07485653482326893, -0.03813436785984603, 0.015044852781018303]","[-0.06270910799503326, -0.017056211829185486, 0.013860970735549927, -0.02334589511156082, -0.0017308667302131653, 0.004261434078216553, 0.2906982421875, 0.29208984375, -0.0627337284386158, -0.016858220100402832, 0.013846904039382935, -0.023356355726718903, -0.0016436278820037842, 0.004265457391738892, 0.2906982421875, 0.2909912109375, -0.06274490430951118, -0.01665293425321579, 0.013825476169586182, -0.02335948497056961, -0.0015551969408988953, 0.004274159669876099, 0.2906982421875, 0.29208984375, -0.0627407394349575, -0.016449719667434692, 0.013808757066726685, -0.023356042802333832, -0.0014685317873954773, 0.0042773038148880005, 0.2906982421875, 0.29208984375, -0.06272570416331291, -0.016259752213954926, 0.01379406452178955, -0.02334439754486084, -0.0013890340924263, 0.004278406500816345, 0.289599609375, 0.29208984375]",0.01974702
"[9.176305532455444, 9.196305532455444, 9.216305532455443, 9.236305532455445, 9.256305532455444, 9.276305532455444, 9.296305532455444, 9.316305532455445, 9.336305532455444, 9.356305532455444, 9.376305532455444]","[0.04783175423112934, -0.03427658604412401, -0.005814886381979644, -0.00470114456664764, 0.008748561322986823, -0.016379759242017324, 0.03250278895958594, 0.05529027970422391, -0.03588926340372904, -0.00274476598214665, -0.007254029393942794, 0.008301603567385131, -0.01776952482902533, 0.034970306560069636, 0.06186894423981819, -0.03778795920085637, 1.1643734074706859e-05, -0.009681261190734853, 0.007789761687990006, -0.018695486871248827, 0.03764916261312923, 0.06750661010491356, -0.03999648928533886, 0.0024091034532415867, -0.011917388687457179, 0.0072010798434776055, -0.019162590555246217, 0.040513797467186016, 0.07217480590849046, -0.04261403334357826, 0.004358916322881592, -0.013990448103578614, 0.006544011604652822, -0.01932799652320023, 0.04342029692083786, 0.07591102218331588, -0.04558700629800864, 0.0058339799731646725, -0.015868633739891305, 0.005843967156225802, -0.019346594541263785, 0.04627657412801432, 0.07886994072107302, -0.04873566034777109, 0.006926468633297294, -0.01748154501147806, 0.00512705412770198, -0.019266092360312452, 0.04905896872839464, 0.08119317077169792, -0.05192903258710416, 0.0077150281258876845, -0.018786400729811224, 0.0044126227013819574, -0.019126170541904887, 0.051747078710028455, 0.08301156216928768, -0.05507726662104628, 0.008266465770316185, -0.019764633356622992, 0.0037144868267879293, -0.01896398010848828, 0.054327122998872976, 0.08444489825431845, -0.058123865402898975, 0.00863659713245551, -0.02041777539914684, 0.0030421688180631646, -0.018813193608140356, 0.05679005888225488, 0.08559970859929747, -0.06103801723298848, 0.008870972949750039, -0.020763217149271884, 0.0024019280307438157, -0.018699901221292232, 0.05912688305754012]","[0.44392181559917115, 0.5690747432762745, 0.478963005196453, 0.5151974426996583, 0.501636053878017, 0.46987769757337267, 0.5149477679597438, 0.43245883474045493, 0.5215241051125236, 0.40222963957655417, 0.5236179659737903, 0.3784945753396868, 0.5231328471604998, 0.3606167987002461, 0.5218942735448042, 0.349166286340172, 0.5209166766901063, 0.3433144850801184, 0.520519808790451, 0.34139427361886127]","[-0.06500256197789311, -0.019215822567432372, 0.01419358938557913, -0.06583564720018731, -0.02009452402835521, 0.013729507059199175, -0.0664343893608621, -0.021401803154298626, 0.013383073853357352, -0.06687687374051121, -0.023195930121672426, 0.013172350395797672, -0.06728692977444506, -0.02529604822908116, 0.013096926023191457, -0.06780411217113003, -0.027558312923997796, 0.013154523758736936, -0.06846748455391183, -0.029977346982987818, 0.013334665784916488, -0.0693023245443285, -0.03254231965133858, 0.013629525423692446, -0.0703272048384932, -0.0352361433585382, 0.014033052562433035, -0.07155433006233769, -0.038035500519400856, 0.014539519457294592, -0.07298552950986825, -0.04091149773746183, 0.01514175607411028]","[-0.06225321441888809, -0.017491281032562256, 0.01378011703491211, -0.023144975304603577, -0.001963190734386444, 0.004186868667602539, 0.2906982421875, 0.29208984375, -0.062310054898262024, -0.017569303512573242, 0.01379898190498352, -0.02317102998495102, -0.0019967183470726013, 0.0041955262422561646, 0.289599609375, 0.29208984375, -0.06237466633319855, -0.01761183887720108, 0.013819217681884766, -0.023197725415229797, -0.0020138174295425415, 0.004202678799629211, 0.2906982421875, 0.29208984375, -0.06244071200489998, -0.017616063356399536, 0.01384022831916809, -0.02322559803724289, -0.0020063966512680054, 0.004209831357002258, 0.289599609375, 0.29208984375, -0.06250716745853424, -0.017578870058059692, 0.01385316252708435, -0.023253537714481354, -0.0019782334566116333, 0.004219427704811096, 0.2906982421875, 0.29208984375]",0.02336881
"[9.275486946105957, 9.295486946105957, 9.315486946105956, 9.335486946105958, 9.355486946105957, 9.375486946105957, 9.395486946105956, 9.415486946105958, 9.435486946105957, 9.455486946105957, 9.475486946105956]","[0.047830209703721774, -0.03429458249547447, -0.006392848929687105, -0.005704499555945121, 0.008963101920135583, -0.01694945665718668, 0.03205488417925936, 0.05498914203930307, -0.0362289783161977, -0.003588194145103582, -0.00837976768303414, 0.008426812335775266, -0.017779711316362044, 0.03479843126170365, 0.061179068907114595, -0.03852103634913552, -0.001105560916376015, -0.010881061807110999, 0.00780159506281853, -0.018037325845446366, 0.037826313658123584, 0.06635487747538563, -0.04130169408229211, 0.0009683416018951698, -0.013237020766855994, 0.007086808352110446, -0.01783703885245451, 0.04099422017708153, 0.07054017856428524, -0.04454013525784975, 0.002612342144556061, -0.015416882115903816, 0.006300839372510868, -0.017327623585275585, 0.04418529220397195, 0.07378529174905572, -0.04814318569499681, 0.0038129452902322795, -0.017371875371854882, 0.005474711186141559, -0.016691562118757466, 0.04730611958804595, 0.07627130375873581, -0.05189916355119066, 0.0046834556210907435, -0.019024627479739653, 0.004638500952627741, -0.015987560340304092, 0.05033066473852297, 0.07815541176415028, -0.05565825854654317, 0.005314680396961293, -0.020329790154158926, 0.0038134139818355147, -0.015262004983516332, 0.053236464890766964, 0.07957511119384804, -0.0593225406870628, 0.005778003109000311, -0.021269846475896845, 0.00301337102706846, -0.01455440071767496, 0.056008646905203095, 0.08065007498846999, -0.06283558747350947, 0.006127863898090035, -0.021850094574785144, 0.0022467712382554924, -0.013897918073340496, 0.0586379040490212, 0.08148230878215088, -0.06617202491607799, 0.006404143365643972, -0.022093528057995658, 0.0015181257382736494, -0.013317548564539585, 0.061115191453003107]","[0.4862046881969083, 0.5251962633655867, 0.5250161239600586, 0.46703481571659805, 0.5490086524095017, 0.42008827806265514, 0.5619801627279023, 0.3828672915064619, 0.5672108306817214, 0.3539429640017156, 0.5674831708059199, 0.33202116902036527, 0.5651207781790226, 0.31598513435084563, 0.5624624599820052, 0.3059228544338035, 0.5606845067186748, 0.30085419239067535, 0.5600100248380616, 0.29920653010040993]","[-0.06507642967607019, -0.016993229923224273, 0.013984135189381242, -0.06577102368125609, -0.018206958192105827, 0.013521133261682472, -0.06620242526991871, -0.020058267619337045, 0.013200638930177533, -0.0664583544317483, -0.022409894620418758, 0.013028738942535867, -0.06664913875196266, -0.025126785190564327, 0.013005993242786396, -0.06693001114647323, -0.028048895547382546, 0.013133393126310011, -0.06733637935953085, -0.03116452971162964, 0.01339845858528399, -0.0678903362243084, -0.03445715700275631, 0.013791953335909213, -0.0686077783921708, -0.03790505842446068, 0.014306597988941405, -0.06949923829915994, -0.041480571720189374, 0.014935325319744841, -0.07056664181691574, -0.0451492574603809, 0.015669244277365824]","[-0.062386445701122284, -0.016352519392967224, 0.013709992170333862, -0.02320123463869095, -0.001473456621170044, 0.0042299628257751465, 0.2906982421875, 0.29208984375, -0.062177110463380814, -0.017260774970054626, 0.01373988389968872, -0.023110687732696533, -0.001876629889011383, 0.004179731011390686, 0.2906982421875, 0.29208984375, -0.06220820173621178, -0.01738467812538147, 0.013758450746536255, -0.0231236070394516, -0.0019229426980018616, 0.004181176424026489, 0.289599609375, 0.29208984375, -0.06225321441888809, -0.017491281032562256, 0.01378011703491211, -0.023144975304603577, -0.001963190734386444, 0.004186868667602539, 0.2906982421875, 0.29208984375, -0.062310054898262024, -0.017569303512573242, 0.01379898190498352, -0.02317102998495102, -0.0019967183470726013, 0.0041955262422561646, 0.289599609375, 0.29208984375]",0.023583005999999997
"[9.375982999801636, 9.395982999801635, 9.415982999801635, 9.435982999801636, 9.455982999801636, 9.475982999801635, 9.495982999801635, 9.515982999801636, 9.535982999801636, 9.555982999801635, 9.575982999801635]","[0.04786395224580546, -0.034285242543412954, -0.00647562233560662, -0.005414965894397205, 0.009083573152186816, -0.016266937272999306, 0.03293940371646742, 0.054692859292586396, -0.036474641590057026, -0.0038031713414960235, -0.008001041600678875, 0.008471428561105332, -0.016787779006122452, 0.03564580726799474, 0.06051163191453279, -0.0391032919617834, -0.0015029481581322326, -0.010477329116078998, 0.007775880239003106, -0.01678926111702786, 0.03854005978050445, 0.06532291260674929, -0.042172163946021635, 0.00041425723980067683, -0.012806926560013242, 0.006998215974016735, -0.01631148762009386, 0.0415517650308941, 0.06915930549638291, -0.045612986378047525, 0.001960390634001667, -0.014925341060335407, 0.006149417575529927, -0.015464526359654115, 0.0446156571007217, 0.07202744456568992, -0.049435195719929895, 0.0030575702019094357, -0.016834191252893885, 0.005258832938284339, -0.014503949484398065, 0.047598879582271936, 0.07413402976209058, -0.05341363291618943, 0.00383389414968183, -0.018457364717338064, 0.004359104272344488, -0.013494736680306185, 0.05048015584816218, 0.07565277671930637, -0.057389782134845926, 0.004389568255942605, -0.019750350776365132, 0.0034729503490222875, -0.012486787255733503, 0.05324105869879734, 0.07673016121148474, -0.06126075681506582, 0.00480086278937834, -0.020695929717451284, 0.0026149776026633195, -0.01152055459283547, 0.05586994688247039, 0.07748903870023126, -0.06496794279794291, 0.005123581048426811, -0.021299105321168885, 0.0017936685056664115, -0.010628410383692704, 0.058360079457958604, 0.0780306032801053, -0.0684856319067888, 0.005396413066182486, -0.02158198366989502, 0.001013244279324113, -0.009833922141139956, 0.060704562260999545]","[0.4975825698477512, 0.4966677734067337, 0.5381900472124184, 0.4338115608672052, 0.5632493337544928, 0.38432515430123904, 0.5767853585937937, 0.34610004128892846, 0.5822584013656736, 0.3171786262550087, 0.5825843070065544, 0.29583223810642434, 0.5801816998338762, 0.2805962339681139, 0.5774659139239722, 0.2712056721950728, 0.57564903285857, 0.2665366232664389, 0.5749600721266273, 0.26503219595500793]","[-0.06543232970115531, -0.018081579797725844, 0.014243833589401955, -0.06597544302670699, -0.019639648536607712, 0.01380894953458478, -0.0662405449738579, -0.021702254930488607, 0.01351176203537019, -0.06627454790123422, -0.024258282969193967, 0.013356240152754495, -0.06617349875561573, -0.027259627376109208, 0.013349986095008148, -0.06614442353572825, -0.03044653143395326, 0.013496002068489776, -0.06622294166555831, -0.03380522625365501, 0.013778665822903768, -0.06643158255455206, -0.03731832913689059, 0.01418635220938036, -0.06678684066706442, -0.040964585169879886, 0.014709912987374896, -0.06730029870197407, -0.04471781154023313, 0.015340856789886725, -0.06797592743858782, -0.04854553791191396, 0.016069324182517164]","[-0.06263262405991554, -0.016806162893772125, 0.013810843229293823, -0.023316897451877594, -0.0016759410500526428, 0.004251226782798767, 0.2906982421875, 0.29208984375, -0.06264107301831245, -0.01670687645673752, 0.01380300521850586, -0.023320868611335754, -0.0016228631138801575, 0.0042593032121658325, 0.2906982421875, 0.29208984375, -0.06263836845755577, -0.016611851751804352, 0.013787388801574707, -0.023319117724895477, -0.0015812590718269348, 0.004261687397956848, 0.2906982421875, 0.2909912109375, -0.06261877715587616, -0.016521401703357697, 0.013776630163192749, -0.02330952137708664, -0.001544848084449768, 0.0042573511600494385, 0.2906982421875, 0.29208984375, -0.06258788704872131, -0.016444534063339233, 0.013762593269348145, -0.023294225335121155, -0.0015109777450561523, 0.00425642728805542, 0.2906982421875, 0.2909912109375]",0.023023616999999996
"[9.454599618911743, 9.474599618911743, 9.494599618911742, 9.514599618911744, 9.534599618911743, 9.554599618911743, 9.574599618911742, 9.594599618911744, 9.614599618911743, 9.634599618911743, 9.654599618911742]","[0.04787393174947398, -0.03428267292025782, -0.006042978140200038, -0.005088622850403466, 0.008889206432061928, -0.0164433206466532, 0.03240972425877495, 0.054333406640235594, -0.036762033178571824, -0.003690035231288675, -0.0078422343020437, 0.008241063478738713, -0.01682801586436876, 0.035002272094264125, 0.05979931579103869, -0.03964647077300804, -0.0016889904012899637, -0.010477113217110826, 0.007510529599769946, -0.016616502175456987, 0.0378365529180404, 0.0642807190963923, -0.04291905358541581, -1.3059419247215118e-05, -0.01292013183836912, 0.006686080090888878, -0.015786524887906078, 0.04090718543401997, 0.0677642301752104, -0.04663025670766313, 0.0012920413368004118, -0.015153941131217721, 0.005772687573124307, -0.014510921726217325, 0.0441073895688476, 0.0702596525442252, -0.050843187881946014, 0.002128304033661929, -0.01721934405915723, 0.004804247747603976, -0.01309988988799647, 0.04725165422963125, 0.07199411851843485, -0.0552891106952545, 0.0026467716823506317, -0.019021678801315563, 0.003819443984819031, -0.011629351128892552, 0.05031541658639723, 0.07315493602164619, -0.059776028475899565, 0.002964706825797752, -0.020501156072184352, 0.002845295960662657, -0.010157583542499309, 0.053276643875607245, 0.07389621404772113, -0.06417619985679883, 0.003170135199687991, -0.02162827580277133, 0.0018992881183712367, -0.008731033029553793, 0.056119408865800614, 0.07434365980210778, -0.06841337036549529, 0.0033260724729057417, -0.022398521444990584, 0.0009916329803958007, -0.007386258685721565, 0.05883226328086701, 0.07459787835513612, -0.07245006337827622, 0.0034746924707666923, -0.02282698414282819, 0.00012740571039270156, -0.0061500801128276245, 0.061403672553654816]","[0.508909116469255, 0.46773373213539116, 0.5604281605759278, 0.3994511617142983, 0.5936299727331461, 0.34660667361517744, 0.6130535622104527, 0.3065843080834708, 0.6226274524768154, 0.27697280367859656, 0.6256816924462953, 0.2556498925728047, 0.6249979264344256, 0.2408177940558742, 0.6232284374142285, 0.23185673890601302, 0.6218374346499871, 0.2274692865166716, 0.6212747700665405, 0.22607118307163315]","[-0.06500375449744944, -0.018478444574462127, 0.014139985399858723, -0.0654807866085223, -0.01980810886954032, 0.01369442937416876, -0.06564669563968106, -0.02172262907916167, 0.013381176396622951, -0.0655219701872477, -0.02433742524045135, 0.013214281012029705, -0.06524071228375472, -0.02752683341699047, 0.013210184067710795, -0.06501962558114616, -0.030944750337552396, 0.013367515537883179, -0.06489289619200023, -0.034576292424248756, 0.013670320074270936, -0.06488182933532394, -0.038404298485609445, 0.014107636012667957, -0.0650017229282216, -0.042408356828707916, 0.014671470474593384, -0.0652632206073569, -0.04656301412851738, 0.015354677518230275, -0.06567015714866398, -0.05083572108382395, 0.01614872321003924]","[-0.06132735684514046, -0.01840696483850479, 0.013461291790008545, -0.02242138236761093, -0.0032041817903518677, 0.0038898438215255737, 0.2906982421875, 0.2909912109375, -0.06156759336590767, -0.018130876123905182, 0.013506710529327393, -0.022584818303585052, -0.002974778413772583, 0.0039660632610321045, 0.289599609375, 0.29208984375, -0.0617731511592865, -0.017887987196445465, 0.013553500175476074, -0.02274971455335617, -0.0027265697717666626, 0.004031449556350708, 0.289599609375, 0.29208984375, -0.0619976669549942, -0.017818517982959747, 0.013682663440704346, -0.022891610860824585, -0.0024841129779815674, 0.004098102450370789, 0.2906982421875, 0.29208984375, -0.06214858964085579, -0.017603985965251923, 0.013743370771408081, -0.02298879623413086, -0.002316407859325409, 0.00410228967666626, 0.2906982421875, 0.29208984375]",0.023600268
"[9.554951906204224, 9.574951906204223, 9.594951906204223, 9.614951906204224, 9.634951906204224, 9.654951906204223, 9.674951906204223, 9.694951906204224, 9.714951906204224, 9.734951906204223, 9.754951906204223]","[0.04787018454486998, -0.03426862747038299, -0.006091000822124503, -0.005275468071248335, 0.008864264228620371, -0.01692268858805424, 0.032039556022183974, 0.05392557153086072, -0.03716945484454414, -0.004116262294192545, -0.008195768368249064, 0.008133001823124212, -0.016869221442750538, 0.03477479322606253, 0.05898237703305905, -0.04047786195924452, -0.002440595019080448, -0.010955415686222512, 0.0073002241529979, -0.016045559876875018, 0.03784628307026704, 0.06299854142404335, -0.04428400124758067, -0.001100542935066294, -0.013534778926508471, 0.006356086392775887, -0.014536572609414657, 0.04116045750337148, 0.06596078038437611, -0.04868074839384381, -0.00017468590399828243, -0.015969493732300038, 0.005319822511952623, -0.012615913284840567, 0.04452103808212077, 0.06791620157944539, -0.05355428133530148, 0.000313466530123119, -0.01819740679667615, 0.0042334415364319545, -0.010566550165419096, 0.04781925988406591, 0.06912125507469465, -0.0586186200831619, 0.0005351930799528443, -0.020122661985325575, 0.0031381547215700977, -0.0084752918788692, 0.05102998615271604, 0.06978143022964971, -0.06367296403897028, 0.0006199993520190724, -0.02168633188729037, 0.002061961229713842, -0.006407697056272935, 0.054130122925027106, 0.0700597729002756, -0.06858772415523035, 0.0006613340156638222, -0.022861449677099473, 0.0010220229055756369, -0.00441368988985685, 0.057102886059040625, 0.07008384314573242, -0.0732900072803589, 0.000722209455794314, -0.023647233887828117, 2.7308765846411424e-05, -0.0025307409739215563, 0.05993621965505265, 0.06995130571459676, -0.07774901675796211, 0.0008407739371141099, -0.02406327182329831, -0.0009188033013307628, -0.0007860003582642074, 0.06261788001562449]","[0.5567376420166865, 0.42042383067131894, 0.6091710623928505, 0.3473034958834945, 0.6419713810290467, 0.2922609268338372, 0.6601608588154422, 0.2518879034182524, 0.6680530946959664, 0.2230934976971553, 0.669287234179855, 0.20318430477722216, 0.6668905903593865, 0.1898975041972981, 0.6638774425365468, 0.18213740886187813, 0.6618009892792823, 0.1784385082460042, 0.6610037002191562, 0.17728216602876756]","[-0.06503629052851723, -0.01774905000175986, 0.014039519779176945, -0.06544414998377612, -0.019197860970141978, 0.013605129801850246, -0.06544071994907807, -0.0214782167574028, 0.013306488632125912, -0.06508793465423313, -0.02455757563226868, 0.013163772019308961, -0.06454302945040957, -0.02814424172955876, 0.0131850420577182, -0.06403416703021814, -0.03200012626303028, 0.013380775038566828, -0.06359281296825903, -0.03610840357056988, 0.013734554676509081, -0.06323815152156309, -0.04045043710351637, 0.014235540288225934, -0.06298382811941639, -0.04500488422797577, 0.014876152408763055, -0.06283966963419962, -0.049745046272613, 0.015649700414884116, -0.06281025624698966, -0.054635455830199575, 0.016547829185921348]","[-0.05883374065160751, -0.02178194373846054, 0.013103485107421875, -0.02095465362071991, -0.005185127258300781, 0.0038619041442871094, 0.2906982421875, 0.29208984375, -0.059199705719947815, -0.021426141262054443, 0.013251066207885742, -0.02120046317577362, -0.004771322011947632, 0.003944039344787598, 0.2906982421875, 0.29208984375, -0.059516966342926025, -0.02080191671848297, 0.013187170028686523, -0.021413549780845642, -0.004419378936290741, 0.003981158137321472, 0.2906982421875, 0.29208984375, -0.05986611917614937, -0.020502343773841858, 0.013334274291992188, -0.021614588797092438, -0.004124961793422699, 0.004019096493721008, 0.289599609375, 0.29208984375, -0.06015234813094139, -0.01992003619670868, 0.013261407613754272, -0.021790914237499237, -0.003871425986289978, 0.004040375351905823, 0.2906982421875, 0.29208984375]",0.023550813999999996
"[9.634790658950806, 9.654790658950805, 9.674790658950805, 9.694790658950806, 9.714790658950806, 9.734790658950805, 9.754790658950805, 9.774790658950806, 9.794790658950806, 9.814790658950805, 9.834790658950805]","[0.04782811358956246, -0.03432815683908447, -0.006474016200956124, -0.005475001647281917, 0.009030811445830214, -0.016481222757621344, 0.03272585298990069, 0.05345722887933261, -0.037652001110179883, -0.004738893182676816, -0.008376829865117015, 0.008181857292556181, -0.01584477898357184, 0.03561776971221811, 0.05804949292861827, -0.041440863641220085, -0.003303812592260255, -0.011127116749084174, 0.007227758398850594, -0.014448981699076848, 0.03878874405095058, 0.06157073236898604, -0.04580933060389443, -0.0022363309048310564, -0.013757642805095036, 0.006175317405821356, -0.012481525365942193, 0.04206165196922433, 0.0640517605524241, -0.05065860937970112, -0.0015362496354871347, -0.016196897654707294, 0.005051628404809541, -0.010173707817978862, 0.04533536897523273, 0.0655791534383816, -0.05585133430949415, -0.0011964844833383956, -0.01837983779135487, 0.003897789008359938, -0.007789273886438594, 0.048522518602993475, 0.06641569490790673, -0.061122527545016354, -0.0010483995432713211, -0.02022536971442855, 0.002751894890351026, -0.005414668915160448, 0.051601918159664834, 0.06676667325672085, -0.06629224410208251, -0.0009689065395866086, -0.02168771656918341, 0.0016387131102212358, -0.0031131297126439283, 0.05455396880951999, 0.06678984916941563, -0.07125131660352765, -0.0008738299279899907, -0.022751419729290432, 0.0005720600639652733, -0.0009297089808640745, 0.05736565245818324, 0.06660408711021568, -0.07594622306546599, -0.0007112089723788849, -0.023425450149653516, -0.0004423795279255894, 0.0011044262573003914, 0.06002889617006711, 0.06629672204429951, -0.08036366676577528, -0.00045469272509795046, -0.02373731161529595, -0.0014041755446656404, 0.0029679673923552843, 0.06253521548445168]","[0.5934709539869258, 0.37350210640761583, 0.6375573927939078, 0.3030445347661095, 0.6631032854283865, 0.2514727192461218, 0.6751623473448729, 0.21488486880723764, 0.6780257202260402, 0.18979904936430625, 0.6752735758346524, 0.17322157316520245, 0.6698505893674555, 0.16267135768822297, 0.6649006836608864, 0.15675857858543082, 0.6618409363799587, 0.15403420277592034, 0.6607244699714678, 0.15320298898521173]","[-0.06539635880143813, -0.017817042180007014, 0.014186555672791812, -0.06560679908190381, -0.019812946812646892, 0.01378641820940274, -0.0653629997360079, -0.022637035701606134, 0.013526910101529843, -0.0647562391272728, -0.026083995055254494, 0.01341833810239823, -0.06395528618308166, -0.029988625923307755, 0.013476754390572943, -0.06317058448876867, -0.034145066663075596, 0.013709962310777257, -0.062432686034817, -0.03853548132199247, 0.014101089512525977, -0.061760883278834, -0.04314009593709045, 0.01463843970918699, -0.06116936018124919, -0.047936966874411624, 0.015313336624595664, -0.06066910580234319, -0.05289902241624178, 0.016117847363276372, -0.06026716119073472, -0.05798977521562154, 0.017042216414042244]","[-0.056423429399728775, -0.025607474148273468, 0.012898385524749756, -0.019463390111923218, -0.0076800137758255005, 0.0037115663290023804, 0.2906982421875, 0.29208984375, -0.05678422003984451, -0.025024965405464172, 0.012931525707244873, -0.01969073712825775, -0.007265828549861908, 0.0037655681371688843, 0.2906982421875, 0.29208984375, -0.057139914482831955, -0.024607092142105103, 0.013047635555267334, -0.019949980080127716, -0.006821587681770325, 0.003674417734146118, 0.2906982421875, 0.29208984375, -0.057446107268333435, -0.023935556411743164, 0.012977063655853271, -0.02013416588306427, -0.006515771150588989, 0.003701344132423401, 0.2906982421875, 0.29208984375, -0.0577988438308239, -0.023385554552078247, 0.0129966139793396, -0.020318463444709778, -0.006226979196071625, 0.003721088171005249, 0.2906982421875, 0.29208984375]",0.019855783999999998
"[9.73492693901062, 9.75492693901062, 9.77492693901062, 9.79492693901062, 9.81492693901062, 9.83492693901062, 9.85492693901062, 9.87492693901062, 9.89492693901062, 9.91492693901062, 9.93492693901062]","[0.047832070888440846, -0.03430067841239649, -0.0056030773197502754, -0.005072130892759707, 0.008496695265735038, -0.01565433579758993, 0.032602762959486054, 0.05299735442135958, -0.03804339426373876, -0.004119626901109911, -0.0080962269422153, 0.007585113841275501, -0.014759032129645492, 0.035477715460516604, 0.057110114328365734, -0.0423265576763531, -0.00299369581463046, -0.011035276485526633, 0.006576673815506775, -0.013175916765224938, 0.03855826070873451, 0.06017389413595836, -0.04709607724566715, -0.0022093792265683015, -0.013809988966070061, 0.005478047492677643, -0.011003482969037404, 0.04178960364852373, 0.062252875780819075, -0.05224950117622705, -0.0017260365238827271, -0.01633853924920239, 0.0043074971639045926, -0.008423321594624285, 0.04510360089609467, 0.06339640830539212, -0.057777402198135104, -0.0015998356482925895, -0.018625538971315577, 0.0031039879830912203, -0.005764988447939781, 0.04834645187696579, 0.06387461635334332, -0.0633984872184097, -0.0016524185444097919, -0.02058234389939508, 0.0019078397406655674, -0.0031183843926846366, 0.05149541753532541, 0.06389635444792782, -0.06892079150048551, -0.0017539841914978442, -0.02215680689979712, 0.0007452643432985103, -0.0005490526392610562, 0.05452904556710869, 0.06361982606633623, -0.07422677871737515, -0.0018162635969403223, -0.023328234332455542, -0.00036911139825433997, 0.0018968154404399743, 0.05743206318195806, 0.06316201283038193, -0.07925754574579105, -0.0017853405936315036, -0.02410144311690442, -0.0014292858548702494, 0.004187676352812062, 0.0601939006550744, 0.0626069121687026, -0.08399674355140446, -0.0016345517720838258, -0.024500789753367076, -0.002434855729509893, 0.0063019751501406885, 0.06280358274966562]","[0.6120515706397242, 0.3375483509111071, 0.6602143035484682, 0.26563248512053445, 0.6887351878376784, 0.21353676015657022, 0.7028867246196322, 0.17706410384736745, 0.7071579273828095, 0.15248154173482542, 0.7052986141679012, 0.13659123205401552, 0.7003995329229977, 0.12674981019908957, 0.6957181350406276, 0.12137320831365711, 0.6927712780852986, 0.11895163410570408, 0.6916864017647042, 0.11822590176582014]","[-0.0640044506888815, -0.019466329954340722, 0.013910180230111813, -0.06402031060789881, -0.021564659265281172, 0.01354874087115654, -0.06361065593601833, -0.024340400703129816, 0.013320170321756919, -0.06285678644562098, -0.02777970757063608, 0.01324417321225102, -0.061886981019681264, -0.03180206974345978, 0.013337751350311677, -0.06093505955463041, -0.03608640856366563, 0.013605088340886251, -0.06002955610452676, -0.04061629287398816, 0.014030515960230971, -0.05918815918216469, -0.04537437679078016, 0.014603804026152467, -0.05842354891812762, -0.05034152454229801, 0.015317850638798536, -0.05774538717074107, -0.05549321936067564, 0.01616631464821694, -0.05715990889606526, -0.06079473127675872, 0.017140954747376203]","[-0.05303365737199783, -0.03129158914089203, 0.012803763151168823, -0.017323419451713562, -0.011503159999847412, 0.003408774733543396, 0.2906982421875, 0.29208984375, -0.05327502638101578, -0.030834876000881195, 0.012806206941604614, -0.017486855387687683, -0.011116988956928253, 0.0034573376178741455, 0.2906982421875, 0.29208984375, -0.05355037376284599, -0.030370481312274933, 0.012815147638320923, -0.017679601907730103, -0.010755538940429688, 0.0035579651594161987, 0.2906982421875, 0.2909912109375, -0.05381404235959053, -0.02993205189704895, 0.012823432683944702, -0.01786992698907852, -0.010464474558830261, 0.0035733282566070557, 0.2906982421875, 0.29208984375, -0.0541062168776989, -0.02945566177368164, 0.012828350067138672, -0.01805604249238968, -0.010195761919021606, 0.0035693347454071045, 0.2906982421875, 0.29208984375]",0.022158407999999997
"[9.81496262550354, 9.83496262550354, 9.85496262550354, 9.87496262550354, 9.89496262550354, 9.91496262550354, 9.93496262550354, 9.95496262550354, 9.97496262550354, 9.99496262550354, 10.01496262550354]","[0.04778677356831662, -0.03439619303934108, -0.0037346855167513264, -0.004495399809799456, 0.007605551997042316, -0.014711730390705223, 0.033082837389858545, 0.05245642073321289, -0.03865927814432075, -0.002600301249987787, -0.007638141921532176, 0.006652917289564307, -0.013802567856893475, 0.0358271289185464, 0.05610585008531688, -0.04334588758383195, -0.0018135817809696532, -0.010656262980072752, 0.0056180679687825655, -0.012206132060462734, 0.038787171034185115, 0.058770196799121203, -0.048389267416469234, -0.0013157641938249317, -0.013460226000261383, 0.004500201791803446, -0.009963422745066963, 0.041936878228081065, 0.060473784844126174, -0.05380840882778696, -0.001125652636083504, -0.016037522502006425, 0.0033150869665702137, -0.007307361197511196, 0.04514628143600388, 0.061262207637685744, -0.05956144104959312, -0.0012849530549463354, -0.018367549525486523, 0.0021011107817942845, -0.004552275204745411, 0.048286786293935874, 0.06140354719869445, -0.06537750094171324, -0.001614211636002845, -0.0203653827518354, 0.0008973131988503255, -0.0017874876255194857, 0.051337191960988265, 0.06110546969754589, -0.07107238604244065, -0.001981696075277031, -0.021981477386026575, -0.00027101461068067495, 0.0009210318132026286, 0.054277333205326975, 0.06052554778178469, -0.07653414357153249, -0.0022966742552135077, -0.02319677236090523, -0.0013898945049909636, 0.0035258985168649132, 0.05709298371299809, 0.05978041660745244, -0.08170773656987446, -0.00250251662108222, -0.02401689510799594, -0.0024537810475525057, 0.0059938420816809685, 0.05977439247136271, 0.0589537810591474, -0.08657940518615834, -0.0025698542567870086, -0.024466346777769318, -0.003462604194230752, 0.00830122626615308, 0.062311200091213687]","[0.6313220851825567, 0.30350504207232354, 0.6773528692109593, 0.23161993117033278, 0.7044049019199339, 0.17937716626152544, 0.7175971254572815, 0.14266854581908975, 0.7212818078844103, 0.11783159715557588, 0.7190931782997155, 0.10171784064278193, 0.7140276755795356, 0.09171143159921648, 0.7092755104356192, 0.08623369333078026, 0.7063053109827794, 0.08376322023654123, 0.7052156159204153, 0.08302229407260359]","[-0.06163749157189713, -0.022736874247572203, 0.013626247558405247, -0.061681585707523134, -0.024724954096821072, 0.013341592483853582, -0.061333816244089956, -0.027365337199960038, 0.013184382391561389, -0.06062292450379836, -0.030728195270626646, 0.013170764056527062, -0.05968665218670255, -0.0346292093925209, 0.013310576560038978, -0.05875702620013068, -0.038787970149872564, 0.013610065714819264, -0.057858395429369325, -0.04319211115366706, 0.014056400741611963, -0.05700503153482184, -0.04782864526708064, 0.014641386341635254, -0.05620686731342006, -0.05268278363915169, 0.015359541686599698, -0.055471409956765916, -0.05773414486800155, 0.016206001189405406, -0.054803305214815023, -0.06295176568967076, 0.017174021268555606]","[-0.051171157509088516, -0.035032033920288086, 0.012890785932540894, -0.016055621206760406, -0.014088332653045654, 0.0032169073820114136, 0.289599609375, 0.29208984375, -0.051306381821632385, -0.034738920629024506, 0.012876242399215698, -0.016155578196048737, -0.013891421258449554, 0.003227055072784424, 0.2906982421875, 0.29208984375, -0.051464665681123734, -0.034402795135974884, 0.0128556489944458, -0.016258910298347473, -0.013640671968460083, 0.003210201859474182, 0.2906982421875, 0.29208984375, -0.05163140594959259, -0.03405255824327469, 0.012841105461120605, -0.01640646904706955, -0.013379715383052826, 0.00327514111995697, 0.2906982421875, 0.2909912109375, -0.05179815739393234, -0.03370510786771774, 0.012840449810028076, -0.01651599258184433, -0.013147957623004913, 0.0033395588397979736, 0.2906982421875, 0.29208984375]",0.024646791
"[9.913300275802612, 9.933300275802612, 9.953300275802611, 9.973300275802613, 9.993300275802612, 10.013300275802612, 10.033300275802612, 10.053300275802613, 10.073300275802612, 10.093300275802612, 10.113300275802612]","[0.04770952265141666, -0.034529176111181614, -0.00155033710431973, -0.0035882033660062118, 0.006577141680649618, -0.01415276424653273, 0.033388772973430576, 0.051817753417394606, -0.03936826574430016, -0.0008608436505543852, -0.006883307793337207, 0.005566076120550056, -0.013086479001792883, 0.036078665418587175, 0.0549326102709331, -0.044559696947476274, -0.0004901030506507784, -0.0100210427137657, 0.004469376896224593, -0.01123058318664446, 0.03902746987763926, 0.05704670085938618, -0.05015380958019729, -0.00044589251952800556, -0.012984526037152472, 0.0032902498301101398, -0.00872484346913957, 0.042115136302849715, 0.05817877570330396, -0.05613322387028259, -0.0007485233412719382, -0.015745716582266, 0.002053547416828407, -0.005836173706816099, 0.045208539470936254, 0.05842253808974852, -0.06234954317023639, -0.0013688972970993401, -0.018225827747726145, 0.0007991805555558926, -0.0028244799339852706, 0.04823948420230351, 0.05804838078899211, -0.06855294125429101, -0.00212497408325113, -0.020348692770826068, -0.0004364376739199923, 0.000220021049295399, 0.05118874230740428, 0.05726510463388602, -0.0745761207466881, -0.0028825689053045304, -0.022071525883200695, -0.001630154858740139, 0.003229662023873112, 0.05403740877942892, 0.056230297958180214, -0.0803206663106645, -0.0035488164741558216, -0.02338031469068368, -0.0027697902111674085, 0.006155116592459512, 0.05677217552463809, 0.055059608916563106, -0.08574233785706378, -0.004065401629520327, -0.02428427930546531, -0.0038513308761508507, 0.008960972350466558, 0.059383922190553044, 0.05383495583090587, -0.09083591424857665, -0.004401809662583687, -0.024810307478662866, -0.0048759970871712095, 0.011620976029132715, 0.06186254007914276]","[0.673097242176443, 0.2511359525823595, 0.713708598222117, 0.17920955060142424, 0.7366417076038967, 0.12706719708201825, 0.7467702279962286, 0.09057341002291666, 0.7482220961304751, 0.06603854787383008, 0.7444400360516641, 0.0502780597831448, 0.7382632909674172, 0.04063029559734756, 0.7328399298928766, 0.03542657320693253, 0.7295421956290062, 0.03311293030453617, 0.7283489276706292, 0.03242714018471278]","[-0.059272173985925214, -0.026379416208700324, 0.013406234005788775, -0.05935070495931849, -0.028303348563114117, 0.01319223833168337, -0.05899172542691378, -0.03096642888293033, 0.013102815203796858, -0.05825198081205096, -0.034278578749504796, 0.01314354463021683, -0.057295607207377364, -0.03802592146201089, 0.01332125236534809, -0.05632377010423384, -0.04203835239263176, 0.01364572408672693, -0.05535550089392627, -0.04631049110554697, 0.014107597182413834, -0.054400894834700564, -0.05083613128038511, 0.014701249162884622, -0.05346660210320675, -0.055606860672222425, 0.015423442580123847, -0.05255770987003361, -0.06060788682017648, 0.016271543912770525, -0.05167746057842737, -0.06581255484961801, 0.01724114095741225]","[-0.05031581595540047, -0.036585986614227295, 0.012934386730194092, -0.015560857951641083, -0.01502615213394165, 0.003229007124900818, 0.2906982421875, 0.29208984375, -0.050379835069179535, -0.036503225564956665, 0.012931406497955322, -0.015597730875015259, -0.014973104000091553, 0.0032278895378112793, 0.289599609375, 0.29208984375, -0.05045802518725395, -0.03637959063053131, 0.01292872428894043, -0.015631504356861115, -0.014912620186805725, 0.0032308995723724365, 0.2906982421875, 0.29208984375, -0.05055534467101097, -0.0362214520573616, 0.012932956218719482, -0.015674009919166565, -0.014803305268287659, 0.00320279598236084, 0.2906982421875, 0.29208984375, -0.05066031962633133, -0.036031581461429596, 0.012925475835800171, -0.015741795301437378, -0.01469314843416214, 0.0032104700803756714, 0.2906982421875, 0.29208984375]",0.022432175999999998
"[9.994903564453125, 10.014903564453125, 10.034903564453124, 10.054903564453125, 10.074903564453125, 10.094903564453125, 10.114903564453124, 10.134903564453126, 10.154903564453125, 10.174903564453125, 10.194903564453124]","[0.047553125540129734, -0.03470023424654738, 0.001858711059850332, -0.0019365648606535083, 0.005288174249486767, -0.013775770745564577, 0.033554541554806104, 0.05112331191669922, -0.040017639900006494, 0.0020821801850989564, -0.005379247863373573, 0.004237890827275934, -0.012753786976663323, 0.036073634232583085, 0.05370533997504203, -0.04570550084666623, 0.0019279703171803735, -0.008717339234952128, 0.0031078245631491917, -0.010937863631059218, 0.03881580812485621, 0.05528443133290631, -0.051784946973714996, 0.0013919559516972694, -0.011915370225679749, 0.001906154493891203, -0.008468496911831904, 0.041676937532148364, 0.05592443894383432, -0.0581397583923839, 0.0005341241938129224, -0.014881134569344614, 0.0006537132523933169, -0.005526043900215768, 0.04459968152700224, 0.05569492464141424, -0.06470171138553737, -0.0006428857343855385, -0.01757157180645863, -0.0006143617386650578, -0.0023898451870521006, 0.04749093573067392, 0.054860533369003546, -0.07123551553292408, -0.001953276800705621, -0.019911172318842447, -0.0018633661033058719, 0.0008485585055163034, 0.05033210396384723, 0.053628150068523846, -0.07758201638223533, -0.0032561654659781637, -0.021855708771437644, -0.0030709788775739955, 0.004117560688904383, 0.05310417349227866, 0.05215604817668866, -0.08364600166825548, -0.004450112383665008, -0.023388138137615255, -0.004225194526551375, 0.0073616866142780174, 0.05579268558221823, 0.05056198677041688, -0.08938300440336884, -0.005467406701199212, -0.024513616518431897, -0.005321785043981068, 0.010538022888755737, 0.058386493493005405, 0.048930410834571975, -0.09478558832322785, -0.006268233403445744, -0.025254446516832178, -0.006361632602209819, 0.013612421676154307, 0.060873027679913365]","[0.6989309426848161, 0.20721409585886702, 0.7385839358211257, 0.13454735255675992, 0.7616380194321926, 0.08104236533728475, 0.7725460908034709, 0.04293018211939684, 0.7751070928146441, 0.01679491376017782, 0.772513588853807, -0.0003600135510796828, 0.7674246446978668, -0.011087657318827833, 0.7627743798830677, -0.016985077298262482, 0.7598954626542682, -0.019649180536408392, 0.7588436560991284, -0.020447776188184236]","[-0.05590908428987584, -0.03183338653704837, 0.013307469347040524, -0.056133168737006245, -0.03344857796416045, 0.01313732698243042, -0.05593778044039677, -0.035685296204605255, 0.013078462517595923, -0.05538927956308615, -0.03846433917468861, 0.013133626676744559, -0.054598944161211915, -0.04172619690281687, 0.013313706285200677, -0.053765116258413403, -0.04527034344973213, 0.013624055874771557, -0.0529002072979613, -0.04910151578065047, 0.014059382513359253, -0.05200895437480901, -0.05322402676973814, 0.01461705906129751, -0.051093791211009765, -0.05763951313263549, 0.01529656986483996, -0.05015653145898091, -0.06234237524343911, 0.016098268329737486, -0.04919789583416734, -0.06731421497695189, 0.017021336273139287]","[-0.050136130303144455, -0.036281757056713104, 0.012842923402786255, -0.015398606657981873, -0.014978878200054169, 0.0032622218132019043, 0.2906982421875, 0.29208984375, -0.05016316473484039, -0.036308594048023224, 0.012855768203735352, -0.015427686274051666, -0.014980480074882507, 0.0032548606395721436, 0.2906982421875, 0.29208984375, -0.05017995089292526, -0.03635221719741821, 0.012869000434875488, -0.01544848084449768, -0.014990746974945068, 0.003249421715736389, 0.2906982421875, 0.29208984375, -0.0501805916428566, -0.03642004728317261, 0.012879163026809692, -0.01546429842710495, -0.015013009309768677, 0.003230065107345581, 0.2906982421875, 0.29208984375, -0.05016833543777466, -0.03650883585214615, 0.012890368700027466, -0.015468336641788483, -0.015037782490253448, 0.0032219290733337402, 0.2906982421875, 0.29208984375]",0.023395570999999997
"[10.09501338005066, 10.115013380050659, 10.135013380050658, 10.15501338005066, 10.17501338005066, 10.195013380050659, 10.215013380050658, 10.23501338005066, 10.25501338005066, 10.275013380050659, 10.295013380050658]","[0.04746732467096595, -0.03479255630755147, 0.004084061565487517, -0.0006456515901735209, 0.004493348554368619, -0.013809818169071314, 0.03364767793586533, 0.05048393015516205, -0.040622084237893485, 0.0037960727704650877, -0.004263820467445421, 0.0033840087471985795, -0.012693933655584369, 0.035984486114537896, 0.052494439975921986, -0.04681157002744761, 0.003088320676660744, -0.0078050693592815685, 0.0022048299516379314, -0.010749285425753062, 0.03850822496026515, 0.053519821091303335, -0.053284442418746546, 0.002036217736199392, -0.011169473310659823, 0.0009583922732691388, -0.008024897520352726, 0.04118825074568845, 0.05359322497004285, -0.060003703879938135, 0.0006728422301062318, -0.01429894685052231, -0.00034057186459535035, -0.004728088047517516, 0.04394187066832231, 0.05275129484988827, -0.06692816647623237, -0.0010234478533328953, -0.017149593446710416, -0.0016572242636276582, -0.001181950174936473, 0.04667432002230246, 0.051284658190917806, -0.07382111989055881, -0.0028469046406256154, -0.01964818921681784, -0.0029562869448818523, 0.0025153774700355314, 0.04937809853382381, 0.04942026620708688, -0.08052237267804419, -0.004639643868953855, -0.02175094278984085, -0.0042149794644662075, 0.006285169683180292, 0.05204113268971321, 0.047330948440390534, -0.08693630894603453, -0.006286521391022266, -0.023440426147292914, -0.005420933070304269, 0.010064120026452978, 0.05465091868784634, 0.04514415032386557, -0.0930190441244484, -0.007709700145833713, -0.02472178414667848, -0.006569498509653992, 0.013800602681032849, 0.05719342307520578, 0.042949967655900215, -0.0987650690398674, -0.008862981746897966, -0.02561897252683488, -0.007660925422363566, 0.01745066735059814, 0.059648667380457314]","[0.7224903079210565, 0.1608060351182845, 0.7629551576788404, 0.0812548421375856, 0.7865690524626405, 0.022699827542753594, 0.7976748430158225, -0.018922855307905245, 0.800001624787735, -0.04732493792426771, 0.7994416826147206, -0.06579053753159855, 0.7959167032133102, -0.0771489959681205, 0.792273621807071, -0.08328401307332751, 0.7899079887440412, -0.08600554519461033, 0.7890231191249797, -0.08680777592829247]","[-0.054063390518678256, -0.035425502664351516, 0.01336636711028305, -0.05436717752874953, -0.036767876641215835, 0.013194395557388106, -0.054231438112589014, -0.03865290610829408, 0.013124959987320217, -0.053660508356909165, -0.04115622471709868, 0.013168316019191106, -0.05276447937345485, -0.04418582487524292, 0.013329416773953717, -0.0517809911925432, -0.04751687118775916, 0.0136168198374218, -0.05071995171416077, -0.0511658010688536, 0.014026709492048539, -0.049584103892237, -0.05514860243452091, 0.014557845694177729, -0.04837392604279023, -0.059476105438747595, 0.015211152988396925, -0.04708918528696815, -0.06414731605127821, 0.015988471786433145, -0.04572834841898843, -0.06914188281584055, 0.01689007964600142]","[-0.04908842220902443, -0.03735167533159256, 0.01272350549697876, -0.014729447662830353, -0.015527434647083282, 0.0032738298177719116, 0.289599609375, 0.26682147979736326, -0.050019100308418274, -0.03631000965833664, 0.012824535369873047, -0.015329957008361816, -0.015001878142356873, 0.0032712072134017944, 0.289599609375, 0.26682147979736326, -0.05009305104613304, -0.03627341240644455, 0.012834876775741577, -0.015364527702331543, -0.014992624521255493, 0.0032668262720108032, 0.2906982421875, 0.29208984375, -0.050136130303144455, -0.036281757056713104, 0.012842923402786255, -0.015398606657981873, -0.014978878200054169, 0.0032622218132019043, 0.2906982421875, 0.29208984375, -0.05016316473484039, -0.036308594048023224, 0.012855768203735352, -0.015427686274051666, -0.014980480074882507, 0.0032548606395721436, 0.2906982421875, 0.29208984375]",0.017344108
"[10.1759614944458, 10.1959614944458, 10.2159614944458, 10.235961494445801, 10.2559614944458, 10.2759614944458, 10.2959614944458, 10.315961494445801, 10.335961494445801, 10.3559614944458, 10.3759614944458]","[0.04746163389943089, -0.03484220043055525, 0.005168578964571113, -2.565467239503639e-05, 0.004201440297669135, -0.01409534859383846, 0.033463935719352265, 0.04992310509747344, -0.041157744743808816, 0.004364191390707957, -0.0038343815202725603, 0.0030241426490862896, -0.01281103727229525, 0.03565131983342874, 0.051421303561348206, -0.047695218772439166, 0.0032032489016008453, -0.007511499303903748, 0.001789839184768004, -0.010603209173054908, 0.038043142096696236, 0.05194540354443386, -0.05444429130334763, 0.0017390643590309218, -0.01098838985778107, 0.000495829336957989, -0.007535822630036757, 0.040570550026128374, 0.05149444281349251, -0.061377504864192356, -9.851473554250806e-06, -0.014201043714512196, -0.0008440146630240558, -0.0038470989144886968, 0.043137307676955366, 0.05008805958874019, -0.06846988586520417, -0.0020809968653603596, -0.01710746955842458, -0.002195459430611381, 0.00010571131844451273, 0.045658315557542864, 0.04804375962504304, -0.07548046184144441, -0.004249966599524438, -0.019635285685849706, -0.003524531489246059, 0.004225245710740141, 0.04815363144265775, 0.04561006251634883, -0.08226186821884215, -0.006346620898315083, -0.021746716176492906, -0.0048122794574374, 0.008437155852972708, 0.050641404204939885, 0.04297539859368694, -0.08873949790035485, -0.008249216926754767, -0.023434303347028857, -0.006049331807732455, 0.01267659015448731, 0.05312024363236837, 0.040277673729440466, -0.09489665294785818, -0.00987983906985163, -0.024721294307312933, -0.007231970182449979, 0.016881764730512346, 0.055563215355112286, 0.03760975950167198, -0.10073733201327839, -0.011192376940621156, -0.02563945941559648, -0.008359896348719354, 0.020999151784326996, 0.057936719922989384]","[0.7395925858469559, 0.11854013828529536, 0.7774493182479358, 0.03328551674750879, 0.7960704620693636, -0.028903768788267552, 0.8000009056247838, -0.07255147231118532, 0.8000000004903443, -0.10179480667976439, 0.8000001059316186, -0.12030304477293964, 0.8000006662353205, -0.13124945623161421, 0.7989998003314803, -0.13691567977663113, 0.7979558308164982, -0.1393190925740011, 0.7974956497110499, -0.1399979911619309]","[-0.05323976933844876, -0.03689811732935011, 0.013397957408749939, -0.05357965807604037, -0.03798752073843126, 0.013205438683387971, -0.05340399306443677, -0.03968645873225185, 0.013118501838957464, -0.05269658534245347, -0.042038596744523815, 0.013136987430542035, -0.05158260602389597, -0.044932655661955145, 0.01326550176515262, -0.05033453592536519, -0.04812746358317188, 0.013516303631712745, -0.04896634328759575, -0.05166503111686627, 0.013888407087775612, -0.047486406475759635, -0.0555915291601643, 0.014384727510808215, -0.045896992618513766, -0.05993157317185993, 0.0150087522341531, -0.0441933290172325, -0.06467023184285381, 0.015760854837989058, -0.04237079968319202, -0.06977344205163183, 0.01664067436314598]","[-0.04501207172870636, -0.04159636050462723, 0.011960268020629883, -0.01339007169008255, -0.016817748546600342, 0.0032223910093307495, 0.2906982421875, 0.228369140625, -0.04561404511332512, -0.040890857577323914, 0.012042403221130371, -0.013594649732112885, -0.016656748950481415, 0.003236547112464905, 0.2906982421875, 0.2349609375, -0.046333570033311844, -0.04020075500011444, 0.012202262878417969, -0.013910576701164246, -0.016400814056396484, 0.003263428807258606, 0.2906982421875, 0.24375, -0.046997424215078354, -0.0395413339138031, 0.01230725646018982, -0.014329306781291962, -0.016127198934555054, 0.0033208876848220825, 0.2906982421875, 0.2492431640625, -0.047644928097724915, -0.03891205042600632, 0.012347489595413208, -0.014659643173217773, -0.015791215002536774, 0.0033183246850967407, 0.2906982421875, 0.2558349609375]",0.012038004000000001
"[10.255120038986206, 10.275120038986206, 10.295120038986205, 10.315120038986207, 10.335120038986206, 10.355120038986206, 10.375120038986205, 10.395120038986207, 10.415120038986206, 10.435120038986206, 10.455120038986205]","[0.047455626187946354, -0.03487606541447186, 0.005354674515530255, -5.7165331616631974e-05, 0.004120212618018478, -0.014536991977350502, 0.03319718631937099, 0.04933964779608283, -0.041651033539781945, 0.004066122333143606, -0.00400538353996737, 0.0028514031269607195, -0.01277739636532537, 0.035401082812680715, 0.05025967361572892, -0.048599803008318815, 0.0024691004274897, -0.007791200317831936, 0.0015308428697614345, -0.010019493917101607, 0.03777044418248546, 0.05017345613270436, -0.05570805028466724, 0.0005989910676389789, -0.01134222778605134, 0.00016133931044732554, -0.006396537165256467, 0.040193200577852986, 0.049067710159915845, -0.062959566379431, -0.0015507113890298218, -0.014606090593759011, -0.0012385315121267206, -0.0022072822810121143, 0.04257461915320923, 0.047021307744279546, -0.07024901417275242, -0.00395531284226209, -0.017500839589031793, -0.0026360158675555806, 0.0022340025712690014, 0.044910499794022424, 0.04437391145496879, -0.07735933769826989, -0.0063814273344930325, -0.01996643877617694, -0.00400222382937066, 0.006832934030219613, 0.04724566052928557, 0.04138871755573453, -0.084178082248477, -0.008658039928554595, -0.02198472494271728, -0.005322522291210158, 0.011512118084182107, 0.04960331308967547, 0.03826285220950051, -0.09067732989420735, -0.0106718588009369, -0.02358101645978747, -0.006590192695636533, 0.016197844382882895, 0.05196653065065712, 0.035131721932844084, -0.09685626281073964, -0.012350784117131502, -0.024789901480093246, -0.007802767850049138, 0.02082574319182974, 0.054301666009857266, 0.03207952715272093, -0.10272075913917852, -0.013654083239298884, -0.025643446765322032, -0.008960747720312856, 0.025342017157166503, 0.05657259040375575]","[0.7675977665792273, 0.06225844011968283, 0.7945349720037164, -0.02437998476179227, 0.8000008706932733, -0.08616445709564566, 0.8000000792914399, -0.12822812990609206, 0.8000003260866285, -0.15523017894760113, 0.8000001959590353, -0.17128171644672463, 0.8000001802871042, -0.1799206084728175, 0.8000004622811276, -0.18390391362849223, 0.7997724993183282, -0.1853716925787686, 0.7995709433729723, -0.18572629549196873]","[-0.05311973269896353, -0.03668456683463539, 0.013298894416597484, -0.05336144709862389, -0.03783400721086361, 0.013117529579582232, -0.05297737553942283, -0.039645469986542725, 0.013034487730867461, -0.051979408090551904, -0.04209175250480124, 0.013045043163189884, -0.050546641582190355, -0.04500400852686637, 0.01315650822970138, -0.04894369042714486, -0.04824503597576779, 0.013393045849702467, -0.047189344634330554, -0.051884197665424736, 0.013756368874932257, -0.04529271936733492, -0.0559739478777046, 0.014250027577732194, -0.04324980698803227, -0.06051500604770066, 0.014874260253932903, -0.04105366993785531, -0.06548224890185583, 0.015629815802206792, -0.03870092147663151, -0.07083837425230843, 0.016518608482427144]","[-0.03636803478002548, -0.04968675971031189, 0.011426210403442383, -0.010314688086509705, -0.020023606717586517, 0.0031979233026504517, 0.2906982421875, 0.18662109375, -0.037619151175022125, -0.04865311458706856, 0.011579930782318115, -0.01073496788740158, -0.019711218774318695, 0.003260776400566101, 0.2906982421875, 0.1943115234375, -0.03882414847612381, -0.04757191240787506, 0.01161736249923706, -0.011329993605613708, -0.019228830933570862, 0.0032691359519958496, 0.2906982421875, 0.202001953125, -0.040052998811006546, -0.04645591974258423, 0.011634886264801025, -0.012075863778591156, -0.018622279167175293, 0.0033109337091445923, 0.2906982421875, 0.2096925735473633, -0.041265297681093216, -0.045313917100429535, 0.011617511510848999, -0.012749157845973969, -0.017997227609157562, 0.0033593177795410156, 0.2906982421875, 0.215185546875]",0.011529902000000002
"[10.285206079483032, 10.305206079483032, 10.325206079483031, 10.345206079483033, 10.365206079483032, 10.385206079483032, 10.405206079483031, 10.425206079483033, 10.445206079483032, 10.465206079483032, 10.485206079483032]","[0.04745573012179412, -0.03487105418346293, 0.005320378664026035, -0.00014603316370529084, 0.0041275084163016635, -0.01444032085573024, 0.03320455761456738, 0.048794028948613594, -0.04206522702469452, 0.003654080252689809, -0.004169950755711388, 0.0027680908610277673, -0.012250740419054107, 0.03540375646984623, 0.04919625119576186, -0.049371772116315826, 0.0017205556319329432, -0.008006520333728957, 0.0013730664028386822, -0.009117797895737946, 0.037717179638868364, 0.04861769985240781, -0.056782546689186995, -0.0004635725558821456, -0.011595956724965753, -4.861254259938876e-05, -0.005219372353102297, 0.04002207172540725, 0.0471123447343033, -0.06419965983625958, -0.002831373361310706, -0.014850965514897185, -0.0014816759003298502, -0.0007798306035670061, 0.04229546630122546, 0.04474537346056256, -0.07155903680815402, -0.0053734693916156345, -0.017703492953501647, -0.0029002098764757634, 0.003888291148377945, 0.04454705500095152, 0.04185090167111195, -0.07867896074411498, -0.007866440031191402, -0.02010888233439317, -0.004280274382261974, 0.008692588543955887, 0.04682353362662782, 0.0386850966221093, -0.085480733903001, -0.010151697303208085, -0.022067307528437774, -0.005610256057144258, 0.013552784639792863, 0.04913779010345525, 0.03543495728632462, -0.09195712993702718, -0.012127673826921958, -0.023616355404278432, -0.0068848951487658384, 0.01839306020231509, 0.05146128726081883, 0.03222239405861651, -0.09810938683375378, -0.013730403588978523, -0.024789188492743905, -0.008102819658348668, 0.02315218385672395, 0.05375894525763821, 0.029118714840305107, -0.1039453169262105, -0.014927457589556945, -0.025616250690034058, -0.00926552701126741, 0.027779114635033908, 0.055993375516839215]","[0.7824426205059432, 0.02265141074532015, 0.8000003726585964, -0.05899142599895136, 0.8000003893143726, -0.116049935502549, 0.799999975787121, -0.15380999035776696, 0.8000003664469875, -0.17704473977771523, 0.800000067140715, -0.18994693832857087, 0.8000001589797411, -0.19610679224651534, 0.8000003349617115, -0.19845677622637614, 0.7998035020017624, -0.19907388429240508, 0.7996116785826106, -0.1991454829618109]","[-0.053033385414078316, -0.03660623332508717, 0.013273435355648289, -0.05312352391068509, -0.03791406642717954, 0.013107703380898617, -0.05257460735400554, -0.03983645584081241, 0.013033376346758718, -0.051434046738552563, -0.04229127795021892, 0.013044590300111736, -0.04983582393145736, -0.04522905985309711, 0.013154899148423382, -0.04805407371104131, -0.04852519050514159, 0.013392032307049107, -0.04610844626036292, -0.052254066489427764, 0.01375819923387267, -0.044006041076138924, -0.05645622308570486, 0.014255732314838454, -0.04174045898147938, -0.06111760750604445, 0.014883829847069485, -0.039306053939284324, -0.066212056883173, 0.015644897202625963, -0.036701456349198414, -0.07170035538763697, 0.016542353441169944]","[-0.029176093637943268, -0.05555626004934311, 0.011710435152053833, -0.007903657853603363, -0.0227721706032753, 0.003415122628211975, 0.2906982421875, 0.16025390625, -0.030317634344100952, -0.054649483412504196, 0.011620521545410156, -0.008693166077136993, -0.02205479145050049, 0.0033591091632843018, 0.2906982421875, 0.166845703125, -0.03156254440546036, -0.053812917321920395, 0.0114632248878479, -0.009337000548839569, -0.021414071321487427, 0.003332465887069702, 0.2906982421875, 0.1734375, -0.03300166130065918, -0.05267421528697014, 0.011491268873214722, -0.009795039892196655, -0.020897187292575836, 0.003305763006210327, 0.2906982421875, 0.175634765625, -0.03417857736349106, -0.05163630098104477, 0.011406183242797852, -0.010057978332042694, -0.020505353808403015, 0.003286018967628479, 0.2906982421875, 0.17783203125]",0.004897889
"[10.37605905532837, 10.396059055328369, 10.416059055328368, 10.43605905532837, 10.45605905532837, 10.476059055328369, 10.496059055328368, 10.51605905532837, 10.53605905532837, 10.556059055328369, 10.576059055328368]","[0.04459703520700913, -0.035311212554321195, 0.004419296323971401, 0.00043371266721138537, 0.003653482858336363, -0.010421597784097167, 0.032482195838943656, 0.045737454532680764, -0.04279533553744294, 0.002911877222302386, -0.0036862104507945164, 0.0022588281795894224, -0.008292826472211103, 0.03462632122578403, 0.04607897725625044, -0.05031122532825918, 0.0011674150941953334, -0.007630134171291424, 0.000858814114275789, -0.005457090413791823, 0.036895854316954274, 0.04565488715259297, -0.057767270441330475, -0.0007146960709982945, -0.011304766136215172, -0.0005421817975303642, -0.0019486449575299495, 0.03922274544352192, 0.04451284962511542, -0.06510600848963874, -0.002658074323827249, -0.014642219285285628, -0.001942921461411104, 0.002094584202326925, 0.041575573027796096, 0.04257647686109434, -0.07237518349637503, -0.004772951646765822, -0.0175943130532842, -0.0033255933900455687, 0.006306818304737703, 0.04392947286620788, 0.040151804942544875, -0.07939794017512455, -0.006856026099946413, -0.02010905272056805, -0.004667860071436332, 0.01060932910408297, 0.0463277247472985, 0.03747275473820143, -0.08609906063154714, -0.008765085761485906, -0.022179812488722656, -0.005959260899528294, 0.014934433820972492, 0.048780369880738056, 0.03470972454128385, -0.09247404800723985, -0.010411322513916256, -0.02383849189482458, -0.007195253032553786, 0.0192173807136408, 0.05125610776867247, 0.03197307110213816, -0.09852523811754549, -0.011739850167300175, -0.025113290228715373, -0.008374603168739562, 0.023406045611386112, 0.053716085714567784, 0.029327142004198586, -0.10426132588179218, -0.01272405325847483, -0.026031023527171408, -0.009498827291829434, 0.027458019370651253, 0.05612067496859101]","[0.7823798748074339, 0.03234289770247874, 0.8000005358444316, -0.041783326860110576, 0.8000001593245012, -0.09324130971229488, 0.8000002386580585, -0.12704418530224965, 0.8000002377033943, -0.14767931510238044, 0.8000000170372783, -0.15903928088996694, 0.8000006246106979, -0.16441212198244443, 0.7999758814511593, -0.1664393254478878, 0.7994048457945128, -0.16696394816916849, 0.7990933718232882, -0.1670236215538778]","[-0.05001353395923869, -0.03881282910261419, 0.013189376678058196, -0.04972505281981254, -0.040333140061247, 0.013020748483855371, -0.04898163320009519, -0.04228226076961805, 0.012949678756963401, -0.04772834113525415, -0.04473135948153972, 0.0129714008816193, -0.04601429184153416, -0.04769458154216499, 0.013090659235250879, -0.04419175218235549, -0.05096943469101234, 0.013335972280551278, -0.04228601828314538, -0.054633907295282835, 0.01371185825304444, -0.04030820524470391, -0.05873131609871951, 0.014221767965959309, -0.038254254126554255, -0.06324948238587735, 0.01486460431937875, -0.03611899585791234, -0.06816302073257097, 0.015641229676128354, -0.03390002853189045, -0.0734348359435435, 0.01655278163327889]","[-0.021673060953617096, -0.06090528890490532, 0.011681735515594482, -0.005892165005207062, -0.024613715708255768, 0.00355452299118042, 0.2906982421875, 0.1042236328125, -0.022619210183620453, -0.06029517948627472, 0.011671662330627441, -0.006416991353034973, -0.024308644235134125, 0.0035286694765090942, 0.2906982421875, 0.1119140625, -0.023532748222351074, -0.05965316668152809, 0.011637955904006958, -0.006878107786178589, -0.023947380483150482, 0.0035352855920791626, 0.2906982421875, 0.1196044921875, -0.024431169033050537, -0.05897364765405655, 0.01160702109336853, -0.00714053213596344, -0.023613974452018738, 0.0034948885440826416, 0.2906982421875, 0.12509765625, -0.025323860347270966, -0.058397065848112106, 0.011545538902282715, -0.007043331861495972, -0.023523755371570587, 0.0034592747688293457, 0.289599609375, 0.131689453125]",0.012346578
"[10.455634117126465, 10.475634117126464, 10.495634117126464, 10.515634117126465, 10.535634117126465, 10.555634117126464, 10.575634117126464, 10.595634117126465, 10.615634117126465, 10.635634117126465, 10.655634117126464]","[0.039067637169839166, -0.03641231422813063, 0.004255582810017745, 0.002032002741342151, 0.0018090745675159927, -0.006318183625677648, 0.03139037006273061, 0.040051039624597023, -0.04422156654654178, 0.0027183436208185383, -0.002248195877439899, 0.00044822402827438256, -0.00427145011523661, 0.033330377911497046, 0.04035545583765901, -0.05191662169903441, 0.0010217764109433916, -0.0063387200724866755, -0.0009007669581789524, -0.0016042027009926575, 0.03542349639856618, 0.04002834811852786, -0.05944254643424013, -0.0007397723681738613, -0.010164110946230393, -0.002240689231541798, 0.001636701591682072, 0.037624556727240466, 0.03899208013054372, -0.06685023418069923, -0.0026413172893225236, -0.013671521102083025, -0.0035643103761664025, 0.005178970408108549, 0.03989246713342824, 0.0373782175393642, -0.07406458939195171, -0.00461588058458275, -0.016804386034914656, -0.0048529528053622255, 0.00884752924354187, 0.04223641158078778, 0.035420172480761715, -0.08096599999287221, -0.006507735072493579, -0.01951454770299007, -0.006093374839735615, 0.012583887512110363, 0.0446882531174283, 0.033297247844894254, -0.0875295482929037, -0.008214969465053262, -0.021807141808050046, -0.007279918428833277, 0.016328923055763743, 0.04723245620226228, 0.03113469711720728, -0.09375873110947128, -0.009672047604922067, -0.02370002118474573, -0.008410871879198412, 0.02003206304520818, 0.04983430506104213, 0.02901142789413353, -0.09966285892923597, -0.010840419258804097, -0.025210247175590197, -0.009487179087608419, 0.0236530484684437, 0.05245385868521191, 0.026971075451153858, -0.1052550201741419, -0.011703646248012541, -0.02635528058270663, -0.010511493184613013, 0.02715785835637337, 0.0550484341772813]","[0.7939395385553554, 0.00482119800225414, 0.8000004127997795, -0.04984366542132618, 0.800000118919064, -0.08710451180951778, 0.8000001968301875, -0.11095793528264393, 0.8000001438389437, -0.1249437966817587, 0.8000001320291844, -0.1321140593707101, 0.8000001447268499, -0.13502735066389096, 0.8000001256965958, -0.13579233804756463, 0.8000001216698309, -0.13578643797305404, 0.7998853290785815, -0.1356974196031676]","[-0.044939428228375045, -0.043398479994790407, 0.01290146312198015, -0.04444295015089039, -0.04483427706106502, 0.01272022750626256, -0.043528826284192856, -0.046623212913049716, 0.012639493775971733, -0.042166461100732855, -0.048846351743191185, 0.012654200188673581, -0.040600326666209496, -0.05138318594517699, 0.012776051142185718, -0.038978997895020906, -0.05421404390182971, 0.013014365940911432, -0.03732936348758131, -0.05742573858589495, 0.013375863637443253, -0.03565886596066614, -0.06104520499279875, 0.013860737948117485, -0.0339666093539317, -0.06507161239420345, 0.014469524841183024, -0.03224976611378405, -0.0694908188285921, 0.015204613900192232, -0.030506466528348097, -0.0742744497545118, 0.01606837780286785]","[-0.01880788803100586, -0.06297017633914948, 0.011683106422424316, -0.004943087697029114, -0.025179430842399597, 0.0035325437784194946, 0.2906982421875, 0.08884296417236329, -0.019291535019874573, -0.06235294044017792, 0.011641889810562134, -0.00511951744556427, -0.02497687190771103, 0.0035991668701171875, 0.2906982421875, 0.092138671875, -0.020034894347190857, -0.061850957572460175, 0.01157483458518982, -0.005260370671749115, -0.024875327944755554, 0.0036010444164276123, 0.2906982421875, 0.0954345703125, -0.020827583968639374, -0.06143355742096901, 0.011659413576126099, -0.005456395447254181, -0.024788223206996918, 0.0035593360662460327, 0.2906982421875, 0.09873046875, -0.021673060953617096, -0.06090528890490532, 0.011681735515594482, -0.005892165005207062, -0.024613715708255768, 0.00355452299118042, 0.2906982421875, 0.1042236328125]",0.012000153
"[10.535382270812988, 10.555382270812988, 10.575382270812987, 10.595382270812989, 10.615382270812988, 10.635382270812988, 10.655382270812987, 10.675382270812989, 10.695382270812988, 10.715382270812988, 10.735382270812988]","[0.033194844455769854, -0.03757628376419654, 0.00666189690858781, 0.004027711165882969, -0.00012139848285516947, -0.00099639195416607, 0.030036824223178646, 0.03406660552549788, -0.04562976251563172, 0.005235847761901838, -0.00040785854625250957, -0.0014620825929670723, 0.0005736251211520434, 0.031749068558840805, 0.03440521229723193, -0.05345469124346855, 0.0036694615796084755, -0.004667524334087663, -0.002775829589020894, 0.002603117425897741, 0.03367869058712299, 0.0341469318546032, -0.06110194159371417, 0.0019024330796770783, -0.00869036479717314, -0.004056554798510872, 0.004896231932960402, 0.035777810034548836, 0.033429804986022715, -0.06849810309089047, 3.1084946112190886e-05, -0.012414577452528525, -0.005291867082396882, 0.007376849165990311, 0.03803976433180888, 0.032391083298670735, -0.07560151590029218, -0.0018568548463537998, -0.01580719824587815, -0.006472385948910983, 0.00998070264350636, 0.04044586869012173, 0.031149724906951372, -0.08234317964454724, -0.0036667087815667634, -0.01880804734153019, -0.007594943463087416, 0.012680943227984978, 0.04301278965259751, 0.029803894134643016, -0.08873286872804176, -0.005338945510189837, -0.021412643840652733, -0.008659798544663495, 0.015438483825125398, 0.04570911340360946, 0.028423890285628754, -0.0947841096070574, -0.0068306752082863175, -0.02362026733225262, -0.009668643520860703, 0.018218422114830643, 0.0484969433186245, 0.027057109177402644, -0.10051229777861967, -0.00811346806435402, -0.02543393527770762, -0.01062418102427588, 0.02098936838468501, 0.05133431789577171, 0.025732976570140068, -0.10593394007939765, -0.009171335759823089, -0.02686100630043191, -0.011529746650936475, 0.023722495831478674, 0.05417704835648859]","[0.7996848679283977, -0.008209549455669929, 0.8000004201634212, -0.03878868565690387, 0.8000001212905976, -0.06052476553829364, 0.800000199315563, -0.07530378580977135, 0.800000150655425, -0.08480483852074178, 0.8000001254594127, -0.09048912170213447, 0.8000001589662891, -0.09359351476745087, 0.8000001260796463, -0.09505829533510973, 0.8000000905814726, -0.09561633117730294, 0.8000000296816525, -0.09575683251920238]","[-0.03563334399011897, -0.0513190299091737, 0.012884021271312385, -0.03500956306954017, -0.05254281251849591, 0.012646407267492776, -0.0341463440842702, -0.05396403481480494, 0.012519885209143045, -0.03323446788261886, -0.055521297711775386, 0.01250041943456548, -0.03232428214702743, -0.0572691781658885, 0.012588452024090202, -0.031444017534065005, -0.05924870651838843, 0.012780617468923783, -0.03061427407200279, -0.061561929569585505, 0.01308580654296243, -0.029836145931216418, -0.06424312082564221, 0.013502950518731183, -0.029106627252730277, -0.06731088928636852, 0.014033261856509327, -0.028420170624878005, -0.07076865003971733, 0.014679545731917987, -0.027769962170278384, -0.07460480906359734, 0.015444974641825482]","[-0.014521963894367218, -0.06596317142248154, 0.011967301368713379, -0.004132993519306183, -0.026149988174438477, 0.003702715039253235, 0.2906982421875, 0.048193359375, -0.014730364084243774, -0.06586244702339172, 0.012013435363769531, -0.004149734973907471, -0.026173986494541168, 0.003707513213157654, 0.2906982421875, 0.052587890625, -0.014992207288742065, -0.0657021626830101, 0.012048214673995972, -0.004205495119094849, -0.026102393865585327, 0.003708183765411377, 0.2906982421875, 0.056982421875, -0.015292763710021973, -0.0654795803129673, 0.01202043890953064, -0.00427178293466568, -0.02601855993270874, 0.0037020742893218994, 0.2906982421875, 0.0602783203125, -0.015481717884540558, -0.0652974285185337, 0.012000054121017456, -0.004276961088180542, -0.02598750591278076, 0.003693699836730957, 0.2906982421875, 0.065771484375]",0.012958257999999999
"[10.614790916442871, 10.63479091644287, 10.65479091644287, 10.674790916442872, 10.694790916442871, 10.71479091644287, 10.73479091644287, 10.754790916442872, 10.774790916442871, 10.79479091644287, 10.81479091644287]","[0.026990394015134995, -0.03876047387148161, 0.009188468129432555, 0.005635914510839268, -0.001305525260771631, 0.0025802360970614054, 0.028251525839881445, 0.02790756734589467, -0.04694752479665224, 0.007718168050127883, 0.0010124452039809303, -0.002657403210296251, 0.003564085960821157, 0.029849978719680734, 0.028286281237731244, -0.05490434977970334, 0.005969316861215812, -0.003451246623744651, -0.003958276846857798, 0.004784614101848509, 0.03170197420182172, 0.028259532701752847, -0.06256109845381641, 0.00405245540590274, -0.007683782219000352, -0.005199573613252321, 0.006249765200729066, 0.033789084152326676, 0.027954383881472693, -0.069880945451796, 0.0020819602594265895, -0.011644171895523312, -0.006380350454778682, 0.007984697119376999, 0.036077639016931874, 0.027370560509141835, -0.07687966074368138, 6.751863427157915e-05, -0.01528167991057746, -0.007501203453866812, 0.009922271437173558, 0.03854001461886754, 0.026571660599638745, -0.08351488167658846, -0.0019218268006276993, -0.018529833448424016, -0.008563369842224958, 0.01204564496682554, 0.04118136074230428, 0.025622543911637694, -0.08980389987149331, -0.003836266468519664, -0.021372015918110283, -0.009569385696758775, 0.014321454899733707, 0.043968069691976475, 0.024579668380443835, -0.0957633243181337, -0.0056322415765437395, -0.023798600231510262, -0.010521819461860746, 0.01671372889850579, 0.04686220356987478, 0.023490904357865286, -0.10140916324554211, -0.007273192105750875, -0.02580697548910172, -0.011423264193550879, 0.01918539783405098, 0.04982245784309145, 0.022395104896566313, -0.10675696571650602, -0.008730122260366287, -0.02740143763075384, -0.012276398048580422, 0.021700549146761637, 0.05280484632250643]","[0.8000001382881747, -0.005080584302587612, 0.8000000796914339, -0.028695093457169477, 0.8000000927054891, -0.048332965404999546, 0.8000000744254907, -0.06422542372157031, 0.8000000735273362, -0.07667682488813149, 0.8000000538513998, -0.08604222592116295, 0.8000000736013897, -0.09271000536509433, 0.8000000564566377, -0.09678261262226678, 0.8000000419932973, -0.09877875678990433, 0.8000000133541774, -0.09941030122307243]","[-0.026458468550671466, -0.05783990991481147, 0.013090007124140879, -0.02610420649223455, -0.05857946167527661, 0.012737422141140708, -0.025832353887660475, -0.05927271449414828, 0.01250169246128241, -0.025621247057702745, -0.0600334821853723, 0.012385612004775837, -0.02540097096576388, -0.060975348077862535, 0.01238247052328667, -0.025229321323429366, -0.062139889676832816, 0.012488862429683945, -0.025119673064385117, -0.06363679103708941, 0.012711564291380206, -0.02506939758650084, -0.06551595014691225, 0.013048784203315567, -0.02507311410714619, -0.06781006152716351, 0.013501076597958406, -0.025122993614009492, -0.07053477089370741, 0.014070916042931092, -0.025208119482716396, -0.07368952764247183, 0.014761726880398118]","[-0.014408126473426819, -0.06602855399250984, 0.011868298053741455, -0.004286915063858032, -0.02593974769115448, 0.0036632269620895386, 0.2906982421875, 0.0339111328125, -0.014370761811733246, -0.0660310722887516, 0.011869877576828003, -0.004313632845878601, -0.025938138365745544, 0.0036663413047790527, 0.2906982421875, 0.0383056640625, -0.014370396733283997, -0.06601177528500557, 0.011871635913848877, -0.004322946071624756, -0.02590423822402954, 0.0036612749099731445, 0.2906982421875, 0.0405029296875, -0.014378957450389862, -0.06597886234521866, 0.01187029480934143, -0.004276834428310394, -0.025876015424728394, 0.003664553165435791, 0.2906982421875, 0.0427001953125, -0.014411941170692444, -0.06594450771808624, 0.011869758367538452, -0.0042039379477500916, -0.02592288702726364, 0.0036706477403640747, 0.2906982421875, 0.0427001953125]",0.006700052999999999
"[10.675016403198242, 10.695016403198242, 10.715016403198241, 10.735016403198243, 10.755016403198242, 10.775016403198242, 10.795016403198241, 10.815016403198243, 10.835016403198242, 10.855016403198242, 10.875016403198241]","[0.0215745920139909, -0.039784910143512736, 0.009222555659868886, 0.006744953574280473, -0.0019149676578322594, 0.005758214434633462, 0.026870887207427575, 0.022146844843889766, -0.04822323945178969, 0.0075523942040981555, 0.002019638733484902, -0.0033230651788449055, 0.006849098872982085, 0.028241159732792023, 0.022265887209325277, -0.05633228710768292, 0.005663821755429689, -0.002537728255710305, -0.00466424456695552, 0.008098274526523347, 0.02990420540094242, 0.022095764442043545, -0.0640707238638671, 0.0036624597056598074, -0.006872148597251065, -0.005931632851078996, 0.009456209665510303, 0.03186543072343645, 0.02166476797216732, -0.07145119736949641, 0.0015384701278705615, -0.010916057818024167, -0.0071155787032490285, 0.010817020003503985, 0.03412279436704663, 0.021261052469311953, -0.0783950445511839, -0.00047831786964542546, -0.014664112186559755, -0.008214586806188189, 0.01233103062129569, 0.036637461868067316, 0.02085879493042296, -0.08493720821609779, -0.0023804417114905545, -0.01807151264742006, -0.009238495428609604, 0.013991842750017294, 0.03937454820036201, 0.020445230433123244, -0.09110837264083083, -0.00415626223929993, -0.021103266087389706, -0.010195539588739158, 0.01578538586599689, 0.0422943719930255, 0.020017849172681984, -0.09693544270511484, -0.0057916431091835745, -0.023734326980023663, -0.011092572341441252, 0.017690995594477385, 0.04535360610272657, 0.019581197207729065, -0.10244211153436031, -0.0072717732370124214, -0.025949440527892775, -0.011935310820721471, 0.01968355773523235, 0.04850604785205649, 0.01914365776002571, -0.10764944895495214, -0.008582866193010135, -0.027742777909856263, -0.012728609564167267, 0.021735997092442283, 0.05170327688820797]","[0.8000002624749862, -0.05415047290110656, 0.7999999908701179, -0.05271584289329054, 0.800000231589101, -0.05362472146737917, 0.8000000308197739, -0.055942178523075606, 0.800000129613405, -0.0588936697544332, 0.8000000651971069, -0.0618848429825797, 0.800000099470155, -0.064485661771089, 0.800000077607472, -0.06628147577769726, 0.8000000573479136, -0.06723336202894371, 0.8000000182444167, -0.06754852960005502]","[-0.021111456675667273, -0.06132689233550259, 0.013304243373349678, -0.020557447785553462, -0.061936720661959654, 0.012872706193025163, -0.020126826535243225, -0.06245572194742044, 0.012565450155962665, -0.019862545092586892, -0.06297907673820236, 0.012382824650408963, -0.019916977685116133, -0.06353744930644911, 0.012326537731546683, -0.02006246753270491, -0.06432665951710836, 0.012389669826871064, -0.02029898679632125, -0.06542682206426953, 0.012567624485330775, -0.02062413358045001, -0.06689945838065947, 0.012858325543697369, -0.021033413858637218, -0.06878714913742145, 0.0132625037771672, -0.021519772971767548, -0.07111390013134233, 0.013783317385321237, -0.02207278779288102, -0.07388608587087209, 0.014425394445931161]","[-0.015238478779792786, -0.0656256452202797, 0.01182711124420166, -0.004641987383365631, -0.02569771558046341, 0.00363236665725708, 0.2906982421875, 0.0185302734375, -0.015039905905723572, -0.06574782729148865, 0.011842012405395508, -0.00456499308347702, -0.025758326053619385, 0.003640979528427124, 0.2906982421875, 0.0207275390625, -0.014849111437797546, -0.06585796177387238, 0.011852830648422241, -0.004507683217525482, -0.025809332728385925, 0.0036497116088867188, 0.2906982421875, 0.0229248046875, -0.01474885642528534, -0.06586955860257149, 0.011841148138046265, -0.004445433616638184, -0.02584589272737503, 0.0036547333002090454, 0.2906982421875, 0.02512226104736328, -0.01451876014471054, -0.06603408977389336, 0.011893689632415771, -0.0043681710958480835, -0.0258735790848732, 0.003657326102256775, 0.2906982421875, 0.02731952667236328]",0.005758731
"[10.695024251937866, 10.715024251937866, 10.735024251937865, 10.755024251937867, 10.775024251937866, 10.795024251937866, 10.815024251937865, 10.835024251937867, 10.855024251937866, 10.875024251937866, 10.895024251937866]","[0.020088956464013038, -0.04005784637926517, 0.009317459648993066, 0.007011140513242198, -0.0021044874506388686, 0.005863845211724795, 0.02680975130004424, 0.020401672121509475, -0.048654344849849276, 0.007329887546017618, 0.0023122996863541834, -0.003537590362324329, 0.006886398706299066, 0.028154176604777068, 0.020416762585323586, -0.05684513788494779, 0.005208022889030238, -0.0022270928091105992, -0.004886420765763953, 0.008052781796878569, 0.02979241447265517, 0.02015105948665489, -0.06464702030737352, 0.0029458546743197844, -0.00653603992805419, -0.006144013107264266, 0.009285177443756974, 0.031724694368522474, 0.019882234105109864, -0.0719853540904313, 0.0007798393581862638, -0.010604627265357998, -0.007312649770346621, 0.010752388198700596, 0.0339164862590087, 0.019528480412170986, -0.07890682683035101, -0.0013173044568894228, -0.01436394021744419, -0.008404207289191919, 0.012416388659555078, 0.03635238658653535, 0.01909391635749756, -0.08544139618978339, -0.0033219765810164593, -0.01777409017899963, -0.009426473519410027, 0.01426029746272555, 0.039001594977473866, 0.018590808326402128, -0.09161556069877708, -0.005208724254749336, -0.020804337218327456, -0.010386031382780098, 0.016261030089909746, 0.04182793244388741, 0.018036848764064202, -0.09745283510823267, -0.006952085972553442, -0.023433120821859978, -0.011288455464696333, 0.018390005944070753, 0.044791129157360735, 0.017452235028435473, -0.10297427695198041, -0.008528446242185279, -0.025647864223282513, -0.012138520060966733, 0.020615225904867245, 0.04784760104503771, 0.01685692274307797, -0.10819900122128467, -0.009917594107479614, -0.027444644517991203, -0.01294043028772604, 0.02290383585815238, 0.05095107006174312]","[0.8000001297021395, -0.04707648070426479, 0.8000000786789774, -0.053874951728023666, 0.8000000854861957, -0.061230192611025545, 0.8000000729526782, -0.06840434806990923, 0.8000000681417517, -0.07487315730589711, 0.8000000521859677, -0.08029490239469139, 0.8000000686519702, -0.08448233110709927, 0.80000005398649, -0.08717953334301437, 0.8000000392420265, -0.0885472386178652, 0.8000000128339337, -0.08898768621040837]","[-0.02012628761183155, -0.062096620891797905, 0.013349624730769172, -0.01988816363508561, -0.06254596785091238, 0.012900551698578067, -0.019760305191287797, -0.0628870210452308, 0.01258026971789139, -0.01986915199290129, -0.06317478778813435, 0.01239228447906271, -0.019965281311348226, -0.06362993424128316, 0.01232883569427834, -0.02010656469075378, -0.06433664561745145, 0.012386306000530034, -0.02029554336839212, -0.06537403027947652, 0.012559321171589755, -0.02053175906646776, -0.06680307384292039, 0.012844944796451152, -0.020812645089927306, -0.06866604454419356, 0.013243115371742942, -0.021133313674809306, -0.07098669129295532, 0.013756379380103212, -0.021485736039983605, -0.07377110327266845, 0.014389001556539327]","[-0.015967585146427155, -0.06514044106006622, 0.011743009090423584, -0.004951007664203644, -0.02548038214445114, 0.00360928475856781, 0.2906982421875, 0.0119384765625, -0.015821732580661774, -0.06524903699755669, 0.011756062507629395, -0.0048937201499938965, -0.02553226798772812, 0.003613993525505066, 0.2906982421875, 0.013037109375, -0.015637360513210297, -0.0653696320950985, 0.011787563562393188, -0.004821695387363434, -0.025583289563655853, 0.0036165714263916016, 0.2906982421875, 0.0141357421875, -0.01544269174337387, -0.06549639999866486, 0.011809349060058594, -0.004733584821224213, -0.02563871443271637, 0.0036275386810302734, 0.2906982421875, 0.0163330078125, -0.015238478779792786, -0.0656256452202797, 0.01182711124420166, -0.004641987383365631, -0.02569771558046341, 0.00363236665725708, 0.2906982421875, 0.0185302734375]",0.00713217
"[10.774953365325928, 10.794953365325927, 10.814953365325927, 10.834953365325928, 10.854953365325928, 10.874953365325927, 10.894953365325927, 10.914953365325928, 10.934953365325928, 10.954953365325927, 10.974953365325927]","[0.015693802848206196, -0.040876835560995334, 0.009561466185315951, 0.007988536048274413, -0.0023580968291523194, 0.007430020856895766, 0.02600361485536904, 0.015993213670459097, -0.049551609793946544, 0.007410455158203256, 0.0032501737631494792, -0.003820285442064287, 0.008238770051960382, 0.027247303162036128, 0.01597292152193299, -0.0578053764492016, 0.005066447606029725, -0.0013273703567594714, -0.005180870183531311, 0.009147221240724878, 0.028789219063638048, 0.015902514297935356, -0.06556716670862286, 0.0027657010742488685, -0.005726445830831291, -0.006443779290375925, 0.010336130732920251, 0.030604628496495923, 0.01569125747133157, -0.07288751978839281, 0.00047986028723462213, -0.00986813766243662, -0.007622199079709796, 0.011773996209275779, 0.03268831229194668, 0.015344615291292293, -0.07979851575692157, -0.0017609868889352134, -0.013704240059057715, -0.008724963706286216, 0.013451983019516105, 0.03501757797527276, 0.01487393603472487, -0.08632916643539587, -0.003926602766750988, -0.01719372149134428, -0.00975956783981782, 0.015349186076865976, 0.03756450274321799, 0.014299992528465533, -0.0925048016960977, -0.005984252110700808, -0.020304972753171856, -0.010732230564959326, 0.01743785718585974, 0.04029557604104733, 0.013649493283315078, -0.09834767116145021, -0.007901052239460948, -0.023015710974470485, -0.011648140270959239, 0.019684116760572107, 0.04317299145107725, 0.012951424909947674, -0.10387759005598415, -0.009646282683562643, -0.025312676498630365, -0.012511708693506023, 0.02205051357376038, 0.04615524588816997, 0.012233608340313864, -0.10911257261408125, -0.01119334109525084, -0.027191221341430868, -0.013326855350959866, 0.024499145998118234, 0.049197551570301715]","[0.8000001407963924, -0.0586891211288187, 0.8000000947255697, -0.06905915344552147, 0.8000000906066567, -0.07976231795631658, 0.8000000842125878, -0.08990669506973319, 0.8000000773109048, -0.09886773871834327, 0.8000000567422543, -0.1062580704156844, 0.8000000800996365, -0.11189297523933402, 0.8000000591926986, -0.11548619870900942, 0.8000000456936123, -0.11729385007887064, 0.8000000141310522, -0.117872830997791]","[-0.0163197542693988, -0.06485979687935739, 0.013665528659505988, -0.016355130532115902, -0.0650219284704372, 0.013134497818088509, -0.01659264993081233, -0.06499184639026012, 0.012742757110754788, -0.016780777743007458, -0.06500919368402824, 0.012490773039988134, -0.016981753217994555, -0.06517881948535154, 0.012373925519291618, -0.017195678076396104, -0.06560387534392031, 0.012383777688645736, -0.017425710217108592, -0.06636876062173913, 0.01251316591696483, -0.017672170605369963, -0.06753966873113981, 0.012757315452017082, -0.01793370989706311, -0.0691637934273599, 0.013114546870332866, -0.018206907820016216, -0.07126945283199504, 0.01358623118579505, -0.018485119485930568, -0.07386689179263994, 0.014176044529890408]","[-0.016284219920635223, -0.06480924040079117, 0.01169133186340332, -0.005091838538646698, -0.025327853858470917, 0.0035995393991470337, 0.2906982421875, -0.0056396484375, -0.016296155750751495, -0.06482284516096115, 0.011681050062179565, -0.005076318979263306, -0.025341615080833435, 0.003599002957344055, 0.2906982421875, -0.0034423828125, -0.01628763973712921, -0.0648503229022026, 0.011679321527481079, -0.005078479647636414, -0.02534954994916916, 0.0035956203937530518, 0.2906982421875, -0.000146484375, -0.016256041824817657, -0.06489535421133041, 0.011689752340316772, -0.005074314773082733, -0.02536630630493164, 0.0035985857248306274, 0.2906982421875, 0.0031494140625, -0.01619114726781845, -0.06496062129735947, 0.011709421873092651, -0.005048200488090515, -0.025392621755599976, 0.0036011338233947754, 0.2906982421875, 0.0053466796875]",0.010294184
"[10.835013389587402, 10.855013389587402, 10.875013389587401, 10.895013389587403, 10.915013389587402, 10.935013389587402, 10.955013389587402, 10.975013389587403, 10.995013389587402, 11.015013389587402, 11.035013389587402]","[0.012844548487572546, -0.04137779411260614, 0.008491041952295834, 0.008526723329192241, -0.00273165982146948, 0.008111188333027127, 0.025364276069623878, 0.013243710185713535, -0.05009187913894321, 0.006212201146288552, 0.003748534006029866, -0.004159380081040385, 0.008600141311765796, 0.026659432664572897, 0.013625844089482251, -0.05827047270968623, 0.0039679585433418495, -0.0009226406912403025, -0.005475456638987466, 0.009401302319972769, 0.028226972992129045, 0.013873378117643354, -0.06597112143339118, 0.0017398025629960503, -0.0054087962821658805, -0.006699279961412789, 0.010573218101929818, 0.03004317938052065, 0.013968176665340098, -0.07323251039749461, -0.0004194865857092084, -0.009663693704001454, -0.007850828186753513, 0.012175161842875579, 0.03207276891785395, 0.013711181424314805, -0.0801230975428318, -0.002621636160710859, -0.013575585590506273, -0.00894317690874542, 0.014067747461276212, 0.03433379838335028, 0.013175835584028175, -0.0866604164575582, -0.004806347600351087, -0.017112413624457846, -0.009979284500681779, 0.016213663459593665, 0.03680444573515059, 0.012432532665844962, -0.09286148172427974, -0.006916735922924892, -0.02025067361878545, -0.010961824563379899, 0.018571769399838855, 0.03945543718532549, 0.011546609039810469, -0.09874204006751268, -0.008900954153968826, -0.022974624060082625, -0.011893264686542473, 0.021097131386792277, 0.04225230914582221, 0.010576224019108056, -0.1043169681575276, -0.010714002013834413, -0.025276105476631044, -0.012775985566339125, 0.023743338012154294, 0.045156101569055446, 0.009570367244852274, -0.10960067086147067, -0.012319106297842324, -0.02715429857554003, -0.013612454988853655, 0.02646563788686188, 0.04812376802808592]","[0.8000001053909902, -0.03743174043843725, 0.8000000646093052, -0.0637230043804889, 0.8000000696475567, -0.08652454846449092, 0.8000000599139236, -0.10558556609610516, 0.8000000559077112, -0.12089508495142987, 0.8000000429664804, -0.13261989144763076, 0.800000056718283, -0.141065816558967, 0.8000000446161128, -0.14624808599605915, 0.8000000324804033, -0.14878649400336097, 0.8000000106595542, -0.14958566662135137]","[-0.015572662711070717, -0.06514877623716675, 0.013553706099190155, -0.01604173500771433, -0.06503661642012082, 0.013013786219514767, -0.016413085539358274, -0.06485139578192012, 0.012619947221622407, -0.016652420722419015, -0.064746527055767, 0.012367044278136952, -0.016664209835777433, -0.0648768951873957, 0.01223959650556683, -0.016654504852068097, -0.06529118628366959, 0.01224017615175299, -0.016632905167238476, -0.06607104211114034, 0.012361292584991634, -0.016604035139002882, -0.0672799305006575, 0.01259769429799329, -0.016570056196376637, -0.0689628215496505, 0.012947399357720268, -0.016530672641698385, -0.07114612401655185, 0.01341172021046999, -0.016481965514078767, -0.07383837896851819, 0.013994526615874747]","[-0.015490196645259857, -0.06512255221605301, 0.011799514293670654, -0.004994697868824005, -0.025395922362804413, 0.0036038756370544434, 0.2906982421875, -0.0166259765625, -0.015672363340854645, -0.06503679230809212, 0.011791616678237915, -0.005017012357711792, -0.025366373360157013, 0.0036019235849380493, 0.2906982421875, -0.0144287109375, -0.01586214452981949, -0.06495628878474236, 0.011770248413085938, -0.005065493285655975, -0.025343872606754303, 0.0036046355962753296, 0.2906982421875, -0.0122314453125, -0.016025826334953308, -0.06489197909832001, 0.011752337217330933, -0.005116499960422516, -0.025335803627967834, 0.003603041172027588, 0.2906982421875, -0.0111328125, -0.016150571405887604, -0.06484361737966537, 0.011723548173904419, -0.005137920379638672, -0.025313585996627808, 0.0036020129919052124, 0.2906982421875, -0.0100341796875]",0.006755538
"[10.894822120666504, 10.914822120666503, 10.934822120666503, 10.954822120666504, 10.974822120666504, 10.994822120666504, 11.014822120666503, 11.034822120666504, 11.054822120666504, 11.074822120666504, 11.094822120666503]","[0.010697323884031374, -0.041748726622796814, 0.007194827401298143, 0.009003395909714235, -0.0029649803062016945, 0.009106684378436527, 0.02498060264350635, 0.01138891294799503, -0.050415518785371566, 0.005100933266119253, 0.004166516792378543, -0.004364623326924927, 0.009610377829344473, 0.0262537079574678, 0.011975847859101395, -0.058561488271751325, 0.0030140974187351363, -0.0005574339956939273, -0.005658949209895084, 0.010467948932842999, 0.027783208173859864, 0.012428371650027942, -0.06622944795191557, 0.000992453293513913, -0.005121975866895164, -0.006871434092559387, 0.011796650648403323, 0.029526996337919546, 0.012536992120994607, -0.07349189655379218, -0.001061207009033325, -0.00941569101554667, -0.008022051094283306, 0.013506432621962855, 0.031497929738518615, 0.012243918393202893, -0.0803909533640092, -0.0031755737759598607, -0.013359745200423951, -0.009117707541297693, 0.015495130181565822, 0.033705089596835894, 0.011645636067212958, -0.08694132756779474, -0.005281474519689955, -0.016926386215320662, -0.010159720926450354, 0.017721446115061837, 0.03612803158418951, 0.010827834479358344, -0.09315740561555262, -0.0073164415055203, -0.020094306477509025, -0.011149650583244849, 0.02014251781619665, 0.038738639717921616, 0.009865226067231794, -0.09905331249893924, -0.00922582856702983, -0.022848877006600928, -0.012089271687212183, 0.022713265249969472, 0.04150294756124712, 0.008820985094037202, -0.10464305181854089, -0.010963888169047796, -0.02518222957310465, -0.012980579639884124, 0.025388165410271633, 0.044382021253999315, 0.00774614045171894, -0.1099406656464098, -0.012494498221875733, -0.027093239494740254, -0.013825853695065515, 0.028123841383610588, 0.047332582482378475]","[0.7999998964475288, -0.04065469322524642, 0.7999999327191123, -0.071068200167148, 0.7999999328629662, -0.09633670875390063, 0.7999999388228354, -0.11669945689937287, 0.7999999448190831, -0.1325414699914773, 0.79999995730512, -0.14434414959648784, 0.7999999433953634, -0.15265257172963553, 0.7999999558550493, -0.15766582755450248, 0.7999999676142137, -0.1600903964250096, 0.7999999894499326, -0.16084670998632072]","[-0.015460694512157258, -0.06527158559451074, 0.013545176445289187, -0.015806685909848683, -0.06519018958480993, 0.013009494856337511, -0.016005451406942095, -0.0650506316997812, 0.012616153599474877, -0.01590736605925569, -0.06503999346092204, 0.012352624790983313, -0.015659301670693293, -0.06524399125830449, 0.012217813538081046, -0.015395408728173132, -0.06572983086521944, 0.012210389755233919, -0.015128472635582257, -0.06657686289818843, 0.012322772675590787, -0.014865668554995048, -0.06784760593846029, 0.012549892443140642, -0.014611083608391362, -0.06958653172959472, 0.01288999928440715, -0.014365975897728256, -0.07181982537051645, 0.01334466492806019, -0.014127900681940808, -0.07455592341772288, 0.013918043251729628]","[-0.01493746042251587, -0.06531822681427002, 0.011821746826171875, -0.005048096179962158, -0.02540111541748047, 0.0036070048809051514, 0.2906982421875, -0.0232177734375, -0.015193641185760498, -0.06521030142903328, 0.011805236339569092, -0.005032852292060852, -0.025405563414096832, 0.0036087632179260254, 0.2906982421875, -0.0210205078125, -0.015305571258068085, -0.065212182700634, 0.011813849210739136, -0.00500921905040741, -0.025413818657398224, 0.0036113858222961426, 0.2906982421875, -0.0188232421875, -0.015490196645259857, -0.06512255221605301, 0.011799514293670654, -0.004994697868824005, -0.025395922362804413, 0.0036038756370544434, 0.2906982421875, -0.0166259765625, -0.015672363340854645, -0.06503679230809212, 0.011791616678237915, -0.005017012357711792, -0.025366373360157013, 0.0036019235849380493, 0.2906982421875, -0.0144287109375]",0.013085639999999999
"[10.95471739768982, 10.974717397689819, 10.994717397689818, 11.01471739768982, 11.03471739768982, 11.054717397689819, 11.074717397689819, 11.09471739768982, 11.11471739768982, 11.134717397689819, 11.154717397689819]","[0.008908050113255008, -0.04204849259260231, 0.005563458260472891, 0.00945344120715934, -0.0031749970867564863, 0.009624213561832136, 0.02460594078044598, 0.009604843361080351, -0.050715207989423514, 0.0034981620756893337, 0.004584245090689928, -0.004566457577907617, 0.010560495333918417, 0.02571489666168031, 0.010122358931407489, -0.058874883532234315, 0.001486929161367084, -0.00018977235717680874, -0.005871378876457186, 0.01197059529599555, 0.027039506867873146, 0.010254781585981244, -0.06660139212738543, -0.0005720047261205543, -0.0047498950152009755, -0.007109379998393691, 0.013741079604472859, 0.02861314660266747, 0.009948710891148994, -0.07393805775252058, -0.0027160651103076967, -0.00900728850930102, -0.008285284501801698, 0.015746140746797702, 0.030464470462416026, 0.009355994855808219, -0.08089211261287545, -0.004842763511705955, -0.012941543583653058, -0.009398992139578228, 0.017966323551536906, 0.03257641461460663, 0.008564054385722487, -0.08747963208079601, -0.006889331089500917, -0.01652353359232857, -0.01045270155902648, 0.02036300959561054, 0.034928276195127575, 0.007644672594145249, -0.09371723056931547, -0.008802888107260725, -0.019729155742406235, -0.011449149567946109, 0.02289781711241934, 0.03749089670090901, 0.0066552654516827915, -0.09962187921474003, -0.01054060001388098, -0.022539955599047496, -0.0123914891161714, 0.025532422419457808, 0.04022824190267478, 0.005640051022705086, -0.10521074883241754, -0.012069698130605634, -0.024943595951612486, -0.01328317742560243, 0.0282292555004382, 0.043098697210299665, 0.004631309178056212, -0.110501044679887, -0.013367232950219252, -0.026934186679957246, -0.014127878570955267, 0.030952324513355802, 0.046056373214604464]","[0.7999998643912019, -0.0838605529967508, 0.7999999116180959, -0.10766528348139937, 0.7999999091651293, -0.12619694939070966, 0.7999999185616311, -0.1401478327815931, 0.7999999229613397, -0.15023118772600513, 0.7999999421576734, -0.15715948096519072, 0.7999999206412894, -0.16162180909492851, 0.7999999395800954, -0.16410410690604282, 0.7999999538553579, -0.16521526057831415, 0.7999999839462795, -0.1655375483094756]","[-0.016319199701399834, -0.06472050488359748, 0.013458264096894101, -0.016249109385801486, -0.06475026131838346, 0.012930217966961699, -0.015810726001203812, -0.0648001008661292, 0.012532169791694248, -0.015190309711166972, -0.06495679849812408, 0.01226824642308344, -0.014569031422236534, -0.06528837416085898, 0.012139778631276243, -0.013934175817103878, -0.06589828204877168, 0.01213545907160718, -0.013300924400953984, -0.0668659713572124, 0.012247524779499752, -0.012679476240690102, -0.06825417535941636, 0.01247111067070339, -0.012076418876094341, -0.07010770092856555, 0.012804986098304827, -0.011495231248702331, -0.07245292173289108, 0.013251479256700893, -0.01093649279652964, -0.07529791015048382, 0.013815678064138304]","[-0.01493746042251587, -0.06531822681427002, 0.011821746826171875, -0.005048096179962158, -0.02540111541748047, 0.0036070048809051514, 0.2906982421875, -0.0232177734375, -0.015193641185760498, -0.06521030142903328, 0.011805236339569092, -0.005032852292060852, -0.025405563414096832, 0.0036087632179260254, 0.2906982421875, -0.0210205078125, -0.015305571258068085, -0.065212182700634, 0.011813849210739136, -0.00500921905040741, -0.025413818657398224, 0.0036113858222961426, 0.2906982421875, -0.0188232421875, -0.015490196645259857, -0.06512255221605301, 0.011799514293670654, -0.004994697868824005, -0.025395922362804413, 0.0036038756370544434, 0.2906982421875, -0.0166259765625, -0.015672363340854645, -0.06503679230809212, 0.011791616678237915, -0.005017012357711792, -0.025366373360157013, 0.0036019235849380493, 0.2906982421875, -0.0144287109375]",0.016821518
"[11.014724493026733, 11.034724493026733, 11.054724493026733, 11.074724493026734, 11.094724493026733, 11.114724493026733, 11.134724493026733, 11.154724493026734, 11.174724493026734, 11.194724493026733, 11.214724493026733]","[0.0069352871451645, -0.04237896485983965, 0.004039537931517074, 0.009819686724161078, -0.0034018846376677077, 0.011215227906933757, 0.023997397780175764, 0.00776666279318763, -0.051026541336879845, 0.002205929904083865, 0.004880346102897817, -0.004786432480100142, 0.012387414607149188, 0.025027131442530118, 0.008249478345212292, -0.059197221747975835, 0.00032509763775230924, 8.290496239631557e-05, -0.006091008337147064, 0.013881879021676908, 0.026320173408262884, 0.008325337262689757, -0.06693724469214525, -0.0016350904988256575, -0.004483861144275318, -0.00732308941171635, 0.015622666396230004, 0.02790102708663535, 0.008142160300726125, -0.07425667987483689, -0.003557707848903406, -0.008800479902141601, -0.008488492035956318, 0.017636146768740264, 0.029748613330210897, 0.007671358573311433, -0.08119350950094797, -0.005460048052335215, -0.012795695965629527, -0.009593003679434116, 0.019827949236624648, 0.03187018581186033, 0.00700557424968065, -0.08776286505881219, -0.0072811451619179575, -0.016440133787362754, -0.010638335814283344, 0.02216072571352975, 0.03424500446418553, 0.006218296014631017, -0.09398102285731637, -0.008971457488026099, -0.01970878191069543, -0.011626969898221233, 0.024598676760077928, 0.03684330819952303, 0.005366146126714204, -0.09986505209946547, -0.010492457157829413, -0.02258182931628232, -0.012561963876809011, 0.027107141143642904, 0.03962796515803284, 0.004491035455154002, -0.10543248662553294, -0.011816099494331394, -0.02504532886413503, -0.013446769096659077, 0.029652827680098023, 0.0425559525289403, 0.003622333536171648, -0.11070100798074331, -0.012924088806110115, -0.027091719938183337, -0.014285068979384115, 0.03220411372921343, 0.045579858515323354]","[0.7999998482250827, -0.08395548239256573, 0.7999999068478136, -0.10730310579086735, 0.7999998996787003, -0.12488930625074687, 0.7999999138707401, -0.13767498106684797, 0.7999999195247693, -0.14657990926606296, 0.7999999381527173, -0.1524560947587048, 0.7999999184281903, -0.1560766589537019, 0.7999999357129447, -0.15800572146556152, 0.7999999533461836, -0.15883380373500605, 0.7999999846529295, -0.15906459860675565]","[-0.016046431324237775, -0.06461355864419449, 0.013391615555801817, -0.015510200200007596, -0.0648219215178023, 0.012865116818015832, -0.014785317827871625, -0.06499896683107664, 0.012473588791773516, -0.01400996654814135, -0.0652407811897664, 0.012220556459181076, -0.013118576693277428, -0.06568522799046361, 0.012092691936893107, -0.012237914987344833, -0.06639904036161415, 0.012087478902417903, -0.011388514784385517, -0.06746000232473603, 0.012197660496417129, -0.01058497940095604, -0.06892938793205783, 0.012418922955260925, -0.009837284317544048, -0.07085077468956413, 0.012750539765194802, -0.009151435653535489, -0.07324953358607278, 0.013195238183630664, -0.00852992752816184, -0.07613291274230027, 0.013758361854741885]","[-0.012056916952133179, -0.06626242026686668, 0.011984974145889282, -0.004627041518688202, -0.025551028549671173, 0.0035945773124694824, 0.2906982421875, -0.044091796875, -0.01198577880859375, -0.06628936901688576, 0.011965900659561157, -0.004528328776359558, -0.02559315413236618, 0.003597468137741089, 0.2906982421875, -0.04189453125, -0.011931851506233215, -0.0663154199719429, 0.011954128742218018, -0.004494629800319672, -0.02559695392847061, 0.003597944974899292, 0.2906982421875, -0.039697265625, -0.01190224289894104, -0.06633420288562775, 0.011957049369812012, -0.004501514136791229, -0.02558773010969162, 0.0035926103591918945, 0.2906982421875, -0.0375, -0.011922106146812439, -0.06633653119206429, 0.011953413486480713, -0.004462026059627533, -0.02561667561531067, 0.0036008507013320923, 0.2906982421875, -0.0375]",0.013749746
"[11.074807405471802, 11.094807405471801, 11.114807405471801, 11.134807405471802, 11.154807405471802, 11.174807405471801, 11.194807405471801, 11.214807405471802, 11.234807405471802, 11.254807405471801, 11.274807405471801]","[0.005166100559255208, -0.042683463549366404, 0.003181588374941841, 0.010119374452394228, -0.0034285031188005487, 0.012493199476239034, 0.023559454888662075, 0.005888142601923694, -0.05135512608544032, 0.0013635019787064076, 0.005193334800850365, -0.0048349215639121885, 0.013811680177842968, 0.024514256915225813, 0.006202939317482295, -0.05955869753639315, -0.0005463388021294793, 0.0004281996642031913, -0.0061577581458470846, 0.015375463367522622, 0.02575606009242907, 0.006252518979859909, -0.06730732845579693, -0.002428468350658478, -0.0041542281920358415, -0.007404968984379865, 0.017236979114209763, 0.02726801549371275, 0.006004057101245429, -0.07464185044859357, -0.0042935637578841845, -0.00847959677105232, -0.008585833721522858, 0.01932109832511643, 0.029062801362920623, 0.005491200578927789, -0.08158954839073307, -0.006122260074711584, -0.012492758485741606, -0.009703838809210164, 0.02155536806801038, 0.031141692478314293, 0.0048080328515631285, -0.08816524730488012, -0.007854838933251078, -0.01616416759555446, -0.010760667408740583, 0.02390351125438759, 0.03348446240928474, 0.004026558431067942, -0.09438543181317663, -0.009444514955590056, -0.0194679192639205, -0.011758965123222428, 0.02633181598265173, 0.03606140338514082, 0.003199775834002854, -0.10026776208578671, -0.010856575819564982, -0.022382763278334238, -0.012702089369038102, 0.028808695114520316, 0.03883495449839139, 0.002364727878802419, -0.10583059275260108, -0.0120673490069534, -0.024892959790997152, -0.013593864583741348, 0.03130445089343596, 0.041761349959248545, 0.0015455393735555128, -0.11109250561596888, -0.013063022300192758, -0.02698897348692941, -0.0144383507870285, 0.03379093155011294, 0.0447923612692796]","[0.7999998669895823, -0.09841192959908138, 0.7999999176544298, -0.12040000727679157, 0.7999999112635181, -0.13629230848024848, 0.7999999235930695, -0.14729223318974893, 0.7999999286645003, -0.15449934981149474, 0.799999945021242, -0.15889296811633852, 0.7999999279527479, -0.1613269358131057, 0.7999999430883349, -0.16247383216631583, 0.7999999587731604, -0.16289845189983063, 0.7999999866566194, -0.1629974496861451]","[-0.015238019968648153, -0.06495763142749578, 0.01346124986033903, -0.014490085708544709, -0.06525136644531848, 0.012928755329133956, -0.01364867075227616, -0.06548058486206632, 0.012536485446785761, -0.012628660711995643, -0.06580422374357653, 0.012274501919566472, -0.011538648127030426, -0.06631179796888276, 0.012139856396721882, -0.010468472018048902, -0.06707972356348835, 0.012127450171577792, -0.009441182188196118, -0.06818558795962204, 0.012230069830439838, -0.008473630908579333, -0.06969067873569923, 0.012443417144618607, -0.007577544453105101, -0.0716387947712791, 0.01276674274627787, -0.006760323388300793, -0.07405565959266491, 0.013202721050171284, -0.006025875000104763, -0.07694888330683458, 0.013756635365838932]","[-0.012306615710258484, -0.06612720713019371, 0.012013018131256104, -0.00488581508398056, -0.02542462944984436, 0.003573805093765259, 0.2906982421875, -0.0495849609375, -0.012284912168979645, -0.06614965572953224, 0.012006908655166626, -0.004885196685791016, -0.025425799190998077, 0.003574386239051819, 0.2906982421875, -0.048486328125, -0.01224498450756073, -0.06617826223373413, 0.012003570795059204, -0.004817768931388855, -0.025453902781009674, 0.003572419285774231, 0.2906982421875, -0.0473876953125, -0.01215682178735733, -0.06621505320072174, 0.011996805667877197, -0.004731126129627228, -0.025512851774692535, 0.003584548830986023, 0.2906982421875, -0.0462890625, -0.012056916952133179, -0.06626242026686668, 0.011984974145889282, -0.004627041518688202, -0.025551028549671173, 0.0035945773124694824, 0.2906982421875, -0.044091796875]",0.005916798
"[11.106024026870728, 11.126024026870727, 11.146024026870727, 11.166024026870728, 11.186024026870728, 11.206024026870727, 11.226024026870727, 11.246024026870728, 11.266024026870728, 11.286024026870727, 11.306024026870727]","[0.004363747931906468, -0.04282427188529081, 0.002983782192905386, 0.010213219330930865, -0.0034497419158315197, 0.013008653632907943, 0.023326958654544594, 0.004931920657621714, -0.05152349388332632, 0.0010655416537039373, 0.005329984793048918, -0.00486581891822788, 0.014263236047784187, 0.024292805710072165, 0.005256689418377052, -0.059726508459052315, -0.0008375865223350794, 0.0005602238946724748, -0.006192759096012836, 0.015842293967275795, 0.025518887919146548, 0.00528741046347308, -0.06747940761503911, -0.002728403898544834, -0.0040223450204986185, -0.007444269533679259, 0.01773066293225918, 0.027010061489926126, 0.005043298801316836, -0.07481425718101894, -0.004570777865609643, -0.008363370266537235, -0.008631490807728022, 0.019898988893242688, 0.02876429163982763, 0.00447640017486964, -0.08177232648752941, -0.006401257284908052, -0.01238287696183407, -0.009759765998839917, 0.02222561211122353, 0.03079903191815556, 0.003702106949639092, -0.08836483075124316, -0.008149898642609987, -0.016055094283095234, -0.010829278471282396, 0.024669522226706608, 0.033096023332501126, 0.0028081688135960497, -0.0946055766828204, -0.009762250834466689, -0.01935700097074677, -0.01184159402164792, 0.02719371909381472, 0.03562698745089482, 0.0018587038726358375, -0.10051032384862903, -0.011198138322716836, -0.02226943293577741, -0.012799332577775076, 0.02976440030443143, 0.03835538993233943, 0.0008981759160021917, -0.10609615332448954, -0.012430259896243934, -0.02477805726116962, -0.013705848770682635, 0.03235039781875742, 0.04123819770295184, -4.4675861017855174e-05, -0.11138084984226035, -0.013442627871354024, -0.02687419045223331, -0.014564928420151375, 0.03492257761746195, 0.044227715739382084]","[0.7999998440679715, -0.09966609486886929, 0.7999998983738636, -0.1264620153646574, 0.7999998975002958, -0.14572582953230523, 0.7999999073748967, -0.15898195687184163, 0.7999999158379718, -0.167619332361146, 0.7999999335647408, -0.17286377892528126, 0.7999999146559376, -0.17576975692318428, 0.7999999311053239, -0.17714902031813723, 0.7999999505508142, -0.17766902544725435, 0.7999999824290769, -0.1777944914422322]","[-0.014604714827765486, -0.06519784577064947, 0.013476595088587118, -0.013968141126251554, -0.06545427584523944, 0.012947456578120686, -0.013103162233018883, -0.06568027233968543, 0.01255089902526585, -0.012054606457063799, -0.0660005640610195, 0.01228582369566622, -0.01085148278916337, -0.06652870389008081, 0.012144915133739609, -0.009662230685277606, -0.0673193333639337, 0.01212731667151612, -0.008511290641363911, -0.06844930107174285, 0.012225534432576346, -0.007416229358411575, -0.06997951496910737, 0.012435058900187812, -0.006389165898886384, -0.07195364361557521, 0.012754973781061718, -0.005437836699753618, -0.0743973930131685, 0.013187818197158752, -0.004566598443236369, -0.07731837399926045, 0.013738768813176705]","[-0.01218356192111969, -0.06607687100768089, 0.01207512617111206, -0.005099661648273468, -0.02530842274427414, 0.0035619884729385376, 0.2906982421875, -0.0605712890625, -0.012259870767593384, -0.06606683880090714, 0.012061893939971924, -0.005036696791648865, -0.025349244475364685, 0.003560766577720642, 0.2906982421875, -0.05947265625, -0.012258924543857574, -0.06609360128641129, 0.012033402919769287, -0.004961378872394562, -0.025394313037395477, 0.003571435809135437, 0.2906982421875, -0.057275390625, -0.012261994183063507, -0.06611170619726181, 0.012023448944091797, -0.004875309765338898, -0.02543780952692032, 0.0035725831985473633, 0.2906982421875, -0.055078125, -0.012264609336853027, -0.06612376123666763, 0.012009292840957642, -0.004790939390659332, -0.025484099984169006, 0.0035844147205352783, 0.2906982421875, -0.052880859375]",0.010856489
"[11.106024026870728, 11.126024026870727, 11.146024026870727, 11.166024026870728, 11.186024026870728, 11.206024026870727, 11.226024026870727, 11.246024026870728, 11.266024026870728, 11.286024026870727, 11.306024026870727]","[0.004363747112683407, -0.042824269901939854, 0.0029837836976229605, 0.010213212790736928, -0.0034497390574718687, 0.01300867536480838, 0.023327001401013472, 0.004868170289147494, -0.05153455779591121, 0.00103130738462148, 0.005342303158562557, -0.004871434704221439, 0.01430564426650312, 0.024274685023081607, 0.00511663055608041, -0.05975084976955039, -0.0009170566029389124, 0.0005900255027089837, -0.0062028227050139086, 0.01591110617927824, 0.0254877865334636, 0.0051195836530425875, -0.06750881334444113, -0.0028166561218353, -0.003990205742019934, -0.0074581743828661395, 0.01784573852773995, 0.0269596493769877, 0.004821825802423321, -0.07485316165420924, -0.004687113476031141, -0.008319901658491979, -0.008648979788161088, 0.02003050254620062, 0.02870450419841955, 0.004225277550821296, -0.08181661764162435, -0.006532519890401954, -0.01233326740026218, -0.009779065364598116, 0.022366463601458008, 0.030732658472733387, 0.003440486110126454, -0.08841119843731898, -0.008285212368705441, -0.01600377194810658, -0.01084900302940725, 0.024813758302966483, 0.03302555529317993, 0.0025507856917259724, -0.09465144986527965, -0.009892936835908602, -0.01930761942763627, -0.01186070918302333, 0.027336475694043214, 0.035554623333435495, 0.0016162906450459653, -0.10055380706027314, -0.01131760204041112, -0.022224874849966412, -0.012817118742063531, 0.029901939332526575, 0.03828299808657058, 0.0006779155530591557, -0.10613595541080274, -0.012533825645671633, -0.024740462980544723, -0.013721864570333772, 0.03248006920501863, 0.04116730760478904, -0.00023862977079592011, -0.1114161993994822, -0.013527330273997242, -0.02684500373680682, -0.01457896644627043, 0.03504262455271184, 0.04415957082533805]","[0.8000001825343797, -0.10517339181767071, 0.800000111624245, -0.13036321118998517, 0.8000001214268262, -0.14825616009128587, 0.8000001033950062, -0.16037320998095506, 0.8000000955695432, -0.1680915172453179, 0.8000000751459977, -0.17262202509741562, 0.8000000954086238, -0.17500289800589203, 0.8000000770916225, -0.17605199901130447, 0.8000000543706007, -0.176406083162796, 0.8000000183826355, -0.17647819257789477]","[-0.014604712677482423, -0.06519787239134178, 0.013476606467452523, -0.013945828138288041, -0.06546155767507766, 0.01294707311452381, -0.013081419518585213, -0.06568787461353764, 0.012551790014780462, -0.011989328771507712, -0.06602087343362806, 0.012285356853439122, -0.010781755266603077, -0.06655009247540722, 0.012145106238537373, -0.009588092951254956, -0.06734082375352424, 0.012127890351546267, -0.008432428567984096, -0.06847024931107759, 0.012226236139320612, -0.007332181056500575, -0.06999956003478225, 0.0124356420257703, -0.006299372673325365, -0.07197266673527469, 0.012755198383364252, -0.005341692556843247, -0.07441546676291955, 0.013187457539712621, -0.0044636046488393255, -0.077335686109552, 0.013737622248378933]","[-0.010938212275505066, -0.06615901738405228, 0.012023448944091797, -0.004943162202835083, -0.02532397210597992, 0.0035785287618637085, 0.2906982421875, -0.070458984375, -0.011224694550037384, -0.06626957282423973, 0.012130945920944214, -0.005003809928894043, -0.02531503140926361, 0.0035788267850875854, 0.2906982421875, -0.0693603515625, -0.01149751991033554, -0.06621166691184044, 0.01213410496711731, -0.005034521222114563, -0.025316663086414337, 0.0035765469074249268, 0.2906982421875, -0.0671630859375, -0.01172800362110138, -0.06616319343447685, 0.012126117944717407, -0.005059771239757538, -0.025320686399936676, 0.0035763978958129883, 0.2906982421875, -0.066064453125, -0.01191113144159317, -0.06612208858132362, 0.012114644050598145, -0.00509238988161087, -0.02530716359615326, 0.0035733282566070557, 0.2906982421875, -0.0649658203125]",0.009911146999999999
"[11.254604816436768, 11.274604816436767, 11.294604816436767, 11.314604816436768, 11.334604816436768, 11.354604816436767, 11.374604816436767, 11.394604816436768, 11.414604816436768, 11.434604816436767, 11.454604816436767]","[0.00187826317069884, -0.04326039022164867, 0.0031467967166170403, 0.010177127600954261, -0.0034604862800767483, 0.014149207339588946, 0.022750689351650043, 0.0022762098757348483, -0.05199302530255936, 0.0011369462316518832, 0.00531885368901704, -0.0049173973794776555, 0.015574197371585071, 0.023640831504927365, 0.0023420249025159863, -0.06024506170601469, -0.0008801158821084455, 0.0005798282568692317, -0.0062940754530863875, 0.01743529303563584, 0.02474766277926363, 0.0019959922457360463, -0.06806766630881311, -0.0029280621764332755, -0.003954550268368676, -0.007605316215783831, 0.01965882791838895, 0.026095484872486016, 0.001220590164018284, -0.07549910204194979, -0.005018951663821906, -0.008207537911010348, -0.008856620374609766, 0.022123964419389817, 0.02771299198273947, 0.00012091885675730212, -0.08255443967207186, -0.0070930786632375465, -0.012140302934309658, -0.010047294484155703, 0.02475305950411935, 0.02960444251480654, -0.0011713684228060468, -0.08924203464581124, -0.009069812952148005, -0.01573176630157957, -0.011176576869379742, 0.027499877481729575, 0.03175407604498067, -0.002557990953767006, -0.09557381035542493, -0.010887114701915997, -0.018962411463091633, -0.012245526338463679, 0.03032372194806445, 0.03413565394290838, -0.00396927872921035, -0.10156449903714648, -0.012500003229161805, -0.0218154723529163, -0.013256634643511112, 0.033188702199381324, 0.036714150960613035, -0.005359248381350153, -0.10723085404756494, -0.013878746357626499, -0.024278016723865887, -0.014213430162641686, 0.036062672145209876, 0.0394476747669025, -0.006700553712640925, -0.11259084252758259, -0.01500684129868622, -0.026341895177519947, -0.015120071374395666, 0.03891582637434203, 0.04228958426147873]","[0.7999998655073681, -0.1485429789602643, 0.7999999177354116, -0.17851424439887031, 0.7999999107764847, -0.19957769816031512, 0.7999999237251412, -0.21360190882882682, 0.7999999282383202, -0.22228915109448444, 0.7999999451083517, -0.22715091556822753, 0.7999999272382115, -0.22949426606402884, 0.7999999427729754, -0.23039549915276952, 0.799999958269355, -0.23063235937297893, 0.7999999862975367, -0.2306584000358937]","[-0.011685220126889662, -0.06617175465272851, 0.013504310467256975, -0.010935247362432121, -0.06644762440185037, 0.012960822032870745, -0.009839530687485665, -0.0667288546165441, 0.012549910754293236, -0.00850662162926441, -0.06712098208393158, 0.012271793114560836, -0.007094920355812384, -0.06769672986974751, 0.012124331255741971, -0.005679508217206641, -0.06853465145791215, 0.012100617688828308, -0.004282389828823452, -0.06971182762457584, 0.012193152419075926, -0.002918938275603189, -0.07128992957570723, 0.012397344496441143, -0.001599152986968111, -0.07331375040840671, 0.012712131919591751, -0.0003290306052230463, -0.07581020933934735, 0.013139874081253833, 0.0008878150769764392, -0.07878791435606303, 0.013685566989725562]","[-0.009250469505786896, -0.06661984324455261, 0.012128233909606934, -0.004654049873352051, -0.025422953069210052, 0.0035914480686187744, 0.2906982421875, -0.0803466796875, -0.009531684219837189, -0.06652867048978806, 0.012123197317123413, -0.004747427999973297, -0.02537877857685089, 0.0035839229822158813, 0.2906982421875, -0.079248046875, -0.00983748584985733, -0.06643175333738327, 0.01210126280784607, -0.004819199442863464, -0.025352664291858673, 0.0035808831453323364, 0.2906982421875, -0.07705078125, -0.010121963918209076, -0.06635378673672676, 0.012080878019332886, -0.004860803484916687, -0.025345489382743835, 0.0035807043313980103, 0.2906982421875, -0.0759521484375, -0.010403066873550415, -0.0662880502641201, 0.012055039405822754, -0.0048788562417030334, -0.025337763130664825, 0.0035776644945144653, 0.2906982421875, -0.074853515625]",0.0066723089999999995
"[11.314225435256958, 11.334225435256958, 11.354225435256957, 11.374225435256959, 11.394225435256958, 11.414225435256958, 11.434225435256957, 11.454225435256959, 11.474225435256958, 11.494225435256958, 11.514225435256957]","[0.0004182047749896586, -0.04351025339752145, 0.0021156993675614604, 0.010521975241318978, -0.0035233918760488505, 0.014679667354485398, 0.022518707985121546, 0.0008828082592988665, -0.0522329735161111, 0.00013092583518511814, 0.005659457863562921, -0.004977011646263832, 0.016146137023882415, 0.023385904429992214, 0.0009794637368311118, -0.06048099326553487, -0.0018817997018966033, 0.0009245387685322421, -0.006349689818571466, 0.01802593459979224, 0.024473420366029536, 0.0006579469541432219, -0.0683005438902071, -0.003921213197224505, -0.0036104853074216178, -0.007654505775194576, 0.020302395313737433, 0.025787500903186565, -2.4566955384591895e-06, -0.07571365296787691, -0.0058983814079209855, -0.00791262597257384, -0.008904243023647344, 0.02297036451468719, 0.0273192908230635, -0.0011331784581319793, -0.08277589647999078, -0.007914577894349087, -0.011872219703635166, -0.010104046243769055, 0.025817537656962798, 0.02911704598641789, -0.0025510635057078364, -0.08948689868931634, -0.009865495065438556, -0.015477130669867103, -0.011249500999725964, 0.02878609969426595, 0.031169713472012472, -0.004119952519270606, -0.09585213139434436, -0.01167175915451495, -0.018714569862954743, -0.012339023729961603, 0.03182718498076747, 0.033454507511907, -0.005743429956544717, -0.10188174623034879, -0.01327640690833984, -0.021572568267851804, -0.01337327353591912, 0.03489929602036736, 0.035938904867243104, -0.0073575335149912175, -0.10758939594927423, -0.014642069805910183, -0.024041379919066342, -0.014354569521374962, 0.037966591489648246, 0.038582792049224504, -0.008923552887794839, -0.1129910660406955, -0.01574798729161923, -0.026114750355135743, -0.015286318341690055, 0.040996950425069734, 0.04134077758979002]","[0.7999998284448178, -0.14059564856431817, 0.7999998907455323, -0.18198738315952856, 0.7999998874089684, -0.2110215938871311, 0.7999999004263576, -0.23037726499680133, 0.7999999084131038, -0.24245682095289744, 0.7999999296351155, -0.24934443661552755, 0.79999990669526, -0.25280623333814767, 0.7999999269566473, -0.2542489169235705, 0.7999999465887566, -0.2547013608431148, 0.7999999824776032, -0.2547854971225418]","[-0.011921214931571056, -0.06605607761624954, 0.013527630628008325, -0.011139631326550381, -0.06634052798642287, 0.012984542997664938, -0.010038918308458933, -0.0666189593364348, 0.012574335509339729, -0.008658642125282556, -0.06701700688429124, 0.012296678239792858, -0.006961584841912449, -0.0676677077712382, 0.012140914356727706, -0.005241632189362244, -0.06858777863548937, 0.012110928856859271, -0.003525790377748028, -0.06985185214742451, 0.012198583675993468, -0.0018329861234566147, -0.07151986776018582, 0.012399017655603473, -0.0001760812643616383, -0.0736354057135804, 0.012711087804736731, 0.0014363206420457963, -0.07622446049567122, 0.013137151671772429, 0.002997995904823858, -0.07929482810572974, 0.01368221233858291]","[-0.008776895701885223, -0.06679381802678108, 0.012184739112854004, -0.004605352878570557, -0.025460414588451385, 0.0035921037197113037, 0.2906982421875, -0.083642578125, -0.009000547230243683, -0.0667065866291523, 0.012151211500167847, -0.004600971937179565, -0.02545824646949768, 0.003592848777770996, 0.2906982421875, -0.0825439453125, -0.009250469505786896, -0.06661984324455261, 0.012128233909606934, -0.004654049873352051, -0.025422953069210052, 0.0035914480686187744, 0.2906982421875, -0.0803466796875, -0.009531684219837189, -0.06652867048978806, 0.012123197317123413, -0.004747427999973297, -0.02537877857685089, 0.0035839229822158813, 0.2906982421875, -0.079248046875, -0.00983748584985733, -0.06643175333738327, 0.01210126280784607, -0.004819199442863464, -0.025352664291858673, 0.0035808831453323364, 0.2906982421875, -0.07705078125]",0.018170332999999997
"[11.374869585037231, 11.394869585037231, 11.41486958503723, 11.434869585037232, 11.454869585037232, 11.474869585037231, 11.49486958503723, 11.514869585037232, 11.534869585037232, 11.554869585037231, 11.57486958503723]","[-0.0009012493073855882, -0.043736044342004676, 0.0013065557055764098, 0.010770526021594142, -0.0035759275759147053, 0.015607416950702856, 0.022101780565010255, -0.0005961124299244675, -0.05248843649326748, -0.0006990616596752703, 0.005915132613322362, -0.005047806735496983, 0.01731116173907639, 0.022866056734808425, -0.0007075761138648291, -0.06077483652410016, -0.002741685375143346, 0.0011913340208615363, -0.006440775190795327, 0.01942940426087846, 0.023849658497354535, -0.0011661404423231555, -0.06862107234517818, -0.0047280134638379955, -0.003366340008142795, -0.007770458170805449, 0.021988829753567488, 0.02504570002375369, -0.0021096103030968745, -0.07608598484226689, -0.006749914771950461, -0.00764600679789472, -0.0090464724146965, 0.02479660098479982, 0.026507484656041733, -0.0034344309364193245, -0.08318487955094986, -0.008759950869814683, -0.011602784812405061, -0.010266188184696993, 0.027738560602838826, 0.02825271256623252, -0.004968986799625648, -0.0899192266046233, -0.010660812670657204, -0.015222495675762466, -0.011426164993193046, 0.030760815739861367, 0.03026957720242654, -0.006590268771340818, -0.09629665004121836, -0.012381365281053968, -0.018489630802793137, -0.012525870108437843, 0.033819085090526155, 0.0325341951432172, -0.008215865602911444, -0.10232963264100624, -0.013873580906064706, -0.021389066596576453, -0.013567043525813335, 0.03687746153025002, 0.035012428035124235, -0.009795745816055891, -0.10803417170665824, -0.01510910864950816, -0.023907700107150973, -0.014553056337575688, 0.039906133108809784, 0.0376622557709481, -0.011304131904525021, -0.11342837599710098, -0.016075771933915205, -0.026035888329880436, -0.015488241491600774, 0.0428783732134113, 0.04043634977570501]","[0.7999997757498496, -0.17161182331474595, 0.79999986157966, -0.2075730479914334, 0.7999998513914548, -0.23148653736257704, 0.7999998722599839, -0.2462473578959709, 0.7999998807239709, -0.2543845947801112, 0.7999999087547784, -0.2580532144174574, 0.7999998764876917, -0.25904507528713017, 0.7999999138232758, -0.25889613393200095, 0.7999999006305294, -0.25853797419015323, 0.7999668818438649, -0.2583588853619441]","[-0.01153428677674373, -0.066103248212523, 0.013530311066267231, -0.010478353793997863, -0.06647010131617659, 0.012981853278452249, -0.009084360022408644, -0.06683658303437578, 0.012567720681825989, -0.007285133786897213, -0.06735979422240357, 0.012280506655939938, -0.005350433450684866, -0.06808081399282262, 0.01212421906936445, -0.0034049425658131405, -0.06906363755300582, 0.012093328798357561, -0.0014766392311973409, -0.07038380276135525, 0.012179921889818868, 0.0004141501919293633, -0.07210199581679166, 0.012379307709624587, 0.0022535253797182353, -0.07426238440967836, 0.012690445630531233, 0.004032135823112126, -0.07689134777528928, 0.013115727829426937, 0.005742674444409568, -0.07999663442648908, 0.013660101956361359]","[-0.007661126554012299, -0.06718908250331879, 0.01264423131942749, -0.0047745779156684875, -0.025467507541179657, 0.00358620285987854, 0.2906982421875, -0.1067138671875, -0.007816918194293976, -0.06717904657125473, 0.012646347284317017, -0.004830256104469299, -0.025459371507167816, 0.003586679697036743, 0.291796875, -0.1045166015625, -0.007925137877464294, -0.06717636436223984, 0.012629181146621704, -0.004793159663677216, -0.025501899421215057, 0.00359208881855011, 0.291796875, -0.1023193359375, -0.007964156568050385, -0.0672786794602871, 0.01246720552444458, -0.004693388938903809, -0.025547951459884644, 0.0036012381315231323, 0.291796875, -0.1001220703125, -0.008585229516029358, -0.06686197221279144, 0.012219935655593872, -0.004622988402843475, -0.025462813675403595, 0.0035952478647232056, 0.2906982421875, -0.0979248046875]",0.009446145999999999
"[11.434968948364258, 11.454968948364257, 11.474968948364257, 11.494968948364258, 11.514968948364258, 11.534968948364257, 11.554968948364257, 11.574968948364258, 11.594968948364258, 11.614968948364258, 11.634968948364257]","[-0.0023612005715610953, -0.043984913827593924, 0.0007346772111488342, 0.01089160142758351, -0.003556018827894732, 0.01684534614158678, 0.021451551860697686, -0.0021594290054760363, -0.05275666169166544, -0.0012530367878956015, 0.006022166994460426, -0.005045611419009742, 0.018595995281120582, 0.022200135800744876, -0.0022637148518832983, -0.06104368953599829, -0.0031919924811414494, 0.0012500922494289343, -0.006456122586458878, 0.020800112649182717, 0.02315812281292983, -0.0028297885319969115, -0.0689101350619293, -0.005163846931928514, -0.003314933342930532, -0.00780214177179153, 0.023339286613766094, 0.024365834949214675, -0.003767826486705981, -0.07637600723807088, -0.007098741553137538, -0.00763138592823386, -0.009090348579475143, 0.02615594224904401, 0.025832768548257952, -0.005086238824436036, -0.08347571598552328, -0.009022629163309476, -0.011622896562413523, -0.010321839811657692, 0.02908966061553798, 0.02759122687032546, -0.006610033347600675, -0.0902101437673412, -0.010838285398690119, -0.01527529976773276, -0.011492939066621466, 0.032087390413926595, 0.02962893761801021, -0.008214942096068649, -0.09658668623636388, -0.012475582587726807, -0.018572766750470374, -0.012603016514365191, 0.03510631504113487, 0.031921259920030434, -0.009819014194726788, -0.1026164633095839, -0.013887903441824744, -0.021499095162118897, -0.013653450784025155, 0.03811147865709601, 0.03443071116499961, -0.011373612488825454, -0.10831411907652684, -0.015048634360462287, -0.0240401053631718, -0.014647360172449867, 0.04107451899783708, 0.03711238454189869, -0.012854603077345976, -0.11369727529500526, -0.015947468677801172, -0.026185392534935095, -0.015589137226285205, 0.04397114452031571, 0.03991838746183869]","[0.7999997105305234, -0.17815690839050893, 0.7999998235922547, -0.21408009864814712, 0.7999998082528507, -0.23764186367461274, 0.7999998437087057, -0.2518944111287941, 0.7999998171597822, -0.259488341382933, 0.7999999845382708, -0.26266017755497595, 0.7999995274149384, -0.26324965877142814, 0.799376728644452, -0.2628408185216579, 0.7987232735542127, -0.2623541633308669, 0.7984305619857814, -0.26213562009512914]","[-0.01032051315936311, -0.06629844212372404, 0.013519251950667055, -0.009121117010543744, -0.06669921037647786, 0.012967725631581217, -0.007485983004453356, -0.06713065725623979, 0.012546080948369287, -0.005605331495326382, -0.06767363484713806, 0.01226012307840918, -0.0035229252527790855, -0.06843536820762264, 0.012102428040827284, -0.0014478284802896813, -0.06945637538599492, 0.01207070181969172, 0.0005902422613190961, -0.07081197850759668, 0.012156973692308615, 0.0025697337345207405, -0.07256254359243375, 0.012356550452639059, 0.004476538725826762, -0.07475007481218476, 0.012668031478920483, 0.006301447200500854, -0.07739901229179935, 0.013093445307179596, 0.008037073248612803, -0.08051692893938256, 0.013637619990857885]","[-0.006840065121650696, -0.06700944527983665, 0.012773066759109497, -0.004839956760406494, -0.025386035442352295, 0.003578871488571167, 0.2906982421875, -0.118798828125, -0.0070192888379096985, -0.06707389652729034, 0.012772828340530396, -0.004907935857772827, -0.025422684848308563, 0.0035838186740875244, 0.291796875, -0.1166015625, -0.007203161716461182, -0.06713942438364029, 0.01280677318572998, -0.0048673078417778015, -0.025502659380435944, 0.0035983771085739136, 0.291796875, -0.114404296875, -0.007304176688194275, -0.06718720123171806, 0.012786269187927246, -0.004763886332511902, -0.025547511875629425, 0.0036013424396514893, 0.2906982421875, -0.11220703125, -0.0073937103152275085, -0.06720245257019997, 0.012730717658996582, -0.004694022238254547, -0.02553771436214447, 0.0035986006259918213, 0.2906982421875, -0.1111083984375]",0.008336012
"[11.495301723480225, 11.515301723480224, 11.535301723480224, 11.555301723480225, 11.575301723480225, 11.595301723480224, 11.615301723480224, 11.635301723480225, 11.655301723480225, 11.675301723480224, 11.695301723480224]","[-0.003741281268980943, -0.04421825730511752, 0.0006247174416698288, 0.010780222142826758, -0.0036210546318576117, 0.017850347811152356, 0.021106930736794344, -0.0035373490655527897, -0.052993262234909466, -0.0013024606926155537, 0.005909681181476128, -0.005125174413172832, 0.019634126342257342, 0.021861029165913898, -0.003758874807653503, -0.06130396376063318, -0.0032779629575358936, 0.0011796932007496442, -0.006549294674261765, 0.021786623150063446, 0.022847819248460157, -0.004339598333489245, -0.06917662978715411, -0.0052210192076271025, -0.003371506818399013, -0.007905773662115624, 0.024331499399846288, 0.02406137151267781, -0.005306658312049791, -0.07665123270295915, -0.00713424183177941, -0.0076717686405038754, -0.009205845726014385, 0.027166856311679363, 0.025525139140421402, -0.006679335630416402, -0.08376400968666628, -0.009052436004475079, -0.01164123337532604, -0.010450532508823456, 0.03012163585512118, 0.027274913423668525, -0.008274397451358155, -0.09051055060201213, -0.010873692004737813, -0.015266423499156703, -0.011634526749646226, 0.033138695331740596, 0.029292718341858794, -0.009961997077642306, -0.09689016679149534, -0.012523816066654947, -0.01853103446583899, -0.012755166599805818, 0.036170251254059496, 0.031545083424185716, -0.011656088701419508, -0.10290779095087349, -0.01395322489509323, -0.021419010833107335, -0.013812771178903626, 0.039179748976135645, 0.03399269227536987, -0.013304967379464001, -0.1085742364290743, -0.01513298088655795, -0.02391610228055528, -0.014810432532450806, 0.04214059940099519, 0.0365958850552057, -0.01488224644725449, -0.1139050282712831, -0.01605054069349666, -0.026010447202321835, -0.01575340594562189, 0.04503263957291078, 0.03931685662649642]","[0.7999996241469418, -0.18499043819294303, 0.7999998312953452, -0.22312974330762442, 0.7999996506986763, -0.24832621692701867, 0.8000001393192033, -0.26375841915655923, 0.7999989568114729, -0.2721832875727431, 0.7983215351238389, -0.27592371220418166, 0.7953276093336987, -0.2768880046725378, 0.7925933817033545, -0.27670377861609935, 0.7908837490850023, -0.276330791272004, 0.7902515667114638, -0.2761510015259858]","[-0.008637351400433202, -0.06670067451085915, 0.013484712375442687, -0.0073393562787266164, -0.06717179155933906, 0.012939101030775113, -0.00575446677884206, -0.06762811387889212, 0.012529408205763648, -0.003835141903160033, -0.06821911888373888, 0.01225066925814522, -0.001702840549264728, -0.06902953661845901, 0.012099267977307537, 0.00041773927921218146, -0.07009445782969026, 0.012072823488182394, 0.002498414291652873, -0.07148346490309931, 0.012162701779480756, 0.004520245606958295, -0.0732485287440352, 0.012362949445415605, 0.006470536848243391, -0.07542855347844624, 0.012671711851091949, 0.008339900998892147, -0.07805165535158265, 0.013091454695902893, 0.010119312120740132, -0.0811354233127366, 0.01362833645293815]","[-0.0055944472551345825, -0.06665986403822899, 0.012939274311065674, -0.004820115864276886, -0.025279417634010315, 0.00357210636138916, 0.291796875, -0.1352783203125, -0.005875803530216217, -0.06673448160290718, 0.012948006391525269, -0.004901334643363953, -0.02532755583524704, 0.0035808831453323364, 0.291796875, -0.131982421875, -0.006139829754829407, -0.06680002436041832, 0.012937098741531372, -0.00489005446434021, -0.025406554341316223, 0.0035871565341949463, 0.291796875, -0.12978515625, -0.006314195692539215, -0.06686842814087868, 0.01290273666381836, -0.004844285547733307, -0.025424115359783173, 0.0035894066095352173, 0.291796875, -0.127587890625, -0.006475403904914856, -0.06692104414105415, 0.012862712144851685, -0.004790306091308594, -0.025401607155799866, 0.0035832226276397705, 0.2906982421875, -0.1264892578125]",0.007163059
"[11.515384197235107, 11.535384197235107, 11.555384197235107, 11.575384197235108, 11.595384197235107, 11.615384197235107, 11.635384197235107, 11.655384197235108, 11.675384197235108, 11.695384197235107, 11.715384197235107]","[-0.0041665117199735455, -0.04429253112610913, 0.0006462773646439794, 0.010768563921817777, -0.003601174254932189, 0.018126985510148554, 0.021025504715699993, -0.0043056536424540826, -0.05312827924294883, -0.0014569198078866537, 0.005967519249320703, -0.0051378519368956935, 0.020147385654358016, 0.021677590820821165, -0.0048117979400389265, -0.06149031889719496, -0.00354502489396051, 0.0012811665369423099, -0.006595997781853521, 0.022585770481641274, 0.02254460251343441, -0.005715930122810442, -0.06942132706242177, -0.005616770560239334, -0.003215973903776288, -0.007988420476870768, 0.025349912432655893, 0.02365930282650936, -0.007038538260367761, -0.07695980600385112, -0.007701522133211994, -0.007440278451133087, -0.00931798825283768, 0.028270705568663384, 0.025068478065231492, -0.008619358249357313, -0.08411006536858531, -0.009714083223937962, -0.011364668023254077, -0.010580668448085282, 0.03126827986087347, 0.026777387336264443, -0.010306825934826127, -0.09087044474376219, -0.011566900491111157, -0.0149699912234562, -0.011773068901033409, 0.034291545937176135, 0.028762592406698127, -0.011999226472933416, -0.09724284600286322, -0.013199274392167148, -0.01823461808956965, -0.012894398718321673, 0.03729902752765125, 0.030987495945909767, -0.013635288346021106, -0.10323486232063239, -0.014574018656335529, -0.021137345787884634, -0.01394687081845004, 0.04026148653858935, 0.03341188412727045, -0.015184690028384993, -0.10886000931536381, -0.015673169979514533, -0.02365871559907958, -0.014935516739389374, 0.04316010067855183, 0.0359971696006863, -0.016638602852139923, -0.1141379609647771, -0.01649397530207568, -0.025782957121300507, -0.01586741313614167, 0.04598111997910689, 0.03870673028632286]","[0.7999997483322565, -0.22169656344506106, 0.799999745132747, -0.2500189663563105, 0.8000001973789465, -0.26699704872986707, 0.7999990353774599, -0.27571756749283843, 0.7995320397322268, -0.2788147607430572, 0.7967895282113275, -0.27848067308308144, 0.7929596144098237, -0.2764845600048383, 0.7896938212770783, -0.2744622182857908, 0.7877207613261014, -0.27317511088504187, 0.7870044476662506, -0.27270209420081853]","[-0.008095639551783052, -0.06690295210031572, 0.013510021109395254, -0.006659741966445476, -0.06742051605714128, 0.012961809895393639, -0.004829754099570094, -0.06795410257524104, 0.012546309477909467, -0.002720200331130962, -0.06860435340167337, 0.012263566546115268, -0.0005552522204129717, -0.0694223962137861, 0.012112483284885567, 0.0015937890202035732, -0.07048619925053679, 0.01208508149628118, 0.0037020916190709796, -0.07186463733981041, 0.012172626804165532, 0.005752379991972867, -0.07361004014194439, 0.01236907689482969, 0.0077328182799834, -0.07576343516061623, 0.012672666471900573, 0.009634049413469903, -0.0783569719579873, 0.013086216197653044, 0.01144624690139473, -0.08141151687239034, 0.013616164259140362]","[-0.004015304148197174, -0.06646154075860977, 0.013094395399093628, -0.004662245512008667, -0.02519288659095764, 0.003571555018424988, 0.291796875, -0.1484619140625, -0.0042688846588134766, -0.06641213968396187, 0.013136953115463257, -0.004739485681056976, -0.02522522211074829, 0.003575235605239868, 0.2906982421875, -0.1462646484375, -0.004604868590831757, -0.06650334224104881, 0.013066738843917847, -0.004778668284416199, -0.025282949209213257, 0.0035798251628875732, 0.291796875, -0.1440673828125, -0.0048409029841423035, -0.06654425337910652, 0.013049095869064331, -0.004773542284965515, -0.02529444545507431, 0.003579184412956238, 0.291796875, -0.14296875, -0.005096815526485443, -0.06656649708747864, 0.01300126314163208, -0.004723668098449707, -0.02529235929250717, 0.0035749971866607666, 0.291796875, -0.140771484375]",0.005708213
"[11.615073204040527, 11.635073204040527, 11.655073204040526, 11.675073204040528, 11.695073204040527, 11.715073204040527, 11.735073204040527, 11.755073204040528, 11.775073204040527, 11.795073204040527, 11.815073204040527]","[-0.007117669278554934, -0.04490303906139932, -0.00046116729118657747, 0.011192189130263574, -0.0034339471957034705, 0.01967997081683702, 0.020415507683208226, -0.007278397598556131, -0.05374168990936781, -0.002539153705916204, 0.006393490451893218, -0.005007705774361264, 0.021828237588623844, 0.020992546032686465, -0.00783876504516794, -0.06211115230462318, -0.004612647325127854, 0.0017123906962193106, -0.006502130560081203, 0.024363447000389196, 0.021789548383798398, -0.008846038235454903, -0.07004891397886906, -0.006702472203654866, -0.002765134847974445, -0.007923897115254042, 0.027174316591645747, 0.02283274240022202, -0.010160572597964192, -0.0775532784918479, -0.008705727957122524, -0.007008402285142155, -0.0092753467811462, 0.030209540621340715, 0.0241133216210669, -0.011794770755257672, -0.08464263342112854, -0.010649537929623091, -0.01093597322049447, -0.010554920129951923, 0.0332974629069745, 0.025653342445815634, -0.013575678784251621, -0.09129960300826048, -0.012435388383360134, -0.01452765942892735, -0.011757119536333212, 0.036383008810235505, 0.027435360238244413, -0.015386190465772042, -0.0975157556571918, -0.013994555101184518, -0.017758824007568254, -0.012881220204169052, 0.039427484034400606, 0.02943854050536482, -0.01715319933063792, -0.1033019989353616, -0.015286551299358582, -0.020610710571600768, -0.013931025944099567, 0.04240622446883811, 0.03163744868875436, -0.018837544514312132, -0.10868520634214701, -0.01629410519576164, -0.023071286505582662, -0.014913714580702996, 0.045304437849686255, 0.03400346190915411, -0.020424187195480104, -0.11370333622655904, -0.017018041540284953, -0.025135589560876935, -0.01583822121378006, 0.04811047084975105, 0.03650359050372114]","[0.7999993302213628, -0.23182122651208412, 0.799515389449301, -0.2647212084947552, 0.7961108560758281, -0.28464562308559477, 0.7906805100426868, -0.2950831306237186, 0.7840143199016733, -0.2990244108369036, 0.7768504108432727, -0.29896033142181766, 0.7699283268228376, -0.2969090473203615, 0.764783018742988, -0.2947430420244995, 0.7618856397871412, -0.2933472624802709, 0.760875767257035, -0.29283256346722986]","[-0.006660291373709826, -0.06752288120081351, 0.013717319225396096, -0.005057260673478892, -0.0680780198608888, 0.013148848674015667, -0.0030761944199845237, -0.06863650076027117, 0.012714243004857018, -0.0008676577820776465, -0.06927594667552839, 0.012413963168381947, 0.0015569045687484628, -0.0700972643544997, 0.012237333814882234, 0.003983638179262616, -0.07112564004262012, 0.012179039307566697, 0.006382435651995921, -0.07243186293852233, 0.012230798912707286, 0.008728781611827108, -0.07408253406614129, 0.012388668637796751, 0.011004751890235864, -0.07613185338856088, 0.012652227428590734, 0.013196823114358658, -0.07861899960708296, 0.01302451868479082, 0.015293034993500543, -0.08156350479308205, 0.01351086272325741]","[-0.002627559006214142, -0.06667827069759369, 0.013215631246566772, -0.004520781338214874, -0.025272898375988007, 0.0035847872495651245, 0.291796875, -0.162744140625, -0.0028776079416275024, -0.06668351590633392, 0.013154804706573486, -0.004594795405864716, -0.02525244653224945, 0.00357954204082489, 0.291796875, -0.160546875, -0.003110945224761963, -0.06665122509002686, 0.01314157247543335, -0.00461752712726593, -0.025280587375164032, 0.0035862475633621216, 0.291796875, -0.1572509765625, -0.003297969698905945, -0.06654008477926254, 0.013237297534942627, -0.004593275487422943, -0.02529139071702957, 0.003587394952774048, 0.291796875, -0.1550535202026367, -0.003460429608821869, -0.06645091995596886, 0.013235419988632202, -0.004570767283439636, -0.025262802839279175, 0.0035847127437591553, 0.291796875, -0.1539548873901367]",0.005586344
"[11.65756106376648, 11.677561063766479, 11.697561063766479, 11.71756106376648, 11.73756106376648, 11.75756106376648, 11.777561063766479, 11.79756106376648, 11.81756106376648, 11.83756106376648, 11.857561063766479]","[-0.008251014578276199, -0.04502979883060884, -0.0008646289312536987, 0.0113489156840185, -0.0032655939248270173, 0.020081434028582597, 0.020119589232265426, -0.008484372394885408, -0.05388541326903095, -0.00301419323921401, 0.00656883999053387, -0.004863148172408308, 0.022212404143686526, 0.020699599068730794, -0.009120674314715124, -0.0622681796080839, -0.005182940176538975, 0.0019186483570099206, -0.0063715515328820315, 0.024683970846428028, 0.021507447093917918, -0.010050774830988691, -0.07018520532850107, -0.007253368725660639, -0.002575730322127373, -0.007800487833489619, 0.027541160993936418, 0.022513508656625617, -0.011310557599488472, -0.07766113365762387, -0.009223008860814678, -0.0068386734366245126, -0.009160676528035216, 0.030675899964886764, 0.023725071402207285, -0.01297107712452725, -0.08472097249845764, -0.011160696540798175, -0.010767956932970347, -0.010451303370357882, 0.03387209657861563, 0.025180261404539328, -0.01483295057151085, -0.09133988679590756, -0.012954329113244534, -0.014345631931904787, -0.011665414009701478, 0.037069872044505486, 0.026868558914555366, -0.016758233068671323, -0.09750929377833417, -0.014526037607778047, -0.017552598170192047, -0.012801494191691114, 0.04022630983950837, 0.028772715006132994, -0.018658551151545633, -0.10324144963649803, -0.015829034430609804, -0.020375010030054586, -0.013862998186110108, 0.043313939455244733, 0.03087048900884897, -0.020484067306920102, -0.10856549999641255, -0.016842100684297603, -0.02280502171927561, -0.01485704096222877, 0.04631612806068361, 0.03313589332926982, -0.022212704562318678, -0.11352198521792206, -0.017563947848239038, -0.02484102772708454, -0.015792643349439514, 0.049219974710407656, 0.035537917111949716]","[0.8000008785297876, -0.22979099774679249, 0.7978858558875029, -0.26887140421017913, 0.7928826825598085, -0.2931945028057551, 0.7859754281564926, -0.30662779643656307, 0.7780374723392215, -0.3125066237885221, 0.7698615077221984, -0.3136169998771734, 0.7621993735779915, -0.3122206937699592, 0.7565994507388171, -0.3103755497907822, 0.7534772094112013, -0.30910896029143375, 0.7523954614830097, -0.3086293408264683]","[-0.006159614908884503, -0.06757254848519301, 0.01379396354597473, -0.004629623040533604, -0.06808702504437392, 0.013216604554269207, -0.002793358002272095, -0.06857555194969178, 0.012775917283359917, -0.0005477980783216152, -0.06918931767202086, 0.01246268880707424, 0.0019998287024567407, -0.07000081618876752, 0.012270672387571402, 0.004567576122933459, -0.07101610871690767, 0.01219714998672039, 0.007121498784140479, -0.07231068121258266, 0.012234349241279308, 0.00963503861855175, -0.07395198850605889, 0.012378137649353249, 0.012088655257431746, -0.07599494907544502, 0.012628050555236747, 0.0144674214031274, -0.0784790458433462, 0.01298711792642493, 0.01675802936223303, -0.08142356963234398, 0.013460593841332802]","[-0.0021017491817474365, -0.0668901689350605, 0.013424575328826904, -0.004689030349254608, -0.025345586240291595, 0.0036009997129440308, 0.2906982421875, -0.17373046875, -0.0022370368242263794, -0.06686985492706299, 0.013394802808761597, -0.004627309739589691, -0.02536969631910324, 0.0036046653985977173, 0.2906982421875, -0.1726318359375, -0.0023689717054367065, -0.06683967635035515, 0.013313859701156616, -0.004544749855995178, -0.025349579751491547, 0.003598913550376892, 0.2906982421875, -0.1704345703125, -0.0025105997920036316, -0.06677839905023575, 0.013243764638900757, -0.0044858455657958984, -0.025322429835796356, 0.0035919547080993652, 0.291796875, -0.167138671875, -0.002627559006214142, -0.06667827069759369, 0.013215631246566772, -0.004520781338214874, -0.025272898375988007, 0.0035847872495651245, 0.291796875, -0.162744140625]",0.003860553
"[11.715306043624878, 11.735306043624878, 11.755306043624877, 11.775306043624878, 11.795306043624878, 11.815306043624878, 11.835306043624877, 11.855306043624878, 11.875306043624878, 11.895306043624878, 11.915306043624877]","[-0.010204619799321114, -0.04541667996319079, -0.001748240642945451, 0.011322469976152348, -0.0031465265996878473, 0.021349210070574543, 0.019425766578337327, -0.010502653632504487, -0.05427185588496942, -0.0038995628824816633, 0.006546504068554467, -0.0047611937719604525, 0.023457721458022017, 0.020037184427722496, -0.011051618531992553, -0.06261080131490533, -0.005952430681030794, 0.0018636909313852325, -0.006277855059284434, 0.025975108617188984, 0.02082745312485925, -0.011909295404582057, -0.07046025423421379, -0.007891762516477422, -0.002652698703329971, -0.00771241052091322, 0.0288737532526794, 0.02178491550668865, -0.013163009087187287, -0.07784595589956476, -0.009760083367622954, -0.006903738580680842, -0.009074188102163497, 0.03199620195661371, 0.022936829607824304, -0.01481916859465184, -0.08477537678641905, -0.011585978722682749, -0.010798865892099153, -0.010360904442137463, 0.0351542499883018, 0.02432429510358441, -0.016674461256396926, -0.09122974516495452, -0.013259063166814541, -0.014323824814640182, -0.011566863147497932, 0.03829096109725233, 0.025941277584900266, -0.018588517026213836, -0.09721111802418986, -0.014705389525421435, -0.017466521154850596, -0.012691767227846377, 0.0413654464077558, 0.0277712449946682, -0.020472424299945686, -0.10274075627048333, -0.015882487658478116, -0.020218948184243093, -0.013740162735399821, 0.04435305567649618, 0.029792824734406375, -0.02227702643465676, -0.1078553450553682, -0.016773485721516213, -0.022578049617747207, -0.014720115856635184, 0.04724046999399853, 0.03198106441351593, -0.02398156824007025, -0.1126015515348124, -0.017381156487296667, -0.02454602470053402, -0.015641411295596586, 0.05001810757352477, 0.03430598743003645]","[0.796580719311057, -0.2364597251707395, 0.7901175444394571, -0.27514574383844925, 0.7816234936792154, -0.2987802880565358, 0.7719630712193504, -0.31140183001586075, 0.7618991561869896, -0.3164680507989952, 0.7521246678126716, -0.31684907343862223, 0.7433017052513893, -0.31485806616056977, 0.73698157906233, -0.3126196689207309, 0.7335016691073427, -0.311151211382966, 0.732305533813033, -0.31060628368146503]","[-0.004862168349492935, -0.06744703215795944, 0.0137654586344933, -0.0033193378282280195, -0.06796159803219659, 0.01319417345745899, -0.0013177588168159504, -0.06848327283086997, 0.012750195937696773, 0.001128431262626739, -0.06912406621278233, 0.012429164059429176, 0.0038277598409059976, -0.06993337684106304, 0.01222847416433348, 0.006534450383808732, -0.07094079454104074, 0.012145358133536899, 0.009211626195488432, -0.07222549824579794, 0.012172271918268862, 0.011831464289469906, -0.07385260252658021, 0.012304454710815094, 0.01437365694062187, -0.07587423938070348, 0.012540938825380987, 0.016822897088272892, -0.0783270970891552, 0.012884200629715625, 0.019165688269506265, -0.08122783336507666, 0.013338765286866838]","[-0.001563146710395813, -0.06695355847477913, 0.013495415449142456, -0.0045332834124565125, -0.02534566819667816, 0.0035980045795440674, 0.291796875, -0.18251953125, -0.0017380937933921814, -0.06692961230874062, 0.013457149267196655, -0.004605144262313843, -0.02530675381422043, 0.003594011068344116, 0.291796875, -0.1792236328125, -0.0019147619605064392, -0.06691207736730576, 0.013444691896438599, -0.004684001207351685, -0.025301501154899597, 0.0035933852195739746, 0.291796875, -0.1770263671875, -0.0021017491817474365, -0.0668901689350605, 0.013424575328826904, -0.004689030349254608, -0.025345586240291595, 0.0036009997129440308, 0.2906982421875, -0.17373046875, -0.0022370368242263794, -0.06686985492706299, 0.013394802808761597, -0.004627309739589691, -0.02536969631910324, 0.0036046653985977173, 0.2906982421875, -0.1726318359375]",0.0040019719999999995
"[11.754979372024536, 11.774979372024536, 11.794979372024535, 11.814979372024537, 11.834979372024536, 11.854979372024536, 11.874979372024535, 11.894979372024537, 11.914979372024536, 11.934979372024536, 11.954979372024535]","[-0.011582612404789548, -0.04571341487042384, -0.0023150828227329287, 0.01121180451377234, -0.003042283562316975, 0.02224837054339069, 0.018813012248529798, -0.011951697251107538, -0.05457369007262325, -0.004433729614785618, 0.006405609959245257, -0.00468230644673109, 0.024572606302486838, 0.019371604571881397, -0.012613876651190483, -0.06291770102325286, -0.006449683818267715, 0.001701412165295688, -0.0062284481993424914, 0.027301587064327414, 0.020100416452019293, -0.013664480903864134, -0.07077439295157092, -0.008398752996183253, -0.0028025819470584796, -0.007691959124247607, 0.03030774748913215, 0.021018784816487064, -0.01511433370521788, -0.07815241149921558, -0.010297125398068645, -0.007017442473969622, -0.00907376362459425, 0.033419897053745026, 0.02216032736330796, -0.01684773936765309, -0.08503477232199869, -0.012091145834527686, -0.01088665419226855, -0.01036893471316723, 0.03652067329985754, 0.023547882736793833, -0.018689066080238112, -0.09141062569408685, -0.013685885412044916, -0.014393123451605178, -0.011574393108485865, 0.039561654949411704, 0.02517325565154852, -0.020522094309261163, -0.09728949026890407, -0.015021510023906668, -0.017522202923045654, -0.012692143098147306, 0.04250980234130611, 0.02701817457222179, -0.02227864482209419, -0.10269968801423401, -0.016068157105537998, -0.020263723618245248, -0.013728768136866569, 0.045348217655924006, 0.029059917986159946, -0.023926910320698706, -0.1076844528318314, -0.016819889479304635, -0.022612880510953132, -0.014694101143782827, 0.04807088349020455, 0.031272489228813684, -0.02546010474640894, -0.11229627260990901, -0.017288649362089195, -0.024570542439017806, -0.015599368735010622, 0.05067432803335316, 0.033625009154795577]","[0.7948020112098637, -0.26210110313738855, 0.7866781935752076, -0.2920813730449847, 0.7766723021099113, -0.30854395190696327, 0.765668745677194, -0.31541872209369864, 0.7544416294780875, -0.31601988065082953, 0.7436982003787371, -0.31306337906959075, 0.7341101635236926, -0.3087022434018112, 0.7272907322102757, -0.3050192343928224, 0.7235573974488196, -0.3028438058220789, 0.722278886562918, -0.3020751134675356]","[-0.003734902403973006, -0.06726375086959813, 0.013704886238547154, -0.0019099811431140257, -0.06785054913500144, 0.0131319245023791, 0.00040295135713619423, -0.06845448889541572, 0.012685860364469725, 0.003049229602680281, -0.0691409055838963, 0.012365216110968191, 0.005817651141412861, -0.06995230875616087, 0.012165951970716016, 0.008570388243490434, -0.07095626552806644, 0.01208258467468104, 0.011271912169055986, -0.07223319856731125, 0.01210783136292548, 0.013895023736064882, -0.07384882075487287, 0.012237053024246158, 0.016420066201402683, -0.07585560520254564, 0.012469339821629788, 0.018832430217080587, -0.07829037575446884, 0.01280716101965762, 0.021119021096351664, -0.08116948062432172, 0.013254916036176567]","[0.0009384006261825562, -0.06652416288852692, 0.014046639204025269, -0.004135385155677795, -0.025203637778759003, 0.003583952784538269, 0.291796875, -0.2077880859375, 0.0006600543856620789, -0.066568523645401, 0.01400485634803772, -0.004203662276268005, -0.025219477713108063, 0.0035823285579681396, 0.291796875, -0.206689453125, 0.0003845691680908203, -0.06661826744675636, 0.0139559805393219, -0.0043159350752830505, -0.0252382755279541, 0.0035871267318725586, 0.291796875, -0.2055908203125, 6.0752034187316895e-05, -0.06676534563302994, 0.013803035020828247, -0.004428505897521973, -0.025257550179958344, 0.0035903602838516235, 0.2906982421875, -0.2033935546875, -0.00016730278730392456, -0.06673668324947357, 0.013952761888504028, -0.004491269588470459, -0.02527424693107605, 0.003594696521759033, 0.291796875, -0.20009765625]",0.035571448
"[11.834652423858643, 11.854652423858642, 11.874652423858642, 11.894652423858643, 11.914652423858643, 11.934652423858642, 11.954652423858642, 11.974652423858643, 11.994652423858643, 12.014652423858642, 12.034652423858642]","[-0.01412190684700808, -0.046133840236444054, -0.003046576835217238, 0.011048648156794823, -0.002822355296798234, 0.023684536292102522, 0.01840905569504238, -0.01447095797075637, -0.054971457162278366, -0.005092334506268333, 0.006280296728417188, -0.004495837557688137, 0.02610424137104305, 0.018936435852215744, -0.015200589622872945, -0.06326226959831793, -0.007080398018298299, 0.001656862431301105, -0.006065803416170297, 0.02883856175538911, 0.019584089660673668, -0.01634674744072157, -0.07100807292344236, -0.009017267374649083, -0.0027334869669647767, -0.007536356800091547, 0.031776215595953144, 0.02036653330226066, -0.017812191742009202, -0.07818549516404373, -0.01082978714842178, -0.006834548868335328, -0.008910313868747063, 0.03483898758456879, 0.021306040118677323, -0.01958903665394601, -0.08478521362361274, -0.012530037577287007, -0.01054855614313148, -0.010189532680381735, 0.03787605065992771, 0.022471199553817992, -0.02148999994556845, -0.09082512318827848, -0.014026827741652991, -0.013878443281353748, -0.011373774646670507, 0.04083952209265006, 0.023858412639699712, -0.0233905014332165, -0.09633686763271862, -0.01526380325389337, -0.016825475135451212, -0.012467154727177847, 0.04369734970310295, 0.025453450075196102, -0.02521675318474699, -0.1013654643183011, -0.016214322708336323, -0.019391751100889917, -0.01347782227312263, 0.046434223785319, 0.027237487688798183, -0.026933522662529644, -0.10596638308729567, -0.01687534187098961, -0.021581502134933598, -0.014416748777622359, 0.049046190094882855, 0.029188398818244577, -0.02853220901053577, -0.11020072273834683, -0.017261288846861907, -0.023401832458520636, -0.01529594952415131, 0.051532027051328685, 0.03127906382377535]","[0.7838082758967084, -0.271467850956267, 0.7672879717409546, -0.3025827287581384, 0.7510254741752206, -0.3197027726072945, 0.7354926607990957, -0.3268872142369783, 0.721089581691272, -0.3275656422893415, 0.7081899548511519, -0.32454650779945726, 0.6971831639137052, -0.32005713680149295, 0.6895417490264022, -0.31625851807324024, 0.6854191490090049, -0.31401357102912475, 0.6840206715196206, -0.3132205550069335]","[-0.0017356826169860895, -0.06745592591048943, 0.013784811381805984, 0.00022250217499675262, -0.06814532861735723, 0.013216623977864383, 0.002602541791995483, -0.0687751805084984, 0.012763412808421748, 0.005271085226379091, -0.06941016673208056, 0.012424116258134887, 0.008154826804035675, -0.07015009788941429, 0.012195821238448978, 0.011025807839362134, -0.07107244838321769, 0.012081644987140816, 0.013847314028469282, -0.07225502270468187, 0.012073052529257389, 0.016591408151600873, -0.07375963412699926, 0.01216457422799655, 0.01923796075399231, -0.075634818291892, 0.012354525398383664, 0.02177196169156237, -0.07791420585623854, 0.012644417469602764, 0.024179812618790986, -0.08061202947270285, 0.013037392312855278]","[0.0026773959398269653, -0.0661369040608406, 0.014159739017486572, -0.003502674400806427, -0.025059185922145844, 0.003577589988708496, 0.2906982421875, -0.2231689453125, 0.0025842487812042236, -0.0661698691546917, 0.014084994792938232, -0.0034916773438453674, -0.02509927749633789, 0.003582373261451721, 0.291796875, -0.2209716796875, 0.0024733245372772217, -0.06620820984244347, 0.014034956693649292, -0.0035724490880966187, -0.025090515613555908, 0.00357934832572937, 0.2906982421875, -0.21767578125, 0.0022911205887794495, -0.06625451147556305, 0.014036595821380615, -0.0036995187401771545, -0.025077879428863525, 0.0035761892795562744, 0.291796875, -0.2143796920776367, 0.0020369142293930054, -0.06629647314548492, 0.014044731855392456, -0.0038301870226860046, -0.025087110698223114, 0.0035720467567443848, 0.2906982421875, -0.2110837936401367]",0.034330807
"[11.9146146774292, 11.934614677429199, 11.954614677429198, 11.9746146774292, 11.9946146774292, 12.014614677429199, 12.034614677429198, 12.0546146774292, 12.0746146774292, 12.094614677429199, 12.114614677429199]","[-0.017060845228527872, -0.0465396949696287, -0.004072026775544569, 0.011480945877415903, -0.0027409093358336323, 0.02518918918860974, 0.017727709569928127, -0.017581853189377127, -0.05539788950731802, -0.006162885975932873, 0.006739194029753, -0.00445399036882445, 0.02787539183609963, 0.018089211364773282, -0.018553563155619415, -0.06368712255465124, -0.008216784364393576, 0.0021632402655299685, -0.0060561353060896, 0.03080724663014607, 0.018543084142703566, -0.01988840997405912, -0.07137583954965826, -0.010158657449545232, -0.0021888405220516017, -0.0075482432126060635, 0.033899730880148755, 0.01909791589844949, -0.021582842240539902, -0.07844651184311935, -0.011999163697909423, -0.006218384382874015, -0.00893047529301979, 0.036984021960983104, 0.019821086100194597, -0.023483991025846508, -0.08485870683123439, -0.013653549824718707, -0.009861207512056458, -0.010202958335202012, 0.03998910532184499, 0.020780279837079897, -0.025422125567990665, -0.09065460246154328, -0.015046269351062607, -0.01312844522317041, -0.01136950521081924, 0.04287419839928028, 0.021973682275859645, -0.0272903026866217, -0.09588537189928753, -0.01613600000997875, -0.01602670135960907, -0.012437600455825346, 0.04561443999032259, 0.023388410794016826, -0.029032060543664088, -0.10061164859178368, -0.016910286762141246, -0.018561064421886667, -0.013418215712253576, 0.04820245010486035, 0.02500655706710893, -0.030628528725477156, -0.10490119613435214, -0.017379064622198695, -0.020736863030627235, -0.01432465521059692, 0.05064236328043094, 0.026806605195506695, -0.032085748378628175, -0.10882449904506504, -0.017568216478978802, -0.022560810033417453, -0.015170770724591448, 0.05294009771192637, 0.028761928187218795]","[0.7755585321385077, -0.3058089760990564, 0.7530527764644561, -0.3290297706059959, 0.7322692179872192, -0.3391935318378394, 0.7133973091532426, -0.3404367074316179, 0.6965930408959901, -0.3362090090847178, 0.6820230856405156, -0.32930254561949224, 0.6699005402143807, -0.3218976031679851, 0.6616114603217218, -0.31624713536498805, 0.6571841010924171, -0.3130660781664191, 0.655691797497066, -0.3119696521508719]","[-0.00016802239932389718, -0.06790130418753249, 0.013893454662905036, 0.0020790795520587713, -0.06863392268259894, 0.013299636406548299, 0.004723401727413701, -0.06925119856838524, 0.01281568148404677, 0.007701697606436908, -0.06983854055940952, 0.012438577899601011, 0.010779374091236194, -0.07045908809581158, 0.01217164811161986, 0.013837709698531153, -0.07125168786830827, 0.012019939680228298, 0.016838805230451448, -0.07229543311261377, 0.011973936867103685, 0.01975312114547567, -0.07365196286671782, 0.01202723527609173, 0.022559284472747465, -0.07536914411259632, 0.012177153677521257, 0.02524123196984074, -0.07747993525615993, 0.012424069769814583, 0.027783780872197905, -0.07999801846745447, 0.012769828051276466]","[0.0038608983159065247, -0.06590332463383675, 0.014405041933059692, -0.0032792314887046814, -0.024964921176433563, 0.003568589687347412, 0.291796875, -0.2396484375, 0.003749653697013855, -0.0659060850739479, 0.014333397150039673, -0.0032716020941734314, -0.024977564811706543, 0.003569692373275757, 0.291796875, -0.237451171875, 0.003619961440563202, -0.06591165065765381, 0.014281690120697021, -0.003327511250972748, -0.024953439831733704, 0.003567725419998169, 0.291796875, -0.2341552734375, 0.0034501105546951294, -0.06592192873358727, 0.01427486538887024, -0.0034234225749969482, -0.02491944283246994, 0.0035601556301116943, 0.291796875, -0.2319580078125, 0.00324278324842453, -0.06594237312674522, 0.014284670352935791, -0.00353144109249115, -0.024897806346416473, 0.0035551488399505615, 0.2906982421875, -0.228662109375]",0.03463406
"[12.014590740203857, 12.034590740203857, 12.054590740203857, 12.074590740203858, 12.094590740203857, 12.114590740203857, 12.134590740203857, 12.154590740203858, 12.174590740203858, 12.194590740203857, 12.214590740203857]","[-0.02066751938131925, -0.04722325406253594, -0.005485035423564382, 0.011562722828034661, -0.0022934162666969227, 0.027306357547114385, 0.016445192351254814, -0.02130147631829375, -0.05603409458888405, -0.007559244615084761, 0.00682020986256164, -0.004055438539697714, 0.03005673894505229, 0.01672165605287726, -0.02230126912840675, -0.06420818786392833, -0.009525717167195451, 0.0022428137914321513, -0.005689229188467552, 0.033000679251867795, 0.01705499384618444, -0.023681199510555355, -0.07171930941278083, -0.011388169338724876, -0.0020710662183488354, -0.007195207797490951, 0.03600191194012036, 0.017485603871042144, -0.025299709011953584, -0.0785184341787542, -0.013048544659091743, -0.006059642958427155, -0.008576777995258167, 0.03900550338075226, 0.018070363706377778, -0.027116687482539696, -0.08460830081430079, -0.014503289362072295, -0.009639739621588185, -0.009840996565308027, 0.04189652083375288, 0.01889426392829492, -0.028960336541598887, -0.09005012336510887, -0.01568415972645468, -0.01283295824988845, -0.010993923453526021, 0.044636914998196726, 0.01995686030972761, -0.030724005301912494, -0.0949097678081739, -0.016557082758031513, -0.015653641336824228, -0.012044817863926569, 0.0472052119043765, 0.021246167729374377, -0.03235322576500365, -0.09925912241055726, -0.01711660412773589, -0.018112410108509825, -0.013006079015825952, 0.04959827982251258, 0.022745023794825972, -0.0338321245298921, -0.10317444677230983, -0.0173791663061396, -0.020218370024020788, -0.013892149156759919, 0.051824979413708255, 0.02443258995468143, -0.03517005828807224, -0.10673244097145049, -0.017376426792353808, -0.021980638093161798, -0.014717734685989841, 0.053895850624633965, 0.026282819893162286]","[0.7590024884456193, -0.3147058436527248, 0.731048616063096, -0.3361578546312457, 0.7061952361299102, -0.3444980513416648, 0.6843373381815736, -0.3440034429854323, 0.6653835292170287, -0.33822834539716173, 0.64930028706164, -0.3300298826433955, 0.6361441536571916, -0.32161986322312663, 0.6272430870264901, -0.31532132911439514, 0.6225224168511077, -0.31181184418780195, 0.6209385480192984, -0.3106095767222499]","[0.0022921286016713838, -0.06784645686872803, 0.013980824028427818, 0.0047325820322615675, -0.06852737236978967, 0.013356130085101725, 0.00759541654999496, -0.0690620164453759, 0.012834949952962305, 0.010701311087157217, -0.06951359835304416, 0.012421044089155231, 0.013974954073198265, -0.07002665960063936, 0.012119422685138659, 0.01721200717462157, -0.07071421909757003, 0.011933875782109915, 0.02037124296627668, -0.07165269274881236, 0.011853523774319363, 0.02342046076574056, -0.07289994085779128, 0.011870900975396559, 0.026336387528497873, -0.07449999481097924, 0.011982323475776102, 0.02910162549691997, -0.07648241088831531, 0.012187063956790478, 0.03169991602389444, -0.07885804390875295, 0.012485689385278054]","[0.004876330494880676, -0.06585819274187088, 0.014519840478897095, -0.003024846315383911, -0.024918757379055023, 0.0035566240549087524, 0.291796875, -0.250634765625, 0.004700958728790283, -0.06584926694631577, 0.01450541615486145, -0.003152787685394287, -0.02488388866186142, 0.0035542547702789307, 0.291796875, -0.2473388671875, 0.004473187029361725, -0.06583025306463242, 0.01449960470199585, -0.0032683685421943665, -0.02486056089401245, 0.0035535842180252075, 0.291796875, -0.24404296875, 0.004267387092113495, -0.06583471596240997, 0.014488518238067627, -0.0033582672476768494, -0.02485157549381256, 0.0035547465085983276, 0.291796875, -0.2429443359375, 0.004081219434738159, -0.06585048511624336, 0.014481127262115479, -0.0033654123544692993, -0.024888671934604645, 0.003562450408935547, 0.291796875, -0.2429443359375]",0.016123014
"[12.07456660270691, 12.094566602706909, 12.114566602706908, 12.13456660270691, 12.15456660270691, 12.174566602706909, 12.194566602706908, 12.21456660270691, 12.23456660270691, 12.254566602706909, 12.274566602706908]","[-0.02191698249541025, -0.04736292157802806, -0.005646840503462773, 0.011196840191676816, -0.002024319567026779, 0.02781624043746118, 0.015952951917625524, -0.022631711719757953, -0.05617124290857358, -0.007786822087147979, 0.006484800432025084, -0.0038175182164617116, 0.03050588568401053, 0.01631985417800883, -0.023703985540348894, -0.06432472672370919, -0.009835687172012036, 0.0019669265560977893, -0.005470426826375501, 0.033347755261654025, 0.016734090407891665, -0.025029078701238487, -0.07176718893489603, -0.011685011811386823, -0.002306064754715668, -0.00698545000161451, 0.036343054267026234, 0.017177923606568623, -0.026594612697127727, -0.07849327745842988, -0.013312052896240408, -0.0062713193038964705, -0.008372414397464556, 0.03940066307043365, 0.017682343842173275, -0.028467091300934326, -0.08446518131601582, -0.014766591712142972, -0.009773583516696393, -0.009641120803157644, 0.04236253584168009, 0.018393850185912865, -0.030442151023667333, -0.08975375351069897, -0.015968405549031943, -0.012849818489063084, -0.010797417351599798, 0.045184251065687936, 0.019316945017116276, -0.032387148140578026, -0.09443401079486818, -0.016873984721070028, -0.015528200111913039, -0.011850576608861584, 0.04783958144798901, 0.020444402258278548, -0.03422738398013974, -0.09858651791941789, -0.017470747348224982, -0.017831562134647014, -0.012813221443569625, 0.05032193638423545, 0.021764009715716577, -0.03593171798339248, -0.10229551956564405, -0.01776999736049926, -0.019779467318316465, -0.013700136266305061, 0.05263770983912659, 0.02325979922433306, -0.037498452930206774, -0.10564468527637062, -0.017799888115547394, -0.02138963492049506, -0.014526385140574928, 0.05479570459812438, 0.02491004602435442]","[0.757299756490875, -0.31154718439473866, 0.7238457042957334, -0.34068633688057015, 0.6943557589233005, -0.3548284376606764, 0.668685865353273, -0.3585772225973385, 0.6466978842469431, -0.3557977385970669, 0.628298180050949, -0.34962405151435194, 0.6134633488430672, -0.3425083680929708, 0.6035245240694693, -0.3369394729517523, 0.5982884499658523, -0.3337682620385574, 0.5965394576497547, -0.33266994051115983]","[0.003801125946946371, -0.06751709630884228, 0.013925376184038107, 0.006105020335844702, -0.06817989206925112, 0.013314130953819614, 0.008759547170981041, -0.06867539460788574, 0.012805148013619316, 0.011809105890446925, -0.0691260300120966, 0.012395590394747025, 0.015151381001011877, -0.06961548687856745, 0.01208335843599162, 0.01847388768498648, -0.07028008721708767, 0.011885225507824337, 0.021734204614632935, -0.07119528651064089, 0.01178966061318043, 0.024899843125502974, -0.07241745517793952, 0.011789219340501589, 0.027947505657349825, -0.07398912620047682, 0.011880580518346395, 0.030859820870120735, -0.0759384170153381, 0.012063423938447393, 0.03362060648088572, -0.07827469644532092, 0.012338539356890443]","[0.00633692741394043, -0.06564869731664658, 0.014741897583007812, -0.002769291400909424, -0.024874724447727203, 0.0035540014505386353, 0.291796875, -0.27150859832763674, 0.00603456050157547, -0.06564295291900635, 0.014668852090835571, -0.002863064408302307, -0.024829670786857605, 0.0035470575094223022, 0.291796875, -0.2693115234375, 0.005743242800235748, -0.06564884260296822, 0.014607280492782593, -0.0029827356338500977, -0.024789482355117798, 0.0035338252782821655, 0.291796875, -0.266015625, 0.005480073392391205, -0.06567409634590149, 0.01458752155303955, -0.0030599981546401978, -0.02480463683605194, 0.0035410076379776, 0.291796875, -0.263818359375, 0.005412541329860687, -0.06583042070269585, 0.014810234308242798, -0.0030476823449134827, -0.024854205548763275, 0.003548860549926758, 0.291796875, -0.26162109375]",0.035191038
"[12.154873371124268, 12.174873371124267, 12.194873371124267, 12.214873371124268, 12.234873371124268, 12.254873371124267, 12.274873371124267, 12.294873371124268, 12.314873371124268, 12.334873371124267, 12.354873371124267]","[-0.024255983797355087, -0.047769625056243256, -0.006494410134743792, 0.01102509309157667, -0.001823403867506089, 0.02897171043102687, 0.015569312672593042, -0.025038040819699348, -0.05650445703073947, -0.008657209373767976, 0.006417358360054455, -0.003629363284277383, 0.03162434051598079, 0.015897391021185286, -0.026071368619383313, -0.06450769731899153, -0.010628450727373256, 0.001991164389339509, -0.005281331448023712, 0.03449701025637404, 0.016182157789751708, -0.027372835959916617, -0.07176141893510227, -0.012377013846412455, -0.00219610191456641, -0.006787963448374374, 0.037537970653079365, 0.016402517009769416, -0.029029678000542573, -0.0782152589791471, -0.013937405502361963, -0.005999663776085321, -0.00816146084513615, 0.04060410065629119, 0.016676050472090476, -0.031017045561487055, -0.08386152319148976, -0.015319319178094223, -0.009316123632950942, -0.0094112869866715, 0.043556393775697866, 0.017134996702193515, -0.033115844574663975, -0.08878800318116546, -0.01644173121508372, -0.01219767595485054, -0.010544747003635405, 0.04635001333513589, 0.0177893484467814, -0.03518369264341437, -0.09308403257686121, -0.01726189079360871, -0.014684931217850868, -0.011572422216185374, 0.048959472188047165, 0.018636963035533183, -0.03714024156817228, -0.09684212425195168, -0.017769142847941257, -0.016810529140660085, -0.012508121783092784, 0.05138018151399253, 0.019670429959639666, -0.03895183763361511, -0.10015623040616634, -0.017977442524279873, -0.018601373469986335, -0.013367669585510071, 0.05362135820404048, 0.020878259555267342, -0.04061647048549967, -0.10311756264737981, -0.0179179217225607, -0.020080249363858015, -0.014166971377485342, 0.05569474944970806, 0.022242794535802975]","[0.7386324799514632, -0.32379401211625203, 0.6989705763547844, -0.354557712897358, 0.6645746460058433, -0.36941301160182227, 0.6351308040876829, -0.37325336553383553, 0.6103315782936807, -0.3701779623807537, 0.5899214462158799, -0.36351148689091506, 0.5737231971612291, -0.3558565709686486, 0.5629837266152021, -0.3498757257296098, 0.5573686071186743, -0.3464737194340821, 0.5555028297576732, -0.34529640362969327]","[0.005336213814464585, -0.06739703124297192, 0.01395508993104233, 0.007575158485210398, -0.06804737485514423, 0.013345949510452204, 0.010328245846845885, -0.06853766469036193, 0.012824295264969976, 0.01357920771161547, -0.06893476427780554, 0.012384306068760509, 0.017082192821531006, -0.06935867124832695, 0.01204381677221189, 0.02057309936912155, -0.06994272642934884, 0.011813454564974624, 0.0240082548189946, -0.07075985394705286, 0.011681505916536938, 0.027354221288952596, -0.07186347413667526, 0.011640490529238878, 0.030587109611628915, -0.07329355267416782, 0.011686921259103755, 0.03368910517514012, -0.07507636655611627, 0.011820005616766327, 0.036643329140945924, -0.07722018784860563, 0.012039666494672474]","[0.009837836027145386, -0.065243910998106, 0.015077978372573853, -0.001535765826702118, -0.0247485488653183, 0.003673344850540161, 0.291796875, -0.2868896484375, 0.009233444929122925, -0.06534475833177567, 0.015004724264144897, -0.0017245486378669739, -0.024834252893924713, 0.0036937296390533447, 0.291796875, -0.285791015625, 0.006638646125793457, -0.06563032045960426, 0.014786392450332642, -0.002694837749004364, -0.024902887642383575, 0.003558039665222168, 0.291796875, -0.2824951171875, 0.00633692741394043, -0.06564869731664658, 0.014741897583007812, -0.002769291400909424, -0.024874724447727203, 0.0035540014505386353, 0.291796875, -0.27150859832763674, 0.00603456050157547, -0.06564295291900635, 0.014668852090835571, -0.002863064408302307, -0.024829670786857605, 0.0035470575094223022, 0.291796875, -0.2693115234375]",0.035287441
"[12.254597902297974, 12.274597902297973, 12.294597902297973, 12.314597902297974, 12.334597902297974, 12.354597902297973, 12.374597902297973, 12.394597902297974, 12.414597902297974, 12.434597902297973, 12.454597902297973]","[-0.02683079282605296, -0.04826255533523999, -0.007428642950558629, 0.0109437587949209, -0.0015729529061238913, 0.030741233499949654, 0.014826759533935616, -0.02776551543022834, -0.05681424416649458, -0.009495451824118466, 0.006435027198651604, -0.003391524331225476, 0.03363398738258373, 0.014846610936359134, -0.029019462317564117, -0.06457514711498019, -0.011357321689693282, 0.0021187664469785985, -0.005049389348432488, 0.036720321430279354, 0.014728685426215613, -0.030685707103001163, -0.07147804098508326, -0.013049074388696114, -0.0018551955434098993, -0.006555105415657817, 0.03982963310486588, 0.014583540426000973, -0.03273973400188343, -0.07749946578558028, -0.014583854938250143, -0.005377257317788846, -0.007914412596969699, 0.042790315938569454, 0.014555194994368057, -0.034946934036549124, -0.08265917669306078, -0.015853918594332706, -0.008446022194534306, -0.009134790531591504, 0.045563020884345426, 0.014726070087090919, -0.03712441638164121, -0.08706917944854972, -0.016802942367619204, -0.01111938395182968, -0.01022827043646083, 0.04811644556180263, 0.015106900011078669, -0.039162861483967706, -0.09083734632339596, -0.017410490414436257, -0.013440555653257379, -0.011209210076868006, 0.05043775579571772, 0.01569622972780913, -0.04101164561753711, -0.0940698681082913, -0.017685597706600168, -0.015442252483406112, -0.012094364557669147, 0.05253481000146655, 0.016486798544378286, -0.04266314172146242, -0.09687026313559322, -0.017659037533469462, -0.017149477844618614, -0.01290178922967078, 0.05442859707602312, 0.017466950495327267, -0.04413722958938617, -0.09933591210181122, -0.01737574747284207, -0.018581639378352707, -0.013648993754826401, 0.056141047212297, 0.018619106495070523]","[0.7014286384781376, -0.36673347013180263, 0.6571420373223347, -0.38487195430181126, 0.6195650184967714, -0.3891325977089186, 0.5880570477508302, -0.38433107153521406, 0.56203084314807, -0.374424363516074, 0.540990515838887, -0.3625639075593742, 0.5245516574422548, -0.3511585190234602, 0.5137625234764465, -0.34285723530940315, 0.5081604933765566, -0.3383030716522759, 0.5063071911473389, -0.33675628280458103]","[0.007405154712839757, -0.0674703686842899, 0.014012749022509041, 0.010117982955445193, -0.0681297061412538, 0.01336483496358909, 0.013433597185276591, -0.06855855883647077, 0.012786803213056253, 0.01709174924903989, -0.06885107175257099, 0.012299065351595306, 0.020793156740581353, -0.06912382582798404, 0.01191469518435806, 0.024451235903819146, -0.06953389492317363, 0.011635733778945223, 0.028024658594622887, -0.0701503720482135, 0.011450994145259408, 0.03148120635646179, -0.07102273772488932, 0.011352803674662404, 0.03479825742661913, -0.07218764617041673, 0.011336750303313714, 0.03795922383215655, -0.0736692623929387, 0.011400498109614077, 0.04094763631033538, -0.07547529281954235, 0.011542004371325465]","[0.011029668152332306, -0.06508572399616241, 0.015179604291915894, -0.0008803382515907288, -0.02460775524377823, 0.0036452114582061768, 0.291796875, -0.28798828125, 0.011013880372047424, -0.06510249152779579, 0.015178203582763672, -0.0009239688515663147, -0.024634696543216705, 0.003651738166809082, 0.291796875, -0.2890869140625, 0.010826453566551208, -0.0652223490178585, 0.015461057424545288, -0.0009731203317642212, -0.02466525137424469, 0.0036571621894836426, 0.291796875, -0.28798828125, 0.010789185762405396, -0.06508209183812141, 0.015300840139389038, -0.0010407939553260803, -0.024685226380825043, 0.0036570727825164795, 0.291796875, -0.28798828125, 0.010843105614185333, -0.06508246436715126, 0.015127032995223999, -0.001132965087890625, -0.0246882364153862, 0.0036567896604537964, 0.291796875, -0.28798828125]",0.012587385999999999
"[12.334681034088135, 12.354681034088134, 12.374681034088134, 12.394681034088135, 12.414681034088135, 12.434681034088134, 12.454681034088134, 12.474681034088135, 12.494681034088135, 12.514681034088134, 12.534681034088134]","[-0.02967770189810627, -0.04874247308037785, -0.008563369731537238, 0.011046461967663455, -0.0014674383325670903, 0.032397326092391904, 0.013922396992044398, -0.030654815897204608, -0.057083617307492264, -0.010518813291072224, 0.00661125476280707, -0.0032788162291752703, 0.035370086819658614, 0.013701138449849328, -0.032041653018256365, -0.06455334797276449, -0.012307548270648477, 0.0024525465066711377, -0.004923308435919071, 0.03840754451010517, 0.0133960887034987, -0.03383266135434279, -0.0711145344520543, -0.013936095290825713, -0.0013253638635785602, -0.0064035869737199495, 0.04135763313665519, 0.013102857030230428, -0.03580469859834626, -0.07677383077845132, -0.015285230793904815, -0.00473233162465966, -0.007726789774834509, 0.04418449967503961, 0.012875794228828777, -0.037912143479040525, -0.08154770837595715, -0.016356807324325637, -0.007691001231745386, -0.008907888494596613, 0.04679445088508166, 0.012851659931208067, -0.039974125822006844, -0.08556270980760042, -0.017102199973191328, -0.010266796930857282, -0.009960625400170228, 0.04915993602658907, 0.013043983816146508, -0.0418844150121688, -0.0889374503655274, -0.017508047426735635, -0.012507889265520431, -0.01090061572184512, 0.051272201832836345, 0.013453579501232429, -0.043596211595041054, -0.09178561938634672, -0.017589725493308984, -0.01444971434729294, -0.011745478936961545, 0.053143484058265585, 0.014074786923173124, -0.04510601649334092, -0.09421552991076075, -0.01738348129491901, -0.01611813674075105, -0.01251380816862819, 0.054799192251620665, 0.014897032649289196, -0.04643766447411823, -0.09632719747266175, -0.01693873266822401, -0.017531957857803558, -0.013223390825483875, 0.05626544481763203, 0.015903601690971957]","[0.6744772801818169, -0.37148328576085365, 0.6266399679967842, -0.38734017075997246, 0.5866265186067666, -0.38950302867556225, 0.5535478021993203, -0.3828527221839694, 0.5265991423695073, -0.37139502707716177, 0.5050975222204999, -0.3583015333803437, 0.4884975093090409, -0.3459768035136606, 0.47768754312770184, -0.33709556417228637, 0.47210458793517757, -0.3322499785767611, 0.47026386112851354, -0.33060907087285574]","[0.00925144529451749, -0.0673979512575551, 0.013981189445755327, 0.01227098279983374, -0.06798674563799434, 0.013294920282771017, 0.015734704242168385, -0.06832471911008708, 0.012690301235421586, 0.019405311243781087, -0.06850062593037709, 0.012179252589788803, 0.023245170347039212, -0.0686476663509108, 0.011761274326949955, 0.027031089025414512, -0.06891745856408438, 0.011446817943395526, 0.030718773384856846, -0.06937598055712435, 0.011224309915643271, 0.03427347807712344, -0.07006972624210084, 0.011085511686172111, 0.03767060604617867, -0.07103296676376214, 0.011025134858664298, 0.04089197420256552, -0.07228845044756316, 0.011039667993706814, 0.04391963204532856, -0.07384369011591918, 0.011125703767872697]","[0.01030810922384262, -0.06497116014361382, 0.015053391456604004, -0.0010338053107261658, -0.024540945887565613, 0.0036400705575942993, 0.291796875, -0.28798828125, 0.010438911616802216, -0.06497292220592499, 0.015068590641021729, -0.0010546445846557617, -0.02455875277519226, 0.0036460459232330322, 0.291796875, -0.2890869140625, 0.010592706501483917, -0.06497381255030632, 0.015081554651260376, -0.0010464340448379517, -0.024571120738983154, 0.003646954894065857, 0.291796875, -0.2890869140625, 0.010742530226707458, -0.06496994942426682, 0.015093892812728882, -0.0010023117065429688, -0.024584941565990448, 0.003649309277534485, 0.291796875, -0.28798828125, 0.01088569313287735, -0.06497230380773544, 0.015100866556167603, -0.0009515136480331421, -0.024602144956588745, 0.003648623824119568, 0.291796875, -0.2890869140625]",0.011138874
"[12.405970573425293, 12.425970573425293, 12.445970573425292, 12.465970573425293, 12.485970573425293, 12.505970573425293, 12.525970573425292, 12.545970573425294, 12.565970573425293, 12.585970573425293, 12.605970573425292]","[-0.03020277291431199, -0.048831501119984445, -0.008747494325141148, 0.011043550306911653, -0.0015086045868193381, 0.03306606173761716, 0.013698900472902576, -0.03146290626573947, -0.05697382067119034, -0.010736132737238788, 0.006812561440584008, -0.003309543836979236, 0.03607096867619812, 0.013348758147465748, -0.033144799644602464, -0.06421679411225605, -0.012580048951443469, 0.0028915232948342863, -0.004935858990637832, 0.039076622982342796, 0.012909777939960336, -0.0350581369497968, -0.07054571287358186, -0.014156039451917025, -0.000738580670500581, -0.006388323594775808, 0.04205439623361623, 0.012359777471813474, -0.03717955520052364, -0.07595756060141301, -0.01546037773613292, -0.004018761411511829, -0.007677990338077544, 0.04489310507266092, 0.01179228569033895, -0.039485775077880314, -0.08041001106511311, -0.016492200601821577, -0.006817565990541824, -0.008821589265344798, 0.04750398911812822, 0.01141240326725826, -0.0417704834599584, -0.0840571857579624, -0.017199536277688443, -0.009223097926536397, -0.009834725235270386, 0.049857988092923404, 0.011241317134160576, -0.043909782996305845, -0.08703902976534328, -0.017567361228445186, -0.011300795999294606, -0.010734439767066466, 0.051946321543964634, 0.011286291239670121, -0.045845700434471295, -0.08948520930403595, -0.017610731793656034, -0.013098467479769166, -0.01153942483135496, 0.053782526064755753, 0.011547027546724566, -0.04756864850531081, -0.0915154943425247, -0.017366503583724244, -0.014650057489261367, -0.012269049476250486, 0.0553941662625763, 0.012017397592803604, -0.04910005918719935, -0.09323763505270115, -0.01688524476790262, -0.015978812422560888, -0.012941623451872008, 0.056809760397174704, 0.01268448007965456]","[0.6561227096097833, -0.38171263502992336, 0.5998872416575596, -0.4013192362736965, 0.5537515646334319, -0.4057268899676404, 0.5163799935576066, -0.40022542832146385, 0.48656422161673557, -0.3891704424204939, 0.46326581118421106, -0.3760231604664318, 0.4456290731929981, -0.3634207236985142, 0.4342974805643566, -0.3542602583474467, 0.428500022671071, -0.34923674797105364, 0.4266003325854129, -0.34753009135795687]","[0.009907315025633912, -0.06752453124070534, 0.013962368545866077, 0.01301229382239355, -0.06812670109640351, 0.013276346809417028, 0.01647724887468416, -0.06844754724824043, 0.012667369325895184, 0.020342513352681335, -0.06856018632691407, 0.012125606555765778, 0.024433121131221647, -0.06855447213920396, 0.011659044140865937, 0.028477703715843017, -0.06864557039048247, 0.011293874051842678, 0.03243017338355347, -0.06889852854617562, 0.011017580467428623, 0.03625473498911491, -0.06935880523044524, 0.010821604458339795, 0.039926302681926096, -0.07006027163354966, 0.010700476809234694, 0.043426414713438666, -0.07102625959421083, 0.010650361435756484, 0.04673654823187223, -0.07226595874733555, 0.010667261177738752]","[0.01034621149301529, -0.06485709920525551, 0.015004664659500122, -0.0007946863770484924, -0.024471856653690338, 0.0036307573318481445, 0.291796875, -0.2890869140625, 0.010092973709106445, -0.06501844525337219, 0.01524728536605835, -0.000918067991733551, -0.024477139115333557, 0.0036353766918182373, 0.291796875, -0.2890869140625, 0.0100063756108284, -0.06503855064511299, 0.0152510404586792, -0.001022040843963623, -0.02449055016040802, 0.0036367177963256836, 0.291796875, -0.28798828125, 0.009954653680324554, -0.06505697965621948, 0.01525580883026123, -0.0010724514722824097, -0.024499863386154175, 0.0036421120166778564, 0.291796875, -0.2890869140625, 0.009931772947311401, -0.06507419422268867, 0.01525890827178955, -0.0010918006300926208, -0.024513542652130127, 0.003643050789833069, 0.291796875, -0.2890869140625]",0.008618938999999999
"[12.495005130767822, 12.515005130767822, 12.535005130767821, 12.555005130767823, 12.575005130767822, 12.595005130767822, 12.615005130767821, 12.635005130767823, 12.655005130767822, 12.675005130767822, 12.695005130767822]","[-0.0327927437251683, -0.04923361027681802, -0.008507700036142603, 0.00986385999474991, -0.0005666173362352206, 0.0337447418414296, 0.013242835535918443, -0.03425799566229955, -0.05708951153303686, -0.01063336512239417, 0.005948401795699388, -0.0024254051809772786, 0.036590672995931564, 0.012956339865384407, -0.03598121120960734, -0.06403514532121869, -0.012519529243213711, 0.002284763472212817, -0.004092512110149986, 0.0395158292169903, 0.01244257118577762, -0.037973201342300894, -0.07004721420758828, -0.014156429948695634, -0.0010775171816191065, -0.005574127015882403, 0.042420663085068595, 0.01172142867648589, -0.04023576142319642, -0.07506445275930387, -0.015535881167625725, -0.004024216600456949, -0.0068843625970990184, 0.04520327597904169, 0.010956428914331785, -0.04270621025420411, -0.07909249498190604, -0.016646958440000057, -0.0064724807734738606, -0.008042123191862992, 0.04777797677361932, 0.010335573871123714, -0.04517261277803119, -0.08230147264116895, -0.017437297587058816, -0.008525849855375611, -0.009064901958464922, 0.05011427854186372, 0.009884921508259727, -0.047505070561400776, -0.08484346880932164, -0.017890399099861842, -0.01026311152218764, -0.009971094679434354, 0.05220149759091018, 0.009617106562664256, -0.049639783692858055, -0.08685697144684426, -0.018019176143322043, -0.011743255820377618, -0.01078032806408586, 0.05405097216640771, 0.009537553793448082, -0.051561982248040025, -0.08846776371532185, -0.01785803911795609, -0.01300920227931694, -0.01151258474534165, 0.05568801542854087, 0.009646006971346342, -0.05328890568708148, -0.08978728642880146, -0.017455103502306432, -0.01409097246310387, -0.01218656059575126, 0.05713907454743046, 0.009935434047413521]","[0.6247508392920393, -0.39736361340930426, 0.5634894894065395, -0.41883175693789837, 0.5135734065947675, -0.42501169706853875, 0.4734571910794588, -0.42107629017231973, 0.4417405946099743, -0.41131190136685436, 0.4172067336638356, -0.3991529725883388, 0.39883316200616603, -0.38724425726632583, 0.3871181919197921, -0.378501087388437, 0.3811577919954686, -0.3736792089735595, 0.3792121805465195, -0.37203574560665253]","[0.01365335969604864, -0.06714711446220134, 0.01409790831617519, 0.01635374062062034, -0.06770004295109144, 0.013428645054135657, 0.01959206766264232, -0.06795215989345094, 0.012805403653935343, 0.023275754746266863, -0.06793926604867329, 0.012227569749692968, 0.027186710401425507, -0.06782077821534438, 0.011720340231421211, 0.03108468671765252, -0.06778937933815543, 0.0113037478802549, 0.034928059944736245, -0.0679041965958449, 0.01096713688028661, 0.038684697150699665, -0.06820558012439593, 0.010703825647800258, 0.04233234277422693, -0.06872338193732741, 0.010510036124933286, 0.04585458753985372, -0.06947810961538625, 0.010383286086614874, 0.049234230920141786, -0.07047737487394823, 0.010320513787361207]","[0.011429667472839355, -0.06501413136720657, 0.015254169702529907, -0.00010944157838821411, -0.024555422365665436, 0.0036187320947647095, 0.291796875, -0.2890869140625, 0.011287182569503784, -0.06499439850449562, 0.015245020389556885, -0.00024218112230300903, -0.02453356236219406, 0.0036163032054901123, 0.291796875, -0.2890869140625, 0.01107081025838852, -0.06492578983306885, 0.015082716941833496, -0.000353008508682251, -0.02452331781387329, 0.0036174505949020386, 0.291796875, -0.2890869140625, 0.010770298540592194, -0.0650215782225132, 0.015348941087722778, -0.0004409179091453552, -0.02452598512172699, 0.00362318754196167, 0.291796875, -0.2890869140625, 0.010853223502635956, -0.06482626125216484, 0.015007048845291138, -0.0005121231079101562, -0.02453499287366867, 0.003625348210334778, 0.291796875, -0.2890869140625]",0.010096849
"[12.575214147567749, 12.595214147567749, 12.615214147567748, 12.63521414756775, 12.655214147567749, 12.675214147567749, 12.695214147567748, 12.71521414756775, 12.73521414756775, 12.755214147567749, 12.775214147567748]","[-0.032920867972213316, -0.04924995143248056, -0.008552097941155488, 0.009761297169267078, -0.0006025700578860978, 0.03336417597513982, 0.01344868521865858, -0.034671228496183454, -0.05678570575631237, -0.010777570390552682, 0.006117532151216568, -0.002420641087079947, 0.03635483799836417, 0.012793162207993446, -0.03675604863816505, -0.06338646221361387, -0.01277755973384429, 0.0027211951067946404, -0.004045886208623464, 0.03946464631822137, 0.01181354090823946, -0.03921068399101229, -0.06897685326903025, -0.014542152370120463, -0.00031657560326402466, -0.00548922324005491, 0.042580069052596745, 0.010632021696134978, -0.041994303125171405, -0.07354930088592715, -0.016062177207567353, -0.0029190567209453973, -0.0067664581525826595, 0.045571567384444414, 0.009425666732391338, -0.04497259219422846, -0.07715738996624541, -0.017302624283174008, -0.005061952376313328, -0.007895379225046257, 0.04834916167809554, 0.008361962880230547, -0.047914281034669735, -0.07997622944043718, -0.01820244336809032, -0.006860306563459842, -0.008892805938600774, 0.05087791692972736, 0.007473809795031825, -0.05067888891234132, -0.08215996694346209, -0.018739942207061953, -0.008399581115621833, -0.009776607451664528, 0.053144762952837606, 0.0067793445254810325, -0.053199416738390334, -0.08384662234501827, -0.018925841973370907, -0.009741165688240273, -0.010565964555427566, 0.055160627161611284, 0.0062874813237540385, -0.05546354977216218, -0.08515953913608881, -0.018794749724929134, -0.010926850071324977, -0.01128050509937649, 0.05695172803886381, 0.005999995824320582, -0.0574946772368997, -0.08620643733101906, -0.018396725582360034, -0.011982788185576668, -0.011938684783836005, 0.05854577596814895, 0.005911624830027369]","[0.580859880874605, -0.43205136172377295, 0.5188471277038913, -0.4556279027317458, 0.46911707016380083, -0.46225229583562377, 0.4298103976471702, -0.45762772318253897, 0.39926204382453856, -0.44650036819164246, 0.37603185187792354, -0.43269594403554135, 0.3589113515743714, -0.4191813885858102, 0.3481164733407095, -0.4092430644112911, 0.34266800516750906, -0.40374776605125295, 0.34089875425185745, -0.4018686562668479]","[0.013424327115467594, -0.06694401244194381, 0.014055887777093545, 0.0162623233176874, -0.06735821825417698, 0.013346442330659514, 0.01975139099143919, -0.06741256311380006, 0.012660592674642146, 0.02371425092895252, -0.06722439480905296, 0.012023466848098074, 0.027906459942140804, -0.06694049779930822, 0.011457278651868297, 0.0321199340624615, -0.066724378290687, 0.010976584663106692, 0.0363134102395295, -0.0666335075356308, 0.010573264520004066, 0.04045481431746778, -0.06670817768162607, 0.010242918012353996, 0.04452219528959733, -0.0669789619219987, 0.009983435850005051, 0.04849925120499199, -0.06746761460322848, 0.00979328095122911, 0.05236757533555547, -0.06818369368292387, 0.00966964097359524]","[0.01165403425693512, -0.06521152704954147, 0.015309274196624756, 0.00014372915029525757, -0.024684704840183258, 0.0036301016807556152, 0.291796875, -0.2890869140625, 0.011722460389137268, -0.06519889831542969, 0.015315026044845581, 0.0001688748598098755, -0.02468036115169525, 0.0036327987909317017, 0.2906982421875, -0.2890869140625, 0.011770866811275482, -0.06517843902111053, 0.015314370393753052, 0.00017046183347702026, -0.024672463536262512, 0.003629043698310852, 0.291796875, -0.2890869140625, 0.011802487075328827, -0.0651572197675705, 0.015307813882827759, 0.00016645342111587524, -0.024659864604473114, 0.003623470664024353, 0.291796875, -0.2890869140625, 0.011804945766925812, -0.06513194367289543, 0.015305906534194946, 0.00015591084957122803, -0.024647369980812073, 0.003624945878982544, 0.291796875, -0.2890869140625]",0.010603689
"[12.6551194190979, 12.6751194190979, 12.6951194190979, 12.7151194190979, 12.7351194190979, 12.7551194190979, 12.7751194190979, 12.795119419097901, 12.8151194190979, 12.8351194190979, 12.8551194190979]","[-0.03290319838056055, -0.04925388742163406, -0.008842535476803071, 0.010034866473294527, -0.000527418173894227, 0.03347110874993553, 0.013399203715025919, -0.0348915609791901, -0.056456488702954416, -0.011072709809844858, 0.006616747652795272, -0.0023047713152955195, 0.03649443661238437, 0.012388159249554106, -0.03725528797277522, -0.06265240300681911, -0.013078743115495423, 0.003489120595548767, -0.0038878273102870655, 0.03963231891945236, 0.011061720095431889, -0.03999452628608775, -0.06781573919466885, -0.014843845370524902, 0.0007178669888254985, -0.00528862200499031, 0.04278618471143019, 0.009520404362782805, -0.04300295381858409, -0.07198381813788082, -0.016320341078042533, -0.0016923455592916827, -0.006524970720239661, 0.04586318246520213, 0.007891583077551844, -0.046260871595801695, -0.075187430232313, -0.017537644720822573, -0.00365250774062938, -0.007618030157107692, 0.04872302750235362, 0.006407177964341966, -0.04950403461594881, -0.07761416945345484, -0.018423902066666876, -0.005294185028510074, -0.008584062374837814, 0.051325833193838925, 0.005108086101290514, -0.05256974372725753, -0.07942610502464809, -0.018950083421198367, -0.006713618622217469, -0.009440393333686434, 0.05365594366967075, 0.004018553035023013, -0.05537777739233711, -0.08076521099019117, -0.019122486062389067, -0.00797789377940196, -0.010205635527924355, 0.05572360357866667, 0.0031513936255530704, -0.05790963146875954, -0.08175560475831312, -0.01897359498643525, -0.009130268693476083, -0.010898853810681145, 0.05755564835483042, 0.0025106295375022826, -0.060187488195107296, -0.08250351986213648, -0.018553031650151732, -0.010195061592991828, -0.011538002369422505, 0.05918105089929474, 0.002092611751743776]","[0.5449821583491012, -0.44296217886546535, 0.47963666806359884, -0.4720662441432094, 0.42813781795008915, -0.4819654760020094, 0.3882020637823565, -0.4789649245562272, 0.35779398047700217, -0.4683397881338355, 0.3351574266125439, -0.45435966012479, 0.3188184091617723, -0.4403522723851955, 0.3086705130508115, -0.4299362685050659, 0.30360495540721166, -0.42413653899517084, 0.301972225151421, -0.4221434806970137]","[0.012884236209982913, -0.06698605569296223, 0.014143087630726026, 0.015915028259945285, -0.06724473415309662, 0.013376672179652438, 0.019588389803544826, -0.06715048628642117, 0.012636299474173995, 0.023764599919305462, -0.066804099557642, 0.011940369609461765, 0.028306791359691497, -0.06632349733642817, 0.01130284123007641, 0.03288781551767128, -0.0658831155889219, 0.010749300341886148, 0.037463173941712835, -0.06554012280382704, 0.01027242760688507, 0.041998376358035605, -0.06533572919896669, 0.009868981526040876, 0.04646986566140432, -0.06530217800497118, 0.009537806595710574, 0.05086007068136378, -0.06546352517920617, 0.009277860556507811, 0.05514885380176682, -0.06583246407248655, 0.009086311398355473]","[0.010929010808467865, -0.0651559978723526, 0.015366613864898682, -8.83936882019043e-05, -0.02460891753435135, 0.0036289840936660767, 0.291796875, -0.2890869140625, 0.011085569858551025, -0.06509270519018173, 0.015091776847839355, -8.090585470199585e-05, -0.024625368416309357, 0.0036270469427108765, 0.291796875, -0.2890869140625, 0.01100323349237442, -0.06521103903651237, 0.015386432409286499, -5.854666233062744e-05, -0.024640627205371857, 0.0036315619945526123, 0.291796875, -0.28798828125, 0.011204175651073456, -0.0651421882212162, 0.015109002590179443, -2.7842819690704346e-05, -0.024655885994434357, 0.0036278218030929565, 0.291796875, -0.2890869140625, 0.011141784489154816, -0.06524891778826714, 0.015410661697387695, 1.4528632164001465e-06, -0.024664796888828278, 0.003630325198173523, 0.291796875, -0.2890869140625]",0.010048385
"[12.735347509384155, 12.755347509384155, 12.775347509384154, 12.795347509384156, 12.815347509384155, 12.835347509384155, 12.855347509384154, 12.875347509384156, 12.895347509384155, 12.915347509384155, 12.935347509384155]","[-0.03295216046708474, -0.04925204256054161, -0.008469619893319085, 0.009639597912701808, -0.0005360357320037333, 0.033895055178811, 0.01308522390096246, -0.03524019987570408, -0.056067633870364564, -0.010692660894204073, 0.0065124704374978646, -0.002278009073532346, 0.0368782416039793, 0.011892518579359789, -0.037897110957834976, -0.06186123567698553, -0.012698181594094313, 0.0036880270496168137, -0.0038242064058745845, 0.0399637579122549, 0.010362920552127675, -0.0408546997350774, -0.06664547656852675, -0.014431246316176463, 0.0011571413912638735, -0.0051857062747368305, 0.04308298282132331, 0.008531262309573948, -0.04411994766379633, -0.07042959380641081, -0.01590947935358751, -0.00101634247943931, -0.006380993349014522, 0.04609385795422315, 0.006576284206573983, -0.047633538397492334, -0.07321912806188272, -0.017130960135428183, -0.002739755793606577, -0.007431375235362483, 0.04888193831700392, 0.004756903376844666, -0.051122507635516706, -0.07522190447114696, -0.018024725512780067, -0.004160051700893253, -0.008354751668564964, 0.05140898391671571, 0.0031193391571202227, -0.054418918385203706, -0.07661440173122477, -0.018562578115011642, -0.0053845189823682384, -0.009169532171030115, 0.05366119217896469, 0.0016923438983025851, -0.05744017964614907, -0.07754792096660423, -0.018751504287452744, -0.0064873661893121905, -0.00989492381002005, 0.05565074058670489, 0.00049216801816985, -0.06016760012515502, -0.07815171305336524, -0.018624460655758443, -0.007515605893040919, -0.010550209411292599, 0.0574063566288604, -0.000474549117341126, -0.06262465486675614, -0.07853394341187359, -0.0182312774563346, -0.00849454400467523, -0.011153318705816352, 0.05895876474102032, -0.0012090875710896972]","[0.5111437443305828, -0.4583411003581792, 0.44088897473832844, -0.48816435235189903, 0.3862146715540009, -0.49829059297200484, 0.3444326249486145, -0.49518896475814866, 0.31314727336585313, -0.4842692579158202, 0.29028780011264865, -0.46991108343083193, 0.27410800859641116, -0.45552891532906964, 0.2642078773646973, -0.4448312016982333, 0.259321951582053, -0.43887114153317014, 0.2577596452465075, -0.43682133853718974]","[0.014174134759243229, -0.0669558018302765, 0.014029499780493282, 0.017277134772279656, -0.06716608462615703, 0.013260100313934764, 0.02100430834286815, -0.06700845333392547, 0.012508376471663585, 0.02532726813684283, -0.06653562491041898, 0.011776990324809944, 0.02999932756122292, -0.06585823441515615, 0.011089780415312944, 0.03471075289503256, -0.06519040578339474, 0.010479486565423635, 0.039418924576463565, -0.06458771496104898, 0.009939873275556455, 0.04409115227411031, -0.06409082348635176, 0.009469001438146663, 0.04870566758637107, -0.06373236586284659, 0.00906689905084157, 0.05324651770072775, -0.06353775967911934, 0.008733422407971148, 0.05769467073872114, -0.06352221566917837, 0.00846631856582647]","[0.011360742151737213, -0.06496207788586617, 0.015201777219772339, 5.774199962615967e-05, -0.024545125663280487, 0.003612905740737915, 0.291796875, -0.2890869140625, 0.01130317896604538, -0.06496354192495346, 0.015198618173599243, 2.2679567337036133e-05, -0.02454303950071335, 0.0036135464906692505, 0.291796875, -0.2890869140625, 0.011243447661399841, -0.06497380882501602, 0.015197038650512695, -1.913309097290039e-05, -0.024548545479774475, 0.0036134421825408936, 0.291796875, -0.2890869140625, 0.011140711605548859, -0.06492943316698074, 0.015042752027511597, -4.844367504119873e-05, -0.02455117553472519, 0.003611460328102112, 0.291796875, -0.2890869140625, 0.01096847653388977, -0.06504335254430771, 0.015335828065872192, -6.780773401260376e-05, -0.024558670818805695, 0.0036219656467437744, 0.291796875, -0.2890869140625]",0.00975337
"[12.81423544883728, 12.83423544883728, 12.85423544883728, 12.87423544883728, 12.89423544883728, 12.91423544883728, 12.93423544883728, 12.95423544883728, 12.97423544883728, 12.99423544883728, 13.01423544883728]","[-0.03297967915502502, -0.049255597436559925, -0.008020885585890505, 0.009413183836108686, -0.00035124570416004107, 0.03368731358713987, 0.013321579875216776, -0.03559726242692221, -0.05563620057029082, -0.010330934505546981, 0.0066833027893149774, -0.002064508861697732, 0.036654762796694884, 0.011875020429429424, -0.03853417486400325, -0.06101341185651152, -0.012394239947015998, 0.004193882453223894, -0.003579107957535819, 0.03978045298125189, 0.00997039648881463, -0.041842602671144195, -0.06537206041780544, -0.014221525038495927, 0.0019955789175653744, -0.004908076389686299, 0.042944411025218926, 0.0077013517568480586, -0.04549495303262127, -0.06869686700887288, -0.015801022576414896, 0.0001586316602756923, -0.0060710674096788155, 0.04602076433412042, 0.005286147471620541, -0.04941701068471014, -0.07102213598295608, -0.01713204452424038, -0.0012463009742770224, -0.007090985587938176, 0.048883793632476025, 0.0029940827159153256, -0.05331421236722206, -0.07257234569600476, -0.01813644993103728, -0.0023842511618567467, -0.00798628799685426, 0.05149186676657869, 0.0008798168940323168, -0.05700414961747134, -0.07353467285976384, -0.01878055072291634, -0.0033748368000572956, -0.008775595814333974, 0.05382895115663597, -0.0010208357879982898, -0.06039595070014728, -0.07406592957113688, -0.019067374379802427, -0.0042993666954021315, -0.009478008225290721, 0.05590593908475694, -0.0026864671013663664, -0.06346765775231847, -0.07429671220152051, -0.019027250169517226, -0.005207479943076996, -0.010112490717935657, 0.05775093517405249, -0.004106719378928815, -0.06624313722596627, -0.07433355721460977, -0.018708476628649356, -0.006123483216355688, -0.010696587162685251, 0.059394376253535344, -0.005279562291284188]","[0.46869192658891673, -0.48125767566108973, 0.394684288540279, -0.5146551867189018, 0.3380302400030038, -0.5269052738647027, 0.2955689819518136, -0.5248325026440188, 0.26448943037803685, -0.5141731013788531, 0.24235971407295465, -0.4995984443870273, 0.22712468275976472, -0.4847757228733828, 0.21800508735273783, -0.47366499845788784, 0.21358160653769162, -0.4674424370857684, 0.21218457816649283, -0.4652937535935992]","[0.014739981491496135, -0.0671969297429662, 0.014136180176866908, 0.017776167480196392, -0.06732569939158228, 0.013347741434655003, 0.02158553463106072, -0.06702210783807461, 0.012543417904403054, 0.026028763786950404, -0.06633420061812867, 0.01173946821501115, 0.030863665918650196, -0.06541492705895546, 0.010970803790335992, 0.03577170519347217, -0.06446970204268032, 0.010271075197440638, 0.04071158943105613, -0.06355332250565571, 0.009636566650015332, 0.04565171146932967, -0.06270757987215703, 0.009068260691406316, 0.05057134393599694, -0.06196733153194511, 0.0085689664810924, 0.055455227473867996, -0.061361003713246376, 0.008140879682707158, 0.060283982101565825, -0.06090778128447516, 0.007783513265581465]","[0.011653415858745575, -0.06506822258234024, 0.015250802040100098, 0.0003153383731842041, -0.024594604969024658, 0.0036088526248931885, 0.291796875, -0.2890869140625, 0.011638008058071136, -0.06505433097481728, 0.01524883508682251, 0.0002660676836967468, -0.02459133416414261, 0.0036165565252304077, 0.291796875, -0.2890869140625, 0.011620789766311646, -0.0650363340973854, 0.015248298645019531, 0.0002207532525062561, -0.02459006756544113, 0.0036162734031677246, 0.291796875, -0.2890869140625, 0.011601686477661133, -0.06501737982034683, 0.015238374471664429, 0.0001918897032737732, -0.02458486706018448, 0.0036140531301498413, 0.291796875, -0.2890869140625, 0.01156877726316452, -0.06500023975968361, 0.015234529972076416, 0.00017631053924560547, -0.024574868381023407, 0.003617510199546814, 0.291796875, -0.2890869140625]",0.01061561
"[12.894646883010864, 12.914646883010864, 12.934646883010863, 12.954646883010865, 12.974646883010864, 12.994646883010864, 13.014646883010863, 13.034646883010865, 13.054646883010864, 13.074646883010864, 13.094646883010864]","[-0.03294396526342385, -0.04925513168298053, -0.008187934723005278, 0.00961407867763499, -0.0004023040249988864, 0.03334887562458578, 0.013501430208776862, -0.03592412739165454, -0.05519574668534967, -0.0105748303510747, 0.007234311753147576, -0.00206386496104838, 0.036520424455066994, 0.01159509885126634, -0.03931417243294115, -0.06012967625365024, -0.01274458694567331, 0.005090538935170939, -0.0035307397805738614, 0.03985525060545192, 0.009174520160028779, -0.04312425382215215, -0.0640186911925047, -0.014681681527174972, 0.003241860784695149, -0.004816391617128322, 0.04322323181930314, 0.006387496009467607, -0.04730407173077835, -0.06687767189148716, -0.016382598378014847, 0.0017398072010196485, -0.0059396350738374435, 0.04646341845357553, 0.0034746057999406237, -0.0516965218714763, -0.06875763754032252, -0.017804628607685988, 0.0006128511141283014, -0.006921928762557383, 0.04946865107076705, 0.0006995749330907312, -0.055998055609272825, -0.06989286761964471, -0.01886749573038458, -0.00031426321721111765, -0.007782042113168678, 0.05219634414830957, -0.0018762544322267454, -0.06002490792866316, -0.07047555393998961, -0.01953794333929144, -0.0011656034768499034, -0.008538750094414268, 0.05463123785548127, -0.004212198628031003, -0.06369115346947776, -0.07066335264294021, -0.019821508257850413, -0.002021886214191406, -0.009211115539476941, 0.056786679210556315, -0.006284577845916576, -0.06698430254088157, -0.07058445410274936, -0.019752508904054, -0.0029281212510324736, -0.009817951933503781, 0.05869419340043144, -0.008082576979137966, -0.069940154164476, -0.07034086000899431, -0.019384109757615557, -0.003901021267723026, -0.010376630614165893, 0.060387573355119656, -0.00960395063915278]","[0.42157088420257327, -0.5183637914308539, 0.3468535204304113, -0.5504431730847827, 0.29075320198433274, -0.5603120151015344, 0.24967020329452247, -0.5552803575428678, 0.22041718378096162, -0.5414935046645573, 0.20024537434317002, -0.523959997960812, 0.1868390355136763, -0.5066115272515239, 0.17904614640606625, -0.4937460419337254, 0.17535672255681783, -0.4865739589417513, 0.17421208312986824, -0.4841008368437982]","[0.014017538523230844, -0.06718129066229972, 0.01416080580735013, 0.01730440701451763, -0.06717938456788985, 0.013321265574893992, 0.021424062298797786, -0.0666892892318236, 0.012444202983262986, 0.026206984179974246, -0.06579574510854691, 0.011559423419202464, 0.03136374304283618, -0.06463579769079963, 0.010703617568681878, 0.0366209266614701, -0.06341907739005315, 0.00991305545787835, 0.041936601522773564, -0.062201744895738376, 0.009187945515636287, 0.04727817840702331, -0.061028409027588104, 0.008533077002648604, 0.052624409213227974, -0.05993701436996357, 0.00795435942437317, 0.05795949350674334, -0.058959070821751336, 0.00745611518456446, 0.06326217285683244, -0.058117255412461155, 0.0070389288106280645]","[0.01228419691324234, -0.06464982032775879, 0.015276849269866943, 0.0011488571763038635, -0.024224407970905304, 0.0033939629793167114, 0.291796875, -0.2890869140625, 0.012216046452522278, -0.06469645723700523, 0.014987170696258545, 0.0009032264351844788, -0.024335071444511414, 0.0034338533878326416, 0.291796875, -0.2890869140625, 0.011858277022838593, -0.06488125398755074, 0.015340715646743774, 0.0006930381059646606, -0.024434909224510193, 0.003488391637802124, 0.291796875, -0.2890869140625, 0.01190686970949173, -0.06488020345568657, 0.015042364597320557, 0.0005899667739868164, -0.02448439598083496, 0.003534764051437378, 0.291796875, -0.2890869140625, 0.01165587455034256, -0.0650164932012558, 0.015370398759841919, 0.0005594417452812195, -0.02450414001941681, 0.0035454630851745605, 0.291796875, -0.2890869140625]",0.011241718
"[12.974679231643677, 12.994679231643676, 13.014679231643676, 13.034679231643677, 13.054679231643677, 13.074679231643676, 13.094679231643676, 13.114679231643677, 13.134679231643677, 13.154679231643676, 13.174679231643676]","[-0.03296054765302742, -0.04925357194833362, -0.008337779345893682, 0.009575588898419671, -0.00049362796394013, 0.033661342079843073, 0.013150174481091462, -0.03631786599549905, -0.05473903532525391, -0.01073404721792129, 0.0075144778524046775, -0.002100230437654559, 0.03690147075115727, 0.010892091838097355, -0.040083643517587086, -0.05919352087834171, -0.012911006188659278, 0.005697363350568491, -0.0035128916893880967, 0.04026343239857955, 0.008125061702491365, -0.0442472434054369, -0.06260540739211784, -0.014857064179070253, 0.004158941887475766, -0.004743456359867556, 0.043611335616363545, 0.0049941733062590105, -0.04867763025731361, -0.06500352326317976, -0.016516148492631944, 0.0028986914178118824, -0.0058111399217460865, 0.04683491128001077, 0.0017120884664862583, -0.05329319267274015, -0.06643253360528424, -0.01788836929315139, 0.001979520661427359, -0.00674052006273726, 0.04980431779200579, -0.0014203424629227871, -0.05778387515378894, -0.06713866647968489, -0.018894509665327786, 0.001216585810652449, -0.007550968967082255, 0.05247834718342195, -0.004336928965127952, -0.061964295556555256, -0.06732113579417943, -0.019503261914858135, 0.0004808826513447632, -0.008261528026217319, 0.05484404474819811, -0.0069935376237308675, -0.06575085639522518, -0.06714030641805133, -0.019722703995872354, -0.0003091681272555464, -0.008891194469452544, 0.05691776352334164, -0.009364932601823413, -0.06913616496253208, -0.06672365227907187, -0.019589970998133286, -0.0011961583939632324, -0.009458480216858701, 0.05873434390827861, -0.011440062139776924, -0.07216258849354867, -0.06617010597632755, -0.019161017003031956, -0.0021919574961909794, -0.009980348128279474, 0.060330780807845714, -0.013216646617865145]","[0.3789445587248186, -0.5349748893237827, 0.30255815294887267, -0.5662793389248868, 0.24608281596124842, -0.5747664124736453, 0.2055177680292767, -0.5680391504854895, 0.17732657754342113, -0.5524884117120146, 0.15846338798199408, -0.5333153595453752, 0.14636503216158914, -0.5145934813868741, 0.1395526326296146, -0.5007839990763149, 0.1364160742492789, -0.4931040661485603, 0.13546378808017534, -0.4904577499546429]","[0.014227928689217184, -0.06694326107253978, 0.014037881789466411, 0.01775487764397976, -0.0668225472528432, 0.01316372904398655, 0.02208484144475853, -0.06619254812522524, 0.012244566059447237, 0.02704383237110286, -0.0651185929932172, 0.011307586844319317, 0.03244306690889731, -0.06374220546271658, 0.010388486007186337, 0.03794475417085508, -0.06227880469683722, 0.009531006460301139, 0.04350588213000972, -0.06078453046683929, 0.008738073932312407, 0.049092967270109256, -0.05930514930046682, 0.008017091533417453, 0.0546843695108562, -0.057880213159883453, 0.0073759963016248875, 0.06026405962910464, -0.05654321078094515, 0.0068203540079201375, 0.06580997625855833, -0.05531959207435655, 0.006351185789863045]","[0.01228419691324234, -0.06464982032775879, 0.015276849269866943, 0.0011488571763038635, -0.024224407970905304, 0.0033939629793167114, 0.291796875, -0.2890869140625, 0.012216046452522278, -0.06469645723700523, 0.014987170696258545, 0.0009032264351844788, -0.024335071444511414, 0.0034338533878326416, 0.291796875, -0.2890869140625, 0.011858277022838593, -0.06488125398755074, 0.015340715646743774, 0.0006930381059646606, -0.024434909224510193, 0.003488391637802124, 0.291796875, -0.2890869140625, 0.01190686970949173, -0.06488020345568657, 0.015042364597320557, 0.0005899667739868164, -0.02448439598083496, 0.003534764051437378, 0.291796875, -0.2890869140625, 0.01165587455034256, -0.0650164932012558, 0.015370398759841919, 0.0005594417452812195, -0.02450414001941681, 0.0035454630851745605, 0.291796875, -0.2890869140625]",0.010755093
"[13.055229902267456, 13.075229902267456, 13.095229902267455, 13.115229902267457, 13.135229902267456, 13.155229902267456, 13.175229902267455, 13.195229902267457, 13.215229902267456, 13.235229902267456, 13.255229902267455]","[-0.03297415524529268, -0.04925212084790679, -0.008132011667210351, 0.009406834151674606, -0.00042273088338462794, 0.03370025101985849, 0.013260227724983533, -0.03673274995727646, -0.054244411003752775, -0.010594179650295634, 0.007777577569147197, -0.0019872632994872843, 0.036950561646366946, 0.010690138913921472, -0.04089037362209276, -0.0582045720939758, -0.012845540696514607, 0.0063807325045185615, -0.003354749628665592, 0.040296344103606316, 0.007570991162636471, -0.04536267128129193, -0.061130392103653966, -0.014821844294913799, 0.005197353342009073, -0.004537032227504787, 0.0436523726247503, 0.004014731512485117, -0.05009966440198394, -0.06304109994285287, -0.016510462739153752, 0.004260053175379727, -0.00555651437987161, 0.04688220203378465, 0.00027429328773873133, -0.05502155790933733, -0.06397809651956744, -0.017912054378827414, 0.0036368700055632542, -0.006439372423228803, 0.049854669131799846, -0.00332021255532316, -0.059803692082046535, -0.0642059070874604, -0.018945015628176666, 0.003126555873850063, -0.0072059756351317466, 0.052527659594753036, -0.006694720854242723, -0.06425207823468214, -0.06393541157569463, -0.019576628408738715, 0.0025895883325778605, -0.007875861690873592, 0.0548882561652298, -0.009798808888219025, -0.06827966483751932, -0.0633328185829954, -0.019814387231913554, 0.0019391997368349968, -0.008468063448990799, 0.05695355382495925, -0.012603057252945889, -0.07187961358357875, -0.06252675886582465, -0.019695473166031676, 0.0011321006813150266, -0.009000805981292426, 0.058759551442897656, -0.015093759185251009, -0.07509753494109178, -0.061613995149121026, -0.019276306758948446, 0.0001592678362994374, -0.0094906192399405, 0.06034451532248343, -0.01726632898589818]","[0.33424777065147515, -0.553859316176736, 0.2543266372727664, -0.5866117685207966, 0.19617166725698215, -0.5955348375939077, 0.15527293337680792, -0.5885399134558371, 0.12764086315722437, -0.5722942638076383, 0.1098347383642023, -0.552238277760949, 0.09895464360724679, -0.5326438607137272, 0.09311181851945163, -0.5181761678391168, 0.09054026866930814, -0.5101198366834641, 0.08978847209359514, -0.507339710270601]","[0.014629471217565637, -0.06704593232188394, 0.014073307521638156, 0.018189871049076545, -0.06684462301132443, 0.013177624923876419, 0.02254929227348934, -0.06607896322904638, 0.012214917869870057, 0.027644161326500494, -0.06481038926259819, 0.011208139426674979, 0.033222217297223966, -0.06318057002005073, 0.01020312050495864, 0.038927585232966466, -0.06142138533126351, 0.009251865350355715, 0.044717266836078906, -0.05958934871429733, 0.008360837875559302, 0.05055772019001803, -0.057732305557522956, 0.007541429918982878, 0.05642741357224956, -0.05589261655508393, 0.006805332071677661, 0.062310270455561256, -0.054107044542594185, 0.006161227739882591, 0.06818329329019013, -0.052405141178943904, 0.005612411075985424]","[0.02143671363592148, -0.05980869010090828, 0.014310866594314575, 0.006973244249820709, -0.021557338535785675, 0.0029082149267196655, 0.291796875, -0.2890869140625, 0.02085021883249283, -0.0601353757083416, 0.01405632495880127, 0.006383493542671204, -0.021787479519844055, 0.002954035997390747, 0.291796875, -0.2890869140625, 0.020128794014453888, -0.06051631271839142, 0.014113157987594604, 0.005781784653663635, -0.022038012742996216, 0.0030165165662765503, 0.2906982421875, -0.2890869140625, 0.019449874758720398, -0.06088865175843239, 0.01415950059890747, 0.005337312817573547, -0.022291265428066254, 0.0030469298362731934, 0.291796875, -0.2890869140625, 0.018597833812236786, -0.06129544600844383, 0.014522075653076172, 0.004959128797054291, -0.022500380873680115, 0.003065362572669983, 0.291796875, -0.2890869140625]",0.010611291
"[13.134470701217651, 13.154470701217651, 13.17447070121765, 13.194470701217652, 13.214470701217651, 13.234470701217651, 13.25447070121765, 13.274470701217652, 13.294470701217652, 13.314470701217651, 13.33447070121765]","[-0.032988732960671355, -0.049214010147051804, -0.008002353763097476, 0.009296638363437323, -0.0003938942414350924, 0.03364167131249772, 0.013095176881665066, -0.03719851092643668, -0.053684483638087775, -0.010558731655837192, 0.008089958993431387, -0.0019081302662000317, 0.03693070615434467, 0.010179347860609853, -0.04173121704880378, -0.0571373555136262, -0.012860970079629603, 0.007056400973468981, -0.003224792213084777, 0.04034122646677736, 0.006649962517574998, -0.04657942124327147, -0.05956276873073128, -0.01488968918338666, 0.006210758215386525, -0.004358691405124154, 0.043749480312088626, 0.0026659929047977825, -0.051691013648915124, -0.06097854141259726, -0.016636210312321664, 0.005591724606908736, -0.005332627412373817, 0.047006828474789854, -0.00148618581934707, -0.05693835116878955, -0.061446503378749434, -0.01807942544738005, 0.005235251346828162, -0.006172700197063591, 0.04999455679620604, -0.005480474043566362, -0.061994207194183644, -0.06124115676993988, -0.01913858251180692, 0.004931604890895376, -0.0068998448923528796, 0.05267148523076117, -0.009237751175129701, -0.06666628621545415, -0.06057813079220328, -0.01978253126555558, 0.0045376942499240815, -0.007533778626616882, 0.055026318522683235, -0.012703965652502501, -0.07087274724461495, -0.059623828132116266, -0.02002086052520381, 0.003967503579095034, -0.008093338757853534, 0.05707832470136116, -0.015848169550231963, -0.07461442210609165, -0.05850355111634408, -0.019893149632145345, 0.003181950189229798, -0.008596308546827875, 0.05886590087302108, -0.018656551035692644, -0.07794579553754347, -0.057308477630745897, -0.019458299076500325, 0.0021787314910016228, -0.009058696956723913, 0.06042953652439938, -0.02112448001025788]","[0.28594283750968424, -0.5794636118551957, 0.20562369470404693, -0.6105977985456362, 0.1482819552031823, -0.6174644353787317, 0.10897553856527215, -0.6082291270078047, 0.0833416334704638, -0.5897744746223774, 0.06762364345210756, -0.567718497063868, 0.058661946046618035, -0.5464707785987724, 0.054201673005497004, -0.5308713744859785, 0.05239289453565175, -0.5222060674775275, 0.051903319829382025, -0.5192177678299394]","[0.014948707369709213, -0.06690857660159999, 0.014018690468074357, 0.018584797704622402, -0.06656678756157763, 0.013090973250458049, 0.023122501855469935, -0.06561815492380596, 0.01207060718105879, 0.028417929615712878, -0.06412253721552919, 0.010990704879637825, 0.034183556067099, -0.062233927114175636, 0.009904766988602098, 0.0400927179776871, -0.060183998048255916, 0.00886699984481032, 0.04610293378080377, -0.058030728571351275, 0.007888402757796342, 0.0521808455446231, -0.05582480498739395, 0.0069847727126077785, 0.0583053023742689, -0.05361155775196336, 0.00617151180190767, 0.06446048551187578, -0.05143061749321909, 0.005460050431909114, 0.07062265734992768, -0.04931484258661589, 0.004855371546441223]","[0.026619642972946167, -0.057360321283340454, 0.0141468346118927, 0.01021844893693924, -0.0201324000954628, 0.002864047884941101, 0.291796875, -0.2890869140625, 0.026020944118499756, -0.057594891637563705, 0.014148086309432983, 0.009721018373966217, -0.020257867872714996, 0.00284615159034729, 0.291796875, -0.2890869140625, 0.025412634015083313, -0.05786231532692909, 0.014156937599182129, 0.009250007569789886, -0.020463362336158752, 0.002900630235671997, 0.291796875, -0.2890869140625, 0.02482903003692627, -0.058146439492702484, 0.01417630910873413, 0.008817523717880249, -0.020637348294258118, 0.0028602033853530884, 0.291796875, -0.2890869140625, 0.024007022380828857, -0.05848141387104988, 0.014379262924194336, 0.008470475673675537, -0.020821571350097656, 0.002822667360305786, 0.291796875, -0.2890869140625]",0.010619246
"[13.154989004135132, 13.174989004135131, 13.194989004135131, 13.214989004135132, 13.234989004135132, 13.254989004135131, 13.274989004135131, 13.294989004135132, 13.314989004135132, 13.334989004135132, 13.354989004135131]","[-0.0329871668972785, -0.049245601486883984, -0.007962005422048744, 0.009110042914805262, -0.00041118904005256175, 0.03379267568812259, 0.012707992510754187, -0.03763186877874106, -0.05320348003166239, -0.010555826735855518, 0.00827220976875916, -0.0018774452683353103, 0.03720736756612693, 0.009445979080266034, -0.04258089569652623, -0.05619343877957538, -0.012898475885330277, 0.007574631333229454, -0.0031576265075095727, 0.04071578394699367, 0.005622837798718973, -0.04780939102434454, -0.058216795718294315, -0.014976491318733912, 0.007033802738291874, -0.004266240129896383, 0.04416367694852161, 0.0014352169031554532, -0.05320476155415553, -0.05932189501930859, -0.016763609348995564, 0.0066489257290642, -0.005222592306571941, 0.047402035203574375, -0.002849007484836643, -0.05858844459990631, -0.059580421132219716, -0.01820923407222509, 0.006420542449298293, -0.00604980721095124, 0.05033969111372223, -0.006938717071222667, -0.06366442505558159, -0.059248833602763465, -0.01924205395614415, 0.006155266502796962, -0.006767851868443887, 0.05294242924789529, -0.010757458591188093, -0.06826863394359278, -0.05852607485191029, -0.019839629238573277, 0.00572634538137279, -0.007395578804153685, 0.05520535206493408, -0.014254137451185867, -0.07234446139194647, -0.057562879060919774, -0.020019326034054742, 0.005063872853790813, -0.007950953397047562, 0.05715353996045948, -0.017401901782803295, -0.07591472928215169, -0.05647002321827073, -0.01982740682214514, 0.00414419825970406, -0.008450917182206722, 0.05883044287045609, -0.020191597023967396, -0.07905231732835817, -0.055325711897604005, -0.01932826424572983, 0.0029793121413395755, -0.00891075733306358, 0.06028064380107563, -0.022622603911156326]","[0.2477334770921815, -0.6050951764404792, 0.17590177493743367, -0.6274341213578042, 0.12590810196829874, -0.6268821487364673, 0.09282319219673893, -0.6115677104163217, 0.07231441959376265, -0.5882977183906146, 0.060672804331262875, -0.562586697059549, 0.05480012594684319, -0.5387208093095982, 0.05232422043401002, -0.5215000198037555, 0.05153074801247477, -0.5120236314289134, 0.05137321522549816, -0.5087721894083479]","[0.015434100155251151, -0.06662454735336043, 0.013892844115809488, 0.01931183618417298, -0.06618295001910424, 0.012935927720539198, 0.024057584155145695, -0.06514291067826994, 0.011883523287338438, 0.029467058171898097, -0.0635723491868263, 0.010774562128675669, 0.03527065987238731, -0.06160641877447981, 0.009658583924564645, 0.04120603173715964, -0.05946516918091094, 0.008589495024492688, 0.04723270801589918, -0.05720915714518782, 0.0075833087143477584, 0.05331846475660651, -0.05489193900043343, 0.00665896432755364, 0.05944320091537403, -0.05256082392283945, 0.005833310893478938, 0.06559191982378376, -0.050256671865676505, 0.005117849573755606, 0.07174082021462103, -0.04801369146369483, 0.0045166257261084475]","[0.029585525393486023, -0.05625540390610695, 0.014111816883087158, 0.011755429208278656, -0.019529156386852264, 0.0027620941400527954, 0.291796875, -0.2890869140625, 0.02916523814201355, -0.056398119777441025, 0.014113366603851318, 0.011635906994342804, -0.019640512764453888, 0.002900347113609314, 0.291796875, -0.2890869140625, 0.028712064027786255, -0.056559063494205475, 0.014104127883911133, 0.011396169662475586, -0.019735895097255707, 0.00287531316280365, 0.291796875, -0.2890869140625, 0.028249070048332214, -0.056733034551143646, 0.014104098081588745, 0.011179238557815552, -0.019839607179164886, 0.0028442740440368652, 0.291796875, -0.2890869140625, 0.027732878923416138, -0.0569470152258873, 0.014127850532531738, 0.010941162705421448, -0.01993083953857422, 0.002851426601409912, 0.291796875, -0.2890869140625]",0.005819295
"[13.275837898254395, 13.295837898254394, 13.315837898254394, 13.335837898254395, 13.355837898254395, 13.375837898254394, 13.395837898254394, 13.415837898254395, 13.435837898254395, 13.455837898254394, 13.475837898254394]","[-0.03301545728136472, -0.04922273074021773, -0.007572364217257483, 0.008205804785120247, -0.0003485686808509592, 0.03516826955960345, 0.009066987562386893, -0.03789360384006878, -0.05291133099027938, -0.010005309599076728, 0.00717284176281715, -0.0018224125636100896, 0.038475117115257584, 0.0061865224744596225, -0.042931866535604726, -0.0557497870325357, -0.012194130069208583, 0.006268918164656568, -0.0031150418560216366, 0.041728646350637, 0.0028712704376710474, -0.048055360726315055, -0.05773552169605536, -0.014103465694963742, 0.0054579375038704405, -0.004223242124538453, 0.04479941889104192, -0.0008419157117569032, -0.05311250228083458, -0.05889679162198535, -0.015665007363502383, 0.0046685489561129005, -0.005154977887875022, 0.04760872824802544, -0.00483744608403399, -0.0581634190964231, -0.05904492815985145, -0.016877285926866364, 0.004173293652243326, -0.005940032733161091, 0.05010072389770927, -0.008628944422170801, -0.0629297809053791, -0.05848088370967141, -0.01769054586171091, 0.0037651682164063596, -0.006604623691446581, 0.0522525351943015, -0.012147855589401, -0.06725747830779316, -0.057440034309643145, -0.018097963921567685, 0.00330359136168951, -0.00717229723844758, 0.05406767836728983, -0.015350041038662032, -0.0710929960318423, -0.056103071793563344, -0.018127211630279055, 0.002704377465363993, -0.007664525434875538, 0.05557716190030799, -0.018213448818818475, -0.07445678030913228, -0.05460524888387333, -0.01783029638149189, 0.001929284614274827, -0.008100756832048143, 0.05682851374776922, -0.020732145193729484, -0.07741564806299468, -0.05304432564343727, -0.017273613266608253, 0.0009756830632597631, -0.008497903216603743, 0.05786937133898954, -0.022908628519516597]","[0.26380543976015414, -0.5830937068632924, 0.1787719325072575, -0.6015319992588939, 0.1180325840865993, -0.5991319349470972, 0.07632372728979289, -0.5834710445158983, 0.049016458247659926, -0.5608508465949696, 0.03215309162768886, -0.5363275189044613, 0.022425994581161533, -0.5137865072423505, 0.01751369006769095, -0.49762370021722235, 0.01548599053325186, -0.48877224198259117, 0.014926940212512218, -0.48574690874117077]","[0.019336603349279446, -0.06463930294144493, 0.013059482755120477, 0.02353391377244729, -0.06411277347185784, 0.012132251207761957, 0.028332586660779313, -0.06304401894987377, 0.011147634263072081, 0.03365530456657306, -0.06138395204417968, 0.010109715128892027, 0.03943659060423965, -0.05916288661091995, 0.009043475639288978, 0.04524806599553277, -0.056813444271961, 0.00803652599345206, 0.05105205856119144, -0.054391648693421946, 0.007096575886920142, 0.05682018276137657, -0.051943949212877705, 0.006234777117259949, 0.06253648083744556, -0.049510819141724394, 0.005461080753523806, 0.0681907270679527, -0.04712746823076497, 0.004781237081695089, 0.07376564360703941, -0.04482320577231036, 0.004194909171055805]","[0.031900033354759216, -0.05577978119254112, 0.01425635814666748, 0.013336420059204102, -0.019186660647392273, 0.0026321709156036377, 0.291796875, -0.2890869140625, 0.031752824783325195, -0.055786557495594025, 0.014240860939025879, 0.013229474425315857, -0.01919609308242798, 0.0026358813047409058, 0.291796875, -0.2890869140625, 0.031563565135002136, -0.05580459535121918, 0.014215707778930664, 0.01310892403125763, -0.019228696823120117, 0.0026343315839767456, 0.291796875, -0.2890869140625, 0.03133298456668854, -0.05584293231368065, 0.014196723699569702, 0.01309831440448761, -0.01930740475654602, 0.0028872042894363403, 0.291796875, -0.2890869140625, 0.031065016984939575, -0.05588953197002411, 0.014188140630722046, 0.013011083006858826, -0.019300691783428192, 0.0028786063194274902, 0.291796875, -0.2890869140625]",0.010732003
"[13.355336427688599, 13.375336427688598, 13.395336427688598, 13.4153364276886, 13.435336427688599, 13.455336427688598, 13.475336427688598, 13.4953364276886, 13.515336427688599, 13.535336427688598, 13.555336427688598]","[-0.03326940199965101, -0.04904693468463532, -0.004985568724204418, 0.0022884939373235182, 0.0003160924071457041, 0.034473089238317475, 0.010079586065991238, -0.03849269147736571, -0.05234857841249718, -0.007640532999415977, 0.0019753767098658133, -0.0011944933825883668, 0.037508300737523294, 0.00785375336069688, -0.04384017373192434, -0.05479571698603791, -0.01008118943163513, 0.001847209906273138, -0.0024972872692261543, 0.04050402653421368, 0.004889498183630491, -0.049224566232210984, -0.05636003469079591, -0.012233596165094328, 0.0018077014222669734, -0.0035879104736340917, 0.04338808224302367, 0.0011621310081406581, -0.054757228520304874, -0.05680381958319805, -0.014091668488547569, 0.002093372756653993, -0.00448930276537976, 0.0460832261598694, -0.002905023364285694, -0.060348375697218556, -0.056161719420454316, -0.015629279712336235, 0.0027537218988478943, -0.005235538966588406, 0.04853164215216911, -0.006955949404384568, -0.06571867226506661, -0.05475929774743648, -0.01679551602545164, 0.003545765674415311, -0.005856116456253689, 0.05070761865990077, -0.01091311805356236, -0.0707038379620966, -0.05285418549011261, -0.0175776537262621, 0.004291861733492029, -0.006376973125270454, 0.05260890871435076, -0.014719235699802173, -0.07523423315662614, -0.05064651408461129, -0.01799419069784346, 0.004871512821274979, -0.006821257608515481, 0.05425830503030541, -0.01833508832340315, -0.07931145529489983, -0.04828765853749281, -0.018086142933775997, 0.005212673835893601, -0.0072094816296101455, 0.05569393308235126, -0.02173497276075912, -0.08298372430231085, -0.04588780408957124, -0.0179083922787504, 0.005282894538140385, -0.0075591285381264505, 0.056954370891022246, -0.024900679948575907]","[0.20682800736074003, -0.6058373264798277, 0.11073858934064541, -0.6299787068351885, 0.04042992276885937, -0.6340940932596748, -0.00922422000552956, -0.6249669304038794, -0.042822293355733565, -0.6083193143581764, -0.06440026363993975, -0.5888317121066068, -0.07743430459695219, -0.5701899663721175, -0.08433434499294215, -0.5565550594683251, -0.08732244999405378, -0.5490002087126623, -0.08818167855114198, -0.5464001698610998]","[0.02705732507950942, -0.06081131108404225, 0.01219271505063535, 0.030140317051035148, -0.06085383181146664, 0.011503975949230139, 0.03386983720691139, -0.06022182061109582, 0.010708851557899024, 0.03832922358191759, -0.05880562090562558, 0.009790812736123478, 0.04318303169611959, -0.05691670345452993, 0.00881853806311339, 0.04815393921830469, -0.05483277413157994, 0.00784066810104811, 0.05322666948443533, -0.05258472027046146, 0.006868390667595925, 0.05839184415016896, -0.05020079507827102, 0.005918164796128167, 0.06364846696893678, -0.0477097304291223, 0.005007929998153138, 0.06899783545973481, -0.04514010593135698, 0.00415410095003077, 0.07443193530134806, -0.042518246980141505, 0.003369174197082714]","[0.03197778761386871, -0.05585382133722305, 0.014279454946517944, 0.013381607830524445, -0.019228272140026093, 0.0026387274265289307, 0.2906982421875, -0.2890869140625, 0.032029956579208374, -0.05582781508564949, 0.014277100563049316, 0.013404808938503265, -0.019223690032958984, 0.0026374012231826782, 0.291796875, -0.2890869140625, 0.03203624486923218, -0.05580616742372513, 0.014273464679718018, 0.013408079743385315, -0.01921674609184265, 0.0026359111070632935, 0.291796875, -0.2890869140625, 0.031997233629226685, -0.05578795075416565, 0.014263778924942017, 0.013394869863986969, -0.019196294248104095, 0.002630472183227539, 0.291796875, -0.2890869140625, 0.031900033354759216, -0.05577978119254112, 0.01425635814666748, 0.013336420059204102, -0.019186660647392273, 0.0026321709156036377, 0.291796875, -0.2890869140625]",0.010600001000000001
"[13.43541955947876, 13.45541955947876, 13.475419559478759, 13.49541955947876, 13.51541955947876, 13.53541955947876, 13.555419559478759, 13.57541955947876, 13.59541955947876, 13.61541955947876, 13.635419559478759]","[-0.03340116623039642, -0.04896805068368189, -0.0035263291322534737, -0.0005829474808088601, 0.0010122612393225748, 0.03452053469699054, 0.01002509920990112, -0.0389477502667122, -0.05189679256684519, -0.006264151961364834, -0.0004954386394810999, -0.0005145365712923875, 0.0373871567392489, 0.007881444899089053, -0.04452253942699319, -0.053981508596307994, -0.008762373397930085, -0.00028102332689635513, -0.001812357373266428, 0.04021467211740369, 0.004775837397438195, -0.050277415099111766, -0.05493827722829867, -0.011011300954026557, 0.00027380005885215995, -0.0028896120338628736, 0.04291700148326835, 0.0009921505401206537, -0.05615316913365145, -0.05476221096319298, -0.012981875127894633, 0.0011785935459839151, -0.0037699147221010427, 0.04541424189204919, -0.003195981095239043, -0.06203599056622183, -0.053489177401628826, -0.014626002739766822, 0.0024602749009710657, -0.004489103288356541, 0.04768170463478755, -0.007435460202895311, -0.06766816970727968, -0.05145985558453761, -0.01590326336623174, 0.0038626702122297454, -0.005079521615565283, 0.0496991417615464, -0.011646528862291814, -0.07289879179945297, -0.04894321963973007, -0.01680675258112072, 0.005195249815770488, -0.0055690137874532235, 0.05146708091015895, -0.01576779261266327, -0.07766518236147996, -0.04614712767606527, -0.017356961310849364, 0.006325539030506616, -0.005981821851337275, 0.05300867577246429, -0.019754553434888633, -0.08197140550817461, -0.04322738395861163, -0.017594008374016742, 0.007170956467841948, -0.006338910127033958, 0.05436078902508246, -0.023574618552759732, -0.08586540665679765, -0.04029584507002146, -0.017569890027104084, 0.00769032932549348, -0.006657787939722556, 0.055560139352608756, -0.02720250458220694]","[0.15365855031767336, -0.6259803869414017, 0.053740691674961344, -0.6470727418353757, -0.019442678354848628, -0.6498744722937557, -0.07111441341416139, -0.6405836858486018, -0.10599849863829473, -0.6244464636131806, -0.12827996099943456, -0.6057750526518852, -0.14160056664572285, -0.5879850211245511, -0.1485663043328337, -0.5749908085698812, -0.15154149901863384, -0.5677933734723317, -0.152385251401147, -0.5653159787327466]","[0.03160778724654445, -0.05901165000041608, 0.011952931296257407, 0.03435104352447271, -0.05914988397654408, 0.011292528192638152, 0.03786354612100218, -0.058445618069784544, 0.010497424578755243, 0.04192411515892858, -0.057074178032045175, 0.009599688744553525, 0.04634225743789577, -0.05518156092798199, 0.008625722635956734, 0.050894242979627524, -0.05305166683336626, 0.007622739247323818, 0.055577703843783355, -0.05070348474770192, 0.006602835774273341, 0.0603941047564468, -0.048157189418542856, 0.005583582327025383, 0.06535124486929644, -0.04543660331404986, 0.004584882207666396, 0.07045746420383259, -0.042568047038050505, 0.0036262833988578436, 0.07571050429329906, -0.039577933956493894, 0.0027246631565573942]","[0.030552789568901062, -0.055794183164834976, 0.014038324356079102, 0.012949198484420776, -0.019042402505874634, 0.00289018452167511, 0.26982421875, -0.2890869140625, 0.030558854341506958, -0.055833496153354645, 0.01408889889717102, 0.012928523123264313, -0.019137538969516754, 0.0028935372829437256, 0.27421875, -0.2890869140625, 0.030585333704948425, -0.055908188223838806, 0.014118015766143799, 0.012921005487442017, -0.019202597439289093, 0.0028863996267318726, 0.2819091796875, -0.2890869140625, 0.03065630793571472, -0.055961914360523224, 0.01413041353225708, 0.01294979453086853, -0.019234023988246918, 0.0028780102729797363, 0.2863037109375, -0.2890869140625, 0.030766025185585022, -0.055996183305978775, 0.014155358076095581, 0.013002797961235046, -0.019249163568019867, 0.0028924942016601562, 0.2906982421875, -0.2890869140625]",0.010706542
"[13.514936923980713, 13.534936923980712, 13.554936923980712, 13.574936923980713, 13.594936923980713, 13.614936923980713, 13.634936923980712, 13.654936923980713, 13.674936923980713, 13.694936923980713, 13.714936923980712]","[-0.033492349301213566, -0.0489277290575814, -0.002419892878593223, -0.0022963504744328224, 0.0016299341076869722, 0.034394151180366914, 0.01035247689463934, -0.03944254061246387, -0.05126028103300531, -0.005220300410418005, -0.0017540872131026372, 0.0001558077431666914, 0.03716280819401153, 0.007540183344185397, -0.04561585171379777, -0.05243517149148614, -0.007817502494586265, -0.0008289422173839064, -0.0010799859430686955, 0.03988103147338674, 0.0038660062764461637, -0.05197817787237856, -0.05242197853042129, -0.01018116551807968, 0.00048251185208960176, -0.0020969612367346454, 0.042451799264114604, -0.0004268282818181924, -0.058431791272785576, -0.05123623889558422, -0.012265544639473368, 0.0022009108558047495, -0.0029283920861600254, 0.044819181962321666, -0.004975486211921334, -0.06473398188198339, -0.049125155156563134, -0.014008860404192212, 0.0041460256935206925, -0.003609777162537524, 0.04695910332555701, -0.009579817745549214, -0.0706647916512467, -0.04640981501152616, -0.015380000092804262, 0.006071948965971812, -0.004172222449453634, 0.04885777532740579, -0.014159147704124063, -0.07610382581823714, -0.04333841815043747, -0.01637790595983232, 0.007799594288958381, -0.004641969563321858, 0.05052018613829275, -0.01865070403492625, -0.0810130431243314, -0.04009669486854414, -0.01702599408109569, 0.009209188037550825, -0.005041228283872294, 0.051971779046528346, -0.023009567294115928, -0.08541629634526231, -0.036817634494757334, -0.017365038618733866, 0.010231763027143691, -0.005388712054875601, 0.05325007347900245, -0.027203863934124432, -0.08937720322188517, -0.03359085820105496, -0.01744605939988397, 0.010840172867590108, -0.005699800612622938, 0.054391683740664366, -0.031207227784575232]","[0.05469714127211444, -0.663663710665464, -0.034850210274540175, -0.6768774806616895, -0.09854273751917807, -0.6737639542132094, -0.14173009058352842, -0.6601228157901171, -0.16923840406842278, -0.6408627891058173, -0.18534333150919702, -0.6200249984830897, -0.19375914772289732, -0.6008107085507021, -0.1974650468123755, -0.5869726463671179, -0.1987287998570649, -0.5793569019040224, -0.199001197735473, -0.5767410626180083]","[0.034388049390985165, -0.0582957066342038, 0.011991463399145363, 0.037251120619390954, -0.058071233567734026, 0.011242287029908926, 0.040739532276419466, -0.05708915896970668, 0.010372463091992579, 0.044692641922158494, -0.05544247909560118, 0.009392499042990998, 0.048877679622914005, -0.053375964963332745, 0.008342348725996374, 0.05322003286773547, -0.0510097678615562, 0.007247233687762922, 0.05772714566666992, -0.04836123913873447, 0.0061239843485108025, 0.062407871660591474, -0.04545301378212496, 0.004994391508212903, 0.06727575451009682, -0.04231232925151396, 0.0038824319198935697, 0.0723433075622697, -0.0389691200493516, 0.0028117975906969406, 0.0776104892460584, -0.03545452629253143, 0.0018037091905558356]","[0.033082008361816406, -0.05337836220860481, 0.013112038373947144, 0.013656049966812134, -0.018451809883117676, 0.0030128657817840576, 0.2313720703125, -0.2890869140625, 0.0325341671705246, -0.05388227850198746, 0.013295173645019531, 0.013560622930526733, -0.01850365847349167, 0.002987787127494812, 0.2379638671875, -0.2890869140625, 0.032030269503593445, -0.054351117461919785, 0.013492614030838013, 0.013385757803916931, -0.01869013160467148, 0.0029825717210769653, 0.245654296875, -0.2890869140625, 0.031561478972435, -0.05479090288281441, 0.013585090637207031, 0.013135388493537903, -0.01900641620159149, 0.0029677152633666992, 0.2511476516723633, -0.2890869140625, 0.03114551305770874, -0.055201221257448196, 0.01361936330795288, 0.012975744903087616, -0.019213147461414337, 0.002964913845062256, 0.2577392578125, -0.2890869140625]",0.010777187
"[13.564980268478394, 13.584980268478393, 13.604980268478393, 13.624980268478394, 13.644980268478394, 13.664980268478393, 13.684980268478393, 13.704980268478394, 13.724980268478394, 13.744980268478393, 13.764980268478393]","[-0.03352014188549688, -0.04892063380287324, -0.002062338430132408, -0.0027006321162334696, 0.0016977529317503096, 0.03410590641471122, 0.0108198439086544, -0.0397545730332269, -0.050684825317380125, -0.004914730153732589, -0.0016137574509701544, 0.0002693070752084449, 0.036733230126930874, 0.007954159887642049, -0.04612515856939304, -0.05136188249708813, -0.007562582911802054, -0.0001715267706779836, -0.0009303449584616898, 0.039302317972334556, 0.004268319705323339, -0.05259165914486508, -0.05091445231225891, -0.009954150838364036, 0.0016091580249644067, -0.0019147345007215176, 0.04177144408865219, -8.491537823227445e-05, -0.05895413477889148, -0.04954625603197603, -0.012017685573947197, 0.0034804842474340254, -0.002706557492277208, 0.044107405150058926, -0.005044387686515916, -0.06532702003104776, -0.047154390115237324, -0.013787896858442136, 0.005638647899575105, -0.0033470496855043073, 0.046253973801412315, -0.010104120196924016, -0.07144206258214308, -0.04409912599707621, -0.015220993688356728, 0.0078026160087394615, -0.003869386179749744, 0.04818924817080564, -0.015169579169733223, -0.0771397520896954, -0.04065825222098984, -0.016304535763154705, 0.009765273467794598, -0.00430105602831004, 0.0499113578188546, -0.020166240549991308, -0.08235148038527162, -0.03703846385224481, -0.017052004369740626, 0.011385743410532327, -0.004664842290015533, 0.05143971327282782, -0.025039271530531537, -0.08707823405055767, -0.03338635963234471, -0.017495784606944963, 0.012580379387195853, -0.004979530190149005, 0.05280666561800453, -0.029748418521303114, -0.09136742596943735, -0.02979932603218417, -0.017680057051951425, 0.013312997657658919, -0.005260270237459345, 0.05404476829766544, -0.034260039904882925]","[0.041840650873117835, -0.6514089807480714, -0.05945652987802794, -0.6755489716768288, -0.13152901721429694, -0.6808898715762643, -0.18035553265631976, -0.6735561104042121, -0.2113826209602409, -0.6588177350650699, -0.2294565259742681, -0.6410700073204766, -0.2388037782446504, -0.6238481424604032, -0.24285296973264114, -0.6111290721535905, -0.24419710560702299, -0.6040241615174256, -0.24447392091623363, -0.6015612291057969]","[0.03482674303383071, -0.05831244643453992, 0.01200149864579192, 0.03734984840105082, -0.05817208704601251, 0.011268876069473244, 0.0404326188709736, -0.05730302080134031, 0.010415484856135748, 0.04403442345682296, -0.055764565608778405, 0.009442820642478367, 0.04824548163645381, -0.053492353464296816, 0.008340310219264513, 0.05267189264697947, -0.050863139292135706, 0.00717389332009688, 0.05731872021584339, -0.04789362770021954, 0.0059617650710999115, 0.062193222571299556, -0.044608444519930845, 0.004729374292213873, 0.06730737013212751, -0.041038900167019055, 0.0035059474009750957, 0.07267183236506936, -0.03722037113877574, 0.0023214131406739114, 0.07828438256064363, -0.033190378511739116, 0.001203654268731924]","[0.040214747190475464, -0.046819671988487244, 0.012133181095123291, 0.01605129987001419, -0.01646605134010315, 0.0029247254133224487, 0.1764404296875, -0.2890869140625, 0.03914631903171539, -0.047789301723241806, 0.012215644121170044, 0.01578914374113083, -0.016664206981658936, 0.0028590261936187744, 0.1852294921875, -0.2890869140625, 0.038124486804008484, -0.04873129725456238, 0.01241949200630188, 0.015468284487724304, -0.017070211470127106, 0.0028636157512664795, 0.19621601104736328, -0.2890869140625, 0.0373997837305069, -0.04965140298008919, 0.012445569038391113, 0.015028588473796844, -0.017554961144924164, 0.0028433799743652344, 0.206103515625, -0.2890869140625, 0.036345452070236206, -0.05068528279662132, 0.012576937675476074, 0.01461520791053772, -0.01787882298231125, 0.0028010010719299316, 0.214892578125, -0.2890869140625]",0.010749594000000001
"[13.675316333770752, 13.695316333770752, 13.715316333770751, 13.735316333770752, 13.755316333770752, 13.775316333770752, 13.795316333770751, 13.815316333770753, 13.835316333770752, 13.855316333770752, 13.875316333770751]","[-0.033569670780272, -0.048464620605394304, -0.0023692948630690868, -0.001972882895172338, 0.001723034014579508, 0.033444751356874, 0.010601165166983319, -0.040226726117153805, -0.049518151680442386, -0.005311841510479164, -0.0003710854367794623, 0.00037956626138763703, 0.036125246644902534, 0.007226584783864838, -0.046995344911615874, -0.049479925433822736, -0.008019171276556155, 0.0015582946156982719, -0.0007394544796265111, 0.03879269778036101, 0.003008823897842402, -0.053710856141557836, -0.04851763775187318, -0.010418083008350239, 0.003550576122646736, -0.0016454106018660994, 0.04139313867144015, -0.0020889742828369504, -0.06050932236875737, -0.04650047513059717, -0.012544361374647577, 0.00577199439101863, -0.0023714462397840218, 0.043830683875848084, -0.007604259557459581, -0.06725255293365341, -0.043543480176824266, -0.014358156640621445, 0.008181034489641428, -0.002956368439467144, 0.0460653015079079, -0.013176540060435176, -0.07366536695468934, -0.04001055738710718, -0.01581318046043169, 0.010491604688789371, -0.003432538969380944, 0.04807381525189704, -0.018705741949356612, -0.0795891999690383, -0.03617642321359177, -0.016896576143460074, 0.012498737312454109, -0.0038263238919599672, 0.04985462778107687, -0.024114567197789517, -0.08496280050844807, -0.03223902646683559, -0.017623085993255662, 0.01406979570213818, -0.00415905820510604, 0.05142861639787212, -0.029349108139121314, -0.08979894438419839, -0.028332223941584713, -0.01802757317424623, 0.015133894461113904, -0.004447944061175024, 0.05283026579017216, -0.034372430511538134, -0.09415903709843575, -0.024538696692718666, -0.01815746468236467, 0.01567050412744347, -0.004706669599053718, 0.05409431310903709, -0.03915418724426936]","[-0.02461923931190077, -0.679651798866722, -0.12239499399035962, -0.7020305203246502, -0.1897455796862374, -0.7046104831643256, -0.23329877581675218, -0.6940092543676553, -0.2590376998438151, -0.675908106270724, -0.2722474673161418, -0.655043581325014, -0.27749417974458035, -0.6352168507214537, -0.27872145882967014, -0.6207003832361198, -0.2785512200288296, -0.6126221234424056, -0.27831569150132857, -0.609824728869756]","[0.033542024883739474, -0.058066653720601824, 0.011954617891660746, 0.03615533449862629, -0.05767383231563139, 0.011166143470127565, 0.03942047364790613, -0.05653871820666545, 0.010241253122696747, 0.04350492538455519, -0.05448745170890934, 0.009139700226600933, 0.048050694507371094, -0.051794336170912114, 0.007915770485389384, 0.05284019550405028, -0.048707431760248276, 0.006622597549919895, 0.05787607235798864, -0.04525207326162839, 0.005285731880213085, 0.06316296628496698, -0.041462649165118215, 0.003938403106133137, 0.06871082013864682, -0.037378702316221535, 0.002617022533412783, 0.07452836929702344, -0.03304176692078098, 0.0013574640869782328, 0.08061014063626748, -0.028494537732595582, 0.00019193180404863952]","[0.04988953471183777, -0.036457404494285583, 0.01177072525024414, 0.019703052937984467, -0.01336611807346344, 0.0029933154582977295, 0.1248046875, -0.2890869140625, 0.04860146343708038, -0.037857554852962494, 0.011674493551254272, 0.019485920667648315, -0.013583764433860779, 0.003037005662918091, 0.13139667510986328, -0.2890869140625, 0.04776807129383087, -0.03900318592786789, 0.011585593223571777, 0.019182004034519196, -0.014103300869464874, 0.003342047333717346, 0.1412841796875, -0.2890869140625, 0.04628679156303406, -0.040561385452747345, 0.011775106191635132, 0.018358096480369568, -0.01478462666273117, 0.003055661916732788, 0.148974609375, -0.2890869140625, 0.045110419392585754, -0.041974037885665894, 0.011690914630889893, 0.017807528376579285, -0.015486679971218109, 0.0033782869577407837, 0.1566650390625, -0.2890869140625]",0.011964797000000001
"[13.754727125167847, 13.774727125167846, 13.794727125167846, 13.814727125167847, 13.834727125167847, 13.854727125167846, 13.874727125167846, 13.894727125167847, 13.914727125167847, 13.934727125167846, 13.954727125167846]","[-0.03432733042718848, -0.04389406729190656, -0.001488769047025373, 0.00037132895859783873, 0.0018832360503369385, 0.032825668035351106, 0.006988401113303669, -0.04129437465007172, -0.04449608339282424, -0.004449831023908861, 0.002059740134369111, 0.0005993203407087099, 0.035414579952820865, 0.003302804346794343, -0.04814752632164336, -0.04428512834440457, -0.007139873859262536, 0.003775310079704796, -0.00047612803967761946, 0.03801109218359727, -0.0012468157393769855, -0.05504333218436431, -0.0431234853043337, -0.00959089242917121, 0.005659295550993401, -0.0013654952318287836, 0.04051708850483573, -0.006320382248126428, -0.06185522386145063, -0.04112202398158376, -0.011758332874999257, 0.007621397790207211, -0.002097514166899425, 0.042871756289257365, -0.011661381490396666, -0.06847915833768332, -0.038392834653323396, -0.013617716692019794, 0.00962910978583526, -0.002706547318058714, 0.04502958674004939, -0.016949561465891647, -0.07467772747799817, -0.03524993581990572, -0.015125521258898105, 0.011440328979037385, -0.0032200997719554723, 0.046972308082679756, -0.022097703880807534, -0.08032390246285984, -0.03192347686598964, -0.016270142831897726, 0.01289064658879772, -0.0036603159262245727, 0.04870179939846077, -0.027041799249743367, -0.085381971439168, -0.028572090513211284, -0.017066184827893918, 0.013883883314953408, -0.004044810847370184, 0.05024063885122232, -0.031742372343392326, -0.08988461936138341, -0.025295904865362064, -0.01754727465871488, 0.014380800886036828, -0.0043876306045712524, 0.05162359300606505, -0.03617727813781001, -0.09390798155066976, -0.022149941729954825, -0.01775883602290597, 0.014387171135812732, -0.004699996935674744, 0.05288494988694034, -0.0403300240566232]","[-0.058806410710318564, -0.6871639686782867, -0.13709504972076214, -0.7018891442186839, -0.18822655370935668, -0.698554687556376, -0.21866522328611374, -0.6835498939345841, -0.23415664455467913, -0.6623188457154808, -0.23968765464444491, -0.6393598560062809, -0.2394792644241208, -0.6182434652556827, -0.23737394803767287, -0.6030180680407997, -0.23556526841995876, -0.5946142101149647, -0.23480865437182574, -0.5917158085836751]","[0.035037584004646405, -0.05594007232912768, 0.011271451266133159, 0.0379062873631929, -0.05509053066558378, 0.010363133079432263, 0.041566838278529916, -0.05336493086995775, 0.009304864526528789, 0.045755429730421904, -0.05094205699396781, 0.008127499570420138, 0.05034478186187019, -0.04794935164726999, 0.0068622721334805625, 0.055126192830005416, -0.04461477580616524, 0.005559218651218778, 0.06010135981954212, -0.040980558321757954, 0.004247888114472964, 0.06527393431492468, -0.03709364310702323, 0.0029618411046312687, 0.07065334373732401, -0.03300086465541874, 0.001734276271392332, 0.0762483671751375, -0.028746851597249545, 0.000594828049726992, 0.08205407173135593, -0.024375122928511406, -0.0004327706050841762]","[0.05373036861419678, -0.03168904036283493, 0.011852145195007324, 0.02122991532087326, -0.012154430150985718, 0.0032429099082946777, 0.1083251953125, -0.2890869140625, 0.05285169184207916, -0.03290373831987381, 0.01183268427848816, 0.020762048661708832, -0.01259206235408783, 0.003246411681175232, 0.11162109375, -0.2890869140625, 0.05181682109832764, -0.03421925753355026, 0.011810630559921265, 0.020297855138778687, -0.012962646782398224, 0.0030986517667770386, 0.1149169921875, -0.2890869140625, 0.050766512751579285, -0.035470135509967804, 0.011771410703659058, 0.019933335483074188, -0.01319219172000885, 0.0030048638582229614, 0.1193115234375, -0.2890869140625, 0.04988953471183777, -0.036457404494285583, 0.01177072525024414, 0.019703052937984467, -0.01336611807346344, 0.0029933154582977295, 0.1248046875, -0.2890869140625]",0.010100365
"[13.834659099578857, 13.854659099578857, 13.874659099578857, 13.894659099578858, 13.914659099578857, 13.934659099578857, 13.954659099578857, 13.974659099578858, 13.994659099578858, 14.014659099578857, 14.034659099578857]","[-0.0354336271761438, -0.037729269384762634, 0.00047715684303682325, 0.0005439555657678947, 0.00254130123736861, 0.03183690929700076, 0.0011737616429732664, -0.04262064944830006, -0.038021795355654, -0.0024974231965899946, 0.001967333898045577, 0.001298973185583851, 0.034244955693558975, -0.0027053718042715454, -0.04980023902598655, -0.037441221852860904, -0.005287456251480947, 0.003598513496085664, 0.00023644949929789232, 0.0366415156464233, -0.007008955710000217, -0.05685038487544069, -0.03611904161850797, -0.007844470252396743, 0.0053333056493377, -0.0006740531701674465, 0.0389711021385945, -0.01153021635714803, -0.06366838611957151, -0.03418465465716283, -0.010139977716599267, 0.007112709737114392, -0.0014631399010547183, 0.041174914782200464, -0.01601214182934909, -0.07006683919025995, -0.031890530630754685, -0.012137265558530739, 0.008751877226178916, -0.0021549502689596858, 0.043208302358412304, -0.020346773882411753, -0.07589659065733878, -0.02944133436710301, -0.01380078568866705, 0.010092677624621316, -0.002767956308009023, 0.04506210994130977, -0.02447579750767854, -0.08109610794606842, -0.026978549894881427, -0.015121924866597476, 0.011038888618180382, -0.0033170959262222442, 0.04674297475437589, -0.028360029542870906, -0.08567539069961057, -0.024590628238302187, -0.016114114730607705, 0.011547524508380596, -0.003814272869486279, 0.04827382811995529, -0.031981679966340396, -0.0896964697084496, -0.022324017043962356, -0.016806734540980292, 0.011618582171331684, -0.004269155202294542, 0.04968664546145429, -0.035337420739479264, -0.09325213478149177, -0.020194585470764304, -0.017239001838602067, 0.01128448328104193, -0.004689828423358348, 0.051011593730176975, -0.038426919140211194]","[-0.10318435588197311, -0.6972359020295884, -0.146718744289709, -0.6980691323986862, -0.1713092010323805, -0.6855502003296782, -0.18214795012092583, -0.6649925747808665, -0.18373283464677131, -0.6408568614539019, -0.17986743538885486, -0.616777568034986, -0.17367416633927063, -0.5955931587362417, -0.16824143715054654, -0.5806566667142621, -0.16492458778168903, -0.5725155733266141, -0.16371835351361272, -0.5697269223761546]","[0.04105438169686626, -0.04982086002013775, 0.009838336467544728, 0.04428492813998752, -0.048245646992973956, 0.008790247425841002, 0.04790526364166248, -0.04610640979932734, 0.007676420598118572, 0.05183172321298657, -0.04351065404801968, 0.006513285573851224, 0.05590201007110507, -0.040633004572036224, 0.00533031199443279, 0.06007530359888691, -0.037529836213945345, 0.004150077817440145, 0.06436392666043755, -0.03424961920675074, 0.002998394441215524, 0.06878029045905987, -0.030841197166607603, 0.0019000860658451302, 0.07334114283797477, -0.02734896033758094, 0.0008765588573833583, 0.07806196481520244, -0.023812142228612387, -5.569307234587484e-05, 0.08294509583215504, -0.02026744547409498, -0.0008858784126166697]","[0.060450479388237, -0.021655909717082977, 0.012162774801254272, 0.02364802360534668, -0.009109608829021454, 0.003631994128227234, 0.0292236328125, -0.2890869140625, 0.060138627886772156, -0.022159919142723083, 0.012096703052520752, 0.023579955101013184, -0.009198673069477081, 0.0036063939332962036, 0.0369140625, -0.2890869140625, 0.05979800224304199, -0.022737137973308563, 0.012071937322616577, 0.02351151406764984, -0.00938452035188675, 0.0036084502935409546, 0.0446044921875, -0.2890869140625, 0.059415996074676514, -0.023368120193481445, 0.012045294046401978, 0.023353494703769684, -0.009702593088150024, 0.003580942749977112, 0.0533935546875, -0.2890869140625, 0.05890357494354248, -0.02419455349445343, 0.011985421180725098, 0.02306920289993286, -0.01009438931941986, 0.0035206973552703857, 0.05888671875, -0.2890869140625]",0.011294680000000001
"[13.914665222167969, 13.934665222167968, 13.954665222167968, 13.97466522216797, 13.994665222167969, 14.014665222167968, 14.034665222167968, 14.05466522216797, 14.074665222167969, 14.094665222167968, 14.114665222167968]","[-0.03694144595346939, -0.029540305132802636, 0.0032250881051873468, -0.0010584326673437597, 0.004836394164157388, 0.030241689743153603, -0.00520450117305629, -0.044391315382641065, -0.02963279021258975, 0.00011479358910603675, 0.00029442424129115047, 0.0034725736480617996, 0.0323874981460056, -0.00838039050582761, -0.05164784788775861, -0.029081886752574466, -0.002827350772486959, 0.0018234322270328507, 0.002262215491053649, 0.03456130435142826, -0.01170539702307983, -0.058626407765034895, -0.02802798015840059, -0.0055681327265661084, 0.0034477029683022942, 0.0011788734554034966, 0.0367200987023557, -0.015024498087531512, -0.06515502060378336, -0.026730685350452834, -0.008064979796285576, 0.004941956666335193, 0.00020440522616104302, 0.03881332852426757, -0.0183369128599591, -0.07120268054803816, -0.025262041420556124, -0.010304142225806216, 0.006273433003849991, -0.0006776670794418319, 0.040801616900449034, -0.021514801032563063, -0.07667931748610995, -0.023742192223213256, -0.012249510098311548, 0.007343134423191876, -0.0014798344647383491, 0.042678269931626975, -0.024523470559402183, -0.0815590570064203, -0.022250753181310055, -0.013887008836049874, 0.00809504932413189, -0.002212810261418983, 0.04444784816577773, -0.027341346324547305, -0.08586828967044455, -0.0208338281802688, -0.015220936865879626, 0.00850973210938189, -0.002885776890046089, 0.046127010596009356, -0.02996204781331244, -0.08967095429312102, -0.019511615613586317, -0.016269277443882228, 0.008596758054727809, -0.003506861110327236, 0.047738854525171695, -0.032389058617098176, -0.09305230006957456, -0.0182861992865044, -0.017058937163659273, 0.008387045476820664, -0.004083460869748801, 0.04930412621858179, -0.03462686713527219]","[-0.09781745364556599, -0.6864499877235861, -0.12032587041910575, -0.6829936193938322, -0.13103649250676658, -0.6698984093819146, -0.1334870762758093, -0.6512008293778473, -0.13069497058215127, -0.6302789248801347, -0.12516068910275105, -0.6098790234372684, -0.11888834924772064, -0.5921478229503595, -0.11394057113663107, -0.5797225136914557, -0.11107191921378386, -0.5729734352838916, -0.11005805218410776, -0.5706660893293474]","[0.05004944812883427, -0.040347901285623156, 0.008610484628478687, 0.05284118157731066, -0.03870788685028259, 0.007504260602746893, 0.05577378218243445, -0.03678251359192686, 0.0064051784254752775, 0.0587786325056574, -0.03468433959132433, 0.005321994039750422, 0.0619137149936031, -0.03236766299724003, 0.004257921341914717, 0.06510164193105406, -0.02993171607267442, 0.0032254972819862893, 0.06836947845374741, -0.027418917219908412, 0.0022396780911515535, 0.07174235939470985, -0.024870387013976814, 0.0013130264118395019, 0.07524719735710272, -0.022322552368198245, 0.0004551670154779863, 0.07890825899199305, -0.019806816459482235, -0.00032747250143305706, 0.08273759929103941, -0.01735142978113835, -0.0010316236838741055]","[0.06096029281616211, -0.0210399329662323, 0.012286871671676636, 0.02387326955795288, -0.009293437004089355, 0.0036849379539489746, -0.013623046875, -0.2890869140625, 0.06102050840854645, -0.020957864820957184, 0.012252956628799438, 0.023935139179229736, -0.009115047752857208, 0.0036697983741760254, -0.0081298828125, -0.2890869140625, 0.061082080006599426, -0.02084875851869583, 0.012243330478668213, 0.023944765329360962, -0.009015120565891266, 0.003658860921859741, -0.000439453125, -0.2890869140625, 0.061123594641685486, -0.020742587745189667, 0.012260586023330688, 0.023948684334754944, -0.008975856006145477, 0.003662988543510437, 0.0072509765625, -0.290185546875, 0.061088502407073975, -0.020787477493286133, 0.012248516082763672, 0.023955196142196655, -0.008958987891674042, 0.0036623328924179077, 0.014941596984863281, -0.2890869140625]",0.011452427000000001
"[13.97577714920044, 13.995777149200439, 14.015777149200439, 14.03577714920044, 14.05577714920044, 14.075777149200439, 14.095777149200439, 14.11577714920044, 14.13577714920044, 14.15577714920044, 14.175777149200439]","[-0.03799221046074265, -0.023880568691364817, 0.004888720273834875, -0.0032686530852327244, 0.007513713650392958, 0.028879589142900723, -0.007245638216356515, -0.04577764756936171, -0.023571486376919477, 0.0016588438919638707, -0.0013984860363899494, 0.006019820018740295, 0.030977343991534956, -0.010118954877906296, -0.05333013461376658, -0.022706272652156644, -0.0014239951951269135, 0.0006690863296193411, 0.004673689967100766, 0.03313885964718753, -0.013098718526672673, -0.060492202947628436, -0.02154750908659614, -0.004317144057964553, 0.002708629680340031, 0.0034514335244275516, 0.03531085313661718, -0.016154537396622128, -0.06724293440467685, -0.02016956926239663, -0.007010349745445479, 0.004695967811096754, 0.0023323941669602362, 0.03743287802090553, -0.019118830160086198, -0.0734247603854023, -0.018769899695266035, -0.009451152012144599, 0.006440855399718892, 0.0013054418881173072, 0.03947465958783684, -0.022009747353177792, -0.07898647945963772, -0.017416671512637406, -0.011603986018979608, 0.007871069494209864, 0.0003614628355809185, 0.041431166771994016, -0.024797904770390247, -0.0839279104671292, -0.016150913817753892, -0.01345292602592818, 0.008948143858698675, -0.0005079087744532251, 0.04330641086750439, -0.02746331611435996, -0.0882907144218508, -0.01499101472002528, -0.01499866965103086, 0.00966272178585754, -0.001310303315375697, 0.04511455140826649, -0.02999816751947226, -0.09214640821687621, -0.013938085096802987, -0.01625455713981252, 0.01002872610545726, -0.0020529115327466083, 0.04687498820305856, -0.032402287604629765, -0.09558269641007999, -0.012981748891538402, -0.01724247109105002, 0.010077303410791334, -0.0027426791271509634, 0.04860446959668522, -0.034675093943039706]","[-0.1420737296991012, -0.7058135539180748, -0.15114024850778024, -0.6982078985807669, -0.15252304920504206, -0.6831157794653053, -0.14877767468248398, -0.6638747462630594, -0.14208289410678043, -0.6432853774955387, -0.13425056171767044, -0.6236456282450094, -0.1267339033559059, -0.6067738391635933, -0.12119767189405979, -0.5950131224322841, -0.11810138122825715, -0.588639872177916, -0.1170283976299748, -0.5864625249457108]","[0.05563666211635099, -0.033567205668048494, 0.008363162559567705, 0.05791087430827435, -0.03227933703631036, 0.007218910516400001, 0.060253421621176306, -0.030804210490334327, 0.006102014488644336, 0.06271728926322306, -0.02910814988745125, 0.005010948015763184, 0.06518646372362324, -0.027308978631278347, 0.003950841906457114, 0.06774007390359493, -0.025371426181644008, 0.0029298867962643804, 0.07041747328522852, -0.02333187362503164, 0.0019568443378736866, 0.07325339689375465, -0.021226512500710726, 0.0010392034471520262, 0.07628187428553435, -0.019087803145581006, 0.0001831235774689688, 0.07953237593924756, -0.016944074512384333, -0.0006066759676737199, 0.08302098024489024, -0.01482131377072804, -0.0013269051019539901]","[0.05970694124698639, -0.021573148667812347, 0.012268304824829102, 0.023381836712360382, -0.010326646268367767, 0.0037371814250946045, -0.04658184051513672, -0.2890869140625, 0.059800028800964355, -0.021728187799453735, 0.012302577495574951, 0.02339034527540207, -0.01029931753873825, 0.003732740879058838, -0.04548320770263672, -0.2890869140625, 0.059898898005485535, -0.021790042519569397, 0.012296855449676514, 0.0233929306268692, -0.010167695581912994, 0.0037201493978500366, -0.0421875, -0.2890869140625, 0.059997498989105225, -0.02179793268442154, 0.012260973453521729, 0.023456871509552002, -0.009986869990825653, 0.003707379102706909, -0.0388916015625, -0.2890869140625, 0.06011141836643219, -0.021770067512989044, 0.012230336666107178, 0.023508593440055847, -0.00990159809589386, 0.0037067383527755737, -0.0344970703125, -0.2890869140625]",0.010466579
"[14.075587749481201, 14.0955877494812, 14.1155877494812, 14.135587749481202, 14.155587749481201, 14.1755877494812, 14.1955877494812, 14.215587749481202, 14.235587749481201, 14.2555877494812, 14.2755877494812]","[-0.039500345926888836, -0.015346002894179592, 0.006738617907968453, -0.004047349690182141, 0.01108312543151782, 0.026551303876196655, -0.013281908009426474, -0.04746440655823444, -0.01497829988706611, 0.003315139601252859, -0.002307222628843139, 0.009366118494379967, 0.02859968235021275, -0.015465715767597803, -0.055015842691361456, -0.014361006981186088, 3.0329047090150234e-05, -0.0005044088830205503, 0.007783452736806907, 0.030759812574601104, -0.017645782173894606, -0.062144399400553614, -0.013588372954255261, -0.003102340120841098, 0.0013305399064724073, 0.006311496600456896, 0.03297889654468546, -0.019688144077372283, -0.06870087405207223, -0.01287222316006806, -0.006028249718073509, 0.002994517986177516, 0.004939471941582802, 0.03521114045203286, -0.02165814916825024, -0.07465705487799504, -0.012276213957711623, -0.008721835493160123, 0.0044163383664895285, 0.0036621303216905735, 0.03741093667995407, -0.023560542005289353, -0.07999482197583073, -0.01179806340704675, -0.011139917969554422, 0.005569172148050766, 0.0024755268609658572, 0.03957075566646473, -0.025385758565356485, -0.08473407449967639, -0.011427855389321156, -0.013258294965310979, 0.0064453314363200785, 0.0013746221774075403, 0.041690094044874865, -0.027129144254931892, -0.08892566205833499, -0.011150041696267113, -0.01506916946783106, 0.007053155275965627, 0.0003535266972058674, 0.04377687775260494, -0.028793309053121035, -0.092641979498608, -0.010945865692840024, -0.01657767705356833, 0.007413175935935215, -0.0005944309988134722, 0.045843290487152445, -0.03038474262723496, -0.0959661130208394, -0.010795890592335875, -0.01779825086524406, 0.00755425743010995, -0.0014764905221978054, 0.04789872320518021, -0.0319078582788841]","[-0.13289401776882132, -0.7015552103866798, -0.12536691390644167, -0.6923422092565572, -0.11599216904074387, -0.6774499929490052, -0.10597655057030358, -0.6595850204397713, -0.0962812778617313, -0.6410036452075161, -0.08763509750638107, -0.623547330436745, -0.08054717679970108, -0.6086732037109981, -0.0757631641864907, -0.5983512830162175, -0.07323062231649433, -0.5927734912372766, -0.07238320454170127, -0.5908715703062175]","[0.06219630162527989, -0.02356108553612124, 0.00798782196947645, 0.06405822444652443, -0.022282896913560002, 0.0067026714791356135, 0.06591914471265192, -0.020960438835260664, 0.005498618310036285, 0.06769757741658033, -0.019705371656048687, 0.004372917214737537, 0.06950344228794958, -0.018440470188096914, 0.003329264273375987, 0.071366811627816, -0.01714867248243479, 0.002362945623919366, 0.0733374471300634, -0.015859677748564227, 0.001473132630989582, 0.07545901803465405, -0.014601832979771245, 0.000657611921249579, 0.07777272951578396, -0.013399636795433878, -8.644462301621303e-05, 0.08031420147671753, -0.012273299951793604, -0.0007620428185890482, 0.08310606485175431, -0.011239516034667218, -0.0013720142213000663]","[0.05949077010154724, -0.020286738872528076, 0.012299209833145142, 0.023162543773651123, -0.009964004158973694, 0.003946274518966675, -0.0520751953125, -0.2890869140625, 0.059515535831451416, -0.020686402916908264, 0.012333184480667114, 0.023191988468170166, -0.010090596973896027, 0.003966271877288818, -0.04987773895263672, -0.2890869140625, 0.05956299602985382, -0.021064303815364838, 0.012352824211120605, 0.023252584040164948, -0.010114863514900208, 0.0037074387073516846, -0.04877910614013672, -0.2890869140625, 0.05961786210536957, -0.02130913734436035, 0.012213736772537231, 0.023333482444286346, -0.010255709290504456, 0.003723159432411194, -0.04877910614013672, -0.2890869140625, 0.05970694124698639, -0.021573148667812347, 0.012268304824829102, 0.023381836712360382, -0.010326646268367767, 0.0037371814250946045, -0.04658184051513672, -0.2890869140625]",0.006183605
"[14.1347496509552, 14.1547496509552, 14.1747496509552, 14.1947496509552, 14.2147496509552, 14.2347496509552, 14.2547496509552, 14.2747496509552, 14.2947496509552, 14.3147496509552, 14.3347496509552]","[-0.04037588009021725, -0.01030010043235321, 0.007700775350849845, -0.0035258156667776503, 0.013072013059224369, 0.025915181932666995, -0.011446287411772718, -0.0483764471261149, -0.01005648913293319, 0.004229367784821492, -0.001189616568435896, 0.011196527990395975, 0.02801792523197678, -0.013397760351484413, -0.05599059739513076, -0.0095927467591943, 0.0008627619391085837, 0.0012088960403806679, 0.00946531856982883, 0.03020957906574867, -0.015481370340506461, -0.06310255602468863, -0.009079392181671999, -0.002344994936308902, 0.0034581802433625262, 0.007873504566826004, 0.0324371957762766, -0.017804784459878133, -0.06970860908639939, -0.008547442948303964, -0.005370890930819974, 0.005479215373126091, 0.006417556902580933, 0.03464005674634915, -0.020357830266026562, -0.07584003665236999, -0.007869869202507502, -0.008159963383226481, 0.007358162789246426, 0.00508615249317219, 0.036819384632853225, -0.022957675321163235, -0.08144238921337224, -0.007119494231475059, -0.010670461731031087, 0.009012919400559429, 0.0038672144597650844, 0.03896567820588871, -0.025570508942436378, -0.0865042926247949, -0.006348308425762918, -0.012878500464927967, 0.01038870723924652, 0.002749338315640687, 0.041076652423446214, -0.028169074705082432, -0.09105110629409924, -0.0055900943031760505, -0.014775956560067551, 0.011455605167584256, 0.0017217533218460987, 0.04315907157655298, -0.030734760790542284, -0.0951357076477246, -0.004863768274495037, -0.016367315099139707, 0.012204904279358247, 0.0007741801904853538, 0.045224594289034456, -0.03325447863455213, -0.09882735066926579, -0.0041771345211950445, -0.017666249236792143, 0.012644970785590298, -0.00010315708409240265, 0.04728252174848503, -0.03571491312489762]","[-0.12804320528366014, -0.7050719127458713, -0.14384248647090953, -0.7027603451108504, -0.15254843178891747, -0.6934072840266466, -0.15601230117944714, -0.6797523683689105, -0.15591560542429703, -0.6641752084495836, -0.15373042037965076, -0.6487025354337486, -0.15070532450571508, -0.6350135176892178, -0.14814196455240425, -0.6253076989572103, -0.14659659660920354, -0.6199910588305484, -0.1460378424624953, -0.6181628324087403]","[0.06295433333252998, -0.022239678987566958, 0.00824960469316327, 0.06416697489330114, -0.021847674462401656, 0.0070130878865546364, 0.06540295373304827, -0.02130150374849471, 0.005853956574313202, 0.06682213141004278, -0.020451375094967528, 0.0047556893010716195, 0.06846055116623262, -0.019244363370047424, 0.0036978955107080935, 0.0702597559631819, -0.017863170864792277, 0.0026815871616285847, 0.07226796638433464, -0.016340327372115215, 0.0017084718273405741, 0.07452723064371503, -0.014709149115132547, 0.0007805192850014464, 0.07707670631206076, -0.013001381095322007, -9.951988965983816e-05, 0.07994932551999101, -0.011246273978040566, -0.0009280504513600185, 0.08316411294299031, -0.009470842519499811, -0.0017007197467915347]","[0.0596836656332016, -0.01778591424226761, 0.012490600347518921, 0.023046672344207764, -0.009980134665966034, 0.003802463412284851, -0.0850341796875, -0.2890869140625, 0.05958335101604462, -0.018329113721847534, 0.012476563453674316, 0.022988595068454742, -0.010191589593887329, 0.003802686929702759, -0.08173828125, -0.2890869140625, 0.059527307748794556, -0.018751710653305054, 0.01248130202293396, 0.02312338352203369, -0.010177798569202423, 0.0038789212703704834, -0.0784423828125, -0.2890869140625, 0.05950045585632324, -0.01905084401369095, 0.012452006340026855, 0.02310943603515625, -0.01003594696521759, 0.0039025843143463135, -0.0740478515625, -0.2890869140625, 0.059471338987350464, -0.019315093755722046, 0.01235923171043396, 0.023205727338790894, -0.009777337312698364, 0.003895491361618042, -0.0696533203125, -0.2890869140625]",0.010397416999999999
"[14.214531660079956, 14.234531660079956, 14.254531660079955, 14.274531660079957, 14.294531660079956, 14.314531660079956, 14.334531660079955, 14.354531660079957, 14.374531660079956, 14.394531660079956, 14.414531660079955]","[-0.04133603694238408, -0.004511407102782167, 0.009004486503833219, 0.0005133969861868027, 0.013835117093897599, 0.024942326622644017, -0.012409829979308732, -0.04932232605424432, -0.004481687609646165, 0.0054246713720321185, 0.002892100056598848, 0.011895513808547836, 0.026915725858748584, -0.014502653536903306, -0.05679183958344468, -0.0043955165505969885, 0.001953127015047533, 0.00509308882148272, 0.010111967865258833, 0.028978284626733398, -0.01690633329950233, -0.06376323547168757, -0.004274960314692125, -0.001383302908404313, 0.00703021708729716, 0.00848295505269476, 0.03108583292243277, -0.019647150816566067, -0.07028219848461281, -0.003989244602248865, -0.0045240652338643305, 0.008776836608776185, 0.006996750212163173, 0.033240456483926054, -0.022552562280715324, -0.07638917461603031, -0.0035187022687392243, -0.007453047949799835, 0.010370012715490113, 0.005636318005252397, 0.03540479367519933, -0.02545423516465749, -0.08200372515703441, -0.002962760371735716, -0.010120541768037864, 0.011714692570901263, 0.004388160896933474, 0.037566275442953406, -0.02831219402001299, -0.08709654958055285, -0.0023888429400810494, -0.012495340965878619, 0.012751162588933385, 0.003240353710844646, 0.03971992944769132, -0.03109633613416742, -0.0916816765743501, -0.0018371926279542052, -0.014562699672808481, 0.013451073336948227, 0.00218231527555245, 0.04186971017148379, -0.033788445198914815, -0.09580569911442648, -0.0013266753719446045, -0.016321242034689213, 0.01381207334753659, 0.0012043776158398314, 0.04402436845625566, -0.03637804106873151, -0.09953512550569225, -0.0008610387741796168, -0.0177795828055386, 0.013851978586925603, 0.0002974829067221558, 0.04619046939027245, -0.03885519709406546]","[-0.1296768635385861, -0.7004512974267321, -0.1488775804831572, -0.7024608175907828, -0.1584165082616854, -0.6959631904526189, -0.1610355491283368, -0.6840618610460398, -0.15915562534535266, -0.6694611786514115, -0.15484145319774006, -0.6544606866965152, -0.14978868935014128, -0.6409576915670756, -0.14575015309207268, -0.6312896779901388, -0.14339114062341754, -0.625958902240872, -0.14255344616414795, -0.6241170482323071]","[0.062413867867880723, -0.022725363122118925, 0.008230026680754232, 0.06338857791050878, -0.02225969337704292, 0.006957045657252081, 0.06457389490669752, -0.021378692313625436, 0.005749738964865081, 0.06606139749355622, -0.02000456980276466, 0.004581636358655938, 0.06782579536086952, -0.018300326831139024, 0.003450840544764411, 0.06977366215299674, -0.016406814948858983, 0.0023584889411365495, 0.07194909303757413, -0.014370811093138869, 0.0013118011660075979, 0.07439069907870977, -0.01223884185882751, 0.00031750161355326156, 0.07713465176758505, -0.010053983957583501, -0.0006180282885885902, 0.08021103313310396, -0.007855112242165951, -0.001488781983125076, 0.0836357787148122, -0.005678006494226562, -0.0022891537250662175]","[0.059816598892211914, -0.01720292866230011, 0.012523263692855835, 0.023044437170028687, -0.009715691208839417, 0.0037996917963027954, -0.094921875, -0.2890869140625, 0.0596836656332016, -0.01778591424226761, 0.012490600347518921, 0.023046672344207764, -0.009980134665966034, 0.003802463412284851, -0.0850341796875, -0.2890869140625, 0.05958335101604462, -0.018329113721847534, 0.012476563453674316, 0.022988595068454742, -0.010191589593887329, 0.003802686929702759, -0.08173828125, -0.2890869140625, 0.059527307748794556, -0.018751710653305054, 0.01248130202293396, 0.02312338352203369, -0.010177798569202423, 0.0038789212703704834, -0.0784423828125, -0.2890869140625, 0.05950045585632324, -0.01905084401369095, 0.012452006340026855, 0.02310943603515625, -0.01003594696521759, 0.0039025843143463135, -0.0740478515625, -0.2890869140625]",0.006232267
"[14.276173830032349, 14.296173830032348, 14.316173830032348, 14.33617383003235, 14.356173830032349, 14.376173830032348, 14.396173830032348, 14.41617383003235, 14.436173830032349, 14.456173830032348, 14.476173830032348]","[-0.041804730993442285, -0.0015893762318127582, 0.009451744185903084, 0.002815608742117275, 0.014068380217399345, 0.02418954378275074, -0.014160002033906332, -0.04969425050111381, -0.0016955199497690212, 0.005828040396024993, 0.004925357948977941, 0.012131854457663634, 0.02605015340388546, -0.01649406571925526, -0.0570513726302289, -0.0017674796186601491, 0.002301899949502691, 0.006773650308912171, 0.010360340650240035, 0.0279949365191804, -0.01916709720273531, -0.06393502367266646, -0.0016784784669356164, -0.001061368254731875, 0.008429863699202168, 0.008740329549479103, 0.030052072406708843, -0.022021516708580484, -0.07039317352697197, -0.0014147170531897259, -0.004237264825967401, 0.009923785533063811, 0.007251636356337676, 0.03219494217542393, -0.024894952479647008, -0.07641883350719716, -0.0010615636642688023, -0.007215892860188329, 0.011209200829387481, 0.0058783559235569514, 0.034365621695021345, -0.02769662544525698, -0.08193565650945081, -0.0006992234947232666, -0.009943229100823242, 0.012208594774095553, 0.004609536751198453, 0.036550283179893034, -0.03039214902476252, -0.08691887555811786, -0.000376297462312717, -0.012384000160193927, 0.01287988381550488, 0.003435547356790689, 0.0387426393206107, -0.032957933318033636, -0.09138705879382554, -0.00011525542947705358, -0.014519690279822946, 0.013211643923470285, 0.002347868017473386, 0.04094494712179721, -0.035383455919651224, -0.09539098569304873, 8.10737453872523e-05, -0.0163455358698045, 0.013217002292473313, 0.0013385960589343575, 0.043163982548371074, -0.03766658560155836, -0.09900072175720118, 0.00022260328356512004, -0.01786722153280629, 0.012927219561778218, 0.00040005591104772225, 0.045404341650507676, -0.03980558726935235]","[-0.14311958031368432, -0.6964024483448508, -0.15404378603363797, -0.6977518433408263, -0.15633267882552002, -0.6906031270982989, -0.1528434432831191, -0.6781146635352993, -0.14602404565433652, -0.6630249963888364, -0.13790118589565775, -0.647651828376651, -0.13008021541990727, -0.6338970568910463, -0.12432204684711634, -0.6240739722556536, -0.12110695386794744, -0.6186626856452231, -0.11999449524880486, -0.6167928092577432]","[0.06204480834670045, -0.0221272610100538, 0.008040051711673435, 0.06314830560288098, -0.021194554066234605, 0.006703314416893313, 0.06451469464271087, -0.019743136267996064, 0.005424200074414021, 0.0661606232367149, -0.01794258690172512, 0.004201354997743767, 0.068023591237931, -0.015939737031750667, 0.003032673767504157, 0.07005092677335323, -0.013796798402325727, 0.0019176384065717755, 0.07228449724034769, -0.011566882458753813, 0.0008646710288262582, 0.07476100240285966, -0.009301573602523483, -0.00011947066367845594, 0.07751515029819134, -0.007047177123630455, -0.0010295898420578098, 0.0805759949731939, -0.0048442492799782855, -0.0018619156986838803, 0.08395878807599577, -0.0027293830771495387, -0.0026138456584767766]","[0.060479894280433655, -0.01310652494430542, 0.012530893087387085, 0.02297525852918625, -0.0085529163479805, 0.0035089105367660522, -0.1037109375, -0.2890869140625, 0.060480996966362, -0.013187430799007416, 0.012536764144897461, 0.02296530455350876, -0.008629627525806427, 0.0035022199153900146, -0.1026123046875, -0.2890869140625, 0.06045795977115631, -0.013349086046218872, 0.012540638446807861, 0.02296513319015503, -0.008705578744411469, 0.003503650426864624, -0.1004150390625, -0.2890869140625, 0.06043529510498047, -0.013529494404792786, 0.012527436017990112, 0.022982031106948853, -0.008708946406841278, 0.0035131722688674927, -0.09931640625, -0.2890869140625, 0.060424089431762695, -0.013709284365177155, 0.012504518032073975, 0.02302607148885727, -0.008678749203681946, 0.003526747226715088, -0.0982177734375, -0.2890869140625]",0.017655798
"[14.336411476135254, 14.356411476135253, 14.376411476135253, 14.396411476135254, 14.416411476135254, 14.436411476135254, 14.456411476135253, 14.476411476135254, 14.496411476135254, 14.516411476135254, 14.536411476135253]","[-0.0420807667848376, 0.00020393863609370651, 0.00929659267407293, 0.0035126885727456408, 0.014608699021625898, 0.023316916904755125, -0.015947304461079226, -0.04996007694912674, 6.374531331816581e-05, 0.005603623932153183, 0.005365401746769268, 0.012673593437973377, 0.0252088041999654, -0.018543547447154054, -0.0573624157165502, 0.00010480756081706503, 0.0020429255628616806, 0.007062905803865298, 0.01090170157065451, 0.027247179485265442, -0.021340370318144862, -0.06434134143080358, 0.0003372751017183534, -0.0013591890377742915, 0.008636651811470622, 0.009269743672442148, 0.029407879438568756, -0.02415993505999252, -0.0708906341413501, 0.0006710527049133346, -0.004591196359598294, 0.010044615500954496, 0.007758954647260169, 0.03162428681869483, -0.026889611989766676, -0.0769190019666596, 0.000993804169988926, -0.007601883722037728, 0.01118548509493868, 0.006358121923901453, 0.0338589902972649, -0.029499656933108378, -0.08237128282621278, 0.0012528815400392446, -0.010339479452808083, 0.01200398266828952, 0.0050585518012233885, 0.03609939422675021, -0.03196383764866637, -0.08724126500577928, 0.0014226546775220443, -0.012771279170494452, 0.012477563032482377, 0.003852309343449323, 0.03834038224113996, -0.03426628171884523, -0.09156345987402541, 0.001499207937599346, -0.014881556947364776, 0.012611369732783454, 0.002732097134362738, 0.04058544965046909, -0.03640410394694486, -0.09540197478842508, 0.0014941136656139225, -0.016668443049249252, 0.01243197870732512, 0.0016908183094045954, 0.04284254576665261, -0.03838253995059572, -0.09883757805527418, 0.0014279019341586134, -0.018140506688241465, 0.011980988547484901, 0.0007212541847452401, 0.045117101226711614, -0.04020659278815347]","[-0.1625522372978665, -0.7056251226201813, -0.16421033662113604, -0.7018299516652224, -0.15919581523933823, -0.6903878008126431, -0.15014895972722567, -0.6744168253635381, -0.13926786170219138, -0.6565900433490417, -0.1283159148807537, -0.6391487506334378, -0.11863523436973793, -0.6239129244714388, -0.1118131317369724, -0.6131739006772261, -0.10810290021291658, -0.6073056796880261, -0.10683962360728146, -0.6052880205048932]","[0.06190322633347156, -0.019918727271440506, 0.007808742324535878, 0.06326677688243743, -0.018501509483138445, 0.006416642830316732, 0.06488062011228779, -0.016724588852842892, 0.005096993700941077, 0.06667960653906502, -0.01475117222375566, 0.0038451102678367377, 0.06859256042230055, -0.012661163424914967, 0.002658105679201661, 0.07064973206429392, -0.01048660146625302, 0.0015415663181754802, 0.0728928953482737, -0.008281545880303831, 0.0005022100583449429, 0.07535833777957268, -0.006097279710791437, -0.0004554088685049251, 0.07808059278907165, -0.003978486953243099, -0.0013286879057603507, 0.08108879497544885, -0.0019630467245841388, -0.0021166911279988376, 0.08439825020462766, -8.413714718136234e-05, -0.0028197177605910895]","[0.06025859713554382, -0.013665899634361267, 0.012621700763702393, 0.022850029170513153, -0.008951947093009949, 0.0035081058740615845, -0.114697265625, -0.2890869140625, 0.060303449630737305, -0.01353415846824646, 0.012609630823135376, 0.022876277565956116, -0.00888894498348236, 0.0035128742456436157, -0.1135986328125, -0.2890869140625, 0.06034231185913086, -0.013425707817077637, 0.012600332498550415, 0.022913090884685516, -0.008838571608066559, 0.0035085827112197876, -0.1114013671875, -0.2890869140625, 0.06037595868110657, -0.013337470591068268, 0.012601017951965332, 0.022910475730895996, -0.008835926651954651, 0.003509417176246643, -0.110302734375, -0.2890869140625, 0.06040064990520477, -0.0132618248462677, 0.012610852718353271, 0.022899799048900604, -0.008816957473754883, 0.0035155564546585083, -0.10920391082763672, -0.2890869140625]",0.024141735
"[14.38445496559143, 14.40445496559143, 14.42445496559143, 14.444454965591431, 14.46445496559143, 14.48445496559143, 14.50445496559143, 14.524454965591431, 14.54445496559143, 14.56445496559143, 14.58445496559143]","[-0.042616321627067036, 0.0035110438785814603, 0.009597212246746471, 0.004989017997308383, 0.01544132848205142, 0.022765815093857493, -0.01744474706637078, -0.05042564948007129, 0.0032156660999908488, 0.005904018799603732, 0.006693950435428661, 0.013445267649555157, 0.024696852114382474, -0.019996304686496994, -0.057779077047403204, 0.0030992816836864336, 0.0023307995850744587, 0.008277524615011802, 0.0116050070966663, 0.026761556154911884, -0.022633352305516316, -0.06468479672366312, 0.0030881998373769766, -0.00110897669044892, 0.009687584976740276, 0.009907477649212524, 0.02889309150774686, -0.025298727588353585, -0.07106010334380511, 0.0030817643906946145, -0.004361341014583754, 0.01080396394590831, 0.00834509756523328, 0.031048828295336887, -0.02799306492500796, -0.07692432795832332, 0.0031549438169558896, -0.0073760525348004246, 0.01169807564759803, 0.006905049633823146, 0.033220101302945754, -0.0305554480302716, -0.08222359777375293, 0.003234555643893833, -0.010106894834404731, 0.012309123943144453, 0.005575677580262016, 0.035396462235970635, -0.03295912553122994, -0.0869519984276288, 0.0032779044335367385, -0.012525524810374819, 0.012609809600120526, 0.004346666155149349, 0.037574364068995045, -0.03518828565240642, -0.09114362653407382, 0.0032669619503053527, -0.014619578728737247, 0.01260118490762209, 0.0032087874742255788, 0.03975860138496323, -0.037240305648373134, -0.09486170605116812, 0.0032017520091077445, -0.016389715535618982, 0.012306320285429277, 0.0021534009846387366, 0.04195817985612864, -0.03912097922160111, -0.09818585081819228, 0.0030935588613299238, -0.017846325907211625, 0.011763821922755003, 0.0011721058082521303, 0.044179273107382816, -0.04083643918649675]","[-0.14385165775215908, -0.6981612448774541, -0.1512645021618816, -0.693257176558789, -0.15083677791982464, -0.6810777279615179, -0.14537559462290373, -0.6646414632143625, -0.13723599693927496, -0.6465431027537419, -0.12831678257065032, -0.6289579943024994, -0.12007833058747708, -0.6136514394432384, -0.11414027865794756, -0.6028879826138589, -0.11086884187188199, -0.5970176777523856, -0.1097468378861004, -0.5950025756343522]","[0.062152673965989225, -0.018224612183217914, 0.0077142274423005475, 0.06357792908236126, -0.016786143411760435, 0.006302080586556791, 0.06515846851543872, -0.015083944654583625, 0.004969524794321778, 0.06687148458635828, -0.013141377768213225, 0.0037059555464828975, 0.06878485344140894, -0.010940205182277118, 0.0025102293309258172, 0.07083488912259372, -0.008662474432204359, 0.0013892674744755418, 0.07306054764285308, -0.0063669288300869376, 0.00034951703991259464, 0.0754958821017272, -0.004108120563417028, -0.0006048985877398216, 0.0781737127001324, -0.0019332644266563115, -0.001471996418049848, 0.08112197833001433, 0.00011785749129433754, -0.0022516495486373245, 0.08435537224233558, 0.0020109694841874415, -0.002945129000294422]","[0.06002180278301239, -0.014005765318870544, 0.012569904327392578, 0.02279578149318695, -0.009076118469238281, 0.003497093915939331, -0.1212890625, -0.2890869140625, 0.06005577743053436, -0.014004416763782501, 0.01256224513053894, 0.022802896797657013, -0.009083859622478485, 0.0034986138343811035, -0.119091796875, -0.2890869140625, 0.06008952856063843, -0.013998627662658691, 0.012570232152938843, 0.02282629907131195, -0.009091004729270935, 0.003506690263748169, -0.11689453125, -0.2890869140625, 0.06012895703315735, -0.013968802988529205, 0.012575358152389526, 0.022842220962047577, -0.009095311164855957, 0.0035169273614883423, -0.11689453125, -0.2890869140625, 0.06017567217350006, -0.013886570930480957, 0.0126381516456604, 0.022843152284622192, -0.009077638387680054, 0.0035139620304107666, -0.1157958984375, -0.2890869140625]",0.016931396
"[14.474957466125488, 14.494957466125488, 14.514957466125487, 14.534957466125489, 14.554957466125488, 14.574957466125488, 14.594957466125487, 14.614957466125489, 14.634957466125488, 14.654957466125488, 14.674957466125488]","[-0.04292830701647206, 0.005447059753023004, 0.009485976198235154, 0.005042661716842907, 0.016115951028682723, 0.02114214717047249, -0.02085521156960604, -0.050803823180851776, 0.005211192209657789, 0.005632621520959277, 0.0064244202508128385, 0.014092954094643485, 0.023201988975196104, -0.023270425585137255, -0.058227554316741766, 0.005066072351442252, 0.0018813483651011979, 0.007679201429840761, 0.012218717316271797, 0.025394656937143656, -0.025678348857482103, -0.06512117218366756, 0.004902322954350263, -0.00171207540206466, 0.008688174290305717, 0.010483732955824634, 0.027668585677947586, -0.028080160899385784, -0.07150408686233865, 0.004787131299410968, -0.005097899581368971, 0.009522864174038335, 0.008875197300838404, 0.029992167796077374, -0.0303165864253277, -0.07730128319911762, 0.004643383151773874, -0.008218720141642034, 0.010113850929350033, 0.007383314496434927, 0.03233638745260335, -0.0323695167256325, -0.08248061682644187, 0.004436939636110948, -0.011026880505275569, 0.01042965485569361, 0.005999721803602302, 0.03468879269019065, -0.03422744289072904, -0.08705420899214739, 0.004155763998269492, -0.013493623176299116, 0.010466459225868098, 0.004716386305878959, 0.03704384019501501, -0.035888178949295385, -0.09107060241436088, 0.003804350496235735, -0.01560713352789949, 0.010242801363818319, 0.0035254388632424026, 0.03940465971120506, -0.037360992898180824, -0.09460408501688489, 0.0033978441776016614, -0.017369442395458363, 0.009793430431759299, 0.0024188325203082324, 0.04177881342511437, -0.038661989177031786, -0.09774229467963017, 0.002956438183204946, -0.018792981640787458, 0.009163331022231044, 0.0013882223216610016, 0.044170866901143004, -0.03980649854021462]","[-0.14800585177708817, -0.7033631846687491, -0.14447653706733904, -0.694130030978355, -0.1360971389189654, -0.6784734042159004, -0.12521606149962572, -0.6593389286036817, -0.11369150868054802, -0.6392194996199336, -0.10291900133037424, -0.6201788898300229, -0.09386696363519723, -0.6038714784164407, -0.08768311917260116, -0.5925128719778285, -0.08439082678992926, -0.5863564780705672, -0.08328640795341208, -0.5842520584715982]","[0.06295060504697558, -0.013830698840669342, 0.007226743600951213, 0.06450207611553904, -0.011975862743114352, 0.0057641633089073885, 0.06613849424007945, -0.009955575930632232, 0.004400341566294319, 0.06792525117231529, -0.007754260442656147, 0.0031313581872969287, 0.06978131846015423, -0.005547281673909499, 0.0019560886257181664, 0.07174391015866421, -0.00338148634579305, 0.0008777337097423121, 0.073853973792529, -0.0013121228480406089, -0.00010230847690007039, 0.07614717103126634, 0.0006111706940030714, -0.0009852113086150638, 0.0786579250680679, 0.0023470818096260615, -0.0017740272878530305, 0.0814159198278932, 0.00386266242051736, -0.002473029478366584, 0.08443776616809062, 0.005131825086718056, -0.0030870057047631683]","[0.059869617223739624, -0.012840278446674347, 0.012796193361282349, 0.02274554967880249, -0.008738614618778229, 0.003558740019798279, -0.1311767578125, -0.2890869140625, 0.059911683201789856, -0.013066217303276062, 0.012798011302947998, 0.022771336138248444, -0.008833572268486023, 0.003550395369529724, -0.1289794921875, -0.2890869140625, 0.059942156076431274, -0.013324052095413208, 0.012727499008178711, 0.022804193198680878, -0.008938021957874298, 0.0035360008478164673, -0.1289794921875, -0.2890869140625, 0.05996820330619812, -0.013545043766498566, 0.012737631797790527, 0.02281811088323593, -0.00907326489686966, 0.003539532423019409, -0.127880859375, -0.2890869140625, 0.059975966811180115, -0.013744749128818512, 0.012735843658447266, 0.022809699177742004, -0.009197250008583069, 0.0035454928874969482, -0.1267822265625, -0.2890869140625]",0.023999676
"[14.53582763671875, 14.55582763671875, 14.57582763671875, 14.59582763671875, 14.61582763671875, 14.63582763671875, 14.65582763671875, 14.67582763671875, 14.69582763671875, 14.71582763671875, 14.73582763671875]","[-0.04322894813391767, 0.007358072219923001, 0.009185289650554262, 0.004766659865170431, 0.01691178580680145, 0.022162374834795155, -0.018708202255769163, -0.05115510130580325, 0.0071259615062293545, 0.005486169530151705, 0.006646782135764533, 0.014839992508112004, 0.024230795337729615, -0.021143352843307206, -0.058554537660982266, 0.007011148139874638, 0.0019181159631630606, 0.00832307895806245, 0.012949367168648035, 0.026293780997543127, -0.023845264208688287, -0.06545941665017738, 0.00712525440224885, -0.0014675199108875891, 0.009866641940256682, 0.011229828568845943, 0.02832589286699333, -0.026643740082007778, -0.07180154385121243, 0.007424572431832379, -0.004608524397050798, 0.011216405272745294, 0.009667630233981993, 0.030317434117908035, -0.029455360106394594, -0.0775529429394147, 0.007895181067728812, -0.0074516407441443475, 0.012365190213003124, 0.008244419966948014, 0.03228174448498315, -0.03216033491243531, -0.082685124781032, 0.008432700617431548, -0.009972824529926025, 0.013238807896014242, 0.006943232129344423, 0.03421683196488746, -0.03472970717586898, -0.08721176003392421, 0.008969375817140333, -0.012162019683144233, 0.013798373156651719, 0.00574966401047782, 0.0361263069849167, -0.03714493472900248, -0.09118190267369108, 0.00946750781282149, -0.014021691054252343, 0.014035239576199562, 0.004651399895807642, 0.03802156681344267, -0.03940024328748188, -0.09467002408585984, 0.009912213082453991, -0.015564210599571034, 0.013964731395824102, 0.0036375489437388536, 0.039917718002137434, -0.04149802106799212, -0.0977639886407266, 0.010304054177956112, -0.01680890804177738, 0.013619663089664301, 0.002698173268860647, 0.04182629072874551, -0.04344089349796746]","[-0.17755287101726472, -0.6981327641091394, -0.19307228407279703, -0.685389408868456, -0.19892229545111884, -0.667277251778245, -0.19817052794407164, -0.6464475876467095, -0.19343034513501955, -0.6251723037119885, -0.18685139190919164, -0.605354380825096, -0.18013283694753102, -0.5885329181959089, -0.17505177572980948, -0.5768775394780435, -0.1721710239147654, -0.5705814336002666, -0.17116551402154653, -0.5684339380348218]","[0.06284716433112314, -0.013687213356774475, 0.0074638354458809175, 0.06423266986349963, -0.012519639926674486, 0.0060620564784441555, 0.06579979445665007, -0.010865945497909202, 0.004721028287982598, 0.06748110373400318, -0.008875928600962535, 0.00343850898518383, 0.0693026197389548, -0.006632119129884817, 0.002219996222827092, 0.07126193669620917, -0.004285374469227499, 0.0010738822434088746, 0.07339761230994657, -0.0018906986917577306, 5.409972646308603e-06, 0.07574305328060715, 0.0005017407716434441, -0.0009814898476929734, 0.07833060238596234, 0.0028488364491559004, -0.001884333371062752, 0.08118787838574815, 0.005114194809284989, -0.0027021360560857133, 0.08432916136820656, 0.0072660635384695915, -0.0034352526642584813]","[0.059457287192344666, -0.01115638017654419, 0.012418627738952637, 0.022490419447422028, -0.008063390851020813, 0.0035910755395889282, -0.13447265625, -0.2890869140625, 0.0596366822719574, -0.011506356298923492, 0.012461572885513306, 0.02259249985218048, -0.008169509470462799, 0.0036023110151290894, -0.13447265625, -0.2890869140625, 0.05971166491508484, -0.011734209954738617, 0.012610524892807007, 0.022627048194408417, -0.008267641067504883, 0.0036125779151916504, -0.1333740234375, -0.2890869140625, 0.05973882973194122, -0.011965490877628326, 0.012575864791870117, 0.022661417722702026, -0.008385069668293, 0.003605887293815613, -0.132275390625, -0.2890869140625, 0.05977737903594971, -0.01220276951789856, 0.012594342231750488, 0.022686675190925598, -0.008508346974849701, 0.0036021769046783447, -0.132275390625, -0.2890869140625]",0.046917975
"[14.655137300491333, 14.675137300491333, 14.695137300491332, 14.715137300491334, 14.735137300491333, 14.755137300491333, 14.775137300491332, 14.795137300491334, 14.815137300491333, 14.835137300491333, 14.855137300491332]","[-0.04354884740576649, 0.009302241632209201, 0.009705043783555013, 0.006555463409403804, 0.01702700991667594, 0.021928068469219904, -0.01919833575257957, -0.051457037418204205, 0.009039453440575756, 0.005987603917346805, 0.008373707832455064, 0.014975025166797086, 0.02383403605585937, -0.021995231224495905, -0.05886243658062515, 0.009081808213173222, 0.0024159138632449543, 0.01007443529509361, 0.013122860980737543, 0.02566891312084532, -0.025027226359629354, -0.06570208991671841, 0.009414506561928486, -0.0009450474292279445, 0.011598350842212217, 0.011460529676817661, 0.027415061853897187, -0.028211528577665457, -0.07194848703285181, 0.010042676742327498, -0.004039011433999687, 0.01294205324637238, 0.009969339515086759, 0.02908948530834813, -0.03139082971578163, -0.07756298313077284, 0.010921550505974945, -0.006809490315215869, 0.014084947459653892, 0.008624448834910323, 0.030735115287960087, -0.03442708774023311, -0.08252996980374318, 0.011898938534003919, -0.009250087737708978, 0.014934999213785044, 0.007403297087036861, 0.032357461441695504, -0.03728811059119269, -0.08687368113173, 0.012875188320570007, -0.01136333677082147, 0.015443202937806497, 0.006287994139270642, 0.03396550102777694, -0.03995409350276981, -0.09065172102750006, 0.01379380278638517, -0.013159964650148903, 0.015597221965668276, 0.005264441502969059, 0.03557402545721643, -0.04242006939442078, -0.09394530321038425, 0.014631198491927106, -0.014657055801627582, 0.015413653520747117, 0.0043211982439760495, 0.037200068189992504, -0.04469059063051939, -0.09684738312070729, 0.015386306557928739, -0.015875867811717275, 0.01493008626244198, 0.0034485215028528466, 0.03885633471699803, -0.04677067752488548]","[-0.20596892179654286, -0.6907928469429097, -0.22972592187798563, -0.673004397149266, -0.24015495598474473, -0.651203472608858, -0.2413684441960681, -0.6277693625740519, -0.2368692720536662, -0.604736171191872, -0.2295426054922896, -0.5838015827786058, -0.2216755678438719, -0.566327191332753, -0.21559857953636974, -0.5543322762432581, -0.2121138267975704, -0.5478880773049928, -0.21088907376813937, -0.5456964222982467]","[0.06254910484205511, -0.014295784895668184, 0.007466364341697229, 0.06401405584513842, -0.012751917486812925, 0.0060094405115567184, 0.06558443060656227, -0.010676001477849084, 0.00460057068187103, 0.06728960950070273, -0.008125752251334273, 0.0032435375488617524, 0.06911388906978178, -0.005267117011940492, 0.0019499876508239922, 0.07107054632323029, -0.002289289643447212, 0.0007342931324734181, 0.07319653859421116, 0.0007452548937929571, -0.0003969412544946316, 0.07552388943584132, 0.0037806503527857416, -0.0014384339438735516, 0.07808379255348308, 0.006769714417465877, -0.0023868807663438574, 0.0809028437003434, 0.0096728344921031, -0.003241229265835699, 0.08399426854229974, 0.012454678790098317, -0.0040025556492135905]","[0.05946037173271179, -0.011960722506046295, 0.012590557336807251, 0.022544294595718384, -0.008528105914592743, 0.0036291182041168213, -0.14765625, -0.2890869140625, 0.05944487452507019, -0.012016557157039642, 0.012587487697601318, 0.022555485367774963, -0.008589372038841248, 0.003629237413406372, -0.14765625, -0.2890869140625, 0.05943237245082855, -0.012020587921142578, 0.012579202651977539, 0.02254197746515274, -0.008607745170593262, 0.003624632954597473, -0.14765625, -0.2890869140625, 0.05941881239414215, -0.011957511305809021, 0.012555062770843506, 0.02250795066356659, -0.00854308158159256, 0.003620535135269165, -0.1465576171875, -0.2890869140625, 0.05940812826156616, -0.01181357353925705, 0.012513548135757446, 0.022481366991996765, -0.008409075438976288, 0.0036065876483917236, -0.1443603515625, -0.2890869140625]",0.052342911
"[14.77471375465393, 14.79471375465393, 14.81471375465393, 14.834713754653931, 14.85471375465393, 14.87471375465393, 14.89471375465393, 14.914713754653931, 14.93471375465393, 14.95471375465393, 14.97471375465393]","[-0.04385994905465854, 0.011293859585852448, 0.009584929725999983, 0.007248756703580898, 0.017626386080242654, 0.021156277010978213, -0.020493371862382696, -0.05178045013461258, 0.01099608471853182, 0.0057977858993175715, 0.00898698167484155, 0.015539316134101535, 0.02311154487081985, -0.023218614921135, -0.05912867396838391, 0.01098529865762209, 0.002190784702864906, 0.010570904657408713, 0.013662602176112253, 0.02494751082366196, -0.026223672818773056, -0.06588122824677756, 0.011308852092239242, -0.0011826124401038184, 0.011988717325315887, 0.011991763947142365, 0.02662273708071783, -0.029421222815423306, -0.0719989449834128, 0.01195419823676271, -0.004275356355328288, 0.013201045375924921, 0.010514200614161303, 0.02813950242654119, -0.032699328520283275, -0.0774473226062602, 0.01300099821407931, -0.006986916968169957, 0.014279805137843729, 0.009201484163629094, 0.029607952645276325, -0.035826115000273495, -0.08222346922599824, 0.014247870288642498, -0.009329647902737994, 0.015113149712613476, 0.008024381253164122, 0.031039918703436156, -0.03876863792667006, -0.08636178534598551, 0.015557273165692637, -0.011321259867568658, 0.01563660853306778, 0.006960014131512245, 0.03244924439067194, -0.04150703853255032, -0.08992790659499002, 0.016844204945907604, -0.012984537589480323, 0.01582609518142523, 0.005990629876186438, 0.03385480355883945, -0.04403661163814726, -0.09300923804623278, 0.01806428074149187, -0.014345885220284505, 0.015689580849775158, 0.005102201036152217, 0.03527704568405152, -0.0463623792834149, -0.09570331217290162, 0.019201863545873457, -0.015433512756365775, 0.015258582296911299, 0.004283262125264472, 0.03673131693194582, -0.04849005991565098]","[-0.2058772731053724, -0.6851892906684041, -0.2418559295848485, -0.6618253642027915, -0.2613133673256786, -0.6357653295148975, -0.2690034653026498, -0.6091584491407547, -0.26899774919429276, -0.5838298058872426, -0.26466587917108286, -0.5612911883206766, -0.25870005447940314, -0.5427401104370186, -0.2536857016918689, -0.5301208783808824, -0.25068819820201216, -0.5233844185127212, -0.2496109099894434, -0.5211038203161402]","[0.062338972476233434, -0.012286590870417946, 0.00728754436006307, 0.06377856310986696, -0.010671310225907504, 0.005814674911213125, 0.06534168383682382, -0.008472417479724381, 0.004393345470653287, 0.06701660682594968, -0.005737047067533307, 0.0030222738836434004, 0.06880696257091634, -0.002560614208883649, 0.00171085545425953, 0.07072334394079449, 0.0007247550677726977, 0.0004808857402016642, 0.07280126968367051, 0.0040541879221009935, -0.0006623450018254928, 0.07507160405965418, 0.007371618603737584, -0.001714209006543399, 0.07756477407192808, 0.010630626810837374, -0.002671777348156823, 0.08030691373912224, 0.013792786101303633, -0.003534328128874442, 0.08331092501216164, 0.01682423942569411, -0.004303354331469222]","[0.059207454323768616, -0.009652145206928253, 0.012928098440170288, 0.02237502485513687, -0.007937721908092499, 0.0035984963178634644, -0.171826171875, -0.2890869140625, 0.059229105710983276, -0.010051898658275604, 0.01292794942855835, 0.02240397036075592, -0.008182808756828308, 0.003614068031311035, -0.1707275390625, -0.2890869140625, 0.05926486849784851, -0.010437853634357452, 0.012926697731018066, 0.022425122559070587, -0.00835397094488144, 0.003615260124206543, -0.16962871551513672, -0.2890869140625, 0.05930745601654053, -0.010713756084442139, 0.01292121410369873, 0.022455677390098572, -0.008424416184425354, 0.003620252013206482, -0.16743144989013672, -0.2890869140625, 0.05936795473098755, -0.010876387357711792, 0.012863129377365112, 0.02246341109275818, -0.008342958986759186, 0.0036244094371795654, -0.16633281707763672, -0.2890869140625]",0.052850723
"[14.89518404006958, 14.91518404006958, 14.93518404006958, 14.95518404006958, 14.97518404006958, 14.99518404006958, 15.01518404006958, 15.03518404006958, 15.05518404006958, 15.07518404006958, 15.09518404006958]","[-0.043980962933720655, 0.011937895382066584, 0.009163151406797148, 0.00721170205675976, 0.017674430721183604, 0.02135863111669718, -0.02042680688330334, -0.05183281656282032, 0.01186860098963263, 0.005503875602142124, 0.00909587061259256, 0.01564640845114602, 0.023104102175137718, -0.02336078491764808, -0.05906559430290012, 0.012229763982789146, 0.0020603133159679044, 0.010857979905356814, 0.013858167510953855, 0.024601755348923608, -0.026673463279431747, -0.0656435058019863, 0.013048607996933782, -0.0011173773811247697, 0.012457629887397117, 0.012302277109041325, 0.02584879473074518, -0.03025953263111089, -0.07153122561827928, 0.01443303082207433, -0.003923306108944197, 0.013968190828592164, 0.010949527088990448, 0.026970500768261622, -0.03384737525167483, -0.07672771469967005, 0.016244534384259365, -0.006344381437284235, 0.01533425036573731, 0.00976080244260287, 0.028030455071469115, -0.0372828476117069, -0.08124243648926677, 0.018247183652379262, -0.008410413742692822, 0.016426902193537363, 0.008703081268915652, 0.029047874835096826, -0.04052959824537069, -0.08511888535372403, 0.020281095437096837, -0.010151658843798443, 0.017170552089957762, 0.0077513945651015, 0.030042209621119576, -0.043565214900963364, -0.08842897773922632, 0.022249204097216424, -0.011599116434425714, 0.01753515426767564, 0.00688731322999387, 0.031036053853187487, -0.04638358100772093, -0.09126405313517492, 0.02410313548905721, -0.01278376399555393, 0.01752693753518049, 0.0060971680661188014, 0.032052252954852006, -0.04898899217767598, -0.09372371841107247, 0.02582896796860669, -0.013735453724538431, 0.01717890312084523, 0.005370450162940297, 0.033108185413218, -0.05138624028619959]","[-0.26054646571658013, -0.6616471481762226, -0.30245905073155144, -0.6343832237571856, -0.3250612723501437, -0.6057444295071401, -0.33388461304602945, -0.5775730570632576, -0.33367230202310055, -0.5514258912584546, -0.32837190891429224, -0.5285792972852872, -0.32115825007462806, -0.5100265563625384, -0.31510600265500965, -0.49750518274814093, -0.3114877482645826, -0.490852078968634, -0.3101858855925995, -0.48860514238289315]","[0.06204878956330162, -0.011508994678779416, 0.00715950791753972, 0.0634780664962934, -0.009754973307757542, 0.005680970798627172, 0.06499496888798195, -0.007249161017996109, 0.004232950002467817, 0.06661367490084535, -0.004048836094649566, 0.0028215470325076986, 0.06834337411333069, -0.0004999928126885322, 0.001473896151739762, 0.07018962995261935, 0.0031934668403446054, 0.0002025413992412517, 0.07218749143960479, 0.0069696385390347615, -0.0009847975547261356, 0.07436731129891772, 0.010774797464079278, -0.002080955040497212, 0.07675886788925868, 0.014564590582525128, -0.003080783316326663, 0.07938754309246543, 0.018301975644400947, -0.003981880801869231, 0.08226552182194657, 0.02195274182146978, -0.004784719663186721]","[0.05854049324989319, -0.006094753742218018, 0.012935429811477661, 0.021919377148151398, -0.006740279495716095, 0.0036108046770095825, -0.18720703125, -0.2890869140625, 0.058557718992233276, -0.006292164325714111, 0.012936145067214966, 0.02191855013370514, -0.00685969740152359, 0.0036074668169021606, -0.1861083984375, -0.2890869140625, 0.0585857629776001, -0.006515607237815857, 0.01294746994972229, 0.021875828504562378, -0.006965577602386475, 0.003609791398048401, -0.185009765625, -0.2890869140625, 0.05863839387893677, -0.006707273423671722, 0.012950003147125244, 0.021875381469726562, -0.006984516978263855, 0.0036109834909439087, -0.1839111328125, -0.2890869140625, 0.058709293603897095, -0.006865516304969788, 0.012907683849334717, 0.021919898688793182, -0.006979845464229584, 0.003624647855758667, -0.1828125, -0.2890869140625]",0.054214997
"[15.014602422714233, 15.034602422714233, 15.054602422714233, 15.074602422714234, 15.094602422714233, 15.114602422714233, 15.134602422714233, 15.154602422714234, 15.174602422714234, 15.194602422714233, 15.214602422714233]","[-0.044299321872319886, 0.01405546896554607, 0.009730668660967194, 0.008649136530809108, 0.0181549790524953, 0.020570145059535333, -0.021936951360789502, -0.05205046249294713, 0.014182711639285311, 0.006086028931403027, 0.010457315925527101, 0.016161361455520752, 0.022003069292694195, -0.025167235983302134, -0.05912962129218474, 0.01478986775987795, 0.0026679129409960395, 0.012115170384299415, 0.014421934890910922, 0.023151739548640617, -0.028758255312139724, -0.06550042128547331, 0.016009185267847677, -0.00041787244434138873, 0.013692130296942039, 0.012914682503554636, 0.024110875874074258, -0.032462714489466554, -0.07115786623506579, 0.017717259082135058, -0.0031617588157566404, 0.015124204269697922, 0.011605682310887846, 0.02492923174991684, -0.03612081831481298, -0.07607949383620091, 0.019799461320164233, -0.005524853258778731, 0.0163660257589629, 0.010455797266557619, 0.025707410270823964, -0.039572613590805106, -0.08029742238797469, 0.02201366814359723, -0.007547808131184283, 0.01729592274952149, 0.009430870578246275, 0.02646943076191997, -0.042786098481324725, -0.08387146879223506, 0.024201006004494333, -0.009266920997112436, 0.01784780355130239, 0.008505892892609394, 0.027237070365634514, -0.04574391443551432, -0.08688445202380901, 0.02627083635000941, -0.010715282920776802, 0.018002495121351544, 0.007663256845097525, 0.02803272754861776, -0.0484459846439807, -0.08943419813915739, 0.028184675327788906, -0.01192296212859633, 0.01777752890325312, 0.006890636387911665, 0.02887736807974574, -0.05090310372965076, -0.09162343929474584, 0.0299399556493752, -0.012916835115265904, 0.01721677856411483, 0.006179007064878322, 0.029786052855978587, -0.053126168517185164]","[-0.29535905742447355, -0.6425418803635254, -0.3340572077117694, -0.6108002624165728, -0.3527339110460965, -0.579417076352797, -0.357438959795209, -0.5497854493954325, -0.3533127169858058, -0.523072224747719, -0.34458638692718124, -0.5002250062763728, -0.3346170161258557, -0.4819661351505827, -0.32672556284650156, -0.4697550783803136, -0.32214177109213726, -0.4633002620149491, -0.32051786578948893, -0.46112552500058546]","[0.06226296331767689, -0.010722941864108382, 0.007105994324143161, 0.06366029900524928, -0.008389282334813064, 0.005537927445653068, 0.06511904302465177, -0.005232713109811549, 0.004006354429103354, 0.06664348011343646, -0.0015427678448478588, 0.002537331766077955, 0.06822640010491143, 0.002506675706976047, 0.001144363319123265, 0.06990964034491598, 0.006671082502745396, -0.00015487592678109507, 0.07172797689614585, 0.01088382145954192, -0.001353922664786733, 0.0737113107067976, 0.015087908868036237, -0.002447358937023303, 0.07588878279593436, 0.019237474801148124, -0.0034324534409893026, 0.07828515710179518, 0.023294994792925294, -0.004309817285159667, 0.0809123737477696, 0.027225581478421912, -0.0050833564886838545]","[0.05845555663108826, -0.006217688322067261, 0.013462096452713013, 0.021918758749961853, -0.0075035616755485535, 0.003693133592605591, -0.220166015625, -0.290185546875, 0.05846491456031799, -0.006429985165596008, 0.013466119766235352, 0.0219060480594635, -0.007691763341426849, 0.003694504499435425, -0.2190673828125, -0.2890869140625, 0.05846737325191498, -0.00653703510761261, 0.013457953929901123, 0.02191561460494995, -0.007736243307590485, 0.003697797656059265, -0.21796875, -0.2890869140625, 0.05846737325191498, -0.006490983068943024, 0.013388007879257202, 0.02191193401813507, -0.007538899779319763, 0.00368499755859375, -0.215771484375, -0.290185546875, 0.05851130187511444, -0.0059203580021858215, 0.012946605682373047, 0.02187235653400421, -0.006642945110797882, 0.0035266876220703125, -0.2124755859375, -0.2890869140625]",0.055057973999999996
"[15.154298305511475, 15.174298305511474, 15.194298305511474, 15.214298305511475, 15.234298305511475, 15.254298305511474, 15.274298305511474, 15.294298305511475, 15.314298305511475, 15.334298305511474, 15.354298305511474]","[-0.04487234500662553, 0.01780136309922261, 0.009130961541440961, 0.009429400221365467, 0.019696915263946062, 0.019242482263329815, -0.023870812414635328, -0.0524553573455348, 0.017999772447266013, 0.005512280309676919, 0.01114890095670818, 0.01766325089566302, 0.02062740784260534, -0.02712991011282649, -0.0593157118844313, 0.018808908075697378, 0.0022104785102705, 0.012812495222062356, 0.015885349774689906, 0.021764420682829664, -0.03061288854218436, -0.06544205329154096, 0.020143652277867366, -0.0007687769087737132, 0.014346637665584448, 0.014343131823290285, 0.022633887392341283, -0.03421869270488579, -0.0708028659970428, 0.021917757722934847, -0.003397956955726041, 0.015686221361424058, 0.013010035213079262, 0.023293544890064608, -0.037809245272824074, -0.07537679619199301, 0.024105908955603057, -0.005606929001518672, 0.016845962098587505, 0.011846392066194422, 0.02389191787691084, -0.0411778347186223, -0.07921743354560397, 0.026451206217277916, -0.0074518286896074854, 0.017704073487627307, 0.010814914291752804, 0.02445853195642135, -0.044295244157002374, -0.08240112815231153, 0.028783772088410393, -0.008981517992122575, 0.01819474830082415, 0.009888261615821195, 0.025019431767637518, -0.04714680133961564, -0.08502299939627445, 0.03100499480632073, -0.010239049620579971, 0.018299282786232954, 0.00904713189704939, 0.02560051163990446, -0.04973494432394522, -0.08718958854577583, 0.033070793491283126, -0.011262154637540003, 0.018035681941347585, 0.008278007321610777, 0.026225636519498316, -0.052072789977478336, -0.08900937405771406, 0.034974830557588696, -0.01208338388270517, 0.017448160395598895, 0.007571070425451314, 0.02691223330412009, -0.054173397726128523]","[-0.3112113544674783, -0.6232979646663068, -0.3526353931399807, -0.5853774085757735, -0.3732545857461157, -0.5493968132478755, -0.3793091959926126, -0.5164572383486322, -0.37609884293774815, -0.48745625658439506, -0.3679786692804368, -0.46309940115040166, -0.35839922516232453, -0.4438952444323866, -0.3507299464620566, -0.4311691808327862, -0.34625013494572787, -0.42448628413168565, -0.34465828128155374, -0.42224516687885383]","[0.0616377040620949, -0.006366819582052319, 0.00689121967600137, 0.06301503604229874, -0.003818882608144669, 0.005304969224277478, 0.06443440101121212, -0.0006403363690812292, 0.003777876176414452, 0.06587159064265158, 0.003111289363475489, 0.002313328397013592, 0.06734680774636059, 0.007283639034812772, 0.0009282497411313706, 0.06891318925354306, 0.011549095570522194, -0.0003575907584592031, 0.07060287427952061, 0.015842457668767462, -0.001539230855804874, 0.07244314300860055, 0.020109487363632716, -0.002612565978467707, 0.07446078907607245, 0.024307542244112135, -0.0035761484731606785, 0.07667859659797738, 0.02840234244778239, -0.004431891933634358, 0.07910693507702415, 0.03236206827583077, -0.005185018993711044]","[0.05772988498210907, -0.0022527799010276794, 0.013826489448547363, 0.021459288895130157, -0.006678253412246704, 0.003544032573699951, -0.2520263671875, -0.290185546875, 0.05779710412025452, -0.002789817750453949, 0.013827890157699585, 0.02157720923423767, -0.0070077404379844666, 0.003589719533920288, -0.250927734375, -0.290185546875, 0.057880401611328125, -0.0032787472009658813, 0.01382187008857727, 0.021591193974018097, -0.007188916206359863, 0.0036070942878723145, -0.24873046875, -0.290185546875, 0.05796512961387634, -0.0036369264125823975, 0.013789921998977661, 0.021568484604358673, -0.007072769105434418, 0.003585726022720337, -0.2476318359375, -0.290185546875, 0.058067917823791504, -0.0038756057620048523, 0.013685643672943115, 0.02162441611289978, -0.006871730089187622, 0.0035657137632369995, -0.2432373046875, -0.290185546875]",0.052919543
"[15.19448709487915, 15.21448709487915, 15.23448709487915, 15.25448709487915, 15.27448709487915, 15.29448709487915, 15.31448709487915, 15.334487094879151, 15.35448709487915, 15.37448709487915, 15.39448709487915]","[-0.04502752387853549, 0.018834027413612592, 0.008988937085393379, 0.009841817808704962, 0.019952992610174088, 0.019315259700835863, -0.024107957945123812, -0.05242586083054803, 0.019561725729490324, 0.005649233626491066, 0.01183261258094455, 0.01799833016023089, 0.02041677207227359, -0.027598939152631997, -0.05909801048245669, 0.02085599700684334, 0.002592792176843806, 0.013712459371731999, 0.01629885410429216, 0.021224396989571084, -0.031339347416307645, -0.0650158663996444, 0.022646155645487876, -0.00015577888917591508, 0.015412504494026865, 0.01483002805377458, 0.0217785566405993, -0.035180750770948746, -0.07015692784520106, 0.024914313079676773, -0.0025319791336528828, 0.01694569019820216, 0.013552500257690711, 0.022215982086763893, -0.03887861625637343, -0.07453296014565577, 0.027441689916336987, -0.004551841959146421, 0.018209060173046854, 0.012424165507786269, 0.022608156229901016, -0.042327971212148596, -0.07819439739962297, 0.029995296833319758, -0.00626570416958648, 0.01909178898522933, 0.01141179811232506, 0.02298456678900889, -0.045500681237850074, -0.08121564832019612, 0.03242946267084491, -0.007716313574506313, 0.019540670234780528, 0.010491885019752512, 0.023371045528527028, -0.048383700291712725, -0.08369029407980225, 0.034669686860535995, -0.008940188186006183, 0.01955055755222058, 0.009648801757237554, 0.02379218272911733, -0.05098214288761517, -0.08572328744652168, 0.036695048754409904, -0.009968250040914731, 0.01915315183574619, 0.008872447255962082, 0.024269861936510338, -0.05331229493092387, -0.08742130973098353, 0.03852031431401413, -0.010826193597211639, 0.01840575771494041, 0.00815593921159236, 0.024819934276644695, -0.055389816832664335]","[-0.3612549272899511, -0.5984165062702211, -0.3927625940830355, -0.5626388290271642, -0.40439997793961885, -0.5284933755545689, -0.40260088928465376, -0.49715442234212703, -0.39277243878262114, -0.469558141428026, -0.37931797982118143, -0.44641755722340726, -0.36568408728564217, -0.4282284131357371, -0.3554012239342139, -0.4161883636856649, -0.3495806136351167, -0.4098645041734067, -0.3475480747228956, -0.4077411270476451]","[0.06147810192883907, -0.005806477534960663, 0.006863890793495919, 0.06285877732147471, -0.003105800082318755, 0.005258443569932325, 0.06425425207505486, 0.000322484448531668, 0.003698026829375145, 0.06567041982334643, 0.004350320205949387, 0.00219913936858962, 0.06712710910524233, 0.008648738898731967, 0.0007885838643684195, 0.06865990777655195, 0.013054922134929647, -0.0005203269043114744, 0.070301030761867, 0.017504494680308902, -0.0017194707072514248, 0.0720776644410106, 0.021942755348866694, -0.0028029708775982876, 0.0740161584791178, 0.02632682620282889, -0.0037687767136613815, 0.07613863910834096, 0.030622209625110308, -0.004619122487452998, 0.07845493074289744, 0.03479560480731614, -0.005360283108142738]","[0.05734728276729584, 0.0006559863686561584, 0.013915330171585083, 0.021182753145694733, -0.005469582974910736, 0.0036103427410125732, -0.2630126953125, -0.290185546875, 0.05743618309497833, 0.00032323598861694336, 0.013922929763793945, 0.02120957523584366, -0.005727604031562805, 0.003708392381668091, -0.2586181640625, -0.290185546875, 0.05749896168708801, -0.00010146945714950562, 0.013900965452194214, 0.02121390402317047, -0.005896255373954773, 0.0036454349756240845, -0.255322265625, -0.290185546875, 0.05754876136779785, -0.0005921199917793274, 0.013876557350158691, 0.02142203599214554, -0.006033934652805328, 0.0037821978330612183, -0.2542236328125, -0.290185546875, 0.0576142817735672, -0.0010927096009254456, 0.013863980770111084, 0.021468549966812134, -0.006251133978366852, 0.0037910938262939453, -0.2542236328125, -0.290185546875]",0.020539711
"[15.334708452224731, 15.354708452224731, 15.37470845222473, 15.394708452224732, 15.414708452224732, 15.434708452224731, 15.45470845222473, 15.474708452224732, 15.494708452224732, 15.514708452224731, 15.53470845222473]","[-0.04581765817319106, 0.023273236816566328, 0.009869882567097536, 0.01276792220529508, 0.02101932295744012, 0.018984860871252063, -0.025547696114335237, -0.05301252615154135, 0.02410943245500609, 0.006701006965283837, 0.01476830904044548, 0.019036950557797062, 0.019863293149474142, -0.029263461656007798, -0.05943059813516187, 0.025456820837220246, 0.003797941938645035, 0.016569526387107004, 0.01731325096846404, 0.020357914714083665, -0.03319519062437053, -0.0650276188412252, 0.02734086642171616, 0.0012183815999933286, 0.018176344536021998, 0.01582570099193712, 0.020520515707423734, -0.037140388164918034, -0.06979492954728006, 0.029571572705188336, -0.0010700562428725073, 0.019467650731316434, 0.014547455128703483, 0.020385251599239852, -0.04099801408521381, -0.07366158468192167, 0.032158748819097166, -0.0029473509648339246, 0.02046547908063269, 0.013437176394700006, 0.020190137793946183, -0.044548358042262926, -0.07673701640114494, 0.03482251471208892, -0.0045022560069593225, 0.021058744417370257, 0.012453403503682424, 0.019983137802382495, -0.047764421233383245, -0.07913849087584415, 0.037385307161393176, -0.005804939858650029, 0.021197531469335975, 0.011567188040693233, 0.019802944903513836, -0.05063550181745999, -0.08098903695558166, 0.039753317974462535, -0.006909882958969957, 0.02088282976423306, 0.010759754942048894, 0.01968225683215089, -0.05317040804747193, -0.08241231208967932, 0.04189614831399242, -0.007858191239918412, 0.02015444167792721, 0.010019546728776167, 0.019647642330596696, -0.055390018395258436, -0.0835255239192253, 0.043825990403067734, -0.008679674128251548, 0.01907879739367679, 0.009339310681552145, 0.019717803313494944, -0.057314802026737735]","[-0.37111927347392204, -0.5783390959302583, -0.4087201554024317, -0.5282608158383059, -0.42356686493511947, -0.4844009649964371, -0.42291005090475553, -0.446856941149619, -0.4128858330189624, -0.41562074888697154, -0.39850670267575294, -0.390605266539911, -0.3837061066417753, -0.37164061749226696, -0.3724621130472919, -0.3593865332876668, -0.36606924340697033, -0.35305477773356053, -0.36383014766361454, -0.35095085263590453]","[0.06171786599968987, -0.005480577344587623, 0.007002373221135283, 0.06315290392428419, -0.0025733329444017627, 0.00532481951806929, 0.06453463126878789, 0.0011577881422342173, 0.003685543642850231, 0.0658320068756052, 0.005507202010035961, 0.002114227267686619, 0.06703816688337771, 0.010394560494549676, 0.0006338230984397342, 0.06829157938642727, 0.015411683024465717, -0.0007175283681180034, 0.0696211704430082, 0.020481785158844357, -0.0019351446993662869, 0.07105060387888873, 0.025541362335752993, -0.003015976026067513, 0.07260283468637907, 0.030541206118716246, -0.003961020447770469, 0.07429716011657184, 0.03544160917210437, -0.0047761258281777685, 0.07614168596114801, 0.040203733228237226, -0.00547185155509311]","[0.057035401463508606, 0.002573363482952118, 0.014265090227127075, 0.02094193547964096, -0.005409590899944305, 0.003659546375274658, -0.2893796920776367, -0.290185546875, 0.05702938139438629, 0.0021422356367111206, 0.014195412397384644, 0.020912133157253265, -0.005666695535182953, 0.0036584436893463135, -0.2893796920776367, -0.290185546875, 0.05703550577163696, 0.002042241394519806, 0.014148831367492676, 0.020927660167217255, -0.005579836666584015, 0.003631308674812317, -0.2849853515625, -0.290185546875, 0.05705542862415314, 0.001966021955013275, 0.014104962348937988, 0.02091830223798752, -0.005484782159328461, 0.0036519616842269897, -0.28388671875, -0.290185546875, 0.057073891162872314, 0.0018279850482940674, 0.014047503471374512, 0.020897701382637024, -0.0054633840918540955, 0.003682360053062439, -0.2827880859375, -0.290185546875]",0.057267209
"[15.475134134292603, 15.495134134292602, 15.515134134292602, 15.535134134292603, 15.555134134292603, 15.575134134292602, 15.595134134292602, 15.615134134292603, 15.635134134292603, 15.655134134292602, 15.675134134292602]","[-0.04668104174255068, 0.028201199719790813, 0.009486281942508681, 0.014511680705395078, 0.022854136940225388, 0.01672297743367936, -0.02910182868525065, -0.053604592219469546, 0.029151470552478013, 0.006308578241551759, 0.01623656932716586, 0.0208235282388696, 0.017518202243853396, -0.032827174152896474, -0.05970288348385374, 0.03060678493274989, 0.003439008027310423, 0.017778569175821136, 0.019043157707875395, 0.017956099687489718, -0.036575153312781744, -0.06494954033614181, 0.03238989701894916, 0.0008394500560659078, 0.019010132739121395, 0.0174954308739207, 0.017993101196460488, -0.04026998392443033, -0.06925555000445058, 0.03451722653374521, -0.0013863644204148333, 0.019938197741660654, 0.016150744153178537, 0.017810597430764748, -0.04370630380721484, -0.07261096586118398, 0.036858930061155926, -0.0031978481506869574, 0.020512365004900796, 0.014966505857858314, 0.01758152188374717, -0.04677006402384047, -0.07515264381248854, 0.039179204057430805, -0.0046854039525224865, 0.020658431277698768, 0.013904854292593014, 0.017353048269253536, -0.04944724952257547, -0.07701795387112081, 0.04133658661556002, -0.0059197570258288515, 0.02035720558998303, 0.012939647412242239, 0.017162397547839228, -0.051739002769150354, -0.07834378154430419, 0.04326562634984952, -0.006955257417630994, 0.019634149898377112, 0.012054186535989886, 0.017040244049865073, -0.05366504678102647, -0.07926249552168407, 0.04495703360703148, -0.007832551055696349, 0.018547425728101617, 0.011238330996011524, 0.017010839482672728, -0.05525635508392848, -0.0798959812288266, 0.04643767898038924, -0.008580922900059986, 0.017176116015386038, 0.010485681697742806, 0.01709056989986224, -0.05654284469138245]","[-0.3852673828516425, -0.548351982274909, -0.40907002839868595, -0.4937115082343996, -0.41340581216339634, -0.4467503183983065, -0.40508654370459585, -0.40722395612980034, -0.3897606041273325, -0.3748283406312, -0.3719425007918465, -0.3492200622559382, -0.3550802795806909, -0.33001366552757505, -0.3427643073380947, -0.3176956885596415, -0.33591926468421884, -0.3113644407575834, -0.33355444551349855, -0.3092680330040094]","[0.06106425739758836, 5.3433399140434545e-05, 0.006644980395932976, 0.06249502617666891, 0.0034733599466276743, 0.004917691833788762, 0.06380499432410314, 0.007519562004051128, 0.003266559730571217, 0.06493180867863946, 0.012190193200193544, 0.0017080096720860638, 0.06596050671859666, 0.0171525457348789, 0.00028149306610325553, 0.06701705856655438, 0.022138370788960415, -0.0009949129247455168, 0.06812649973696372, 0.027073985562203973, -0.002122496567056764, 0.06930863008067956, 0.031900195356764804, -0.0031050498634783708, 0.07058286613362497, 0.03657291206609292, -0.003950656470244507, 0.07196559774969946, 0.04105793785685341, -0.0046719100744372355, 0.07346301869686744, 0.04532218393865062, -0.005285287462804877]","[0.05711741745471954, 0.0016423165798187256, 0.014233380556106567, 0.02092669904232025, -0.005843058228492737, 0.0036765187978744507, -0.2893796920776367, -0.290185546875, 0.05711452662944794, 0.001726597547531128, 0.01422804594039917, 0.0209336057305336, -0.005814023315906525, 0.0036727190017700195, -0.2893796920776367, -0.290185546875, 0.05711337924003601, 0.0018304064869880676, 0.014227449893951416, 0.020937427878379822, -0.005770459771156311, 0.003672569990158081, -0.2893796920776367, -0.290185546875, 0.057107821106910706, 0.0019472166895866394, 0.01422688364982605, 0.020931750535964966, -0.005719289183616638, 0.0036703944206237793, -0.2893796920776367, -0.290185546875, 0.0571051687002182, 0.0020728185772895813, 0.014226853847503662, 0.020926274359226227, -0.005668655037879944, 0.0036701709032058716, -0.2893796920776367, -0.290185546875]",0.048470362
"[15.594761371612549, 15.614761371612548, 15.634761371612548, 15.65476137161255, 15.674761371612549, 15.694761371612548, 15.714761371612548, 15.73476137161255, 15.754761371612549, 15.774761371612549, 15.794761371612548]","[-0.04729066222753728, 0.03219297323118901, 0.00893898574184684, 0.015546534946741833, 0.02426081741298002, 0.016211402857372017, -0.03056476374914088, -0.053845732000912826, 0.0335164882199367, 0.006082412428211359, 0.01740429829069951, 0.022243859212988902, 0.01666505774999736, -0.03437794302892299, -0.059520504538800124, 0.03525805716327991, 0.003490007121103349, 0.01897797317933629, 0.020493412574889482, 0.01660194565747769, -0.0382493339097447, -0.06420992954834737, 0.037451351587056474, 0.0012655575633032557, 0.02027383920845142, 0.018980450263378586, 0.016190935013449897, -0.04193683042595574, -0.06788811765643925, 0.039974346576756206, -0.0005496254370134169, 0.021245957656476383, 0.01765968940686336, 0.015619629814834073, -0.045268615452110375, -0.07061787236950043, 0.04257442477094889, -0.0019995808648109034, 0.021785567319249317, 0.016485840317994466, 0.015007149153433326, -0.04820109346571205, -0.07255506814127917, 0.045040984755366165, -0.0031809492533270635, 0.02183817709540756, 0.015423674390501848, 0.0144046785032877, -0.050724301669654054, -0.07384901821891449, 0.0472561751147005, -0.004167109318581167, 0.021402373648816225, 0.014449721696989092, 0.013851871993714298, -0.052843036872306424, -0.07464246909878816, 0.049176517872826106, -0.005011975771058158, 0.020519361148625688, 0.013550006529234071, 0.013379807984614633, -0.05458071482255257, -0.07506880200966254, 0.05081272390196204, -0.005753335087692589, 0.019260867614343563, 0.012717036129294382, 0.01301191834722205, -0.05597189433968946, -0.07524748515418762, 0.052209146379143624, -0.00641589662853433, 0.01771726769642603, 0.011946772924622685, 0.012763968108834813, -0.05704958460891766]","[-0.4325812707205007, -0.4963584721906864, -0.4465277930897768, -0.439771378660416, -0.44253652730756826, -0.3922636642217313, -0.42735565471466175, -0.3531654814665124, -0.4065396563815589, -0.3217981078592396, -0.3844938830613106, -0.29749077313236005, -0.364544974166119, -0.2795811597415243, -0.3502906100473832, -0.2682332702648414, -0.3424672057742024, -0.26244696225072894, -0.3397836420986322, -0.2605395043245139]","[0.06067282034212118, 0.003632069288369344, 0.006520776034356857, 0.06202781066482321, 0.007183607208217424, 0.004780228288672639, 0.06314752837464299, 0.011549845103779433, 0.0031066213431847345, 0.0640812947760121, 0.016398073977110794, 0.0015484062723314373, 0.06492250095721797, 0.0214176301366793, 0.000135261905054751, 0.06576712638782656, 0.026458752012614273, -0.0011225021849825545, 0.06663642132130942, 0.0314524875454163, -0.0022257771528928494, 0.06754642726860194, 0.03634316906443136, -0.0031788838041930667, 0.06851278708676944, 0.04108984623608514, -0.003991090451840318, 0.06954859137223779, 0.04566072880478789, -0.004676579641667455, 0.0706580308107887, 0.05002344539648362, -0.005253675559077298]","[0.05683228373527527, 0.0023390427231788635, 0.0142478346824646, 0.02075081318616867, -0.005267448723316193, 0.003641292452812195, -0.2893796920776367, -0.290185546875, 0.05693456530570984, 0.0021376535296440125, 0.014168620109558105, 0.020771771669387817, -0.005334988236427307, 0.003644302487373352, -0.2893796920776367, -0.290185546875, 0.05696776509284973, 0.0020022839307785034, 0.014177888631820679, 0.020800143480300903, -0.005408458411693573, 0.0036496520042419434, -0.2893796920776367, -0.290185546875, 0.057001471519470215, 0.001874193549156189, 0.014188170433044434, 0.020839400589466095, -0.005511157214641571, 0.003656521439552307, -0.2893796920776367, -0.290185546875, 0.057028934359550476, 0.0017623454332351685, 0.014201194047927856, 0.020875677466392517, -0.00563473254442215, 0.0036427676677703857, -0.2893796920776367, -0.290185546875]",0.048983938000000005
"[15.714611291885376, 15.734611291885376, 15.754611291885375, 15.774611291885376, 15.794611291885376, 15.814611291885376, 15.834611291885375, 15.854611291885377, 15.874611291885376, 15.894611291885376, 15.914611291885375]","[-0.04751487475742161, 0.0335944181374044, 0.009009225181344992, 0.016141334302295515, 0.02489864607935851, 0.01649985569088913, -0.03039965139165371, -0.05370629417392636, 0.035253485315113214, 0.006467858172369979, 0.018188506064954625, 0.02292778260549989, 0.016471499329843604, -0.03432261439487963, -0.05889800298960898, 0.03745632355233979, 0.004272595062212574, 0.01998008508284356, 0.021233199691354683, 0.01592199382699636, -0.03826684267904063, -0.06304461511220213, 0.04012842048484014, 0.002459584489848194, 0.021466658849221457, 0.019780149542585067, 0.014984652360597804, -0.04205388190003702, -0.06619103183883501, 0.04304779260876726, 0.0009747648386260209, 0.022537281859564384, 0.018529167969348403, 0.013775158261538738, -0.04558674921362878, -0.06836991378233348, 0.04612320722352348, -0.00014975041670386513, 0.023181881437423474, 0.01743346374693658, 0.012522359479018856, -0.04871802455227217, -0.06976546686136094, 0.04909615983473731, -0.0010380147710384899, 0.02332969238008868, 0.016451404600604732, 0.011290834659966489, -0.0514346520161616, -0.07054497845702401, 0.05181608105529311, -0.0017817443920061715, 0.022968221784006964, 0.015555649960289429, 0.010129143149222933, -0.05373911048113442, -0.070860420063425, 0.05421984803131294, -0.0024452244867370337, 0.022132243381048234, 0.014730460669224878, 0.00907295951122036, -0.05565325045339062, -0.07084756772579787, 0.05630898759483427, -0.0030700593622616287, 0.020890933426901147, 0.01396814638480679, 0.008147415705896863, -0.05721050721412405, -0.07062356073754639, 0.05812619662022121, -0.003679749419792523, 0.019335102293249338, 0.013265422354024295, 0.0073691359299747645, -0.058442725894868985]","[-0.4612888909761604, -0.4521527005052387, -0.4836755885739521, -0.38947898539568415, -0.48471900517968963, -0.338753280050911, -0.47202711645166445, -0.2985133550025114, -0.45194158490354136, -0.26737884297136394, -0.4295533800843316, -0.24407901398567278, -0.4087648533366104, -0.22745261834477648, -0.3937037647996591, -0.21716034673073487, -0.38536612425318434, -0.21199772832716637, -0.38248990359354446, -0.21031318066158103]","[0.06069024119970112, 0.0037012362761781326, 0.006716359302921582, 0.06182557842274927, 0.007363020335709791, 0.004951863287834257, 0.06272211039087905, 0.011809802955480286, 0.003257872355528768, 0.06342050440666036, 0.0168064322937842, 0.0016730058952441063, 0.06396656000585343, 0.02221051168804644, 0.00022324828009345765, 0.06449777727191974, 0.027698134184531042, -0.0010677128802392133, 0.06503430339323457, 0.03319684168455739, -0.0021995329501280914, 0.0655907254919923, 0.03864777414910758, -0.0031747396333869915, 0.06618075705810011, 0.044007324410012316, -0.00400084913798926, 0.06681566567593555, 0.049241014924260806, -0.004690695383263943, 0.06749892019948145, 0.05431249569431884, -0.0052619742541804015]","[0.055806756019592285, 0.0036906301975250244, 0.014068007469177246, 0.020032651722431183, -0.004068978130817413, 0.0034210234880447388, -0.2893796920776367, -0.290185546875, 0.05602097511291504, 0.003476455807685852, 0.014023631811141968, 0.020109236240386963, -0.004147395491600037, 0.0034416168928146362, -0.2893796920776367, -0.290185546875, 0.05615495145320892, 0.0033505484461784363, 0.014055579900741577, 0.020159803330898285, -0.00419800728559494, 0.0033848583698272705, -0.2893796920776367, -0.290185546875, 0.056267544627189636, 0.003251887857913971, 0.014087527990341187, 0.02027232199907303, -0.004373021423816681, 0.0034859180450439453, -0.2893796920776367, -0.290185546875, 0.05637137591838837, 0.0031631961464881897, 0.01412460207939148, 0.020366661250591278, -0.004480175673961639, 0.0034432560205459595, -0.2893796920776367, -0.290185546875]",0.058347114000000005
"[15.834510803222656, 15.854510803222656, 15.874510803222655, 15.894510803222657, 15.914510803222656, 15.934510803222656, 15.954510803222655, 15.974510803222657, 15.994510803222656, 16.014510803222656, 16.034510803222656]","[-0.047519282843409755, 0.03356797769737082, 0.009289303864873411, 0.016570431788008346, 0.024636192823011042, 0.016401790417394993, -0.03047436507362647, -0.05324279738375343, 0.035669967289404435, 0.007088270457046415, 0.018735516671408232, 0.022759051651376417, 0.015975389525517768, -0.0343454228072059, -0.05791230046685913, 0.03828041869173264, 0.005240068344083258, 0.020610289261940865, 0.021151972930653545, 0.014996900480592028, -0.03824740151582377, -0.061551783458486935, 0.04123200908975517, 0.0036815364736434058, 0.022076133409315375, 0.01979271493898862, 0.013495450216053658, -0.04211371809886122, -0.06417560495671369, 0.04446978233232055, 0.002425582237061317, 0.02310919057169527, 0.01864833072259208, 0.011670621003988, -0.045776989108757146, -0.06582507276706155, 0.04796303265589355, 0.0015280486259252142, 0.023750626413700623, 0.017666289957220693, 0.009818711797182076, -0.04902768439119745, -0.06671143427303922, 0.0514002493876376, 0.0008385851232859869, 0.02391223246099643, 0.01679815535118613, 0.008016004976445657, -0.05185204076630007, -0.06701806645778012, 0.054594347695607774, 0.00024867722230071537, 0.023569185321088145, 0.016012475874009433, 0.0063179078766495474, -0.054252482752288986, -0.06690387067569926, 0.05745957435838563, -0.00031459944692526783, 0.022748344016298598, 0.01529159467418066, 0.004762366451227859, -0.05625123900221769, -0.06650455733773637, 0.05998576853473281, -0.0008949654149694032, 0.021514549231449763, 0.014627520300943076, 0.0033737492296477462, -0.05788233344851309, -0.06593255795412317, 0.06221181149390065, -0.0015132002867953036, 0.0199569764517789, 0.01401765834880057, 0.0021670799849356857, -0.05917814383963421]","[-0.47627750511868217, -0.4083752383533199, -0.5085754877899695, -0.340354673390266, -0.5158206000605869, -0.2871976409954984, -0.5065655119752136, -0.24657431035999178, -0.4879871266749195, -0.21635255823397082, -0.4658872617980513, -0.1946293701633702, -0.4447524217648896, -0.1797280586228542, -0.42921455756742366, -0.17077895413599248, -0.4205388466229597, -0.16638838765481834, -0.41752998306414174, -0.16497578924776324]","[0.06067700190410419, 0.0030571238331287276, 0.00667945541264281, 0.06161037753431242, 0.006816548994327043, 0.004918825231064794, 0.06228253172935283, 0.011386901828463358, 0.003225325285297842, 0.06268078045448688, 0.016754266366684423, 0.0016245061942070649, 0.0628900743125278, 0.022664703746355208, 0.0001600646992487853, 0.06306562600639976, 0.028691210621854424, -0.001138282247937994, 0.06322765599756408, 0.03475618408646053, -0.0022710057005177475, 0.0633904262569468, 0.04079652328792127, -0.0032405509343016448, 0.063566729501365, 0.046765385435104, -0.004054066490783548, 0.06376696827840145, 0.05262562334228793, -0.0047240754338790936, 0.06399495426785196, 0.058337716298110465, -0.0052683251381697715]","[0.052830666303634644, 0.007491111755371094, 0.013550728559494019, 0.018110103905200958, -0.001352936029434204, 0.0030725598335266113, -0.2893796920776367, -0.290185546875, 0.053182587027549744, 0.0069745853543281555, 0.013609170913696289, 0.018262401223182678, -0.0014821738004684448, 0.0032498687505722046, -0.2893796920776367, -0.290185546875, 0.05562710762023926, 0.003879338502883911, 0.014030158519744873, 0.019904643297195435, -0.003841690719127655, 0.003563612699508667, -0.2893796920776367, -0.290185546875, 0.05351926386356354, 0.006503596901893616, 0.013662278652191162, 0.01846383512020111, -0.0017600655555725098, 0.003292977809906006, -0.2893796920776367, -0.290185546875, 0.055806756019592285, 0.0036906301975250244, 0.014068007469177246, 0.020032651722431183, -0.004068978130817413, 0.0034210234880447388, -0.2893796920776367, -0.290185546875]",0.056822307
"[15.954564571380615, 15.974564571380615, 15.994564571380614, 16.014564571380614, 16.034564571380614, 16.054564571380617, 16.074564571380616, 16.094564571380616, 16.114564571380615, 16.134564571380615, 16.154564571380615]","[-0.047500458138760596, 0.03360689616155402, 0.008638222107655505, 0.01605422702206726, 0.024961209039152037, 0.016051618214516082, -0.030682795874826658, -0.052641049407304574, 0.036240695260313316, 0.006859119119019969, 0.018355133831477435, 0.02316686912394736, 0.01524869889330361, -0.03444774601299881, -0.05673191394930705, 0.039274786698527415, 0.00536662915615199, 0.020287288028786182, 0.021651442390626795, 0.013753726811643363, -0.03835414995666464, -0.05976714171000346, 0.04269968722120615, 0.004166881272448293, 0.021820363715124094, 0.020393706039740958, 0.011706002563627048, -0.042243792504723, -0.0617705122313897, 0.04651410603345554, 0.003303033790401322, 0.022987090593291147, 0.019348775833855823, 0.009393098678454692, -0.04587377247533428, -0.06283676931143264, 0.05054500804305543, 0.002754596129649047, 0.0237549276780302, 0.018457611084397876, 0.0070718765947808205, -0.049094202175463654, -0.06319107824929618, 0.0544716052217536, 0.0023593695860251803, 0.024033625735663623, 0.017670800365961477, 0.004823279562942127, -0.051893115117040284, -0.06302278106989065, 0.05810359463156482, 0.0020028252253916777, 0.023797325333774422, 0.016957047682892096, 0.002704641012153608, -0.05427429524318921, -0.06249013114207764, 0.06135697827074901, 0.0016109757779173522, 0.023072664033170327, 0.016299773806506365, 0.0007528671819658525, -0.056260961635641045, -0.0617232960851007, 0.064226977874592, 0.0011428710805508895, 0.02192483346122235, 0.015692683310164414, -0.0010104689120930485, -0.0578877352087198, -0.06082620795916476, 0.06675997790625549, 0.0005831848415416871, 0.020443683565484313, 0.015135117397399356, -0.002572968722797912, -0.05918709856101721]","[-0.5149913150367786, -0.3513920830599022, -0.5472664694050432, -0.28266198505292767, -0.553616791998745, -0.2304333188482795, -0.5429433985982914, -0.19177134141530888, -0.5227150730240002, -0.16402918465042512, -0.4989773281839134, -0.14487459260022184, -0.47641028178242056, -0.13228664675697435, -0.45986006431732945, -0.12498653586641868, -0.450629964027603, -0.12149844096819626, -0.44743009663818234, -0.12039479320563068]","[0.06007737607101349, 0.004575618099040835, 0.006605603351821809, 0.060822800647404085, 0.008373619026398327, 0.004880287308677289, 0.0612303181044046, 0.013187360839908013, 0.003203499100093765, 0.06133579488297092, 0.018852947030033818, 0.001619833861527642, 0.061253508805584556, 0.024975718397526325, 0.00017659933436231512, 0.061122080474950935, 0.031227179906649916, -0.0011047603228169223, 0.060960548072149234, 0.03753397502914124, -0.002223488693409159, 0.060781794637008946, 0.04383581810059134, -0.003180706437940106, 0.060596816242253215, 0.050088382353645766, -0.0039821064285519014, 0.06041444697622356, 0.05625679230860303, -0.0046386548087062884, 0.0602382964250916, 0.06230275240042715, -0.0051666291921455]","[0.05010414123535156, 0.011343710124492645, 0.013169467449188232, 0.016615919768810272, 0.0010493919253349304, 0.003014862537384033, -0.2893796920776367, -0.290185546875, 0.0505143404006958, 0.010818816721439362, 0.013232052326202393, 0.01685958355665207, 0.0006943121552467346, 0.0030216872692108154, -0.2893796920776367, -0.290185546875, 0.050879791378974915, 0.01030847430229187, 0.013269215822219849, 0.017076313495635986, 0.0004095733165740967, 0.0030416399240493774, -0.2893796920776367, -0.290185546875, 0.05126650631427765, 0.009785175323486328, 0.013305753469467163, 0.017268195748329163, 9.360164403915405e-05, 0.0030507445335388184, -0.2893796920776367, -0.290185546875, 0.05165475606918335, 0.009214676916599274, 0.013354778289794922, 0.01747855544090271, -0.0002766549587249756, 0.0030584335327148438, -0.2893796920776367, -0.290185546875]",0.014415077000000002
"[16.014506340026855, 16.034506340026855, 16.054506340026855, 16.074506340026854, 16.094506340026854, 16.114506340026857, 16.134506340026856, 16.154506340026856, 16.174506340026856, 16.194506340026855, 16.214506340026855]","[-0.04748358951027702, 0.03362465486694631, 0.008205887881304335, 0.015925255574364007, 0.024729988537641287, 0.015786033375297263, -0.03060998688545084, -0.05224330162012887, 0.03649657046856604, 0.006687730335685359, 0.018254125481220386, 0.023005876479679888, 0.014919811868021916, -0.03435951086666093, -0.056029753501069014, 0.03972819083912167, 0.005427136577394306, 0.020207974229834457, 0.02154821264867022, 0.01338174404889044, -0.03827147307877341, -0.058837108125069607, 0.043373064017683656, 0.004442083111495325, 0.021812815723424004, 0.020335888306350264, 0.011278197837647734, -0.04213659692093414, -0.06073344671140375, 0.04729642804381351, 0.003659988905505248, 0.023021280698145626, 0.019337240448728466, 0.00874338786115459, -0.04579349059412738, -0.06162653850851999, 0.051494179543686534, 0.0032277941973711593, 0.02383951914172582, 0.01849993156561664, 0.0061788366562394335, -0.04903897833387262, -0.06176708934089182, 0.05562261106503369, 0.0029648622064373594, 0.024172028753066076, 0.017770737166271842, 0.003674298197618767, -0.05186183005096917, -0.061363726575877485, 0.059474208939604305, 0.0027423549705544365, 0.02398897332148177, 0.01711567152279689, 0.0012936775840077627, -0.05426644214987122, -0.06058850477322435, 0.06295278336549696, 0.0024757770088211983, 0.023314159366402035, 0.01651641085243656, -0.000921309402306162, -0.056276533648327, -0.05958080899778882, 0.06604557137397087, 0.002117013760807435, 0.022210939354345385, 0.01596566523851517, -0.0029455842633086156, -0.057927074693714393, -0.05845017794528258, 0.06879427269818941, 0.0016463629582587696, 0.020768133248422575, 0.015462331164699831, -0.004764082727465808, -0.059250694518280064]","[-0.5211235010559341, -0.3423181282825375, -0.5579086475535917, -0.26684541473501566, -0.5674203071625192, -0.20982605314020372, -0.5588325699757447, -0.16793539977976712, -0.5398778426230143, -0.13815181106624375, -0.516837490009487, -0.11781064453672363, -0.4945960002633034, -0.1046031980082049, -0.4781627390469404, -0.09703272924982473, -0.46895783296955895, -0.09345418923084742, -0.4657581916328424, -0.09233196252580186]","[0.05936225288415098, 0.005252873962903859, 0.006398035804187074, 0.0601587669598036, 0.009006407115669912, 0.004722943746362507, 0.06065223612571791, 0.013773843762074911, 0.003086171980507757, 0.06080769779941031, 0.019355294811640444, 0.001529840265555471, 0.060603126345733394, 0.025582108493251265, 9.33818572992351e-05, 0.06033523728979873, 0.031957694675488035, -0.0011797349078781494, 0.060023909464323455, 0.0384082545366593, -0.0022895171649714996, 0.059682173138879246, 0.04487337408593017, -0.003237106847360227, 0.05932084132982318, 0.05130862682138693, -0.004027766985236436, 0.0589485547957499, 0.057678926692920296, -0.004671786076454687, 0.05856898966987256, 0.06394549967554486, -0.0051847029242604314]","[0.04575124382972717, 0.01671917736530304, 0.012641996145248413, 0.01394585520029068, 0.004884950816631317, 0.00280703604221344, -0.2893796920776367, -0.290185546875, 0.04613231122493744, 0.016271576285362244, 0.012681454420089722, 0.014176912605762482, 0.004570119082927704, 0.0028404593467712402, -0.2893796920776367, -0.290185546875, 0.04650452733039856, 0.015835344791412354, 0.012708336114883423, 0.014451205730438232, 0.0042460039258003235, 0.0028702467679977417, -0.2893796920776367, -0.290185546875, 0.04688970744609833, 0.015369102358818054, 0.012759506702423096, 0.014727942645549774, 0.003915116190910339, 0.0028455108404159546, -0.2893796920776367, -0.290185546875, 0.0472903698682785, 0.014875099062919617, 0.012814313173294067, 0.014954611659049988, 0.003531545400619507, 0.002874821424484253, -0.2893796920776367, -0.290185546875]",0.011250784
"[16.134135246276855, 16.154135246276855, 16.174135246276855, 16.194135246276854, 16.214135246276854, 16.234135246276857, 16.254135246276856, 16.274135246276856, 16.294135246276856, 16.314135246276855, 16.334135246276855]","[-0.04742536357444742, 0.033685930003289, 0.0066170747655186, 0.015424324099403846, 0.02467138516108392, 0.013470822872435043, -0.03131312515495833, -0.05168732669921002, 0.036934214585347944, 0.0051810301374020755, 0.01769367574119498, 0.02306295706790526, 0.012486053180061211, -0.035045685687805285, -0.055012214648154145, 0.04058630441005916, 0.004033854340996511, 0.019651687091656628, 0.0217102062945912, 0.01088225554972853, -0.03886498189308735, -0.05745294626972848, 0.04454054576767695, 0.0030911988536529277, 0.021244823804182376, 0.020593767679203942, 0.008690613430437283, -0.04262493531808446, -0.058902075751010016, 0.0488140530923067, 0.0024732019536290025, 0.022468855273393283, 0.019674515854477173, 0.006242869999548132, -0.04610471337291448, -0.05943925829462925, 0.05323325612780358, 0.002165684838265322, 0.023281723118231137, 0.018895212244935435, 0.0037990835759576795, -0.04917023922832317, -0.05929614292552799, 0.05748795273716357, 0.002003193079670116, 0.023599603389684764, 0.018207902885262355, 0.0014370618220122353, -0.051813712091533425, -0.05866500255799313, 0.061398108437624555, 0.001869396617720806, 0.023401871291800398, 0.017582819469684294, -0.0007893477902533464, -0.054042414620027436, -0.05770423468123143, 0.06488932043445282, 0.0016895783826651803, 0.022719162038923067, 0.017004919153267274, -0.002846961741174084, -0.05588251659369968, -0.056542184159012035, 0.06796541352838838, 0.0014227250857276879, 0.021619437106937152, 0.016469374216891326, -0.0047177655483174, -0.05737106373867041, -0.05527978360209478, 0.07068013203551958, 0.0010537644963625075, 0.020194153401453058, 0.015976845606299903, -0.006392246450866253, -0.05854243556117903]","[-0.5479566268129865, -0.2997142569306043, -0.5765953279497347, -0.23051694688883792, -0.5798994912933138, -0.17844569672209515, -0.5667694252720854, -0.14031489955549653, -0.5446401663359243, -0.11327846937752024, -0.5195011716766365, -0.09485217440009534, -0.4959624844927054, -0.0829047784136892, -0.4788280159862695, -0.07605482608309108, -0.4693134198239111, -0.07281095199775112, -0.4660233176756889, -0.07179054230660539]","[0.056332494984668746, 0.009065687049842452, 0.005814589770017697, 0.0569123497823697, 0.013193100829127058, 0.0041963787491106075, 0.05720363571942455, 0.018193445950653864, 0.0026350514879585063, 0.057103809617765844, 0.02400715940665865, 0.0011615453496300887, 0.05681841011684652, 0.030218005868714037, -0.00017640898847970377, 0.05650302627607662, 0.03650946762764962, -0.0013627514340530666, 0.05617285587449106, 0.04281648021471085, -0.0023964224233541387, 0.05583658915246004, 0.0490862422410383, -0.003278688353026471, 0.055500927140154865, 0.05528152889498639, -0.004015426483342743, 0.055170638661472315, 0.061374233926049016, -0.004617580081996753, 0.05484586956170412, 0.0673323280635616, -0.005101098644269442]","[0.04329289495944977, 0.019690975546836853, 0.012419283390045166, 0.012500695884227753, 0.0068000853061676025, 0.00273151695728302, -0.2893796920776367, -0.290185546875, 0.043543606996536255, 0.019369572401046753, 0.012442827224731445, 0.01269058883190155, 0.006576120853424072, 0.0027362704277038574, -0.2893796920776367, -0.290185546875, 0.043807849287986755, 0.019048422574996948, 0.012457579374313354, 0.012849114835262299, 0.006351172924041748, 0.0027703046798706055, -0.2893796920776367, -0.290185546875, 0.04407376050949097, 0.018735960125923157, 0.012490034103393555, 0.013003706932067871, 0.006112828850746155, 0.0027351826429367065, -0.2893796920776367, -0.290185546875, 0.044381603598594666, 0.018367409706115723, 0.012496650218963623, 0.013175785541534424, 0.005901306867599487, 0.002756372094154358, -0.2893796920776367, -0.290185546875]",0.010488029
"[16.204702138900757, 16.224702138900756, 16.244702138900756, 16.264702138900756, 16.284702138900755, 16.30470213890076, 16.324702138900758, 16.344702138900757, 16.364702138900757, 16.384702138900757, 16.404702138900756]","[-0.04731027462827471, 0.03381977162077951, 0.0037290558184254466, 0.014263097576384852, 0.024666955036197848, 0.013945499453006693, -0.03125662959008742, -0.051046699085738875, 0.03750921038438611, 0.002841641424044358, 0.016697692496275545, 0.023167040748575056, 0.01292518447886641, -0.03483649762173996, -0.053894463021328026, 0.041534427212059355, 0.0021951790732014725, 0.018814118837373748, 0.021924652097779836, 0.011109772280323168, -0.03853831824885333, -0.05571665818972652, 0.04596548815744286, 0.0018961602503519465, 0.020599040063393432, 0.020917040567190452, 0.008732339097053796, -0.04216267453157213, -0.05656586943477414, 0.05066657295640101, 0.0019069690448403778, 0.02199688397282013, 0.020100681910586053, 0.00601260508495472, -0.04555412748579932, -0.05651887939202448, 0.055513397347106946, 0.00222086481191574, 0.022992326212232215, 0.01941989723156659, 0.003232257011838567, -0.04855563794824662, -0.05581144486636461, 0.06019436519496287, 0.0026601621045769883, 0.023498420845904488, 0.018826646662896414, 0.00047531479041224733, -0.05115865606783757, -0.05463940489735076, 0.06452645152300286, 0.003096770284426534, 0.023490603372117894, 0.018291041959055433, -0.002197629503908992, -0.05336924877150927, -0.05316371925320813, 0.06843160718114197, 0.0034453047711962897, 0.022995167327333064, 0.01779799350370858, -0.004746298648707901, -0.05521187272132708, -0.05151402787371408, 0.07191014094787782, 0.0036556761095223075, 0.022075720338348773, 0.017342781158620715, -0.007145386928662759, -0.05672150471178343, -0.04979129738330715, 0.07501294502360902, 0.0037056196322013766, 0.020819665924094847, 0.016926365004231468, -0.009377936230853902, -0.0579303217493457]","[-0.5744081005802315, -0.2480282968133043, -0.6048579838387501, -0.17658399116364787, -0.6099773879471522, -0.12268915404185363, -0.5984884584551481, -0.08320238202728004, -0.5777259180405965, -0.05525478967792047, -0.553641736925525, -0.03628937455815037, -0.5308574743107284, -0.024068608627254094, -0.5141777837970352, -0.017120779018361253, -0.5048809710427177, -0.01386243734958863, -0.5016579335330631, -0.012847226719768096]","[0.05358370196218287, 0.012963403305411347, 0.0053650101812317, 0.054368204607060155, 0.016687222173654703, 0.003870204931295973, 0.05472340310030943, 0.021395540451611517, 0.0024140061660316015, 0.05477479783741879, 0.026806208535047116, 0.001039229339905745, 0.05460672906222119, 0.03268464977652963, -0.00022472320090960451, 0.05437071554261408, 0.03869384619991756, -0.0013603631346112977, 0.05407564974964463, 0.04478087098737227, -0.002362225469008994, 0.05372428483776659, 0.05090161661021764, -0.0032276218365696607, 0.05331805277150137, 0.05702482563883571, -0.003958401633426867, 0.052857483094294166, 0.06312633439152204, -0.004561198470882211, 0.05233989412690343, 0.06917657717580283, -0.0050473952474821004]","[0.04268747568130493, 0.020533010363578796, 0.012401998043060303, 0.012126974761486053, 0.007480725646018982, 0.0027435123920440674, -0.2893796920776367, -0.290185546875, 0.04286341369152069, 0.020273804664611816, 0.012402594089508057, 0.01224333792924881, 0.007276684045791626, 0.0026845932006835938, -0.2893796920776367, -0.290185546875, 0.04307138919830322, 0.01999931037425995, 0.012417405843734741, 0.012389309704303741, 0.007058590650558472, 0.0027162879705429077, -0.2893796920776367, -0.290185546875, 0.04329289495944977, 0.019690975546836853, 0.012419283390045166, 0.012500695884227753, 0.0068000853061676025, 0.00273151695728302, -0.2893796920776367, -0.290185546875, 0.043543606996536255, 0.019369572401046753, 0.012442827224731445, 0.01269058883190155, 0.006576120853424072, 0.0027362704277038574, -0.2893796920776367, -0.290185546875]",0.008192399999999999
"[16.30048418045044, 16.32048418045044, 16.34048418045044, 16.360484180450438, 16.380484180450438, 16.40048418045044, 16.42048418045044, 16.44048418045044, 16.46048418045044, 16.48048418045044, 16.50048418045044]","[-0.047202333217019915, 0.03393818786331846, 0.0010118141090112171, 0.013297203222494851, 0.02477153630250683, 0.013538713076923978, -0.03131291356928421, -0.05040547831745768, 0.03808265415309271, 0.0005112027648664863, 0.01585957577139155, 0.023400320925629874, 0.012294076520431251, -0.03482186401969231, -0.052582841867773705, 0.04266646627773657, 0.0004042624698578364, 0.018138080120801214, 0.022283294855486656, 0.010324442671387572, -0.038412522788360576, -0.053761761100113485, 0.0475960000806679, 0.0006430438292191333, 0.020069778842255175, 0.02138900725142712, 0.007767230855240459, -0.041936623114754025, -0.0539953552911956, 0.052775862869326055, 0.0012021776922189864, 0.02162978104625654, 0.020671480796807362, 0.004870011391101577, -0.04520828840206473, -0.053382838294979904, 0.058027127770601, 0.0020332283487863867, 0.022770164361322287, 0.020075663539055506, 0.0018798563496156351, -0.048104758320515466, -0.05215472602158079, 0.0630557485415924, 0.0029571049318655625, 0.023408749004993047, 0.019556267581909335, -0.0011194630491598752, -0.05061805193031626, -0.05050248577423442, 0.067691971003175, 0.0038434372542300583, 0.02352404819039273, 0.01908559917143344, -0.004066471595333834, -0.05275433068199165, -0.048583133395771035, 0.07186772815908032, 0.004604191374950383, 0.023144093082806405, 0.018650364351062206, -0.006919228519092351, -0.054537775248835824, -0.046522534138757274, 0.07559083909425732, 0.005186651852953073, 0.02233321095937739, 0.018247348408663842, -0.009650069298258117, -0.05600278279536543, -0.04441797555209158, 0.07891786295594416, 0.005566235707847567, 0.021178799224123412, 0.017878787518788464, -0.01223888623746473, -0.05718069418750943]","[-0.608078766152889, -0.19208150292009252, -0.6348801811531617, -0.12193739558445217, -0.6374095392242183, -0.06904171759359365, -0.6241231045678305, -0.030355535347287004, -0.6021398401019968, -0.003071914566151479, -0.5772475735816589, 0.015340687110636088, -0.5539483404918839, 0.027121467560258402, -0.536972566466621, 0.033766484543919326, -0.5275335938736182, 0.036858234806639176, -0.5242651359684976, 0.03781505061873126]","[0.05036954654254677, 0.017037193440001097, 0.004965839650521886, 0.051076753171448774, 0.020711412661079454, 0.003554114642630335, 0.05147664624941062, 0.02521247229357826, 0.0021914088287786626, 0.05158162503957986, 0.030409173192937455, 0.0009013326914795172, 0.051476894973856435, 0.03602025508904161, -0.00029172320142878405, 0.05128899846380697, 0.04178148975026108, -0.0013729763489500613, 0.05102013095306446, 0.04765107345798114, -0.00233413332559973, 0.05066675213224214, 0.053593103715694035, -0.003170429676868647, 0.05022461397901867, 0.059582554759242345, -0.0038816898308220438, 0.049689468422565275, 0.06560004359734606, -0.004472219240781783, 0.04905508795564517, 0.07161953581506175, -0.0049506689865261855]","[0.04191592335700989, 0.022340446710586548, 0.012437224388122559, 0.011425524950027466, 0.008927866816520691, 0.0026825368404388428, -0.2893796920776367, -0.290185546875, 0.04190903902053833, 0.0223044753074646, 0.012432068586349487, 0.011451169848442078, 0.008844539523124695, 0.002682045102119446, -0.2893796920776367, -0.290185546875, 0.041906386613845825, 0.02225498855113983, 0.012426435947418213, 0.0115199014544487, 0.008777439594268799, 0.0027182847261428833, -0.2893796920776367, -0.290185546875, 0.041909635066986084, 0.022197380661964417, 0.012423872947692871, 0.011537380516529083, 0.008739344775676727, 0.0026419907808303833, -0.290478515625, -0.290185546875, 0.04191942512989044, 0.022127047181129456, 0.012427270412445068, 0.011544331908226013, 0.008656643331050873, 0.0027333348989486694, -0.2893796920776367, -0.290185546875]",0.009913390000000001
"[16.37454581260681, 16.39454581260681, 16.41454581260681, 16.43454581260681, 16.45454581260681, 16.474545812606813, 16.494545812606813, 16.514545812606812, 16.53454581260681, 16.55454581260681, 16.57454581260681]","[-0.047092308906859025, 0.034051531230970745, -0.0016773632641967871, 0.012448788618113847, 0.024907393241621188, 0.013424703804511487, -0.031279365167586046, -0.049758223415677705, 0.03865158938852391, -0.0016706261312693885, 0.015157818781075267, 0.02362679696838285, 0.012349209091596827, -0.03466162763227176, -0.051493447353480416, 0.043582020399771625, -0.0012888447830431936, 0.017564723114022584, 0.022577068706368116, 0.010539098421981852, -0.038144921785501745, -0.05231648404882052, 0.04879905097382048, -0.0005800562976344451, 0.019638517002514636, 0.021732536137838133, 0.008075451484138633, -0.04156247712562546, -0.052293900298982, 0.05416145331663135, 0.00036247379386284144, 0.021319939923858968, 0.0210609510773647, 0.005095431515297773, -0.04477159360905303, -0.051373449144979044, 0.05962100986362207, 0.0016135140714816617, 0.02258386882648087, 0.02051486906897655, 0.0019457490310512738, -0.04761848154896938, -0.04979820744770993, 0.06488105717489152, 0.002979997698160274, 0.02334735135706105, 0.020047926826589575, -0.0012826425651417035, -0.05009501831328004, -0.04777220309536846, 0.06976684641356617, 0.004317010540169322, 0.02358716965566775, 0.019631226859956087, -0.004520351346856083, -0.05220690718751192, -0.04546435045435837, 0.07420403627048618, 0.0055222540590910835, 0.023329040572040646, 0.019250269749244417, -0.007716531929872615, -0.05397762122718797, -0.043011146033425825, 0.07819387405384054, 0.00652979143436703, 0.022634751961714286, 0.018900763387759922, -0.010834154605275918, -0.05544067276450267, -0.04051875952267503, 0.08178685193165866, 0.007303427536583988, 0.02158923795863436, 0.018584119369907018, -0.013844100187855047, -0.056626426909021844]","[-0.6202862381392968, -0.17015600010974813, -0.6490891193260471, -0.0942868639895334, -0.6537360503839212, -0.03630774633372394, -0.6424575848611319, 0.0066853275648901, -0.6222302698460547, 0.03745840068383671, -0.598764050195981, 0.05856469625992679, -0.5765363278195355, 0.07231308505833645, -0.5602386178463467, 0.08017365699222544, -0.5511400061304926, 0.08386304723021051, -0.5479811593182924, 0.08500869458025259]","[0.04725544448249619, 0.02076083977620824, 0.004655871117646093, 0.04826952202552237, 0.023990778642537514, 0.0033268057651056893, 0.049018607113492596, 0.028014601038074183, 0.0020414487362083733, 0.04944183719119977, 0.03272488718240796, 0.0008163943384147387, 0.049513855884172786, 0.0379948933409997, -0.00032585440891841344, 0.04947359679411989, 0.04345478439143502, -0.0013680328509515505, 0.04931884644719342, 0.049072442502070324, -0.0023007416621010357, 0.04904148659159213, 0.054819211368138276, -0.003118300441212085, 0.048633217864503364, 0.06067478388588432, -0.0038193638904449045, 0.04808642257636264, 0.06662247802368482, -0.004406540809748449, 0.04739202678769261, 0.07263774328445294, -0.004886121837605728]","[0.041491538286209106, 0.0231408029794693, 0.012457281351089478, 0.01118876039981842, 0.009546235203742981, 0.003054782748222351, -0.2893796920776367, -0.268212890625, 0.04161645472049713, 0.0229627788066864, 0.012481600046157837, 0.011294834315776825, 0.009426228702068329, 0.003026038408279419, -0.2893796920776367, -0.27370586395263674, 0.04173192381858826, 0.022799044847488403, 0.012485355138778687, 0.011360831558704376, 0.009321726858615875, 0.0029837489128112793, -0.2893796920776367, -0.2802978515625, 0.04180559515953064, 0.022639721632003784, 0.012434631586074829, 0.011414304375648499, 0.009241029620170593, 0.0029546767473220825, -0.2893796920776367, -0.285791015625, 0.04186004400253296, 0.02255333960056305, 0.012437790632247925, 0.011448465287685394, 0.00917893648147583, 0.002944931387901306, -0.2893796920776367, -0.2890869140625]",0.008644267
"[16.424956560134888, 16.444956560134887, 16.464956560134887, 16.484956560134886, 16.504956560134886, 16.52495656013489, 16.54495656013489, 16.56495656013489, 16.584956560134888, 16.604956560134887, 16.624956560134887]","[-0.047047086507113395, 0.03409792344789154, -0.0027780002998630416, 0.012080076696745365, 0.02504579666701564, 0.013491633986228165, -0.031332133313531484, -0.049178836217723516, 0.03910712351849306, -0.0023172865303976954, 0.01487822595194936, 0.023841371031623246, 0.012274382631315944, -0.03463844786035748, -0.05044672124157157, 0.04439353462357626, -0.0015197572494314484, 0.017380182059335315, 0.02285346833097409, 0.010277535408612502, -0.03802934057943927, -0.05089027353262543, 0.049859399586541286, -0.000496239081865612, 0.019519964512031546, 0.022066310140728886, 0.007510390157140656, -0.04137850451234011, -0.05043267394640858, 0.05548606845967123, 0.0007930084708122829, 0.021260956092022464, 0.021449990384038865, 0.004241759982815262, -0.04451253443811362, -0.049092759739217395, 0.061183459634089235, 0.0023655378220191954, 0.022575390020510084, 0.020953920054403753, 0.0007919497106034217, -0.047288133678557775, -0.04712255841778268, 0.06665566730457398, 0.004020466799239323, 0.02338238777782426, 0.02053178616771013, -0.0027436181438801315, -0.049698119528649394, -0.04473109343208975, 0.07172944536825365, 0.0056075678989168185, 0.023660336485370595, 0.020155063576636392, -0.006292245843852125, -0.051748775932636555, -0.04208873364478627, 0.0763328140641345, 0.007021577189243841, 0.02343622221813909, 0.01980992721887411, -0.009801093289539943, -0.05346385615393183, -0.03933058714592204, 0.08047010870753543, 0.00819559105723722, 0.02277283863416085, 0.01949298005908883, -0.013231962355385917, -0.05487691181237393, -0.03655946720099669, 0.08419533230080084, 0.009094029208344767, 0.02175589503130271, 0.01920661877727326, -0.01655453976827652, -0.056018157590747804]","[-0.637979939801715, -0.13155291161232535, -0.6658237659939581, -0.0545475536463637, -0.6695375603635446, 0.0036861651318637213, -0.6573659879688386, 0.04630762685064197, -0.6363105482312861, 0.07631879128376706, -0.6121143545866019, 0.0964893538911838, -0.5892898637096835, 0.10931910342922871, -0.5725834908146847, 0.11648986126650107, -0.5632642920098002, 0.11978687425131572, -0.5600297799721796, 0.12079383400295328]","[0.0461118016573292, 0.022293484030908584, 0.004571860843781472, 0.0472161174300233, 0.025355269554778292, 0.0032760627520804775, 0.04799769349330407, 0.02921575309236424, 0.0020221028912681405, 0.04832170947936365, 0.0338887704230979, 0.0008252655055400737, 0.04831552963871488, 0.03910675067501934, -0.00029093570611182784, 0.04817461668846745, 0.044543361434925544, -0.0013118708072705765, 0.047894390394846886, 0.050169441793955105, -0.002227844495428233, 0.04746421205006501, 0.05595761574230984, -0.0030327466845867512, 0.046873168436652124, 0.06188802213348055, -0.003724389933325245, 0.04611135062723437, 0.067943962759486, -0.004304022449165945, 0.04516836892060849, 0.07410033225888979, -0.004776120130983941]","[0.03861492872238159, 0.02618567645549774, 0.011713922023773193, 0.010462313890457153, 0.010746851563453674, 0.003416314721107483, -0.2893796920776367, -0.2319580078125, 0.039194926619529724, 0.025684908032417297, 0.011902689933776855, 0.010605551302433014, 0.010590322315692902, 0.003383234143257141, -0.2893796920776367, -0.2385498046875, 0.039765194058418274, 0.025188371539115906, 0.01206943392753601, 0.010789118707180023, 0.010267205536365509, 0.003187701106071472, -0.290478515625, -0.2451416015625, 0.04020895063877106, 0.024731114506721497, 0.012181997299194336, 0.011098645627498627, 0.010022945702075958, 0.0031701475381851196, -0.2893796920776367, -0.250634765625, 0.04063446819782257, 0.02430582046508789, 0.012231439352035522, 0.01123836636543274, 0.009877651929855347, 0.003161892294883728, -0.2893796920776367, -0.2561279296875]",0.008178814
"[16.534491062164307, 16.554491062164306, 16.574491062164306, 16.594491062164305, 16.614491062164305, 16.634491062164308, 16.654491062164308, 16.674491062164307, 16.694491062164307, 16.714491062164306, 16.734491062164306]","[-0.04701196810453931, 0.03418254487209493, -0.0038856674385039595, 0.011491681811765641, 0.025403914680389175, 0.013398087678100135, -0.03163623487072848, -0.04856634443018294, 0.039633607883058405, -0.002978962853415975, 0.01435874298789825, 0.02427135548515775, 0.01188999075124747, -0.03481347900974227, -0.049297305649998346, 0.045273871414568234, -0.001814478690427302, 0.016906576000257457, 0.023357345246097824, 0.009445894267115295, -0.03807139394440962, -0.04909558011639002, 0.0511245967248804, -0.00036413688098675136, 0.019091477827759815, 0.022645720393182793, 0.00623860565257981, -0.04124770432167906, -0.04795219601355713, 0.05712204910150675, 0.0013670191014688883, 0.020874040417438646, 0.02209849189357143, 0.0025484475327239653, -0.044180588126010306, -0.045945120233123526, 0.06312769970377369, 0.0033443813496070508, 0.022212942698091844, 0.021662758948138374, -0.0013238750545007854, -0.04675457995600335, -0.04334523067761984, 0.06885419141501432, 0.005355797854382423, 0.023036722531546903, 0.021292771235003963, -0.0052776176940869425, -0.048966808794628315, -0.04037204446953682, 0.0741366925566252, 0.007244235389564295, 0.023330779071056653, 0.02096096294903656, -0.009236785684057672, -0.05082694894996004, -0.037199347080205905, 0.0789115547168989, 0.008901597105130499, 0.023126964422371298, 0.02065481701633438, -0.013147481078347777, -0.05236125493134675, -0.03396020535235456, 0.08319120634237827, 0.010261425245246491, 0.02249106344139337, 0.02037247141941742, -0.016971796870696842, -0.05360502424652488, -0.0307517951184523, 0.08703717990137916, 0.01129108699041941, 0.021510181386174762, 0.020117897370450766, -0.02067960532097233, -0.05458966379069086]","[-0.6619202094508396, -0.07333640226372021, -0.6861513710782907, 0.005668741604731763, -0.6868887054587078, 0.06421631582067905, -0.6723048226962571, 0.10599808941376404, -0.6493376923153895, 0.13448643224038254, -0.6236771080637433, 0.152859284104367, -0.5997887375980442, 0.1639586294273367, -0.5824136579419015, 0.1698484477718731, -0.5727559852068388, 0.17242681268525153, -0.569410706668195, 0.17318377280113925]","[0.04517409862144617, 0.024350890584174056, 0.004541562553753931, 0.046221433567138814, 0.027345788668673876, 0.0032670855534031595, 0.04676694416704752, 0.031261815674132, 0.0020414960253525294, 0.04685286480713058, 0.03594290075760975, 0.000880060544321104, 0.046603990128122774, 0.04113190367633912, -0.00019978168065470925, 0.0461930306923114, 0.0465551170356715, -0.0011870978769397134, 0.04561190503008561, 0.05218820540848812, -0.002073316650836876, 0.044846554318980436, 0.05800661917387506, -0.002853050234252308, 0.043882829582809424, 0.06399247690645682, -0.0035240018166469156, 0.042708550119517574, 0.07013058876470968, -0.004086327234830822, 0.04131315327130458, 0.0763966490939545, -0.004542539065772733]","[0.031521812081336975, 0.03213122487068176, 0.010651260614395142, 0.008035928010940552, 0.013087406754493713, 0.003343626856803894, -0.2893796920776367, -0.1924072265625, 0.032592952251434326, 0.03131978213787079, 0.010791420936584473, 0.008322194218635559, 0.012843325734138489, 0.0033153295516967773, -0.2893796920776367, -0.20009765625, 0.033709004521369934, 0.03047528862953186, 0.010940343141555786, 0.008774109184741974, 0.012390092015266418, 0.0033123642206192017, -0.2893796920776367, -0.206689453125, 0.03479313850402832, 0.029617145657539368, 0.011058211326599121, 0.009418606758117676, 0.011841841042041779, 0.003290116786956787, -0.2893796920776367, -0.2121824264526367, 0.03585463762283325, 0.028760984539985657, 0.011186957359313965, 0.009948357939720154, 0.011327877640724182, 0.00323370099067688, -0.2893796920776367, -0.21767578125]",0.010427736
"[16.614509344100952, 16.63450934410095, 16.65450934410095, 16.67450934410095, 16.69450934410095, 16.714509344100954, 16.734509344100953, 16.754509344100953, 16.774509344100952, 16.794509344100952, 16.81450934410095]","[-0.04664385593091129, 0.03424051349000718, -0.004076361022424026, 0.011124297355599427, 0.025736315065120398, 0.013402204102043055, -0.031092384061345773, -0.04767591057030236, 0.040091240844058906, -0.002792362033007888, 0.014149439220913829, 0.02468184653502296, 0.011366406659866227, -0.03424237397271941, -0.04780198308580235, 0.04618010270795227, -0.0012077726772115546, 0.016852230249634906, 0.02384966857902912, 0.008419115524185675, -0.037474269660228876, -0.04698781908020259, 0.05248343071245464, 0.0006591859008829512, 0.019187971997321047, 0.02321372410516273, 0.0047502846275234226, -0.04062289606992757, -0.04529023446449906, 0.05888766365529582, 0.002748781486196848, 0.021109124282191083, 0.022731617694499565, 0.0006224081675507264, -0.0435339518592775, -0.04279522858943478, 0.06524164933426216, 0.005016226832618392, 0.022567108221238016, 0.022349970692505515, -0.0036592443619391218, -0.0460969884840539, -0.039778137128501166, 0.07125782838187442, 0.007244900859004508, 0.0234904441921404, 0.022023566798412827, -0.007991152974967048, -0.048308888452103266, -0.03645684981500741, 0.0767748440125786, 0.009277904096975478, 0.02386499355104333, 0.021726107222559153, -0.012296945019611087, -0.05017884810071723, -0.032998498693943695, 0.0817357221116862, 0.01101118671473364, 0.02372358404759607, 0.021446958866462806, -0.01652513198327029, -0.05173245049244417, -0.029525976411321788, 0.08616183572782342, 0.012385266108729531, 0.023133391954254692, 0.021186515250914494, -0.0206417724275288, -0.05300407672023093, -0.026124538606220812, 0.09012469080683452, 0.013376354877660262, 0.0221831569608478, 0.02095103370508441, -0.02462026432132107, -0.05402386335869079]","[-0.6904408665530665, -0.01944118644180993, -0.7126178160290344, 0.05728555556781368, -0.7109702938858176, 0.11259510198479686, -0.6938836235995484, 0.15066969173096106, -0.668492813922951, 0.17539798799905137, -0.6406598687105134, 0.1902985408159546, -0.6149891742344876, 0.19847802351750687, -0.5963989096103867, 0.2023635403904837, -0.5860905027904879, 0.20386992849487684, -0.5825241583419452, 0.20426494661031425]","[0.044713418148185635, 0.02465664805264378, 0.004662722442454026, 0.045453667006650766, 0.02771397463941483, 0.0034064384312393337, 0.04572128204375814, 0.03169584747100895, 0.002196495936228615, 0.04555393871514346, 0.03644478484809266, 0.0010452169151089485, 0.04504099516976601, 0.04173784475614717, -3.0917091632609583e-05, 0.04435768978803434, 0.047307459092933435, -0.0010197472567221588, 0.043494106507367514, 0.053126917782535976, -0.0019113345924952618, 0.04243439358408385, 0.05916835398838671, -0.0026983310925743353, 0.04116243775991324, 0.0654112762625827, -0.0033757964739251634, 0.03966459942237477, 0.07183874868888873, -0.003940688138488024, 0.03793049307072649, 0.07842462444349785, -0.004392121093593104]","[0.02252139151096344, 0.038589805364608765, 0.009844779968261719, 0.004879683256149292, 0.015854209661483765, 0.003605365753173828, -0.2893796920776367, -0.1517576217651367, 0.023531407117843628, 0.03788432478904724, 0.010009199380874634, 0.005043260753154755, 0.015728920698165894, 0.0035392045974731445, -0.2893796920776367, -0.1594482421875, 0.02464286983013153, 0.03705264627933502, 0.01009821891784668, 0.005596719682216644, 0.015371009707450867, 0.0035678744316101074, -0.2893796920776367, -0.167138671875, 0.02586093544960022, 0.036176085472106934, 0.010139226913452148, 0.006289981305599213, 0.014759168028831482, 0.003545999526977539, -0.2893796920776367, -0.1748291015625, 0.027076661586761475, 0.03514501452445984, 0.010251879692077637, 0.0070196837186813354, 0.014186888933181763, 0.003552049398422241, -0.2893796920776367, -0.180322265625]",0.009627498
"[16.694913387298584, 16.714913387298584, 16.734913387298583, 16.754913387298583, 16.774913387298582, 16.794913387298585, 16.814913387298585, 16.834913387298585, 16.854913387298584, 16.874913387298584, 16.894913387298583]","[-0.042187657767603096, 0.03510803528619927, -0.0025673798156243834, 0.009854083093487434, 0.026193079386373972, 0.009683919136102299, -0.030206571316049168, -0.04297676060417334, 0.041300685675601106, -0.0012744837240846476, 0.013001335439792452, 0.025200801521561546, 0.007468791471727954, -0.033218606858930536, -0.042951489759505024, 0.04766991247714339, 0.0002867581981372827, 0.015841437973162717, 0.02440531905996323, 0.004561006840190802, -0.036328432863391595, -0.04216591533698187, 0.05413602449728219, 0.0020349736290522346, 0.018323593041301784, 0.023777779415103503, 0.0010792298193323469, -0.03939371726376073, -0.04070252135623999, 0.06056964920681336, 0.0038776942498858764, 0.02039423318470038, 0.023282829430813466, -0.0027917689446316837, -0.04227672138717496, -0.03857462836856294, 0.06688468083233581, 0.0058301915912685265, 0.02201728200264914, 0.022874505055821857, -0.006741685177001073, -0.04485158804160555, -0.036018726040769375, 0.07281464226759407, 0.007703740325769791, 0.02311762032089333, 0.022512108081735416, -0.010681966472086999, -0.0471131420547332, -0.03321975829169414, 0.07821493472029077, 0.009365712357284523, 0.023676560522368606, 0.022172885465606328, -0.014549763417881107, -0.04906797934020264, -0.030317540864896523, 0.08304145679722864, 0.01073260756589722, 0.023721810004163228, 0.02184888220595233, -0.01830608196987721, -0.05073840404972062, -0.027413120063756798, 0.08732503005216123, 0.011761685210412286, 0.02331520103158051, 0.021542411155830155, -0.021928263387459953, -0.052155055549368314, -0.024575176788019952, 0.09114368749385379, 0.012442126460470278, 0.02254022228096038, 0.021260994293590435, -0.025399459208858645, -0.053344205400459525]","[-0.6999991976182023, -0.006945496511972188, -0.7187156503660381, 0.05729698583957019, -0.7145961798896381, 0.10260437590471852, -0.6958340813519699, 0.13291812243039836, -0.6693853363067221, 0.15184963707739585, -0.6409466258130749, 0.16261319840475785, -0.6149750223157626, 0.16799839233912683, -0.5962616048124465, 0.17025207111736873, -0.5859161506341604, 0.17098764884194687, -0.5823433418410277, 0.17114516734327295]","[0.04194273189920539, 0.027009685646170123, 0.0047520361382149545, 0.042274539955360235, 0.030213900533549776, 0.0035007059014149355, 0.042292686217797026, 0.03420722898814299, 0.002298912661255592, 0.041969811386875944, 0.038901543633843794, 0.001154514821173791, 0.041325914065915015, 0.044144706538423506, 8.208642800333621e-05, 0.04055940635879729, 0.04963428849490947, -0.0009086999265091045, 0.03966437812539736, 0.05534155370066296, -0.001806427880278072, 0.03862970295929502, 0.06123859026169498, -0.0026024206341870304, 0.03744377765513851, 0.067306686573116, -0.0032906458200820943, 0.03609686443643567, 0.07353198458563526, -0.003867430544784334, 0.03458176475721764, 0.07989213263685979, -0.004331893121631403]","[0.015595801174640656, 0.04372185468673706, 0.00952911376953125, 0.0028935372829437256, 0.017555460333824158, 0.003946170210838318, -0.2893796920776367, -0.105615234375, 0.016125410795211792, 0.04322628676891327, 0.009497612714767456, 0.002916574478149414, 0.017576932907104492, 0.0038982033729553223, -0.2893796920776367, -0.1133056640625, 0.01697687804698944, 0.0426323264837265, 0.009603708982467651, 0.0031869113445281982, 0.01741531491279602, 0.0038599222898483276, -0.2893796920776367, -0.1220947265625, 0.017917275428771973, 0.04196329414844513, 0.009610742330551147, 0.0037790611386299133, 0.016976580023765564, 0.0037935376167297363, -0.2893796920776367, -0.12978515625, 0.018937788903713226, 0.04124937951564789, 0.00961238145828247, 0.004428647458553314, 0.016504064202308655, 0.0037389397621154785, -0.2893796920776367, -0.136376953125]",0.010020133
"[16.774412393569946, 16.794412393569946, 16.814412393569945, 16.834412393569945, 16.854412393569945, 16.874412393569948, 16.894412393569947, 16.914412393569947, 16.934412393569946, 16.954412393569946, 16.974412393569946]","[-0.03686935617296282, 0.036052224844588907, -0.0027149197172740723, 0.008236741142786512, 0.025870162865998525, 0.004527508856850281, -0.028892450144020258, -0.0374374335433726, 0.04259293686488358, -0.001510187771854519, 0.011546791486222322, 0.025010918896033907, 0.0024981480712483683, -0.031737860713250576, -0.03737284487164014, 0.04918963641618766, -9.478819608193532e-05, 0.014563554920737675, 0.02431193269183382, -5.603188080031472e-06, -0.034733741480341876, -0.036774731404680336, 0.0557402321760273, 0.0014219364675712956, 0.01722818601016891, 0.023746934309727484, -0.0029084482048375732, -0.03776164831308588, -0.03566655131113307, 0.06217688522536799, 0.003017236289328354, 0.01949852183698169, 0.02328226687857147, -0.006011791736909243, -0.040673073603236326, -0.034130383546618695, 0.06839113572767798, 0.004643186404313745, 0.02134930768329594, 0.022877296807754122, -0.00913055514802846, -0.04333755307253946, -0.032312033954640204, 0.07416106275327397, 0.006165840948008133, 0.022697665476364984, 0.02250103600620292, -0.012206821027233895, -0.04574275292420504, -0.030327764913454753, 0.07937369995665172, 0.007494060853425264, 0.02351612848059153, 0.022137539176068477, -0.015201241606219057, -0.04788829754007844, -0.028268010963980263, 0.08400553325203611, 0.00857377814789109, 0.02382315983960171, 0.0217832068840301, -0.018092061776577344, -0.049789521135710654, -0.026200745315349962, 0.08809909351990088, 0.009381169287750913, 0.023671464388244752, 0.021442785202131432, -0.020868959581513802, -0.05147027827882721, -0.024174647326155152, 0.09173757853679602, 0.009915565690346496, 0.02313605174964957, 0.021124876145688663, -0.02352428560185954, -0.05295052959277988]","[-0.708602229363302, 0.002641986986949048, -0.7220845490337914, 0.04454847224655678, -0.7149703348592292, 0.07401296738220994, -0.6948484675557345, 0.09368758776876057, -0.6681379257305597, 0.10597204502544398, -0.6400783362355611, 0.11298123890943798, -0.6147548495635984, 0.11653123727581202, -0.5966185968208855, 0.11806504762710264, -0.5866275066519195, 0.11860334221131721, -0.5831842423553968, 0.11873514540775493]","[0.03546536065127237, 0.032107425111697285, 0.004379680398520769, 0.03547716118085242, 0.03528700153049513, 0.0031786210065316567, 0.03537029627197119, 0.03911417021055197, 0.0020306494719308787, 0.03509573405456978, 0.043550582503053104, 0.0009398737257111378, 0.03472785340252815, 0.04839591514177499, -8.882233441109832e-05, 0.03432519859441785, 0.0534359350698268, -0.001049947795413786, 0.03388116113882966, 0.05864760521157342, -0.001930136740477817, 0.03338563906070735, 0.06400979326281986, -0.0027198043863441157, 0.03282859226001067, 0.06951088216040358, -0.003412719440889056, 0.032201165989715674, 0.0751440994042265, -0.004005613120781071, 0.031495128384462334, 0.08089446101582087, -0.004498404351546803]","[0.010556571185588837, 0.047720059752464294, 0.009661436080932617, 0.001650981605052948, 0.018687397241592407, 0.004173561930656433, -0.2893796920776367, -0.066064453125, 0.01111236959695816, 0.047381117939949036, 0.009537577629089355, 0.0017741397023200989, 0.018595829606056213, 0.00411456823348999, -0.2893796920776367, -0.0715576171875, 0.011808633804321289, 0.046860724687576294, 0.009574174880981445, 0.0020777657628059387, 0.01842375099658966, 0.004088014364242554, -0.2893796920776367, -0.079248046875, 0.0125698521733284, 0.0462934672832489, 0.009561926126480103, 0.002492576837539673, 0.018142476677894592, 0.004069790244102478, -0.2893796920776367, -0.0847412109375, 0.013351485133171082, 0.04569602012634277, 0.009512215852737427, 0.002894565463066101, 0.01780952513217926, 0.004036888480186462, -0.290478515625, -0.09023418426513671]",0.011163641
"[16.855079650878906, 16.875079650878906, 16.895079650878905, 16.915079650878905, 16.935079650878905, 16.955079650878908, 16.975079650878907, 16.995079650878907, 17.015079650878906, 17.035079650878906, 17.055079650878906]","[-0.03147735774505163, 0.03710006823197351, -0.005018503909265114, 0.006975079005526226, 0.025752506112955514, 9.286798358133085e-05, -0.027387013472137428, -0.03177116976642849, 0.043974072586724824, -0.003737849904418141, 0.010458876028970138, 0.025031937715443958, -0.0016110225983566118, -0.030113693020210434, -0.03157828532570367, 0.05079377327336515, -0.0022767802469472517, 0.013645226314375234, 0.024446053231895144, -0.0036658372411536243, -0.03305760511499117, -0.030945184290740328, 0.057516231387576666, -0.0006640122465774266, 0.016481830858636717, 0.023965003430727216, -0.005906337182552974, -0.03609773618499905, -0.02996751971785901, 0.06405009584313787, 0.001040948707818407, 0.018931942118861865, 0.02354964313471942, -0.008190847288437858, -0.03908876713515437, -0.028821913081070495, 0.07025836688091455, 0.002698943091449926, 0.020989427045664328, 0.02316477825002223, -0.010484794409590298, -0.04188733128156037, -0.027546828203041312, 0.07596688186710865, 0.004231999661253211, 0.02256132257860543, 0.02279031108170298, -0.012760966723245774, -0.04447131911850711, -0.0261809360978371, 0.0810950721264588, 0.00558783154164518, 0.023610047999396613, 0.022417665651674225, -0.015000898477876215, -0.046831748315475, -0.02476231161235745, 0.08563912520631947, 0.006736439802269871, 0.024144388444647936, 0.022047728434767898, -0.017195043771608864, -0.0489763345877393, -0.023326914157773736, 0.08965148760663427, 0.007665976782741056, 0.02420825738763434, 0.02168755586562606, -0.019338858480977265, -0.05092225306466561, -0.021906747171272493, 0.09321844006964472, 0.008378413160785829, 0.023869138856139397, 0.021346621953651224, -0.021426909851052986, -0.05268367983316541]","[-0.7211867306096371, 0.029753065965237743, -0.7300511373635041, 0.048427050990715426, -0.7206427253478409, 0.06251663658720946, -0.6998386144731967, 0.07281026684217545, -0.673452974879382, 0.08005199940950129, -0.6462349351853345, 0.08493463944254287, -0.6218914468063974, 0.08808264071851002, -0.6045335390379637, 0.08989222229495407, -0.5949935509953733, 0.09076452865438997, -0.5917098910911092, 0.09104848590384679]","[0.02614071377623306, 0.03856747464468624, 0.004150870423298869, 0.026127879499346363, 0.04148545379288837, 0.0029979955463632635, 0.02616142676013211, 0.044971340820019634, 0.0019006538883790114, 0.026326207087358444, 0.04889568231871255, 0.0008487341213352373, 0.026649963101831542, 0.05309643357667593, -0.00015819744819189907, 0.027003176576271604, 0.05747136628292804, -0.0011078532163892874, 0.027371106436722692, 0.06200790719879379, -0.001986458739144492, 0.027738026635179436, 0.066694636033231, -0.0027844830351271277, 0.028089902099563524, 0.07152829817166051, -0.003495856875174841, 0.028414171217761686, 0.0765092978062274, -0.0041174250801594425, 0.028697528604125555, 0.08162952829677783, -0.004648943501375236]","[0.006446778774261475, 0.05146145820617676, 0.00998583436012268, 0.0005153939127922058, 0.02001890540122986, 0.004304215312004089, -0.2893796920776367, -0.0375, 0.00686587393283844, 0.05108785629272461, 0.009947121143341064, 0.0006039068102836609, 0.019939571619033813, 0.004342600703239441, -0.2893796920776367, -0.04189453125, 0.007342293858528137, 0.05066709220409393, 0.009924709796905518, 0.000775657594203949, 0.019780606031417847, 0.004312425851821899, -0.2893796920776367, -0.0462890625, 0.007872223854064941, 0.05020296573638916, 0.00986933708190918, 0.0010148286819458008, 0.01956278085708618, 0.004318296909332275, -0.2893796920776367, -0.05068359375, 0.008440196514129639, 0.04972459375858307, 0.009846299886703491, 0.0012465119361877441, 0.019354626536369324, 0.004308059811592102, -0.2893796920776367, -0.0539794921875]",0.011426796
"[16.93498396873474, 16.95498396873474, 16.97498396873474, 16.99498396873474, 17.01498396873474, 17.034983968734743, 17.054983968734742, 17.074983968734742, 17.09498396873474, 17.11498396873474, 17.13498396873474]","[-0.025338777443805943, 0.03826556411934585, -0.006549337264414354, 0.005668215037625925, 0.026265100622926592, -0.003399694495178044, -0.02591089309878288, -0.025434190847612954, 0.04545215339125491, -0.005087882520299356, 0.00931194033576381, 0.025640694257750146, -0.004961779462038837, -0.028569051334209197, -0.02507301795278461, 0.05256673807261791, -0.003395415261711399, 0.012664849182989976, 0.025133522281309495, -0.006715449685676009, -0.0314889325653219, -0.024372566237273484, 0.05953932223651375, -0.0015297377797249647, 0.015678989306695902, 0.024704121317143755, -0.008498661859337273, -0.03454658492571097, -0.023522966382983942, 0.06624650782905442, 0.0003761595792097963, 0.01833674412379668, 0.02431120705523858, -0.0102635796516776, -0.03758159977416023, -0.02267851526169143, 0.07253219877489633, 0.0021679811874022997, 0.020609462818320396, 0.023926909465485223, -0.01205013212722834, -0.040464418065378524, -0.02180412290618442, 0.07826119558199668, 0.0038057657949199654, 0.022399014471802026, 0.023539432642902022, -0.013850109648546874, -0.0431667040328439, -0.02088590883877104, 0.08337987517390241, 0.005263147988631446, 0.02366223274968445, 0.023145883659738083, -0.015657199398305097, -0.045673902260319296, -0.0199268712405282, 0.08790162342101865, 0.006525884671663881, 0.024402294124732004, 0.02275072999311451, -0.017468057014720838, -0.047988772536788446, -0.018941761514251223, 0.09188863697500572, 0.007589773442746575, 0.02465785121470018, 0.022363031909726442, -0.01927994227700091, -0.0501240913634688, -0.01795170359542893, 0.09543169825617372, 0.008458319713993951, 0.024491790188617746, 0.02199320697086293, -0.021086755951202282, -0.05209008263741345]","[-0.7402921723475212, 0.05844656753531564, -0.7444210048381404, 0.061174819567014906, -0.7322438684130088, 0.06478652787210634, -0.7100623657085143, 0.0687186154158294, -0.683210289744152, 0.07254855285258127, -0.6560541421361448, 0.07598783155726804, -0.6320105278398166, 0.07885439275347983, -0.6149512286419718, 0.08083645271102306, -0.605600052308207, 0.08192261920249785, -0.6023858517985865, 0.08230397179912777]","[0.01810464002123957, 0.043968110579469144, 0.004283719551254617, 0.01816770763084874, 0.046645999074985234, 0.0031439651365170462, 0.018488681579946098, 0.04976693555215794, 0.002049544476733889, 0.019149015452449847, 0.053198878473368794, 0.0009872401124817465, 0.020048743153630255, 0.05684114832707765, -3.481713967889988e-05, 0.020996323133590566, 0.060664796441879165, -0.0009975029150153247, 0.021972325637774293, 0.0646656918177948, -0.0018899733867563384, 0.022958000521545285, 0.06883987221222565, -0.0027047589420137186, 0.0239374561914365, 0.07319026701514764, -0.0034369858183436186, 0.024896638048730435, 0.07772235552797913, -0.0040839311746982965, 0.025820057130398366, 0.08243255367197255, -0.004645066710331491]","[0.004756242036819458, 0.052961841225624084, 0.010060787200927734, 0.00013474375009536743, 0.020543783903121948, 0.0043468177318573, -0.290478515625, -0.01552734375, 0.004804544150829315, 0.052943482995033264, 0.010072946548461914, 0.00013080239295959473, 0.02053956687450409, 0.004345566034317017, -0.2893796920776367, -0.0188232421875, 0.004903167486190796, 0.0528736412525177, 0.010085642337799072, 0.00016164034605026245, 0.020496532320976257, 0.004344150424003601, -0.2893796920776367, -0.022119140625, 0.005055263638496399, 0.05274476110935211, 0.010075926780700684, 0.0002320706844329834, 0.020433127880096436, 0.00433756411075592, -0.2893796920776367, -0.0276123046875, 0.005262009799480438, 0.05256262421607971, 0.010054916143417358, 0.0003001168370246887, 0.020380765199661255, 0.0043364018201828, -0.2893796920776367, -0.02980937957763672]",0.010002919999999998
"[17.01546359062195, 17.035463590621948, 17.055463590621947, 17.075463590621947, 17.095463590621947, 17.11546359062195, 17.13546359062195, 17.15546359062195, 17.17546359062195, 17.195463590621948, 17.215463590621948]","[-0.018918049195885897, 0.039482489842862144, -0.006362685317665306, 0.0042215002519526285, 0.027190189910633964, -0.006369665030081473, -0.024680726831207908, -0.018966269931222076, 0.04690452438522297, -0.004714116852806972, 0.007981201426642541, 0.026585271998867198, -0.007678457630381118, -0.027248766754673658, -0.018668820711139796, 0.054190229681073857, -0.0028473552238828365, 0.011467702279942198, 0.026071279299236045, -0.009053587582781932, -0.03010310713319704, -0.01822210063757297, 0.061244641590788115, -0.0008984549306243862, 0.01465322722611026, 0.025612413158745007, -0.010473384867328078, -0.03311053704283298, -0.017782561066877242, 0.067930890656315, 0.0009727008418333452, 0.017496124404152328, 0.025182925368002068, -0.011992438613928291, -0.036132521145213085, -0.017322125626894676, 0.07419956982234505, 0.002747131502226562, 0.019962243084336032, 0.02476461642551251, -0.013569353705394317, -0.039028131681778315, -0.016797808979879904, 0.07992388312104247, 0.0043891625260420565, 0.021950771354099237, 0.024346746111504013, -0.015196633023580056, -0.04176820982287507, -0.016192796929858318, 0.08505362370371702, 0.005873041844039883, 0.023414793614514286, 0.023926678168071133, -0.016866938673724772, -0.04433691878354401, -0.015510965513142943, 0.08960190189695152, 0.0071823868313655405, 0.024353087903999163, 0.023508543605287962, -0.01857398555063515, -0.046735371960892905, -0.014770614997985945, 0.09362821868215226, 0.0083090087466689, 0.024799689991983745, 0.02310069906886696, -0.02031087652358561, -0.04897444626205659, -0.013997968468758445, 0.09721942598013189, 0.009251376819476501, 0.024813040568366775, 0.02271273011180208, -0.022067262271227087, -0.05106231876353712]","[-0.745416188760756, 0.05665531531560693, -0.7496479515257581, 0.05907652607014335, -0.7382439608044169, 0.063346601465575, -0.7171830038998195, 0.06849850621085411, -0.6915540880040083, 0.0738034492789116, -0.665545771299892, 0.07873633023462456, -0.6424573155039468, 0.08293872999400888, -0.6260459288973461, 0.0858623555645657, -0.6170370473742193, 0.08745750721153916, -0.6139372399378467, 0.08801103565538063]","[0.012835938910603417, 0.04773576562260873, 0.0045776546768574455, 0.013175791744550636, 0.0500717553340273, 0.003408704975836674, 0.013904787637042282, 0.052740425801538926, 0.0022822850553794183, 0.014931301736531677, 0.05571121654371369, 0.0011994926855711796, 0.016057604236634937, 0.05899519422546229, 0.0001757757080298461, 0.017219296555257002, 0.06247899141282964, -0.0007883945664834968, 0.018400310494659178, 0.06616444302745483, -0.0016843262984824747, 0.019584740416920043, 0.07005239527806317, -0.0025060239289227404, 0.02075946397391759, 0.07414911474594366, -0.0032494125409212593, 0.02191296334882753, 0.07846226181860194, -0.003911906954287225, 0.02303151312391094, 0.08298997801049568, -0.004492442435201305]","[0.005504921078681946, 0.05222098529338837, 0.009919315576553345, 0.0004597380757331848, 0.02018222212791443, 0.004331380128860474, -0.2893796920776367, 0.0053466796875, 0.005275331437587738, 0.05242398381233215, 0.009957730770111084, 0.00035960227251052856, 0.020294547080993652, 0.004339203238487244, -0.2893796920776367, -0.004541015625, 0.005082070827484131, 0.05259987711906433, 0.009985655546188354, 0.00027720630168914795, 0.020375564694404602, 0.004336118698120117, -0.2893796920776367, -0.0078369140625, 0.004929281771183014, 0.05275069177150726, 0.01001843810081482, 0.00022011995315551758, 0.02042718231678009, 0.0043387264013290405, -0.290478515625, -0.008935546875, 0.004826575517654419, 0.0528644323348999, 0.01004299521446228, 0.00017702579498291016, 0.020461544394493103, 0.004340708255767822, -0.2893796920776367, -0.0100341796875]",0.009487463000000002
"[17.074947357177734, 17.094947357177734, 17.114947357177734, 17.134947357177733, 17.154947357177733, 17.174947357177736, 17.194947357177735, 17.214947357177735, 17.234947357177735, 17.254947357177734, 17.274947357177734]","[-0.014847219951679688, 0.04020604712208013, -0.006430188127414248, 0.003264291632658623, 0.028237324946436528, -0.008299325502016803, -0.023911412272739723, -0.015020281048303125, 0.04774280967591314, -0.004679150767549081, 0.007105299351295381, 0.02757576582130693, -0.008955756947981678, -0.026479886331052256, -0.015107055437883057, 0.055022435852218506, -0.0028179778748393465, 0.01071004360654098, 0.026976475978106172, -0.00970611247283055, -0.029342619389238673, -0.015246818806699234, 0.061945164694424015, -0.0010210200637955941, 0.014031604298408927, 0.026427116261915098, -0.010728063453919573, -0.032377371678825616, -0.01539315303510589, 0.06848779950122734, 0.0006607379874981644, 0.01702691781322762, 0.025924835468944953, -0.012070872380333171, -0.035425253596648304, -0.015302037942122286, 0.07470143487691414, 0.002373140785441399, 0.019638549603039294, 0.025456848592710413, -0.01355470826992026, -0.03834173319687262, -0.014973874438717106, 0.08043897417761997, 0.004054939737453941, 0.021763190252127536, 0.02500727603479031, -0.015160351256055245, -0.041100752539135824, -0.014431019973356262, 0.08563266331374272, 0.005656269336195217, 0.02335221855766299, 0.024569042277420128, -0.016869448104424915, -0.04368899125062149, -0.013712458285879647, 0.09028053261626315, 0.007138410157259326, 0.024403329540485835, 0.02414243726868792, -0.01866412270631216, -0.0461098218851502, -0.012867373063713376, 0.09442930420515377, 0.008472999725108237, 0.02494995958396178, 0.023732538287943174, -0.020525945041861067, -0.04837602377810729, -0.011948242738001706, 0.0981553242054526, 0.009640816163982942, 0.02505034795214972, 0.023346257864940365, -0.022434588256614964, -0.05049704005256841]","[-0.7403850336689746, 0.018947676742047573, -0.7487975739126845, 0.03605899222794626, -0.7407634769530715, 0.05273403141591633, -0.7223658034804894, 0.06810523193946696, -0.6987906485428435, 0.08160259631398667, -0.6743121800814722, 0.09287902070988295, -0.6523062068503391, 0.1017648221456369, -0.6365622848092788, 0.10763731605705823, -0.6278876324427178, 0.11071744344560469, -0.62489677016673, 0.11175233805145969]","[0.009259265946257367, 0.05036001244309851, 0.0049828986327904445, 0.010204554874774119, 0.052195827930195726, 0.003725514279081743, 0.011503003913689192, 0.0543454667539045, 0.002532969767876647, 0.012861474585964094, 0.056953366936591365, 0.0014226555296810162, 0.014103789309613535, 0.06000935626048953, 0.00039476035307739465, 0.015367993544307179, 0.06327988536835027, -0.0005746940578026383, 0.016641768899176457, 0.06677300021051824, -0.0014762269790837834, 0.01791098218803655, 0.07049460138776809, -0.0023036739564008535, 0.019163920788594413, 0.07445427208860966, -0.003053236772653012, 0.02039012764873227, 0.0786615482032933, -0.0037227378279069967, 0.021575683253787226, 0.08311580352347914, -0.0043113095692679515]","[0.007078148424625397, 0.05096849799156189, 0.009714871644973755, 0.0010770410299301147, 0.01962892711162567, 0.004346773028373718, -0.2893796920776367, 0.01962890625, 0.006719529628753662, 0.05121558904647827, 0.009750127792358398, 0.000967562198638916, 0.019773408770561218, 0.00432547926902771, -0.2893796920776367, 0.017431640625, 0.0062622204422950745, 0.05156910419464111, 0.009814620018005371, 0.0007935613393783569, 0.01990087330341339, 0.004301682114601135, -0.2893796920776367, 0.0141357421875, 0.005758099257946014, 0.051997795701026917, 0.009888619184494019, 0.0005723908543586731, 0.020079687237739563, 0.004320859909057617, -0.2893796920776367, 0.01083984375, 0.005504921078681946, 0.05222098529338837, 0.009919315576553345, 0.0004597380757331848, 0.02018222212791443, 0.004331380128860474, -0.2893796920776367, 0.0053466796875]",0.013798328
"[17.134997367858887, 17.154997367858886, 17.174997367858886, 17.194997367858885, 17.214997367858885, 17.234997367858888, 17.254997367858888, 17.274997367858887, 17.294997367858887, 17.314997367858886, 17.334997367858886]","[-0.011970206288434482, 0.040753517174007506, -0.006794420979607556, 0.0024534619323315784, 0.0290858025191474, -0.009831889822156843, -0.023176131130600283, -0.01213094445876182, 0.048432624430926406, -0.00496995098924515, 0.006413306240065812, 0.028400846069989768, -0.010358961525986938, -0.025653712017793477, -0.012316898183659709, 0.055760698521776515, -0.003155704974805494, 0.010144839294677575, 0.027782626240093065, -0.01116912826546567, -0.02843806320232802, -0.012497025421221393, 0.06273628509863081, -0.0013984882951908072, 0.013591821594728022, 0.027229834796535804, -0.012292014626152599, -0.03140538772984883, -0.012436991035008258, 0.06942382865848942, 0.00045644399283105815, 0.016679649194480478, 0.026725553819708096, -0.013527484164339193, -0.03441138804729823, -0.012248993803928656, 0.07572877269121833, 0.0022934319959870154, 0.01939104483002877, 0.026245130805407905, -0.014890998918256767, -0.0373108463634236, -0.01190247711377583, 0.08152054222138996, 0.004066729722323177, 0.021620410532893597, 0.025776227351421162, -0.01637264290824081, -0.04007551282720087, -0.011395029263148018, 0.08674398782502903, 0.005738643374891831, 0.023316397839710287, 0.02531445253384977, -0.01796096953826505, -0.042689829479583025, -0.010746415610447528, 0.09140633918008131, 0.007279550085063561, 0.024473745422547245, 0.024862052031615352, -0.019643177788173646, -0.04515477986305333, -0.009991428324773184, 0.0955606922775446, 0.008667463317233347, 0.025122908469165074, 0.024425465601924587, -0.02140437642450909, -0.04748064089548028, -0.009172195127617458, 0.09928755288901871, 0.009887266853842025, 0.025319283414092512, 0.02401250698324069, -0.023226429755806337, -0.04967438176655532]","[-0.750502439497621, 0.05033462714495929, -0.7565147844746942, 0.059253214741812436, -0.7468590524219134, 0.06975835764521729, -0.7274377676698769, 0.08064536006877387, -0.7032746602471658, 0.09100122044346476, -0.6785075948808759, 0.10017384011122407, -0.6563998292782967, 0.10772724294639174, -0.640643653611187, 0.11285959490257931, -0.6319806737376488, 0.11560263555562628, -0.6289972238958066, 0.1165360333247873]","[0.006223462684474823, 0.05269845803401596, 0.005325880557430995, 0.007217230329454871, 0.054292191709532034, 0.004027893775307323, 0.008336302942133722, 0.05635205906351137, 0.0028333334039238878, 0.009466116573715655, 0.0589066995049099, 0.001730918278647131, 0.010795102160295, 0.06173002082825363, 0.0006809554873381529, 0.012161374027870764, 0.0647707837754341, -0.0003055858796585653, 0.013549866025537316, 0.06804199217297313, -0.0012217800118961009, 0.014944674322017737, 0.07155358887718233, -0.002063398420793394, 0.016332709223974673, 0.0753184822097448, -0.0028278950781142065, 0.0177022742051286, 0.07934892289281237, -0.0035137033064644996, 0.019038329848723223, 0.08364649540200908, -0.004120001006242546]","[0.007249653339385986, 0.05115246772766113, 0.00976639986038208, 0.0011115670204162598, 0.019746676087379456, 0.004321485757827759, -0.290478515625, 0.02731952667236328, 0.007328316569328308, 0.05104701220989227, 0.009745121002197266, 0.0011558756232261658, 0.019703224301338196, 0.00431901216506958, -0.2893796920776367, 0.02841815948486328, 0.007290415465831757, 0.05086939036846161, 0.009707361459732056, 0.001135602593421936, 0.01959317922592163, 0.004349857568740845, -0.2893796920776367, 0.02731952667236328, 0.007204189896583557, 0.05090002715587616, 0.009706854820251465, 0.001118876039981842, 0.019602462649345398, 0.004349544644355774, -0.2893796920776367, 0.0229248046875, 0.007078148424625397, 0.05096849799156189, 0.009714871644973755, 0.0010770410299301147, 0.01962892711162567, 0.004346773028373718, -0.2893796920776367, 0.01962890625]",0.022155233000000003
"[17.214587926864624, 17.234587926864624, 17.254587926864623, 17.274587926864623, 17.294587926864622, 17.314587926864625, 17.334587926864625, 17.354587926864625, 17.374587926864624, 17.394587926864624, 17.414587926864623]","[-0.008815016322587653, 0.041358630454904316, -0.006081604053214556, 0.0016945998984159857, 0.029658760080700456, -0.010557467139570016, -0.022385160336427914, -0.009198391159684995, 0.049061488191717295, -0.004277598657942889, 0.005784857958874334, 0.028950572101054065, -0.011167710684124853, -0.024818412573959607, -0.00954429422681246, 0.05641974683943499, -0.0024968766158651574, 0.009648091402790023, 0.02832524867206615, -0.012167274436320433, -0.027550434315334795, -0.009612238513617852, 0.06352496229935231, -0.0005841596830553511, 0.013198859566702824, 0.027771744879423365, -0.013375626259387392, -0.030459985521827763, -0.009507659158679302, 0.0702996752900321, 0.0013451526364254202, 0.016405030286330984, 0.027267291853699277, -0.01480336188278712, -0.033395540563230935, -0.009197175055078256, 0.07669326755672468, 0.00327805920676158, 0.019216011221702512, 0.02679168970748765, -0.016378082570781792, -0.036230084355812125, -0.00868055248602399, 0.08257207331715101, 0.005153583437095692, 0.021530776639803895, 0.026330748951419573, -0.018081543428724055, -0.03893773178029092, -0.007977715914649965, 0.08787873149350484, 0.006922576834946035, 0.023301215968514, 0.02587878629885089, -0.01989609021802776, -0.041504394434336137, -0.007124004715961006, 0.09261920792504005, 0.008547323004432531, 0.024524252655157983, 0.025437249240102478, -0.02180453949257189, -0.04393183704758651, -0.006164248844879079, 0.09684622971238982, 0.010000645835729089, 0.025231710907609336, 0.025012179041577196, -0.02378896388721173, -0.046230555663572925, -0.00514635226383941, 0.10064063977854959, 0.011264618217418945, 0.025479748884308425, 0.02461127409419397, -0.025828969144595794, -0.048407266540509176]","[-0.7577737474938955, 0.06337173805119675, -0.7632443230675728, 0.0789123935458772, -0.7531419062680823, 0.09398807469262055, -0.7333311547462956, 0.10783837285334787, -0.7088205125549727, 0.11996250028656286, -0.6837472061489572, 0.13006780697068424, -0.6613833725531373, 0.13802457046466304, -0.645447971161003, 0.14327936773390804, -0.6366862688214199, 0.1460345315345129, -0.6336684453855372, 0.14696042677814702]","[0.004945900429920935, 0.05346524643305717, 0.005450504886777452, 0.0058692013323625725, 0.0549510236813866, 0.004167539309676727, 0.006784317891050828, 0.05698376383537074, 0.0030024082272168684, 0.007889634148325553, 0.059395699659228196, 0.001902772608041392, 0.009035042832873375, 0.06216018112215327, 0.0008719332712576744, 0.01020291037244403, 0.0651671404047307, -9.6770216055031e-05, 0.01138018671844876, 0.06843067152062021, -0.0009973979982671466, 0.012552141493232916, 0.07196125220973881, -0.0018264398010536809, 0.013706323347655425, 0.07577197686971049, -0.002581625704197066, 0.01483150869470784, 0.07987496341387912, -0.0032611512687772404, 0.015913331746651327, 0.08427124797953534, -0.003863450457069817]","[0.006442360579967499, 0.05179682374000549, 0.009861737489700317, 0.0007729008793830872, 0.020004913210868835, 0.004321932792663574, -0.2893796920776367, 0.03061542510986328, 0.006583750247955322, 0.05171521008014679, 0.009852766990661621, 0.0008335411548614502, 0.01996329426765442, 0.0043121278285980225, -0.2893796920776367, 0.02841815948486328, 0.006730809807777405, 0.05161401629447937, 0.009840279817581177, 0.0008993670344352722, 0.019914105534553528, 0.004305779933929443, -0.2893796920776367, 0.02731952667236328, 0.00688142329454422, 0.05150344967842102, 0.009823709726333618, 0.0009450018405914307, 0.019915729761123657, 0.004347518086433411, -0.2893796920776367, 0.02731952667236328, 0.007019922137260437, 0.05138811469078064, 0.00980493426322937, 0.0010036081075668335, 0.01986454427242279, 0.004335463047027588, -0.2893796920776367, 0.02731952667236328]",0.020008053
"[17.26368021965027, 17.283680219650268, 17.303680219650268, 17.323680219650267, 17.343680219650267, 17.36368021965027, 17.38368021965027, 17.40368021965027, 17.42368021965027, 17.44368021965027, 17.463680219650268]","[-0.007401495390975583, 0.04159951707224131, -0.005060201206232003, 0.0014563644409360174, 0.02964150338065824, -0.010775724424266948, -0.02200809196928588, -0.0078589973072218, 0.049376706625585506, -0.0032838684211654494, 0.005640891644166207, 0.028963032429804584, -0.011733141387258512, -0.024444459854059436, -0.008015282008961015, 0.05690907512699675, -0.0013598078613511163, 0.00956618751952949, 0.028371045708444374, -0.012956035667684903, -0.027156832939335275, -0.007971841905003049, 0.06413924107612054, 0.000598455498527816, 0.013191000058133746, 0.027846436267989685, -0.014463487891351406, -0.030006269932889407, -0.007691444422532036, 0.07102723805182104, 0.002579794499371105, 0.016453128612924604, 0.027369012413281036, -0.016171210434668678, -0.032853605871806385, -0.0071691090107657415, 0.07748924680381564, 0.004550260061103523, 0.019285105298096877, 0.026917050514855132, -0.01800629264590592, -0.03559763934115906, -0.0064311436440428315, 0.08339815441146559, 0.0064402547148745045, 0.021596135615801704, 0.026476120289095264, -0.01994509766693653, -0.038215099183837295, -0.005514462797259522, 0.08870335345016422, 0.008196276047329068, 0.023346382247105082, 0.02604076361353689, -0.021967555802191393, -0.040693561905501566, -0.004463501421609813, 0.09341779470473448, 0.009779751699714465, 0.02453939357324231, 0.025613053756286922, -0.024056835005291814, -0.04303581682339809, -0.0033261418081924833, 0.09760120024377877, 0.011165256872434469, 0.025212220403051582, 0.02519992490529474, -0.02619714053735488, -0.04525294760946624, -0.002149195300948157, 0.10134104676000139, 0.012338357911189545, 0.025425042998594487, 0.024810049093731537, -0.0283706040271397, -0.04735193433985521]","[-0.7676667906964808, 0.08238368169696036, -0.7693369497816347, 0.10155673303591098, -0.7560447154649224, 0.1183043408815876, -0.7335989739901758, 0.1324647276720317, -0.7069571346174814, 0.14404672566493265, -0.6802141252299783, 0.15317953840695303, -0.6566067285923006, 0.1600704257673558, -0.6398729339543316, 0.16449515452345193, -0.6307018108192082, 0.16677347309060622, -0.6275490987855947, 0.16753143732434272]","[0.005294049344741092, 0.05289539347652816, 0.005380245874935241, 0.005923049878348574, 0.054564488794365484, 0.0041458524503452665, 0.006714442948249966, 0.05666223444683194, 0.0029956882179615896, 0.007529677518033795, 0.05920015677739965, 0.001924935728641941, 0.00836542626292891, 0.06207396172979163, 0.0009192468770695683, 0.0092181086055374, 0.06519838164739555, -2.5725043913293888e-05, 0.010077241561838868, 0.06858434357941867, -0.0009048082688973835, 0.010929379000591544, 0.07223980519457696, -0.0017147408600379777, 0.011762165314758266, 0.07617635177031801, -0.0024529974602884863, 0.012563832776654182, 0.08040536079903182, -0.0031171395493516663, 0.013319688460692758, 0.08492724109101735, -0.0037047790900528454]","[0.006048619747161865, 0.0518050342798233, 0.009845227003097534, 0.0006044432520866394, 0.02001821994781494, 0.004318267107009888, -0.2893796920776367, 0.0361083984375, 0.0060457587242126465, 0.05186070501804352, 0.009856253862380981, 0.0006031394004821777, 0.0200396329164505, 0.004320219159126282, -0.2893796920776367, 0.035009765625, 0.006071753799915314, 0.05189135670661926, 0.009865432977676392, 0.000609762966632843, 0.020054146647453308, 0.004323005676269531, -0.2893796920776367, 0.0328125, 0.0061262547969818115, 0.05190311372280121, 0.009870916604995728, 0.0006344020366668701, 0.020055681467056274, 0.0043222010135650635, -0.2893796920776367, 0.0328125, 0.006210483610630035, 0.05189168453216553, 0.009870290756225586, 0.0006715133786201477, 0.020048588514328003, 0.004322171211242676, -0.2893796920776367, 0.0328125]",0.010439667
"[17.33416509628296, 17.35416509628296, 17.374165096282958, 17.394165096282958, 17.414165096282957, 17.43416509628296, 17.45416509628296, 17.47416509628296, 17.49416509628296, 17.51416509628296, 17.53416509628296]","[-0.004897993533991941, 0.04198121170768421, -0.002904128963885606, 0.0009725497211995921, 0.02955327884781771, -0.011356119128228408, -0.0214894459174065, -0.00533952818713909, 0.049895067823439485, -0.0010000580476406124, 0.005221836084281105, 0.0288975389913374, -0.012495701475780812, -0.023915011332149634, -0.00557714688826633, 0.05751137216921217, 0.0009336423714551828, 0.009231416408280695, 0.028322015949891123, -0.013996073582093196, -0.026579132160369754, -0.005562649948479612, 0.06481392657303285, 0.0028802122278376754, 0.012933034513549048, 0.027812949851261263, -0.01581119291263538, -0.029349874765049137, -0.005282621970195758, 0.07173161151990301, 0.004794937337109762, 0.016250840255975937, 0.027352999798959637, -0.017875493565498335, -0.03210809564276079, -0.004679250793345409, 0.07821764318406353, 0.006696777754605904, 0.019116757774359016, 0.02692094589253765, -0.02004625132764662, -0.034755854247153974, -0.003820899676508578, 0.08413579670893503, 0.008497300827237422, 0.0214466752235766, 0.026499770729973338, -0.022288900421706913, -0.03727531733944517, -0.0027725812875380156, 0.0894317507796941, 0.0101324302215479, 0.02320646044559296, 0.02608276085746506, -0.024576855443811687, -0.03965837590952356, -0.0015952559381776086, 0.09411892896533511, 0.011559995067881426, 0.024404271499250636, 0.025671775695246028, -0.02689090692774056, -0.0419110426879147, -0.0003444287577399948, 0.09826036818975663, 0.012756412498574801, 0.025080596945802, 0.025274232609466905, -0.02921575112103921, -0.044046584374899694, 0.0009316097621096671, 0.10194832797868433, 0.013712962606110182, 0.02529787535736812, 0.024899617221931042, -0.0315351604071894, -0.04607325276464773]","[-0.7723095019734381, 0.09138195410530567, -0.7727074631619801, 0.11739643667034745, -0.7577642614650819, 0.13776492765306086, -0.733542823971095, 0.15325505328588865, -0.7052019322928578, 0.16467768853609172, -0.6769805623603369, 0.17282714977808716, -0.6522049948852453, 0.17844381749194346, -0.6347026202635353, 0.18181889105235777, -0.6251309530402761, 0.18347741538166326, -0.6218448939683117, 0.18401391034400605]","[0.006374811259819202, 0.051797613428041345, 0.005251004997659514, 0.006996426293336189, 0.05348703218401063, 0.004039192828865001, 0.007580860255361976, 0.0556866368078226, 0.0029267193708033545, 0.008097378777280562, 0.058351049469409944, 0.0018929029807370767, 0.008518495214373756, 0.06141870024426055, 0.000928271031650052, 0.008930342568678085, 0.06474790524104224, 1.8819259582691927e-05, 0.009327473702390954, 0.06834558453668604, -0.0008299018550035342, 0.009701479771619614, 0.07221617255536739, -0.0016139673796944365, 0.010045036534957696, 0.0763685780593284, -0.0023298115311156664, 0.010351875195532712, 0.08081206448234202, -0.0029736543957472605, 0.010614014306350339, 0.08554477042891273, -0.003541669328144703]","[0.006802752614021301, 0.05113953351974487, 0.009734809398651123, 0.0009023472666740417, 0.01978142559528351, 0.004334777593612671, -0.2893796920776367, 0.050390625, 0.006675206124782562, 0.05121214687824249, 0.009739935398101807, 0.0008522123098373413, 0.019809842109680176, 0.004338622093200684, -0.290478515625, 0.048193359375, 0.006552152335643768, 0.05129091441631317, 0.009749561548233032, 0.0007994696497917175, 0.01984696090221405, 0.004342004656791687, -0.2893796920776367, 0.04599609375, 0.006434492766857147, 0.05137625336647034, 0.009763777256011963, 0.0007693842053413391, 0.01983778178691864, 0.004299655556678772, -0.2893796920776367, 0.0427001953125, 0.006323263049125671, 0.05146805942058563, 0.009781420230865479, 0.0007205531001091003, 0.019879266619682312, 0.004307001829147339, -0.290478515625, 0.0416015625]",0.028540687000000002
"[17.414929151535034, 17.434929151535034, 17.454929151535033, 17.474929151535033, 17.494929151535032, 17.514929151535036, 17.534929151535035, 17.554929151535035, 17.574929151535034, 17.594929151535034, 17.614929151535033]","[-0.002902140902886344, 0.04234802285356572, -0.0011698592637107302, 0.0004315991583551138, 0.029549822126378845, -0.013407928414868793, -0.02136121531164678, -0.0035200813621339617, 0.050299954459237836, 0.0004932580875556375, 0.004711109762690499, 0.028891184181770474, -0.014511604554440524, -0.023724508476316266, -0.0039470498207558324, 0.05788886927782685, 0.0021618773129487377, 0.008745817427431989, 0.02829748245031557, -0.01592111493714484, -0.026264532073631355, -0.0041543561677441915, 0.06506188392753218, 0.0037803683742337704, 0.01245652817051068, 0.027760620224153033, -0.017673396657460413, -0.028867628113325144, -0.004071157464430837, 0.07178303355195173, 0.005339569152703078, 0.015768944552550568, 0.02727232029194189, -0.019703425775827753, -0.031425601798671064, -0.0035596781151513946, 0.07803633008972949, 0.006925375484090072, 0.01859381564892596, 0.026815865649975793, -0.021816932891719428, -0.033874985226277354, -0.0027266335642501475, 0.08370709489521663, 0.008443302989644096, 0.020868346975916434, 0.02637423287137495, -0.02397582343045846, -0.03620262108888919, -0.0016641972408338013, 0.088755331822689, 0.009825754292172985, 0.02257324477378533, 0.025940389406773453, -0.026152384573690908, -0.03840331290249795, -0.00045165814168989443, 0.09320299632659892, 0.01102890446890714, 0.02372612221249907, 0.02551564608397992, -0.028328065043740767, -0.04048462961334806, 0.000843840340803375, 0.09711728418855992, 0.012028793444600075, 0.024372652509065142, 0.025106744139336723, -0.03048959263244587, -0.04246058503634677, 0.0021671772530747757, 0.1005915963625218, 0.012817092938078126, 0.0245772540791969, 0.02472246956594541, -0.03262382934938188, -0.04433993569221299]","[-0.7628198801914425, 0.07806882060820973, -0.7574750235008443, 0.11083899094759468, -0.7389839925724556, 0.13570778263515132, -0.7128016026891634, 0.15403992386083426, -0.6835744412652297, 0.16714032081426594, -0.6551251315739869, 0.1761964393087757, -0.6304559371549803, 0.18225276387775569, -0.6131389502158786, 0.18580378208305642, -0.6037030593315389, 0.18751449110432633, -0.6004704560928131, 0.1880597036425577]","[0.006475493778313912, 0.05224755701120243, 0.0052648446402998594, 0.006861296914738357, 0.054102190267409256, 0.004048726829522842, 0.007188408532631585, 0.056371884414724516, 0.002933685017935339, 0.0073444834476927845, 0.05908744591727544, 0.0019117495690457176, 0.007320268058431445, 0.06218762190165439, 0.0009709985736074955, 0.007313116193920166, 0.06551114039247796, 8.728828077853024e-05, 0.007323299771205383, 0.06906285308189508, -0.0007354471023610643, 0.007346620488534961, 0.07284638830099555, -0.0014943204092432438, 0.007378826281291384, 0.07687049971632742, -0.0021866253231372923, 0.007415890749986165, 0.0811448097170766, -0.002809526992229472, 0.007451515475773496, 0.08566851462720848, -0.003360328831530701]","[0.00657682865858078, 0.05132541060447693, 0.009794294834136963, 0.0012206733226776123, 0.01973743736743927, 0.004344090819358826, -0.290478515625, 0.0668701171875, 0.00676930695772171, 0.05125437676906586, 0.009793072938919067, 0.0012249872088432312, 0.019721776247024536, 0.004342243075370789, -0.2893796920776367, 0.0668701171875, 0.0070519521832466125, 0.05112291872501373, 0.009777218103408813, 0.0011247694492340088, 0.01976095139980316, 0.004335880279541016, -0.290478515625, 0.065771484375, 0.007090568542480469, 0.0510798841714859, 0.009760856628417969, 0.0011034086346626282, 0.019740939140319824, 0.004333406686782837, -0.290478515625, 0.0580810546875, 0.007122106850147247, 0.05104731023311615, 0.00974738597869873, 0.0011258721351623535, 0.01970936357975006, 0.004328876733779907, -0.2893796920776367, 0.0558837890625]",0.047536613
"[17.514568090438843, 17.534568090438842, 17.554568090438842, 17.57456809043884, 17.59456809043884, 17.614568090438844, 17.634568090438844, 17.654568090438843, 17.674568090438843, 17.694568090438842, 17.714568090438842]","[-0.002053509507121942, 0.04247564217523778, -0.0013881185898207428, 0.0002969454341201064, 0.029809322223122967, -0.013792711492420685, -0.02085753412585247, -0.002547198580176866, 0.0505641623033429, 0.00036375571908687707, 0.004683927945094671, 0.029166671686992662, -0.015094848435424798, -0.0231612691676996, -0.002767046318677505, 0.05826037980521302, 0.0021111310653803813, 0.008798748304255961, 0.02859869220305548, -0.016851322044107518, -0.025596137258636575, -0.0026259910149187007, 0.06554343280894769, 0.003847422740894037, 0.012558824582847619, 0.028098535541360187, -0.01899515684318344, -0.02804741796788318, -0.001972974467769009, 0.07240379624721516, 0.005664506681829085, 0.01586594267864315, 0.02764660724567984, -0.021300011149222475, -0.030430778886093458, -0.0009068059934299914, 0.07872351838293334, 0.0074783951723254105, 0.01864959645873357, 0.027217907458944257, -0.023675299041197556, -0.0327032065286952, 0.0004495329600793448, 0.08440435187598053, 0.009189117524967037, 0.020860637712006306, 0.026796840147577758, -0.026080999506337247, -0.03485435148692777, 0.0019951755788527818, 0.08942061028707593, 0.010726917917487585, 0.022490556406039818, 0.02637786310068934, -0.02848894567664701, -0.036881003836178504, 0.003648159007786736, 0.09380663533345716, 0.012048465255295052, 0.023565233699311464, 0.025963818065716238, -0.030881763203386783, -0.03879206752474039, 0.005343097424521859, 0.0976401596503906, 0.013132228661385739, 0.02413641031425288, 0.025562947059086336, -0.0332483020007109, -0.040602402615630376, 0.0070294724531024455, 0.10102326275059506, 0.013973584307098422, 0.024272673365175527, 0.025185395033735652, -0.03557737054347255, -0.04232130279615742]","[-0.7701861169213482, 0.12409194109934213, -0.7591396954827712, 0.15811502217957668, -0.7361531907507208, 0.18291373996420324, -0.7065097094741517, 0.20033408230246114, -0.6746920661311021, 0.21206587168349042, -0.644374410876007, 0.21961274923616858, -0.6184250774999542, 0.2242704412192592, -0.6003425337198041, 0.2268079136189907, -0.5905347650079117, 0.22795745267991274, -0.5871843023066188, 0.22830880138359672]","[0.005244390386990316, 0.05268684883161079, 0.005380084237212479, 0.0054291600535864015, 0.0545237530938989, 0.0041742076135751205, 0.0053860336293213296, 0.0568621723224787, 0.003088355288863198, 0.005107033239521774, 0.059656504432417545, 0.0021019614163240163, 0.004809864612341563, 0.06272420065995288, 0.0011802317508329274, 0.004530320304835245, 0.06601858272439243, 0.00031873556298878114, 0.004264934941446197, 0.06954500513536566, -0.00048027298293984444, 0.00400598480004577, 0.07330750227651261, -0.0012150652532110229, 0.003745787610510254, 0.07731554426942866, -0.0018835639717265096, 0.0034773833701410295, 0.08157963046074279, -0.002483122423131867, 0.003192778674065311, 0.08609949622241952, -0.003010943707843161]","[0.004007622599601746, 0.05193045735359192, 0.00969463586807251, 0.0005031898617744446, 0.01990947127342224, 0.004319041967391968, -0.2893796920776367, 0.0734619140625, 0.004078127443790436, 0.05192995071411133, 0.009696483612060547, 0.00046015530824661255, 0.01993587613105774, 0.004321083426475525, -0.290478515625, 0.07236328125, 0.004180476069450378, 0.051921576261520386, 0.009709000587463379, 0.00044257938861846924, 0.01995101571083069, 0.004322126507759094, -0.2893796920776367, 0.07236328125, 0.004336029291152954, 0.0518905371427536, 0.009716123342514038, 0.0004736781120300293, 0.01994393765926361, 0.004321470856666565, -0.2893796920776367, 0.070166015625, 0.004544541239738464, 0.05184493958950043, 0.009719520807266235, 0.0005472898483276367, 0.019928157329559326, 0.004323393106460571, -0.2893796920776367, 0.070166015625]",0.045567686
"[17.634559631347656, 17.654559631347656, 17.674559631347655, 17.694559631347655, 17.714559631347655, 17.734559631347658, 17.754559631347657, 17.774559631347657, 17.794559631347656, 17.814559631347656, 17.834559631347656]","[0.0004134025611110025, 0.042946743039961086, 0.0006368153187860478, -0.00012971189613859035, 0.029784047746317908, -0.014797924690598782, -0.02052045442152796, -0.00011908209623472448, 0.05110400800937803, 0.0023475647641969183, 0.004300611798222836, 0.029163879789959844, -0.01648835619192039, -0.022731234114100357, -0.00026180520485207193, 0.058853012462634094, 0.004050314154805979, 0.008438327489086284, 0.02862252371966975, -0.01866967941299738, -0.024990318907710043, 0.00016430388483324436, 0.06619394727766736, 0.005833836343866901, 0.012181104076915732, 0.028143778954229367, -0.021154327659699802, -0.02719003003057045, 0.0010812347707217177, 0.07301040358094817, 0.00760613819491559, 0.015454692308969105, 0.027705599456011535, -0.023850713234695335, -0.029260449672574997, 0.0025054749808282335, 0.07921206193723333, 0.009370423341187307, 0.018151704292852552, 0.02728790163537085, -0.026583957413509652, -0.031206350810261085, 0.004258489613871765, 0.08471812331142653, 0.011009421226960605, 0.02024812039960754, 0.026874708349301914, -0.029304293448790958, -0.03302650005470354, 0.006202638422068532, 0.08951880331058917, 0.012444288893887273, 0.021755012746278973, 0.02646075499955274, -0.03197878380517595, -0.03472458710457439, 0.008234568036980574, 0.09366266067350149, 0.01362928540372877, 0.022712798716438554, 0.02604966151643502, -0.034589845678588346, -0.03631451549115443, 0.010279308860194555, 0.09723972846056692, 0.014545485512039737, 0.02318327433067122, 0.025650739208629047, -0.03712917020182481, -0.03781466500048205, 0.012284944697674327, 0.10036220953447286, 0.015194256453120017, 0.023241227913754322, 0.025275251434062805, -0.03958946521760619, -0.039236887497841655]","[-0.7692204613305903, 0.15019129149419774, -0.7500894588487057, 0.19260168832440863, -0.7207564187403847, 0.22186216126342423, -0.686279340683999, 0.24096686224876257, -0.6509132198773928, 0.25258719595807444, -0.6181068891447994, 0.25903146752823203, -0.59051108353613, 0.26223418522006214, -0.57147810967327, 0.26356523678673927, -0.561224244160956, 0.263999836926577, -0.5577366080002525, 0.2640950087595404]","[0.005949520281521403, 0.05211760194965498, 0.0052999047728170545, 0.005767120096578315, 0.05417400391566973, 0.004131498461390937, 0.005228367474232387, 0.056725044429656535, 0.0030871460522288174, 0.00449716104282516, 0.0596143710846464, 0.0021315793170719743, 0.0035762593092263373, 0.06279274497668208, 0.0012589721334723691, 0.00265888960850047, 0.06617963463451071, 0.0004501594585848423, 0.0017457505123540384, 0.06977669517545548, -0.000294778186255229, 0.0008322923974006802, 0.073585626598768, -0.0009753263910008414, -8.6845306705996e-05, 0.0776149706673932, -0.0015899766256559644, -0.0010163327707635172, 0.08187522287402338, -0.002136339347531546, -0.0019607261295548906, 0.08636629347665536, -0.0026118885677028914]","[0.004641637206077576, 0.05158010125160217, 0.009690999984741211, 0.0012402832508087158, 0.019686907529830933, 0.004363462328910828, -0.2893796920776367, 0.0943359375, 0.004758827388286591, 0.051570311188697815, 0.009694039821624756, 0.0013036057353019714, 0.019610971212387085, 0.004401877522468567, -0.2893796920776367, 0.0932373046875, 0.004819698631763458, 0.05157575011253357, 0.00969916582107544, 0.0013343915343284607, 0.019589021801948547, 0.0044028013944625854, -0.290478515625, 0.0932373046875, 0.004776366055011749, 0.051594555377960205, 0.009689688682556152, 0.0012778565287590027, 0.019659578800201416, 0.004363209009170532, -0.2893796920776367, 0.0910400390625, 0.004623882472515106, 0.051643744111061096, 0.009663373231887817, 0.0010863766074180603, 0.019733160734176636, 0.004352688789367676, -0.2893796920776367, 0.08884296417236329]",0.050444541999999995
"[17.754673719406128, 17.774673719406128, 17.794673719406127, 17.814673719406127, 17.834673719406126, 17.85467371940613, 17.87467371940613, 17.89467371940613, 17.914673719406128, 17.934673719406128, 17.954673719406127]","[0.002539250158169056, 0.04332583018423868, 0.0013301623652187432, -0.00040567359726631074, 0.029963576981612523, -0.01695881088432124, -0.01946375333761778, 0.0019375469374871986, 0.05148365108412438, 0.0028352228906689376, 0.004135350041755557, 0.029342554383505387, -0.018593366291615947, -0.02160590843380225, 0.0018404527711294962, 0.05921477890400308, 0.004432240088224223, 0.008344520865674197, 0.028786010891430867, -0.020579949837124845, -0.023764217317415952, 0.002201520707002952, 0.06641955075835244, 0.006015438748572873, 0.012148090076816052, 0.028279821494052147, -0.022946216997240684, -0.025834268778157185, 0.0030635221609067835, 0.07301614832320147, 0.00755530981117811, 0.01544171618440069, 0.027816150651571163, -0.02559720414595689, -0.027776990999694103, 0.004537417370040669, 0.07899285982420762, 0.009143636773758566, 0.01812513856038093, 0.027379553440630915, -0.028284343583601695, -0.029597051320787677, 0.0064092930150314534, 0.08427700942256303, 0.010652164266673715, 0.020187476293420912, 0.026952800292282152, -0.030954317468018973, -0.031296025734422125, 0.008515202407726095, 0.08886416348615757, 0.01199369332237768, 0.02164951332866723, 0.02652950905051562, -0.03357238141244366, -0.03287922079397003, 0.01073265027939128, 0.09280589828533295, 0.013116158961453107, 0.022558490384742287, 0.02611227766204465, -0.03612011360899801, -0.034361328935334945, 0.01297306089726477, 0.09619340175211577, 0.013995833591597038, 0.022980681227644732, 0.02570947914551328, -0.0385890879361272, -0.03576096295993647, 0.015175131125147361, 0.09913868307118606, 0.014630383719719788, 0.022993531925117366, 0.025331544185251503, -0.040972656359161086, -0.037089892040229853]","[-0.7551595750239442, 0.14733054782013844, -0.7328725144812229, 0.19749807711398198, -0.7014862119308698, 0.23238226357122627, -0.6657852552222095, 0.25547561752196896, -0.6297876024666754, 0.2698632079182962, -0.5967381752773334, 0.2781797021918261, -0.5691179811272222, 0.2826111666565379, -0.5501419721923687, 0.2846523018321495, -0.5399443522189955, 0.2854230199423454, -0.5364815098816068, 0.28562271446715537]","[0.0038012443824697595, 0.05281312331946619, 0.005436567905226841, 0.0032957566347717737, 0.05486704630181727, 0.004284564248749234, 0.0026027346645209892, 0.057258980400371584, 0.003242768447181188, 0.0015910256216475904, 0.06001588065893593, 0.0023109424227576447, 0.0003172966882596384, 0.06311183886299832, 0.0014773200199220682, -0.000914997919994498, 0.0664000219083376, 0.0007041693621641087, -0.0021035628177887844, 0.06988219230137549, -9.197322095033655e-06, -0.003252750338821553, 0.07356075205388457, -0.0006624614997718936, -0.004368517676615391, 0.07744490058045184, -0.0012541688059339862, -0.0054567027033011195, 0.08154561781195913, -0.0017820473264502645, -0.006523602108102766, 0.08586335085312324, -0.002243781275955925]","[0.0016044452786445618, 0.05196757614612579, 0.009775251150131226, 0.0007904767990112305, 0.01948539912700653, 0.004386439919471741, -0.290478515625, 0.120703125, 0.002114318311214447, 0.051876500248909, 0.009779274463653564, 0.0010173246264457703, 0.019416838884353638, 0.004363790154457092, -0.2893796920776367, 0.1196044921875, 0.002561226487159729, 0.05181567370891571, 0.009773701429367065, 0.0011791437864303589, 0.019405439496040344, 0.004352837800979614, -0.290478515625, 0.118505859375, 0.002893693745136261, 0.05179746448993683, 0.009767800569534302, 0.0011903569102287292, 0.01954147219657898, 0.004417240619659424, -0.290478515625, 0.11630859375, 0.0031104013323783875, 0.05180753767490387, 0.009752452373504639, 0.0010701343417167664, 0.01967442035675049, 0.004373639822006226, -0.290478515625, 0.1130126953125]",0.049137157
"[17.874889135360718, 17.894889135360717, 17.914889135360717, 17.934889135360716, 17.954889135360716, 17.97488913536072, 17.99488913536072, 18.01488913536072, 18.034889135360718, 18.054889135360717, 18.074889135360717]","[0.003698090552334397, 0.043549239892034325, 0.0011522069315080471, -0.00018339244821671393, 0.02991930152256153, -0.016968731624239227, -0.01953079560329239, 0.0035664315700961687, 0.05179815761842071, 0.0029856734796359806, 0.004253752060644761, 0.029340939966601476, -0.018990594456011978, -0.02141963488999809, 0.004004456969218199, 0.05953261728659588, 0.004851878774730035, 0.00832861513094806, 0.028828520115784455, -0.02156047555961691, -0.023209670276373287, 0.005080920185916069, 0.06667673864244199, 0.006725818437035816, 0.011926479414049082, 0.028374672581346783, -0.024557436248491406, -0.024858424583378454, 0.0069256665135530625, 0.07321758816326579, 0.00871205626177889, 0.014933237649075776, 0.02795947871453337, -0.027668436958379804, -0.026368192447309913, 0.0092994437716973, 0.07905422846209921, 0.010667886948876836, 0.017322342107380373, 0.02755742799727092, -0.030787431827269455, -0.027743712282625586, 0.011977134042049841, 0.08413970670754084, 0.01246286888960246, 0.019103952872281827, 0.02715420878412615, -0.033858917303089375, -0.028993314533097128, 0.014792912471975813, 0.0884904458431661, 0.014011693782478444, 0.020314343224809815, 0.026746134041387277, -0.03684786699099203, -0.030127733738755665, 0.01763003329725523, 0.0921745112347214, 0.015267487766467436, 0.021011219273353803, 0.026338290459498315, -0.03973808006086915, -0.031165560333051102, 0.02041119839115777, 0.0952956880046531, 0.016214078333722806, 0.021266926418731225, 0.025941319236390235, -0.04252485285407824, -0.03212824701491441, 0.02308954117869996, 0.09797517234134473, 0.016858148318066223, 0.02116127788754776, 0.0255676284885296, -0.045204923404579225, -0.03303018842414465]","[-0.7418427577255085, 0.22746180657425766, -0.7122756688889513, 0.2756776111833271, -0.675588882060445, 0.3073219658265117, -0.636200492801742, 0.3264967180779119, -0.5977803808378792, 0.33677929720003075, -0.5632548051132358, 0.3412156583596816, -0.5348198334890881, 0.3423234408827156, -0.515458424303891, 0.342051009072016, -0.5051163705219062, 0.3415694997840161, -0.50161833916747, 0.3413419229396032]","[0.0026688558481027247, 0.05306058063796959, 0.005400102922769712, 0.0020141053483629934, 0.05509229685389094, 0.0042697959863904345, 0.0008776877592212573, 0.057533482152232196, 0.0032817104622471227, -0.0006677379089522484, 0.06035717493616177, 0.0024171188347992256, -0.0022585039237378313, 0.06338217925033662, 0.0016267709927331175, -0.0038482231972212233, 0.06658756530853971, 0.0009021887295213027, -0.005440510710436719, 0.06997516257497693, 0.0002412339013107001, -0.007044258054319519, 0.07354720976401508, -0.0003568783974192691, -0.008669160705650159, 0.0773131247760821, -0.0008913781350026184, -0.010323322839221438, 0.08128454025119725, -0.0013603589697179785, -0.01201236422370422, 0.08546267230647064, -0.0017617773915334922]","[-0.0021286532282829285, 0.05255390703678131, 0.009931683540344238, -0.0005173906683921814, 0.019467666745185852, 0.004455357789993286, -0.2893796920776367, 0.1349853515625, -0.002028435468673706, 0.052547454833984375, 0.009929746389389038, -0.0004876255989074707, 0.019471272826194763, 0.00446203351020813, -0.290478515625, 0.13388671875, -0.0019134879112243652, 0.05253748595714569, 0.009912163019180298, -0.0005379542708396912, 0.019496634602546692, 0.004459962248802185, -0.290478515625, 0.1327880859375, -0.001807093620300293, 0.05254058539867401, 0.009898662567138672, -0.0005988255143165588, 0.019538521766662598, 0.004461467266082764, -0.290478515625, 0.131689453125, -0.0014517605304718018, 0.05251316726207733, 0.009870469570159912, -0.0005822852253913879, 0.01962903141975403, 0.004471689462661743, -0.2893796920776367, 0.1305908203125]",0.045915705
"[17.994461059570312, 18.014461059570312, 18.03446105957031, 18.05446105957031, 18.07446105957031, 18.094461059570314, 18.114461059570313, 18.134461059570313, 18.154461059570313, 18.174461059570312, 18.194461059570312]","[0.006728321801939136, 0.044027784388956645, 0.0029321782197428144, -0.0007116289276872297, 0.030137388447778083, -0.019297422416877992, -0.018394959826937247, 0.006816212381211206, 0.05225104988030985, 0.004685449375692663, 0.003738043266016331, 0.02956718826569357, -0.021696484224801013, -0.020003958160659856, 0.007530527269757834, 0.05988315281648643, 0.006449075988491086, 0.007776270703494147, 0.029062332473655646, -0.024560113560060985, -0.021524947024623334, 0.009015756803229448, 0.06691568255698609, 0.008322034716719535, 0.01128697259625645, 0.028603649138820568, -0.027613765489669255, -0.02292986920323445, 0.011041999946760483, 0.07324572526900014, 0.01014843394058372, 0.014244951733188342, 0.02816718479117836, -0.030765400435190205, -0.02418855864943093, 0.013525277114518909, 0.07881226197606034, 0.011891011843754436, 0.016585448290895734, 0.027735908068285547, -0.033854797228634444, -0.025338689771796805, 0.01624225254210128, 0.08359188070067439, 0.01343086660368179, 0.01832987164704742, 0.0272982678100157, -0.036832230062990766, -0.026390949646224415, 0.019034416647822697, 0.08761911119606416, 0.014695560864897666, 0.019521187466750852, 0.026852836637294136, -0.03966978246678978, -0.027356792469006918, 0.021796293932375033, 0.09097528392504237, 0.015651618648061895, 0.0202199393772595, 0.026406494227980654, -0.04235994184010561, -0.028253813593540907, 0.024464047487122408, 0.09377329092168633, 0.016295970388244208, 0.02049824960510292, 0.025971253474871357, -0.04490744006787696, -0.029101357290555626, 0.02700463301492089, 0.09614002096689325, 0.016647375163461226, 0.020433461555703948, 0.025560501841140136, -0.04731797542945637, -0.029911496908470923]","[-0.7251997332481616, 0.257405154984055, -0.6902172824042834, 0.3003583852160795, -0.649880826902369, 0.32657614185768313, -0.6082169949909728, 0.3405709159012442, -0.5685374239070905, 0.34622177295632706, -0.5334490291726242, 0.34676752625659213, -0.5048722113649713, 0.3448270845482841, -0.4855492268733093, 0.34256116560414573, -0.47527627250365273, 0.3410500219231943, -0.4718123112907956, 0.3404830219137818]","[0.001485570002080161, 0.05319301103819685, 0.005509255047680739, 0.00017527754096247072, 0.0553401615481417, 0.004426608087057637, -0.0015867617341607243, 0.05787729613578296, 0.0034907154215932934, -0.0034914591635251124, 0.0606382804020309, 0.0026518518230509436, -0.005544572467847231, 0.06359707924213609, 0.0019030066679337487, -0.007568885386613156, 0.06670486945963194, 0.0012203115760769379, -0.00956410143990083, 0.06996199730303942, 0.0005999994846304091, -0.01153516475633043, 0.0733704576743035, 4.031050437891537e-05, -0.013488567698537235, 0.07694048206415971, -0.0004586289514492137, -0.015429715109033681, 0.0806852384768435, -0.0008955458494686042, -0.01736126375968794, 0.08460789306276517, -0.001269265405114961]","[-0.0014890804886817932, 0.052250832319259644, 0.010307371616363525, 0.0001958608627319336, 0.019313260912895203, 0.0044774264097213745, -0.290478515625, 0.1745361328125, -0.0014570057392120361, 0.05234745144844055, 0.010250568389892578, 8.956342935562134e-05, 0.019375205039978027, 0.004468157887458801, -0.290478515625, 0.171240234375, -0.0015578344464302063, 0.05243276059627533, 0.010174393653869629, -0.00014728307723999023, 0.019416168332099915, 0.00446687638759613, -0.2893796920776367, 0.166845703125, -0.0017297640442848206, 0.052447691559791565, 0.010054260492324829, -0.00042229145765304565, 0.019448652863502502, 0.004465579986572266, -0.290478515625, 0.16025390625, -0.001992829144001007, 0.05249103903770447, 0.009945541620254517, -0.0005129501223564148, 0.019448459148406982, 0.004452437162399292, -0.290478515625, 0.1525634765625]",0.025797031
"[18.064476013183594, 18.084476013183593, 18.104476013183593, 18.124476013183592, 18.144476013183592, 18.164476013183595, 18.184476013183595, 18.204476013183594, 18.224476013183594, 18.244476013183593, 18.264476013183593]","[0.009563706315009576, 0.04457732631404847, 0.003944293585008955, -0.0008067044987822361, 0.030395145682362224, -0.02118162080783075, -0.017449311089739423, 0.009610362918455295, 0.05272906387174555, 0.005601693746797698, 0.0036234880671209132, 0.029819276504924528, -0.023410083326597074, -0.019150626241029443, 0.010299052034833344, 0.060301264257046745, 0.007358323339456151, 0.007610587530665986, 0.02928866354654961, -0.025885518913843115, -0.020791906925900557, 0.011444620787435137, 0.06719687934793808, 0.009035862217088197, 0.011145581909733035, 0.028782627250928578, -0.02866777472653976, -0.022235131021379584, 0.012999831746302854, 0.07335409943923035, 0.010548356785344928, 0.014194430247150652, 0.028295534634975958, -0.03170507288647512, -0.023413676413332037, 0.015202438764315743, 0.0787094440144524, 0.012053233041452957, 0.0165560762849484, 0.02782084185076919, -0.03470516511622809, -0.024463965768892874, 0.017781232936483135, 0.0832559346650794, 0.013417519371124195, 0.018272046957983637, 0.027346240458870442, -0.03761050884329166, -0.02540214446839313, 0.020538653009047635, 0.0870404352589629, 0.01455677706957225, 0.01940194962654775, 0.0268694659108143, -0.04038714721236884, -0.02624388894427187, 0.023337653522668936, 0.09015310059690504, 0.015427376970434828, 0.02001977245276613, 0.026396510289063157, -0.04302229112574463, -0.027010513165833708, 0.026089186756924423, 0.09271271618813468, 0.016017750445741837, 0.020208208813233906, 0.025938466874066514, -0.045516168191356635, -0.027724653096286737, 0.028740502181066975, 0.09484972381278586, 0.01633962038319561, 0.020052672648306902, 0.02550782138571297, -0.047871263610841305, -0.0284010475651104]","[-0.7217488193168227, 0.2267921558852739, -0.6802562230968889, 0.2815425380468104, -0.6350928828516562, 0.31704674382672265, -0.5899698483762137, 0.3382080051020787, -0.547906727906749, 0.3492772132267809, -0.5112506241829577, 0.35381262905103456, -0.48169633223401725, 0.3547043293268498, -0.46183916301422756, 0.3541742817014355, -0.4513267820972834, 0.3535215639404305, -0.44779210136524483, 0.35322982272653447]","[-0.0005734190235905379, 0.05349734552711505, 0.005642275163082466, -0.0018158312497045248, 0.05566759845187619, 0.004563061662478773, -0.0032118947789939734, 0.05807788841858175, 0.003596063636858826, -0.004995237452778745, 0.06073521660358594, 0.0027500625193850325, -0.007227517221598201, 0.06360349589361114, 0.00202520782634652, -0.009422960097375421, 0.06660874283574314, 0.0013682530663761128, -0.011576775487623037, 0.06975034018816739, 0.0007731862291677771, -0.013691381879878173, 0.07303016847774213, 0.0002371441407102992, -0.01577151903952634, 0.07645833584916284, -0.00024039168172373948, -0.017821418895334507, 0.08004761132363303, -0.0006586805826129805, -0.01984354900264007, 0.08380064944502852, -0.0010170541913083753]","[-0.006765343248844147, 0.051505476236343384, 0.010709255933761597, -0.001208387315273285, 0.0190410315990448, 0.0043326616287231445, -0.290478515625, 0.2063966751098633, -0.0060610175132751465, 0.05156487226486206, 0.010676383972167969, -0.0011077150702476501, 0.01907750964164734, 0.004340693354606628, -0.2893796920776367, 0.20419921875, -0.005391635000705719, 0.051631778478622437, 0.010598063468933105, -0.0010344833135604858, 0.019093692302703857, 0.004331856966018677, -0.290478515625, 0.2009033203125, -0.004755027592182159, 0.0516839474439621, 0.010525375604629517, -0.0009131431579589844, 0.019134312868118286, 0.004335850477218628, -0.290478515625, 0.1965087890625, -0.00421760231256485, 0.05177794396877289, 0.010473966598510742, -0.0006676539778709412, 0.019173771142959595, 0.004337772727012634, -0.290478515625, 0.191015625]",0.038489456
"[18.19448971748352, 18.21448971748352, 18.23448971748352, 18.25448971748352, 18.27448971748352, 18.294489717483522, 18.31448971748352, 18.33448971748352, 18.35448971748352, 18.37448971748352, 18.39448971748352]","[0.011777048415335375, 0.044915764019728785, 0.003334282830775484, -0.00011770952132614341, 0.030579564828849267, -0.021799471529209805, -0.01719124765532338, 0.012228164811516683, 0.052992618845651755, 0.00529207322874651, 0.0040818563287944925, 0.03000734891102922, -0.023972778584858793, -0.018790647276535052, 0.01318201408863636, 0.06039187155576635, 0.007214914258430272, 0.007867835476012582, 0.02946650001043247, -0.026608020704111415, -0.020161448372913074, 0.014631103403150098, 0.06705366002775189, 0.009011078305628722, 0.011204465350087452, 0.02895333413644139, -0.02969273276665452, -0.021198781556318408, 0.016844699193246767, 0.07291071446467631, 0.010829138881947673, 0.013889790446174813, 0.028463351979434, -0.03293057619915908, -0.022010730549367846, 0.01969232377743954, 0.07792728733320317, 0.01261922514194582, 0.015881454359823247, 0.02798162430556308, -0.036144996480211404, -0.022667107822102635, 0.022889802488820943, 0.0821177926338944, 0.014243828502104082, 0.017241444238026284, 0.027497643063583113, -0.03927535408753911, -0.023190143910460044, 0.02623165928628887, 0.08554442493481554, 0.015615197393883725, 0.018044821704411865, 0.027010429317574077, -0.04228490886939093, -0.023601005299665422, 0.029577200593356303, 0.0883074910306268, 0.016687508024186122, 0.0183764514490642, 0.026526842641993502, -0.04515858364047727, -0.02392578769239793, 0.032837136580705265, 0.09053171591213124, 0.01744799154763317, 0.018325867012733248, 0.026058539530401294, -0.04789471793253844, -0.024191454811042054, 0.03596096104893297, 0.09235029221651367, 0.017908065444519047, 0.017981882751267216, 0.025618373832973586, -0.050493980143325734, -0.02441713530941729]","[-0.691646650486877, 0.2800023901368585, -0.6446781013974923, 0.3365976962117147, -0.5959102867212043, 0.3730371459946259, -0.5486215522869746, 0.3944703463961876, -0.5054413672046987, 0.40535175171557797, -0.4683700003460021, 0.40943198329670266, -0.43880320909442766, 0.40977909888607206, -0.4190784774425245, 0.40879875076888944, -0.40868812953395706, 0.40787406718851915, -0.40520640679314696, 0.4074823976711092]","[-0.003924783823179845, 0.05397189685960635, 0.0057965392393191095, -0.004847097961221514, 0.05600049654704575, 0.004704440921861064, -0.0062791493149855215, 0.05829323602665282, 0.0037608708581724493, -0.008358572109955609, 0.06082620401699934, 0.0029680229373325595, -0.010640881494974108, 0.06351524955544274, 0.0022738273759244088, -0.012924993484795921, 0.06632536484649076, 0.0016487479884768064, -0.015213719519697744, 0.06925725943599836, 0.001087276841501783, -0.01751583223256148, 0.0723135090822522, 0.0005869273811418552, -0.019841117331825364, 0.07550439555569444, 0.00014742217527619061, -0.02219722535720825, 0.07884266512633298, -0.00023037240649115276, -0.024587828999957262, 0.08233120246856762, -0.0005457670888500132]","[-0.013593941926956177, 0.05170780420303345, 0.01092219352722168, -0.0040623098611831665, 0.019006595015525818, 0.004438057541847229, -0.290478515625, 0.219580078125, -0.01337636262178421, 0.051714420318603516, 0.011036127805709839, -0.00399123877286911, 0.01901748776435852, 0.0043986886739730835, -0.290478515625, 0.219580078125, -0.012903548777103424, 0.051597729325294495, 0.01086348295211792, -0.003827899694442749, 0.019030600786209106, 0.00439724326133728, -0.290478515625, 0.2184814453125, -0.01249723881483078, 0.05162481963634491, 0.01097935438156128, -0.0036219432950019836, 0.019046634435653687, 0.004398435354232788, -0.290478515625, 0.2162841796875, -0.011852219700813293, 0.051568180322647095, 0.010945618152618408, -0.003368489444255829, 0.019027352333068848, 0.004423275589942932, -0.290478515625, 0.2140869140625]",0.0452858
"[18.315630435943604, 18.335630435943603, 18.355630435943603, 18.375630435943602, 18.395630435943602, 18.415630435943605, 18.435630435943605, 18.455630435943604, 18.475630435943604, 18.495630435943603, 18.515630435943603]","[0.017494968642127705, 0.04594550136214029, 0.006817918439509624, -0.0010828234301970495, 0.03154431783970552, -0.02537912845594743, -0.015250218827007545, 0.01798007248153828, 0.05389007930534682, 0.00854573423569073, 0.003170455625511968, 0.03091673498653661, -0.028031002381895848, -0.016526566507577035, 0.018929541074831923, 0.06112294336691133, 0.010126474624236386, 0.007051039077043937, 0.03032690031889411, -0.031092715017506437, -0.017545255455418407, 0.020605859297578362, 0.06756721304903932, 0.011705861519796038, 0.010357609600609904, 0.02976233299081789, -0.03426127850337349, -0.018357696525899584, 0.022868945663763116, 0.07317343319119715, 0.013226818959683601, 0.013059123367408113, 0.029200608479084636, -0.03735370083173884, -0.01897419541965946, 0.025527590245972204, 0.07783718740280995, 0.014579874107770011, 0.015088272390867746, 0.028628733300650664, -0.04028578400618467, -0.019498362287036216, 0.02834825411567348, 0.0816109121462881, 0.015668500242031033, 0.016510155066788115, 0.028043079014815956, -0.04301646657533634, -0.01994902537769576, 0.03117308822089473, 0.08458614684999625, 0.01644311281706077, 0.017399248232365216, 0.027448123869936482, -0.04552791922932424, -0.020342365613745077, 0.03390526415896249, 0.0868848634331211, 0.0168924795279483, 0.01783700270038309, 0.026854920064116515, -0.04782446451108057, -0.02069769761124674, 0.036494572270662606, 0.08864687521799217, 0.017034121623314625, 0.01790758150250636, 0.026278220390732437, -0.049923511043050636, -0.021034282647826884, 0.03892366914260863, 0.09001506158142722, 0.016904940261097002, 0.017693289161783435, 0.02573300499212388, -0.051842882019258824, -0.021363906946698985]","[-0.6744271586063981, 0.31764350553262855, -0.6206477789132588, 0.35464931711541847, -0.5672834518121919, 0.37439596464312097, -0.5171198683372226, 0.3820421407162624, -0.47233349198330105, 0.3819222131317144, -0.4345251161417622, 0.37757493923062313, -0.4047495171204962, 0.3717892279427373, -0.38504787041419586, 0.36699937696979623, -0.37472896196947325, 0.3641796051042426, -0.37128417138537984, 0.3631795807747274]","[-0.005310813451404717, 0.053884741592239216, 0.006147254558407145, -0.007105972150170614, 0.056071143794150125, 0.0051140294617351145, -0.009552180904782492, 0.058505213621979024, 0.0042463947006741165, -0.01222892197123926, 0.061058699528849125, 0.00349351768283368, -0.014977152007592087, 0.06363452533510117, 0.002827712092977386, -0.017670426610442158, 0.06629062985297773, 0.0022336074661515326, -0.020303919477245413, 0.06902533012153311, 0.0017031856575835391, -0.022878055709557032, 0.0718402635024118, 0.001232064061467586, -0.025395642116210704, 0.07474624695673482, 0.0008183865108626343, -0.027858880780810225, 0.07775753071124969, 0.000461367356430209, -0.030266603226202893, 0.08087885191943434, 0.00015963297148369193]","[-0.01079673320055008, 0.052143409848213196, 0.011163204908370972, -0.002429857850074768, 0.019015878438949585, 0.004450887441635132, -0.290478515625, 0.2448486328125, -0.011194571852684021, 0.05220082402229309, 0.011097580194473267, -0.0027542337775230408, 0.01909714937210083, 0.004409819841384888, -0.290478515625, 0.2426513671875, -0.011738479137420654, 0.05233725905418396, 0.011188298463821411, -0.003122687339782715, 0.019189968705177307, 0.004404142498970032, -0.290478515625, 0.23935546875, -0.012160591781139374, 0.05229949951171875, 0.011001408100128174, -0.0034555718302726746, 0.01924090087413788, 0.004413992166519165, -0.290478515625, 0.2338623046875, -0.01267029345035553, 0.05232495069503784, 0.011012017726898193, -0.0036749690771102905, 0.019232571125030518, 0.00441974401473999, -0.2893796920776367, 0.2294677734375]",0.035037665999999995
"[18.414594411849976, 18.434594411849975, 18.454594411849975, 18.474594411849974, 18.494594411849974, 18.514594411849977, 18.534594411849977, 18.554594411849976, 18.574594411849976, 18.594594411849975, 18.614594411849975]","[0.02216899607091397, 0.046694027289297294, 0.007159524989480668, 0.00034227438763987717, 0.03174704405749969, -0.02912489642001933, -0.012945879139973417, 0.022429060908291, 0.0544973942913367, 0.008513445220915142, 0.004671176647878848, 0.031123480695707428, -0.0314744970436361, -0.014513613540590194, 0.02326385813314333, 0.06154185645546641, 0.009875596785646729, 0.008470620910174845, 0.030520384670718114, -0.033894965574370294, -0.015936924940640536, 0.024558031216961866, 0.06776757049192177, 0.011169694640350903, 0.011730077969436419, 0.029910599690923037, -0.036319290748719105, -0.01709305856429386, 0.026142790815930697, 0.0730558423606264, 0.01224388489176973, 0.01442217021445711, 0.02928425064214537, -0.038765503323211804, -0.01795812195284796, 0.028173306800045934, 0.0773360480438331, 0.013197272120870367, 0.01636979972258299, 0.0286434595158819, -0.041057198835746614, -0.018697076273485002, 0.030434485637569262, 0.08068729841983799, 0.013951887020992131, 0.017648879350619567, 0.02798830370866196, -0.043164309684702765, -0.019325897473433475, 0.03277601235351889, 0.0832218137101127, 0.014469192626669505, 0.018345117155405134, 0.027325533822303814, -0.04507634290512803, -0.0198594589167186, 0.03509931139462809, 0.08507689073708333, 0.014742430685145854, 0.018551264858188924, 0.026667280501726037, -0.04680078751344136, -0.020317877260693985, 0.03734538736103382, 0.08640303277396469, 0.014788250790168878, 0.018362509194006563, 0.026028418346420352, -0.048355291524677116, -0.02072270110260284, 0.039483736186417595, 0.08734997350486398, 0.014638621745154531, 0.017871634076834345, 0.025423388435583078, -0.04975722512060467, -0.021088325478432535]","[-0.6620650737298652, 0.2825473752036607, -0.6011136478596918, 0.3182393753786764, -0.5421388513951808, 0.33893167397658297, -0.48771740764216764, 0.3490012484212194, -0.4398076486700789, 0.3521165788239425, -0.3997961329578129, 0.35124102599878576, -0.36853626522693084, 0.34868173006321174, -0.3479648028534324, 0.34623408104077863, -0.3372310088747843, 0.34471337311307826, -0.3336572408887326, 0.34416296032977545]","[-0.01263958057069381, 0.053740297418673144, 0.0065857740316142, -0.014521191273344725, 0.05610198381277742, 0.005605111391016493, -0.01650276536693651, 0.05857589954036069, 0.004729600727819694, -0.018630694431058026, 0.06103823502369643, 0.003950801968455764, -0.021017758657761898, 0.0635144334116382, 0.003284328709712625, -0.023288543015172358, 0.06602733865249277, 0.002679527942522242, -0.0254402895689253, 0.06857536688436694, 0.002129132014674795, -0.027476015797595843, 0.07116157788020283, 0.001629363629127134, -0.029400732098835092, 0.07379828578936376, 0.0011784701424115696, -0.03121919210286661, 0.07650075882257479, 0.0007752982670723441, -0.032934906018446175, 0.07927445931095845, 0.00041798901897660556]","[-0.012076914310455322, 0.05128371715545654, 0.011495113372802734, -0.0021631866693496704, 0.018839001655578613, 0.004434600472450256, -0.290478515625, 0.27121601104736326, -0.011680491268634796, 0.05144006013870239, 0.011453360319137573, -0.002145610749721527, 0.018942460417747498, 0.0044753700494766235, -0.290478515625, 0.26792011260986326, -0.011375792324543, 0.051559045910835266, 0.011366069316864014, -0.002257302403450012, 0.018968850374221802, 0.004461109638214111, -0.290478515625, 0.26462421417236326, -0.011122182011604309, 0.05160623788833618, 0.011255592107772827, -0.00241948664188385, 0.018947124481201172, 0.004405573010444641, -0.290478515625, 0.261328125, -0.010966204106807709, 0.05167059600353241, 0.011150211095809937, -0.0024192705750465393, 0.01891988515853882, 0.004395604133605957, -0.2893796920776367, 0.25693359375]",0.042625933
"[18.512628316879272, 18.532628316879272, 18.55262831687927, 18.57262831687927, 18.59262831687927, 18.612628316879274, 18.632628316879273, 18.652628316879273, 18.672628316879273, 18.692628316879272, 18.71262831687927]","[0.02367060066688329, 0.04692131873066996, 0.005790930672424386, 0.0016746600214501525, 0.031806901400685934, -0.029096639067622113, -0.013539032592517404, 0.024445310720339817, 0.05450036434695941, 0.0075001169307607266, 0.005548889153317062, 0.03118494477709939, -0.03140184170274645, -0.01493882879038556, 0.025771948729181107, 0.061264462262884276, 0.009196128917342518, 0.00890747826316436, 0.030564760866448975, -0.0338834566338097, -0.01599173196448543, 0.027517896121067684, 0.06708801869941186, 0.010727196023691949, 0.011719861737050414, 0.029934522667924575, -0.03654950004056345, -0.01664010479920639, 0.029866783827392676, 0.07188963340745795, 0.012198210506810574, 0.013805364489513465, 0.029292199006023298, -0.03917717686513121, -0.017032355689432233, 0.032639136469790685, 0.0756719218840322, 0.013531748072756191, 0.015167468980487266, 0.028633729782606563, -0.04168449761363396, -0.0172506163426734, 0.03561244033941823, 0.07853409801337646, 0.014645504164402984, 0.015903860064219965, 0.0279609602568543, -0.044037470369997694, -0.017319187471136366, 0.03863117307704668, 0.08060130631036629, 0.015496337359651476, 0.01611665886779804, 0.027281649710250325, -0.046221135556053144, -0.017261015522958306, 0.04159387688319775, 0.08201765555574836, 0.01607299507746073, 0.015909949576872955, 0.026608333538531724, -0.048238246093367645, -0.017103697854086993, 0.04444090481722243, 0.08293562966016493, 0.01638807558604067, 0.015385658279905378, 0.025955894013595722, -0.05010173617431754, -0.016875929936318784, 0.04714303723432539, 0.08350355075812413, 0.016470233761891304, 0.014639323891726744, 0.02533860316817841, -0.05182443883570765, -0.016599580541996388]","[-0.6139072859750334, 0.3395968093188853, -0.5487139931490148, 0.37711573020936084, -0.487390818929525, 0.3991594335509243, -0.43202395432039686, 0.4101325036929988, -0.38412660194029236, 0.41374842216811003, -0.3446868325807869, 0.4130545744906174, -0.3142140699356113, 0.41047135863942913, -0.2943176319010593, 0.4079179712807247, -0.28399632726154955, 0.4063024484531449, -0.2805742594270696, 0.40570970159794784]","[-0.016245283020852264, 0.05423243009677314, 0.006762548957393921, -0.017665835943699748, 0.0565153791660733, 0.005752093635446265, -0.01939219477848808, 0.05879707121063493, 0.00486541524833628, -0.02156764402919109, 0.06107967816737325, 0.004119329444381314, -0.02380162633157734, 0.06334225535043192, 0.0034597968138418977, -0.025992569494774576, 0.06561123433800153, 0.0028681418399179037, -0.028147966583968453, 0.06788743522697338, 0.0023386850133833015, -0.030279080855882712, 0.07017508497985991, 0.001868394368822912, -0.03239708737578395, 0.07248652291148705, 0.0014556457579768534, -0.03451058070446611, 0.07483660177804685, 0.001099022827512286, -0.03662409145266221, 0.07723097567605919, 0.0007961826528024574]","[-0.019330546259880066, 0.050769418478012085, 0.01189228892326355, -0.005147986114025116, 0.018475443124771118, 0.00454479455947876, -0.290478515625, 0.2800048828125, -0.019072018563747406, 0.05076245963573456, 0.01186072826385498, -0.005071558058261871, 0.018473491072654724, 0.004548966884613037, -0.290478515625, 0.27890625, -0.018738247454166412, 0.05073815584182739, 0.01182296872138977, -0.0048590004444122314, 0.018537521362304688, 0.004509910941123962, -0.2893796920776367, 0.27890625, -0.018276572227478027, 0.050714150071144104, 0.01178714632987976, -0.004676222801208496, 0.01854826509952545, 0.004512235522270203, -0.290478515625, 0.27890625, -0.017743229866027832, 0.050727665424346924, 0.01175716519355774, -0.00439906120300293, 0.0185546875, 0.004484936594963074, -0.290478515625, 0.2778076171875]",0.04218709
"[18.63507628440857, 18.65507628440857, 18.67507628440857, 18.695076284408568, 18.715076284408568, 18.73507628440857, 18.75507628440857, 18.77507628440857, 18.79507628440857, 18.81507628440857, 18.83507628440857]","[0.02714724283823059, 0.04754845748254962, 0.00899892454821488, -0.00019796701586644781, 0.03275004662815454, -0.03015912539574824, -0.01319960963904367, 0.028168100553079875, 0.054960604205575685, 0.01081912595045894, 0.0035124167099204635, 0.03204763911822069, -0.032946626436555285, -0.014076821367136838, 0.029649852047683622, 0.06148581155609009, 0.012452921130736731, 0.006774238532278767, 0.031351899425009766, -0.036012092457644675, -0.014521134662074327, 0.03180003112993475, 0.06702207122768976, 0.014005896320721549, 0.009411554227606566, 0.030649929645053853, -0.03910209370591697, -0.014593529249600692, 0.0344522388001148, 0.07155007698286187, 0.015404242258585192, 0.011445140849236297, 0.029926598330940708, -0.04207986612592784, -0.014312772202514196, 0.03750605091470818, 0.07495080481974875, 0.016584053047336088, 0.012753078472732193, 0.029181537133106533, -0.04486304200611692, -0.013896483571164644, 0.04070693106239847, 0.07736864676471937, 0.017465399279189615, 0.013462831799966365, 0.028420000360976663, -0.04741410154836303, -0.013380397412544657, 0.043884721986454225, 0.07896209588976111, 0.018013182820247504, 0.013694960763757704, 0.027652450150845848, -0.04971865822222246, -0.012794704237565263, 0.04693735816917001, 0.07989850986709751, 0.01822850453609453, 0.013562273282847039, 0.026893525864325, -0.0517846139392838, -0.01216992032277242, 0.04981469108999928, 0.08034536171590556, 0.018139077597275583, 0.013167571398422197, 0.02615973185028317, -0.05363308900077377, -0.01153459631871152, 0.052502890384236146, 0.08045958499266366, 0.017789942299726663, 0.012601356223730336, 0.025466541263344515, -0.05528565652210375, -0.01090932024409346]","[-0.5922545321305182, 0.37849953529647623, -0.5161182602881433, 0.4150510473067338, -0.44771416818172294, 0.43365275752041904, -0.3881901875111272, 0.4397805131566448, -0.33822087422809616, 0.4380247628334779, -0.29807534823860615, 0.4321219779561709, -0.26766482646532724, 0.42501196055069423, -0.2480772179919697, 0.4192979296913839, -0.23801517806333905, 0.415974575450979, -0.23470126478530554, 0.41480116776712395]","[-0.013315491402983493, 0.05448732183709337, 0.00681325710101266, -0.015207574757619913, 0.056703487657202345, 0.005812594791494874, -0.017755144399844047, 0.058951009820607414, 0.004979078919751689, -0.020609804028578482, 0.06112103888614229, 0.004270280833751805, -0.023686986832893386, 0.06312811642803906, 0.0036695401588393572, -0.026756224910302606, 0.06511569687913576, 0.0031526754881912034, -0.029814501002814797, 0.06708404857288519, 0.0027091556740233003, -0.032862238630757545, 0.0690378239485736, 0.0023330070200673347, -0.03590068311034833, 0.07099080254767376, 0.0020208069323519595, -0.03892876912261345, 0.07296019756394267, 0.0017697719438705128, -0.04193989327974268, 0.07495473088014615, 0.001575992636824175]","[-0.016096919775009155, 0.051280200481414795, 0.011837363243103027, -0.0036074891686439514, 0.01862385869026184, 0.004554823040962219, -0.290478515625, 0.2887939453125, -0.016397520899772644, 0.051306381821632385, 0.01187095046043396, -0.003727346658706665, 0.018612980842590332, 0.004562363028526306, -0.290478515625, 0.2887939453125, -0.017586342990398407, 0.05130055546760559, 0.0119209885597229, -0.004339031875133514, 0.018642619252204895, 0.00456063449382782, -0.290478515625, 0.2887939453125, -0.018026553094387054, 0.0512571781873703, 0.011907994747161865, -0.0045183151960372925, 0.018749117851257324, 0.004469588398933411, -0.290478515625, 0.2865966796875, -0.018493615090847015, 0.05123107135295868, 0.011922687292098999, -0.004826486110687256, 0.018650725483894348, 0.0045751482248306274, -0.290478515625, 0.2843994140625]",0.053753203
"[18.754476070404053, 18.774476070404052, 18.794476070404052, 18.81447607040405, 18.83447607040405, 18.854476070404054, 18.874476070404054, 18.894476070404053, 18.914476070404053, 18.934476070404052, 18.954476070404052]","[0.03126079583414792, 0.04819885249582276, 0.010060295243747443, 0.0008316133206719579, 0.0329998304864209, -0.033969533731179204, -0.010518172971194869, 0.032281039196312096, 0.05512155269976128, 0.011454830013114464, 0.004492167872753842, 0.03223061968795888, -0.03653863781765796, -0.011182947757321829, 0.03386588290629433, 0.06103704452810454, 0.012767607122026152, 0.007551596839661049, 0.031451701112980346, -0.039083110074243636, -0.011547429470338226, 0.03585667316057692, 0.06592610499455409, 0.013910381235290467, 0.010036342867157723, 0.03064860117033059, -0.04155212455253532, -0.0115769465244773, 0.038158769985587676, 0.06966536356582731, 0.01478674853967126, 0.011837912628643081, 0.029826849151933472, -0.04393990054629643, -0.011431208225927983, 0.040753338641342896, 0.07239882538966527, 0.015464179575839595, 0.012985777051909533, 0.028994233136939038, -0.04609500632269048, -0.011182766271370426, 0.04343388960759187, 0.07425799982263126, 0.01588715218994147, 0.01358967342906173, 0.028155698981223755, -0.047995167019303606, -0.01085772808426523, 0.04606589345262464, 0.07538681541924672, 0.016038017739435407, 0.013754179515902696, 0.027320663511200254, -0.04963806636379295, -0.01047782506922243, 0.04857194337080728, 0.07593689910818265, 0.01592899581252363, 0.013578070558827343, 0.026502083822306104, -0.051040447547700846, -0.0100657983616196, 0.05091728373721368, 0.07605965142684766, 0.01559343772544063, 0.013152301921265016, 0.02571438218189366, -0.05222993633983305, -0.009643316785783717, 0.053096161718281326, 0.0758966068090773, 0.015077510616800193, 0.012557860155238838, 0.024970867659246776, -0.053233748763002776, -0.009225459492537294]","[-0.527380101099137, 0.365375970892861, -0.45897969358142815, 0.392173253132085, -0.39744962826410596, 0.40426078392538456, -0.34384598088905993, 0.40642075913258513, -0.29880520969753177, 0.4025932984867044, -0.2625885484456951, 0.39591404364037597, -0.23512839768302835, 0.3887833760656092, -0.2174323077338069, 0.38332067126578173, -0.20833981215077294, 0.38022625873846205, -0.20534506258141105, 0.37915117598891845]","[-0.019183596153193094, 0.05382369704582457, 0.007263816441098303, -0.021619245113863372, 0.055887324397293714, 0.006352017202591931, -0.024250984590175495, 0.05786050535774967, 0.005566679695211629, -0.027107973297756827, 0.05967947151431119, 0.004901866214702011, -0.030098651510132135, 0.06150727227864028, 0.00434947543091635, -0.03299379560763094, 0.06328870575324164, 0.0038622356292141724, -0.03578986030149278, 0.06502366448017671, 0.0034324463266690586, -0.03848687447756993, 0.06671617323005696, 0.003055295543498815, -0.04108642018531017, 0.06837838211787561, 0.002727306358670134, -0.043589178876266454, 0.07002529275180791, 0.0024449560513963853, -0.04599242349335264, 0.07166411481294821, 0.0022034955890615215]","[-0.017421789467334747, 0.05073918402194977, 0.011825621128082275, -0.004148438572883606, 0.018430739641189575, 0.004494652152061462, -0.290478515625, 0.289892578125, -0.017124131321907043, 0.05075231194496155, 0.011800557374954224, -0.004145145416259766, 0.018349379301071167, 0.004608467221260071, -0.290478515625, 0.289892578125, -0.016832880675792694, 0.050783947110176086, 0.011791080236434937, -0.00400349497795105, 0.018331080675125122, 0.004606783390045166, -0.290478515625, 0.289892578125, -0.016543008387088776, 0.05081816017627716, 0.011790692806243896, -0.0037223845720291138, 0.018402904272079468, 0.004495590925216675, -0.290478515625, 0.289892578125, -0.01626840978860855, 0.05085691809654236, 0.011784553527832031, -0.0036509111523628235, 0.018375560641288757, 0.00460439920425415, -0.290478515625, 0.289892578125]",0.049920922000000006
"[18.874834537506104, 18.894834537506103, 18.914834537506103, 18.934834537506102, 18.954834537506102, 18.974834537506105, 18.994834537506105, 19.014834537506104, 19.034834537506104, 19.054834537506103, 19.074834537506103]","[0.03208500573644753, 0.04831039913781558, 0.00868047266797541, 0.002098006280255158, 0.033186059452040166, -0.03302419811069487, -0.011958414679143641, 0.0337672351911735, 0.05471996447320917, 0.010498039673510678, 0.005012081838912893, 0.032367384976875274, -0.03562809768633274, -0.01221865695515197, 0.03600899819668009, 0.06007956604960693, 0.012201212051164307, 0.007361836130068517, 0.031530824751654155, -0.038375776272807444, -0.011948867602497708, 0.03876389262830381, 0.06424483514434667, 0.013696726885833144, 0.009032987101771705, 0.030678632708222953, -0.04122641570445627, -0.01128385589754674, 0.042049309635029036, 0.06733904164753568, 0.015066427067907248, 0.010044534786241163, 0.029813411804837563, -0.043952096450078304, -0.010311820765947468, 0.04565237640736865, 0.06939181763345212, 0.01622338184112141, 0.010426594950971379, 0.028937419387920743, -0.04649111022452865, -0.009173247363711681, 0.049334974202474124, 0.07056913326991424, 0.017099442327551746, 0.010326495924760856, 0.028057683321190584, -0.04881134211593615, -0.00791084098843739, 0.05293994525227879, 0.07103783751956366, 0.017666200209016436, 0.009876525516558545, 0.02718474075685517, -0.050901328446040686, -0.00656139439216476, 0.05637551106703697, 0.07096259839084607, 0.017927174778214743, 0.009193939979537966, 0.026331911289430052, -0.05276966150270793, -0.005160763671236359, 0.05959969780424575, 0.07049998631396276, 0.017909175097370354, 0.008379953644919056, 0.02551349913148527, -0.054436906512684, -0.003742362462936769, 0.0626052334451227, 0.06979110190643908, 0.01765400732299581, 0.007518831976624607, 0.024742503538700736, -0.055924099094259105, -0.002332832305667233]","[-0.462551065141461, 0.4330413542431671, -0.38596128987028666, 0.46625926148449487, -0.31959013284410204, 0.4827548219163064, -0.26365817850156115, 0.48767212682336236, -0.2180331873719782, 0.4853078616023737, -0.1822970178251192, 0.4791588714234953, -0.15580023734680432, 0.47198328630064423, -0.1390053096005779, 0.46627079709333635, -0.1304839555269224, 0.4629587215931609, -0.12770294212123398, 0.46178958617817273]","[-0.02128692868025228, 0.05421033408922771, 0.007411044406356648, -0.02321927266280399, 0.05614617520367382, 0.006460564084969089, -0.02565307000256989, 0.05789440692077896, 0.005665101462029032, -0.02850816261139244, 0.05957826199989791, 0.005019310102738039, -0.031492269612615975, 0.061092489439690034, 0.004468306228913477, -0.03449977350182831, 0.06251605581637154, 0.003995230634494362, -0.037536939221851306, 0.06385091122446918, 0.0035940805547780563, -0.04061122451774912, 0.06510143428390336, 0.003261800285457639, -0.04372912923341454, 0.06627903327902507, 0.002996698272434095, -0.0468931838513621, 0.06739814549264445, 0.0027969874735038758, -0.05009849583315462, 0.06846708599853812, 0.002659432994685851]","[-0.01821303367614746, 0.05079589784145355, 0.011902958154678345, -0.0047209858894348145, 0.018388763070106506, 0.004508540034294128, -0.290478515625, 0.289892578125, -0.0183064267039299, 0.05081276595592499, 0.011908233165740967, -0.00474885106086731, 0.01840357482433319, 0.004514157772064209, -0.290478515625, 0.289892578125, -0.018385767936706543, 0.050821453332901, 0.011912107467651367, -0.004780463874340057, 0.018431276082992554, 0.004518195986747742, -0.290478515625, 0.289892578125, -0.018452085554599762, 0.05082060396671295, 0.011914372444152832, -0.004824340343475342, 0.01843230426311493, 0.004515647888183594, -0.290478515625, 0.289892578125, -0.018483050167560577, 0.05080874264240265, 0.011916011571884155, -0.004836224019527435, 0.018414482474327087, 0.004514828324317932, -0.2893796920776367, 0.289892578125]",0.055543484000000004
"[18.994890689849854, 19.014890689849853, 19.034890689849853, 19.054890689849852, 19.074890689849852, 19.094890689849855, 19.114890689849855, 19.134890689849854, 19.154890689849854, 19.174890689849853, 19.194890689849853]","[0.033182801761384585, 0.04852550281405553, 0.010775699041617539, 0.0006775124543704674, 0.03337534425951997, -0.033624079229510453, -0.011289731269769107, 0.03535656726371718, 0.05445391605340956, 0.012640915105824478, 0.0032944575609690817, 0.03248859795771475, -0.03665054283717078, -0.010891596244532085, 0.03807758141972731, 0.05922456709096768, 0.014286299096694393, 0.005304912503259972, 0.031597707518748096, -0.03986363020262673, -0.010049490882139151, 0.04138631902764363, 0.06293940065204337, 0.015794072153719477, 0.006732014000360016, 0.030695605791898773, -0.0430064957718406, -0.008776748365514191, 0.04508199825158818, 0.06560715625752453, 0.017080569260585345, 0.007620429818907133, 0.029775157175434226, -0.045966805430154634, -0.007166582384435896, 0.049028372830717724, 0.06719958456486166, 0.0180894151287794, 0.007922889433846034, 0.028842359054614696, -0.04867191665456007, -0.0054447071121198586, 0.052971922115313104, 0.06791239776552441, 0.018757673986699072, 0.007804235420788297, 0.027906394460016713, -0.05108964358828191, -0.003661510757887784, 0.05675274307426083, 0.06793183083910984, 0.019065794283868166, 0.007404502072832944, 0.02697928213686931, -0.05321124964927834, -0.001857856181635301, 0.060286354305269386, 0.06743328467276441, 0.019028782485251326, 0.006840539551775832, 0.026075255680524313, -0.05505140128944115, -6.958638995654249e-05, 0.06354499159565012, 0.0665773802099356, 0.018686423114538234, 0.0062069022845813995, 0.025209143680140607, -0.056638967831256146, 0.0016726928789116504, 0.06653912797867634, 0.0655046483867728, 0.018093914166234668, 0.00557684945584142, 0.02439422986676871, -0.058003618426516614, 0.0033458204921781726]","[-0.4211204174987419, 0.47021060771509393, -0.3394948519878541, 0.5001635047182424, -0.2709201855614325, 0.5119024047862651, -0.21474900649409964, 0.5113798599511525, -0.17010289332022915, 0.50353230015467, -0.13594708321970148, 0.49233965818225783, -0.11114059129331222, 0.4809080407284259, -0.09565494163520569, 0.47227709053122746, -0.08788833315687883, 0.4674070095726134, -0.0853742792185985, 0.46571238394615644]","[-0.018639376924571294, 0.054030928440622183, 0.007263714156227952, -0.02123367410385313, 0.05577851920000132, 0.00636637620173941, -0.02442242042812537, 0.057474103817146904, 0.005644480923669093, -0.027950293545256688, 0.05892861883326361, 0.005050503860799971, -0.031720007707516595, 0.06012681887312521, 0.004570540901574827, -0.03552402043514735, 0.06121140512124157, 0.004180451464264046, -0.039360155954376586, 0.06218445541050999, 0.003872838935865097, -0.0432269562982418, 0.06305092033396287, 0.0036441106179294636, -0.047122923339657175, 0.06382350582858587, 0.0034922830221528756, -0.051043069523711404, 0.06451899359584079, 0.0034149904006417486, -0.054973927958386626, 0.06514934395314764, 0.003407644201730786]","[-0.018293768167495728, 0.05002868175506592, 0.011736631393432617, -0.005196981132030487, 0.017831027507781982, 0.004350572824478149, -0.290478515625, 0.289892578125, -0.018012695014476776, 0.050188034772872925, 0.011742919683456421, -0.0050729066133499146, 0.01789785921573639, 0.004371389746665955, -0.290478515625, 0.289892578125, -0.017821095883846283, 0.05031582713127136, 0.011762350797653198, -0.005000293254852295, 0.017939388751983643, 0.004394590854644775, -0.290478515625, 0.289892578125, -0.01768449693918228, 0.05040915310382843, 0.011775314807891846, -0.004882700741291046, 0.018012836575508118, 0.004427596926689148, -0.290478515625, 0.289892578125, -0.01759403944015503, 0.050506219267845154, 0.011796534061431885, -0.004731945693492889, 0.018118366599082947, 0.004417926073074341, -0.290478515625, 0.289892578125]",0.052054433
"[19.114681720733643, 19.134681720733642, 19.15468172073364, 19.17468172073364, 19.19468172073364, 19.214681720733644, 19.234681720733644, 19.254681720733643, 19.274681720733643, 19.294681720733642, 19.314681720733642]","[0.03324745507468699, 0.048509628110691275, 0.00984490509160401, 0.0016769817239934049, 0.03320528987138842, -0.03402011158968296, -0.011047604295241266, 0.03577724308576634, 0.053721154780959, 0.011664887529313307, 0.0037383265065637663, 0.03226404345210686, -0.036777000198752574, -0.010494157212873525, 0.03885303794385629, 0.05786145191329284, 0.013368441200896607, 0.005239433195153256, 0.0313049590467648, -0.039579740998272134, -0.009389749932796307, 0.04233343301399667, 0.06092083034559061, 0.014856013416977046, 0.006238174205845127, 0.03032029089896006, -0.042416028639205836, -0.00772811285608551, 0.04612896269298008, 0.06285350184969282, 0.016040187170949377, 0.006709482347570301, 0.02932322620962212, -0.0452694776561305, -0.005675550840267077, 0.050336922047243216, 0.06375723540107316, 0.017044980315647988, 0.0065950982543930385, 0.02833011782192407, -0.04792888739660041, -0.0034762210245018388, 0.05465790242857414, 0.06384032474152695, 0.01778884689982069, 0.006083907361853456, 0.027348280002772132, -0.05035259039860568, -0.0011896013240221541, 0.05889389192925164, 0.06329356695442623, 0.01823419167413947, 0.005333343813244788, 0.02638740305523116, -0.05252300785148707, 0.0011354452301005884, 0.06292920837595638, 0.06229046048750684, 0.018378878690020035, 0.004471708766724964, 0.025459067087301585, -0.05444572593373549, 0.0034560864017689533, 0.06671112208413663, 0.06098509350592435, 0.01824687763039297, 0.0035999636823579088, 0.024575356708236684, -0.056140881532833885, 0.00573539163208066, 0.070230853834172, 0.059508807197130566, 0.017879270150519357, 0.0027937101496925665, 0.023747027105184892, -0.057630985824934484, 0.00794396758441699]","[-0.3584341272122207, 0.4630835273172888, -0.2740247463928021, 0.5061650860159771, -0.20467553356880738, 0.5285881366460256, -0.1490773935046116, 0.5365495832949523, -0.10579246543639255, 0.5352528230698241, -0.07332272462003116, 0.5289377969140231, -0.050156441462800176, 0.5209647185711286, -0.03589433633698717, 0.5144431837436019, -0.02881886609060657, 0.5106082300697721, -0.026547082771975303, 0.509242499020498]","[-0.021184889561649767, 0.05387489183889027, 0.007395240640607703, -0.023571860533127764, 0.05551129978185809, 0.006516796771816047, -0.02640530888019521, 0.05685415391920268, 0.005782319908795408, -0.029774660314254575, 0.05787966596597549, 0.005198405157702535, -0.03362830029325481, 0.05872586286621484, 0.004765723533012078, -0.03753664092965281, 0.059439446210796554, 0.004418555405736768, -0.04150109276636138, 0.06002332772603802, 0.0041508517530441935, -0.045524548536426956, 0.06048151955426029, 0.003961019321281789, -0.049609426930915634, 0.060823997965492094, 0.003849386692066581, -0.05375387255729436, 0.061064345697027456, 0.0038160857426747796, -0.057946894881419575, 0.061212845311803044, 0.0038591944638541875]","[-0.023459531366825104, 0.04714643955230713, 0.011489927768707275, -0.00854521244764328, 0.016372472047805786, 0.004011556506156921, -0.290478515625, 0.289892578125, -0.02230849117040634, 0.04780253767967224, 0.011517941951751709, -0.007933825254440308, 0.016703873872756958, 0.004104688763618469, -0.290478515625, 0.289892578125, -0.021252445876598358, 0.04839004576206207, 0.0115719735622406, -0.007143810391426086, 0.016993507742881775, 0.004259780049324036, -0.290478515625, 0.289892578125, -0.020755216479301453, 0.048677265644073486, 0.011607825756072998, -0.006584383547306061, 0.017258450388908386, 0.004274025559425354, -0.290478515625, 0.289892578125, -0.020316317677497864, 0.04891052842140198, 0.011631429195404053, -0.006209231913089752, 0.017356663942337036, 0.004241541028022766, -0.290478515625, 0.289892578125]",0.052237029
"[19.23452925682068, 19.25452925682068, 19.274529256820678, 19.294529256820677, 19.314529256820677, 19.33452925682068, 19.35452925682068, 19.37452925682068, 19.39452925682068, 19.41452925682068, 19.434529256820678]","[0.033240324923580866, 0.048508867737205925, 0.01000307043345959, 0.0016004867084329682, 0.033161724972222105, -0.03351036397617345, -0.01134337236344617, 0.036502603913329164, 0.05305856933542532, 0.012073423032752283, 0.0030475978542453147, 0.032152027965426294, -0.03650914576671051, -0.01011164935227598, 0.040264056707769044, 0.056512136674232015, 0.013948305382091554, 0.004012027178480351, 0.031122149436673137, -0.03968029742322378, -0.008174614561872975, 0.04446720444070047, 0.0588012344912183, 0.015541751026252769, 0.004466298190919003, 0.030080054567498123, -0.042971588188170526, -0.005668887651254969, 0.049229489004275484, 0.060003163425967905, 0.01698668175317911, 0.004349279651519062, 0.02903643263325958, -0.04610822246064371, -0.002846365135912439, 0.054265524105706474, 0.060210285134148035, 0.018180990952717618, 0.003748344194390442, 0.0279975760757462, -0.04901726566289977, 0.00010101520338136761, 0.0592805052054147, 0.05964809448127668, 0.019048057558254436, 0.002865423539250452, 0.026972372005727746, -0.05165748453514975, 0.003105468686776111, 0.0640874281673683, 0.05851547315148309, 0.019556707725622027, 0.0018623800945968018, 0.02597134437311131, -0.054012557437579656, 0.006111852027214938, 0.06858681088706173, 0.05698651020718924, 0.019712370298178645, 0.0008646353171335574, 0.025006290737087853, -0.056091096211356474, 0.009074247481976341, 0.07274554829644825, 0.0552103522838742, 0.01954723233878363, -3.543390858033151e-05, 0.024089150121262046, -0.057917568062041964, 0.011954776240802482, 0.07657580725104074, 0.053310032989836165, 0.019110817368782732, -0.0007748956612474794, 0.02323041848190499, -0.05951884178040932, 0.014723057267670732]","[-0.2821311829852322, 0.5326069194952201, -0.19729270271817834, 0.5702132353943405, -0.12948383565983781, 0.5868120340398111, -0.07663722736154113, 0.5890237441271122, -0.036676091057920066, 0.5823589906649902, -0.007577147913766655, 0.5712979481968112, 0.012587448365974111, 0.5593865024208561, 0.024712175107154483, 0.5501815462640005, 0.03061233636518452, 0.5449160258930112, 0.032479505900722586, 0.543067191786091]","[-0.02041408046688109, 0.053690166331334055, 0.007306866961735992, -0.022982182129740347, 0.05506394856089214, 0.006455221604943162, -0.02630206798706547, 0.05608843827595811, 0.005775654348080028, -0.030330427270147786, 0.0568526989335334, 0.0052705897680564995, -0.034590137614137983, 0.05735420328354923, 0.004874351302429858, -0.03895802420446881, 0.05769711292004276, 0.00457103610449483, -0.04343752804273493, 0.05788298851572726, 0.0043585441997624486, -0.0480310585615874, 0.0579138743632015, 0.004239209559680823, -0.052739572686718805, 0.057798257037446454, 0.004217118416030896, -0.05755849259923773, 0.05754990347849187, 0.004295671188768502, -0.06247132771987396, 0.05718194399262044, 0.004475207015468996]","[-0.03040183335542679, 0.042225196957588196, 0.011267393827438354, -0.012909114360809326, 0.013693973422050476, 0.003932535648345947, -0.290478515625, 0.2909912109375, -0.030146323144435883, 0.04238690435886383, 0.011269479990005493, -0.012733571231365204, 0.013784974813461304, 0.003936707973480225, -0.290478515625, 0.289892578125, -0.02986195683479309, 0.04260842502117157, 0.011276543140411377, -0.012556016445159912, 0.013913348317146301, 0.003937318921089172, -0.290478515625, 0.2909912109375, -0.029520243406295776, 0.04285290837287903, 0.011273235082626343, -0.012432754039764404, 0.014048352837562561, 0.003947660326957703, -0.290478515625, 0.289892578125, -0.02918725460767746, 0.043105289340019226, 0.011278986930847168, -0.012398093938827515, 0.014148145914077759, 0.00404706597328186, -0.290478515625, 0.2909912109375]",0.052913181
"[19.351600408554077, 19.371600408554077, 19.391600408554076, 19.411600408554076, 19.431600408554075, 19.45160040855408, 19.471600408554078, 19.491600408554078, 19.511600408554077, 19.531600408554077, 19.551600408554076]","[0.033256468840318104, 0.04848507658136956, 0.009876978689441838, 0.0023136562226143335, 0.03269119510429447, -0.034267694613900467, -0.009599834351338408, 0.03706892115297235, 0.05240574465432033, 0.011915489398285075, 0.0034679209990407587, 0.03165401946415347, -0.03736782970110016, -0.008035289380373636, 0.04129442408966982, 0.05519688727367416, 0.013689189784187896, 0.004122979557000549, 0.03060679651479767, -0.04063787378948047, -0.005842754628342394, 0.046075950254481184, 0.05690998613365476, 0.015325445791454772, 0.004229899660798865, 0.02955006372579704, -0.04380801281440653, -0.003171738013117658, 0.051145116988608, 0.057613701474860224, 0.016713623596044194, 0.0039024627757799787, 0.028482959209500454, -0.04679567472595562, -0.00014309074805153945, 0.0563716507442173, 0.05733432348794211, 0.01781553621241467, 0.003128384296704933, 0.02741700401949878, -0.04952137879926513, 0.002982281471170327, 0.061486827841532685, 0.05631099307050892, 0.018571025779053, 0.0021110992803606613, 0.026363517873643647, -0.051952808935349606, 0.006138789896635816, 0.06632616868310544, 0.054750066080920194, 0.018962298006378286, 0.0010111271409790447, 0.025334518649493036, -0.0540811123708115, 0.009273842348831485, 0.07080935719303288, 0.052828041081136305, 0.019005244062629753, -4.967039468261314e-05, 0.024342519454810904, -0.05592141779819241, 0.01234482284635811, 0.07491924711465389, 0.050692711209593275, 0.018739845604322028, -0.00098398001428024, 0.023399622470777055, -0.05750390058411644, 0.01531744284611709, 0.07868083426967559, 0.04846337155195151, 0.018221044493078972, -0.0017347370732854915, 0.022516166505015936, -0.05886036738052248, 0.01816437285593218]","[-0.23357696423743768, 0.5570539482242371, -0.14822143377323047, 0.5869271320610288, -0.08098148343279879, 0.5973794011258386, -0.029370622417812, 0.5948380094326422, 0.009038733791518486, 0.5846121314410171, 0.03654797354879058, 0.570975710690879, 0.05529631584506411, 0.5572750176821792, 0.06641489562830588, 0.5469982508558799, 0.07176366996073945, 0.5412142140485917, 0.0734416160244798, 0.5392021467778743]","[-0.02259456644274105, 0.05238101471443546, 0.0073422885257414805, -0.025608129167598137, 0.05354720080672237, 0.0065783191397925656, -0.0293587727804987, 0.05445509840423135, 0.005994385292505733, -0.03346054002220877, 0.055015479018086566, 0.005532293570118085, -0.03786598847810296, 0.05524781459241712, 0.005187683466585824, -0.04234774751932446, 0.05530930604493012, 0.004934315118266586, -0.04691064374658016, 0.0552015736857947, 0.004771645398655711, -0.05155779677501071, 0.054926426285593966, 0.004702806603907206, -0.05629099670454407, 0.05449198036934533, 0.004732071591284637, -0.06110673722303184, 0.0539118806680996, 0.004862536992217947, -0.06598960214865512, 0.05319991913629707, 0.0050938440700081244]","[-0.030461356043815613, 0.042505085468292236, 0.01130002737045288, -0.013587474822998047, 0.013570025563240051, 0.003956601023674011, -0.290478515625, 0.2909912109375, -0.030466295778751373, 0.042448267340660095, 0.01129239797592163, -0.013570785522460938, 0.013569667935371399, 0.003953859210014343, -0.290478515625, 0.289892578125, -0.030504047870635986, 0.04237161576747894, 0.011278659105300903, -0.013707473874092102, 0.013543978333473206, 0.004068642854690552, -0.290478515625, 0.289892578125, -0.03056459128856659, 0.04228426516056061, 0.01126125454902649, -0.013694360852241516, 0.013492517173290253, 0.003952115774154663, -0.290478515625, 0.289892578125, -0.030651532113552094, 0.04218362271785736, 0.011274665594100952, -0.013611570000648499, 0.013486415147781372, 0.003949001431465149, -0.2893796920776367, 0.2909912109375]",0.050408556
"[19.494601726531982, 19.514601726531982, 19.53460172653198, 19.55460172653198, 19.57460172653198, 19.594601726531984, 19.614601726531983, 19.634601726531983, 19.654601726531983, 19.674601726531982, 19.69460172653198]","[0.033549477603084014, 0.048290998704010775, 0.007653406609787695, 0.0081071168688772, 0.0302627064383228, -0.03414328098995599, -0.00835213479342826, 0.0378151146273345, 0.05141158878842905, 0.009720746586307845, 0.008617391829117657, 0.029337899180282817, -0.037001728347021146, -0.0072449318670631865, 0.0426168942939886, 0.05343194071766256, 0.011695619672710546, 0.008466715870048875, 0.028383188940690595, -0.03986375450365298, -0.0054582152046269, 0.047742370671989054, 0.05438162670365215, 0.013454604804860229, 0.007784325913636173, 0.027392145960547343, -0.042705382223514984, -0.0029921688763713816, 0.05310794352295072, 0.05424987543350027, 0.01493813094492794, 0.006581907768704805, 0.026377470220730982, -0.04547726822814051, -3.9196646299918404e-05, 0.05869690709015498, 0.053134288714609054, 0.016190864332647933, 0.004869515079964981, 0.02535722041940426, -0.04804721656793695, 0.003154970121715347, 0.06424043744404134, 0.05127948366584857, 0.01714947338176536, 0.0028725392397186494, 0.02434393980609132, -0.05038215577635984, 0.006522827892547526, 0.06956628988654442, 0.0488980492344136, 0.017789223526597026, 0.0007760168645891125, 0.023350505683029692, -0.05247012504693594, 0.010005902280663325, 0.07458063219361816, 0.046172934182886365, 0.01811626822671924, -0.0012725381723610852, 0.022390004278694295, -0.054320210110416406, 0.013551162301035853, 0.07924938407373636, 0.04325798822117028, 0.01815916288299657, -0.003160489170616709, 0.02147483559815872, -0.05595466855775473, 0.017110527325548054, 0.08357968684798212, 0.04027760188069056, 0.01796076892438988, -0.004807062991670311, 0.020615411328725526, -0.05739736407512567, 0.020641348295893147]","[-0.16274476661080448, 0.5672782950453192, -0.0719771115006489, 0.6028267473049036, 0.0003844150092851329, 0.6195986307072336, 0.056587221252307904, 0.6234084478453896, 0.09890609482060564, 0.6191108334625579, 0.1295690731446953, 0.6106568563666088, 0.15070964003184953, 0.6011853586154292, 0.1633531739341033, 0.5937418447129046, 0.16947368816903485, 0.5894438930819108, 0.17140112629339865, 0.5879264834908331]","[-0.031317277729139614, 0.047173880189721906, 0.007348685974925662, -0.033730086557760774, 0.048604121935432065, 0.006665758559377011, -0.03650076178075068, 0.04968213389293119, 0.006096783087036428, -0.0397491116835712, 0.05036532299271723, 0.005655058155729975, -0.04338195686098767, 0.05076332822256813, 0.005327688049326262, -0.047115341061820026, 0.050967952300324804, 0.005067703321777639, -0.05097340742474943, 0.050974164338693395, 0.004879707652809984, -0.0549778752595288, 0.05077459501391779, 0.004770913232153617, -0.05914646208345753, 0.05036637358474305, 0.004749675365526507, -0.06348890942506524, 0.04975138422577485, 0.004824077188921638, -0.06800152063516118, 0.04893218311169578, 0.0050003221276613274]","[-0.03133966773748398, 0.04211166501045227, 0.011310577392578125, -0.01425962895154953, 0.013330519199371338, 0.003986135125160217, -0.2827880859375, 0.2909912109375, -0.03121449053287506, 0.04219906032085419, 0.011312425136566162, -0.014231137931346893, 0.01336832344532013, 0.003986388444900513, -0.28388671875, 0.289892578125, -0.031082406640052795, 0.042280495166778564, 0.011308878660202026, -0.014168314635753632, 0.013416841626167297, 0.0039858222007751465, -0.2849853515625, 0.2909912109375, -0.030958250164985657, 0.042356476187705994, 0.011312901973724365, -0.014023609459400177, 0.013480864465236664, 0.0039733052253723145, -0.2871824264526367, 0.2909912109375, -0.030849583446979523, 0.042425453662872314, 0.011323928833007812, -0.0138474702835083, 0.013539105653762817, 0.003963038325309753, -0.2893796920776367, 0.2909912109375]",0.03488102
"[19.595274686813354, 19.615274686813354, 19.635274686813354, 19.655274686813353, 19.675274686813353, 19.695274686813356, 19.715274686813355, 19.735274686813355, 19.755274686813355, 19.775274686813354, 19.795274686813354]","[0.03372450190097583, 0.048254996841426374, 0.007011919795976467, 0.010459906208430084, 0.029307224035199378, -0.03389592426843472, -0.009138256944132624, 0.038594545282584436, 0.050892738323861965, 0.009318298306485867, 0.010223847814324805, 0.028441667878212385, -0.03681684492886015, -0.008285655030815617, 0.04377722412601632, 0.05253918824494943, 0.011435889866440391, 0.009440889031780067, 0.027535841596783416, -0.039795905496810335, -0.006534051700005342, 0.04923790090210711, 0.0531163216974299, 0.013302642591774896, 0.008150938747065205, 0.026578313357034273, -0.042753217043784986, -0.003869723673944592, 0.05499798181147309, 0.0526622237689571, 0.014963472157953756, 0.006418493985911074, 0.025568010363823283, -0.04551636651066535, -0.0004043958571259584, 0.061015766933723695, 0.050979136427914365, 0.016346635694061064, 0.0040657232403049, 0.024524267515967636, -0.04807417580603039, 0.003405604182745355, 0.06700725319596676, 0.04838920374425831, 0.017399518470646698, 0.0013728090990595108, 0.023468677488078547, -0.050395909013328424, 0.007477986886330001, 0.07278801556670439, 0.04516730855257085, 0.018106100481028724, -0.0014288977179386152, 0.02242111446144832, -0.052470999493366435, 0.011739719416702779, 0.07825463968774513, 0.04154513712703014, 0.018479384951740462, -0.0041539316223998335, 0.021399983327562044, -0.05430927928581396, 0.0161225224985642, 0.08336579145277315, 0.03771335990204476, 0.018553121363882718, -0.006659824171904914, 0.0204215776440577, -0.055933249097995, 0.020562656394220842, 0.08812346106454522, 0.03382290998294594, 0.01837396951373686, -0.008843613346175009, 0.019498988386454003, -0.05736657003489034, 0.02500211647654949]","[-0.14147072927327278, 0.5952396266750068, -0.027466217960036336, 0.6321157445080747, 0.06274830900116829, 0.6500164590428668, 0.13224167511825247, 0.6547575829117426, 0.18411015808551484, 0.6512010673072723, 0.22135136322679425, 0.6433204387041023, 0.2468019843025322, 0.6342922124109827, 0.26190591828791704, 0.627123772870473, 0.26916928169522164, 0.6229590958300781, 0.27144429047050694, 0.6214831038698336]","[-0.03374828727941159, 0.04555191371515921, 0.007250412730758438, -0.03555578664060011, 0.047450108114095, 0.0065210695683743936, -0.03793787841930307, 0.04892168050040402, 0.005933376486078501, -0.040950921114890626, 0.04986218631794914, 0.005487739801672831, -0.044427610074480706, 0.05016396645225196, 0.005150872926690475, -0.04807094900981135, 0.050199981285359296, 0.004889340129393016, -0.05191189952249675, 0.04996915853355066, 0.004706129963912176, -0.05597785989505555, 0.04946482162935295, 0.004608821707295263, -0.06029025110539954, 0.048682845560179544, 0.004607987212472686, -0.0648603256165663, 0.04762299632319955, 0.004715679811711837, -0.06968381573525895, 0.04628571568155415, 0.004943593178837524]","[-0.031476475298404694, 0.04202441871166229, 0.011313259601593018, -0.01431504637002945, 0.013288818299770355, 0.003983885049819946, -0.2827880859375, 0.2909912109375, -0.03133966773748398, 0.04211166501045227, 0.011310577392578125, -0.01425962895154953, 0.013330519199371338, 0.003986135125160217, -0.2827880859375, 0.2909912109375, -0.03121449053287506, 0.04219906032085419, 0.011312425136566162, -0.014231137931346893, 0.01336832344532013, 0.003986388444900513, -0.28388671875, 0.289892578125, -0.031082406640052795, 0.042280495166778564, 0.011308878660202026, -0.014168314635753632, 0.013416841626167297, 0.0039858222007751465, -0.2849853515625, 0.2909912109375, -0.030958250164985657, 0.042356476187705994, 0.011312901973724365, -0.014023609459400177, 0.013480864465236664, 0.0039733052253723145, -0.2871824264526367, 0.2909912109375]",0.012516552
"[19.634591817855835, 19.654591817855835, 19.674591817855834, 19.694591817855834, 19.714591817855833, 19.734591817855836, 19.754591817855836, 19.774591817855836, 19.794591817855835, 19.814591817855835, 19.834591817855834]","[0.03370413766083055, 0.048222708439807714, 0.006935037484273065, 0.010522697256182044, 0.029271082506484327, -0.03379853677921703, -0.009562499276837066, 0.03907093178284092, 0.050241259008897476, 0.009328417532591544, 0.00973038693524123, 0.028339965735105003, -0.036793532841317936, -0.00818534606394954, 0.04469836677405263, 0.051258021607536855, 0.011491463373312973, 0.008447827148373582, 0.027367985169049005, -0.03985835538239045, -0.0058364496799923945, 0.050634935973177427, 0.05129422055642582, 0.013465316602323805, 0.0067559210727582645, 0.02634479577969702, -0.04281500776511652, -0.0025307948127543524, 0.05685741206741609, 0.05013565367267632, 0.015174708706807344, 0.004507405213441802, 0.02528131546359225, -0.04562529096895405, 0.001347829015099193, 0.0632188503058549, 0.04791170902076024, 0.016590956395821043, 0.001790091634648208, 0.024199066626073636, -0.04821895465463112, 0.005544831545442342, 0.06945543716926418, 0.04492028763825355, 0.017664068626855163, -0.0011295641947781068, 0.0231168846627651, -0.05056644185958491, 0.00997572305619285, 0.07540132416234155, 0.0414119013325447, 0.018380093419387716, -0.004035992289420746, 0.022051993934839476, -0.052658170212491195, 0.014565648158332898, 0.08097052818206796, 0.03759409186118298, 0.018753756971553855, -0.00676103850873856, 0.021020221621038417, -0.05450528455902383, 0.019246418845461202, 0.08613799877646752, 0.033634391136673394, 0.01882031371012334, -0.009180293046216098, 0.020035502350680974, -0.056131994469347524, 0.023955666479147847, 0.09092051286692224, 0.029662609500630106, 0.01862779263217347, -0.011208844983054751, 0.019108981695253293, -0.05756386417066101, 0.02863631395023212]","[-0.0684564532960451, 0.6270084025392955, 0.03456700124575766, 0.6587444547288397, 0.11490204129742998, 0.672191412979736, 0.17577688861760993, 0.6731280411727627, 0.22036509518204397, 0.6663728014349539, 0.25169775065531425, 0.655857411746428, 0.2726084255990311, 0.6447229541964572, 0.2847592018661541, 0.6361553049432214, 0.2904942561664489, 0.6312575809449659, 0.292263745174915, 0.6295367749400876]","[-0.033618912457135774, 0.04572998013294205, 0.007203725861240073, -0.03553417873322218, 0.04744973309033185, 0.006500044946627703, -0.03813838386385926, 0.048676271954866124, 0.005951647638555713, -0.04134632278918993, 0.04921537961293909, 0.005530114389237006, -0.04492275717252403, 0.049343831629378165, 0.005208723937410564, -0.04869803214904311, 0.049194995358756266, 0.004962070193104573, -0.05270377678394522, 0.04876189152745347, 0.004796541601595372, -0.056966085399996924, 0.04803269166411006, 0.004722996673262259, -0.06150449471369335, 0.046999485757059034, 0.004755553011638991, -0.06632787966308551, 0.045660599106449595, 0.004909967320660513, -0.07142834008706245, 0.0440184278494673, 0.005201360568825031]","[-0.03445345163345337, 0.038757577538490295, 0.01013156771659851, -0.014924287796020508, 0.012879878282546997, 0.004209458827972412, -0.198193359375, 0.2909912109375, -0.03362719714641571, 0.039695143699645996, 0.01024782657623291, -0.014658652245998383, 0.013067252933979034, 0.004158735275268555, -0.202587890625, 0.2909912109375, -0.03293582797050476, 0.04054182767868042, 0.010360538959503174, -0.014326788485050201, 0.013427503407001495, 0.00417114794254303, -0.2058837890625, 0.289892578125, -0.03242221474647522, 0.04119403660297394, 0.010483145713806152, -0.014146067202091217, 0.013731107115745544, 0.004156053066253662, -0.2102783203125, 0.2909912109375, -0.03212162107229233, 0.04167695343494415, 0.010686278343200684, -0.014141105115413666, 0.013857036828994751, 0.0041211992502212524, -0.2168701171875, 0.2909912109375]",0.041953039
"[19.755000352859497, 19.775000352859497, 19.795000352859496, 19.815000352859496, 19.835000352859495, 19.8550003528595, 19.875000352859498, 19.895000352859498, 19.915000352859497, 19.935000352859497, 19.955000352859496]","[0.033707463526228526, 0.048010987461825944, 0.006665448078113848, 0.010371166620257702, 0.02933646322262751, -0.033824196596820885, -0.008842993103511769, 0.03947983117619089, 0.049429889296214655, 0.009078878067893153, 0.009219316034265007, 0.02833534660330081, -0.036816797466010395, -0.007032944457383952, 0.04552117742814828, 0.04992197180027224, 0.01132194569835828, 0.007660269189382951, 0.027285449710111365, -0.03976346817005494, -0.004161908409918703, 0.051844448536954094, 0.04923448654639437, 0.013312962248022846, 0.005564913068857101, 0.026183431149379367, -0.04263150021601838, -0.00047378488321236093, 0.05832903738488795, 0.04746359001975805, 0.015013980778272016, 0.00305841838975338, 0.025041243703078028, -0.04534205396935703, 0.003869737091154586, 0.06492530382269517, 0.04462866325651245, 0.016414392370302542, 0.00011613819253854882, 0.023883242311705626, -0.04783688071542301, 0.0085125642356088, 0.07136906366378457, 0.041051902695781836, 0.017469985325785423, -0.0029817849884140658, 0.02273026424063756, -0.05008798362636366, 0.013365853792250961, 0.07749567648481842, 0.036997621593790275, 0.018170661107712174, -0.006012717025058904, 0.02160039090984749, -0.052086693350437224, 0.018351690679746284, 0.083221672794237, 0.03267877954092797, 0.01853342627003803, -0.00880692180016486, 0.020509408540224483, -0.05384468936805509, 0.02340054536037273, 0.08852543599856898, 0.028262163237719025, 0.018594583068368038, -0.011242636106547969, 0.019470635571190966, -0.05538660707471211, 0.028449833199540614, 0.09342763750563421, 0.02387293276962916, 0.018402310767548568, -0.013240579735783794, 0.018494357716266462, -0.05673854852123519, 0.03344230796971147]","[-0.012858002325121938, 0.6424331924190514, 0.0934968180292907, 0.6729829256537386, 0.17487996461009603, 0.6853673267622704, 0.23528713714684327, 0.6853717773337771, 0.27853148913846065, 0.677812523501871, 0.308153074950406, 0.6666125033879517, 0.3273771003524655, 0.6549053168152599, 0.3382706998523829, 0.6459464589019206, 0.3432987433278283, 0.6408398689220549, 0.34482216306531116, 0.6390483902192449]","[-0.03425612687079238, 0.04556668544156839, 0.007330353016461899, -0.036379738491215896, 0.04697388559726212, 0.0066630538241256865, -0.039146609437894164, 0.04768749472776568, 0.006138634227783157, -0.04244607581272375, 0.0478660521369072, 0.0057404307514081765, -0.04621212786372797, 0.04753062084447812, 0.0054541307336792855, -0.05018598762929105, 0.04691396645852741, 0.005245246799640668, -0.05439896429523161, 0.046009784176160196, 0.0051220944951175795, -0.058876319780709285, 0.04480557018842024, 0.005098267644062737, -0.06363666022536929, 0.043292056276734936, 0.005191066790647181, -0.0686877815987732, 0.041466678122159095, 0.005419506170000865, -0.07402020895216843, 0.03933261757527173, 0.005801634992345761]","[-0.047741614282131195, 0.022986814379692078, 0.009510785341262817, -0.020148545503616333, 0.008180603384971619, 0.004247814416885376, -0.13447265625, 0.2909912109375, -0.04646141082048416, 0.02456718683242798, 0.009443223476409912, -0.019500210881233215, 0.008948832750320435, 0.0042719244956970215, -0.136669921875, 0.2909912109375, -0.045233551412820816, 0.02610573172569275, 0.009408324956893921, -0.019032903015613556, 0.00946846604347229, 0.004323169589042664, -0.141064453125, 0.2909912109375, -0.04416525736451149, 0.02745532989501953, 0.009456753730773926, -0.018755964934825897, 0.00974348932504654, 0.004328116774559021, -0.141064453125, 0.2909912109375, -0.043182969093322754, 0.028676092624664307, 0.009616851806640625, -0.01856805384159088, 0.00988597422838211, 0.004364103078842163, -0.15205078125, 0.2909912109375]",0.05191393700000001
"[19.916257619857788, 19.936257619857788, 19.956257619857787, 19.976257619857787, 19.996257619857786, 20.01625761985779, 20.03625761985779, 20.05625761985779, 20.07625761985779, 20.096257619857788, 20.116257619857787]","[0.03450178099358087, 0.04362974388110977, 0.005552481401846499, 0.008723496531915469, 0.02815470712454144, -0.032204952215955464, -0.005834724653074995, 0.04083313505958322, 0.044522303194280965, 0.00825195143197645, 0.007394810550325033, 0.027121059238879128, -0.03512587043013882, -0.0031738742443245625, 0.047470166948493014, 0.0442851718269473, 0.01073690889055858, 0.005525420577856834, 0.026049598191802695, -0.03814165576136305, 0.0002717796450365517, 0.054315343447795594, 0.04303521040737848, 0.012965831551411261, 0.0032459886727362027, 0.02495502684570859, -0.041178324244629666, 0.004360838103112781, 0.06133291784019432, 0.0408106046890714, 0.014927293977107283, 0.0005427554466718248, 0.02386182626288664, -0.044143856321908696, 0.008757133460585643, 0.06831171940674796, 0.03790620136303882, 0.016603985613846923, -0.002353463556372801, 0.022787575258005392, -0.04693295399421264, 0.013332072322910291, 0.07501212259059595, 0.03456845256500367, 0.017939227261094454, -0.005210896286431448, 0.021744085477594356, -0.04951107617302575, 0.01800616341054284, 0.08129187422946954, 0.03099170745587197, 0.018911354533064747, -0.007854013831432707, 0.02074137906601052, -0.05186230970392175, 0.022713060620783716, 0.08708894294287742, 0.027323981474477538, 0.01952713540283623, -0.01015849583183378, 0.019787876587757536, -0.053991229184838195, 0.027399862968891676, 0.09240246078492702, 0.023672754117360403, 0.019814257753347785, -0.012045240787636793, 0.018890460397971928, -0.055916216670405146, 0.03202360281213598, 0.0972727140520444, 0.020111105966916898, 0.019814156518560118, -0.013473718641780581, 0.018054308616286534, -0.057658331820648716, 0.03654539745486518]","[0.0735162082265067, 0.6830898581352028, 0.14955184348473516, 0.7095052408547458, 0.204720176618989, 0.7181345455226533, 0.24293549426003685, 0.7147348123003663, 0.2678848799324546, 0.7040962830878241, 0.2829721378133305, 0.6901337300368835, 0.291244971735353, 0.6759948859828591, 0.2951344937215068, 0.6653333679008557, 0.29659055348176155, 0.6593049370930792, 0.29694638443814503, 0.6571989871947371]","[-0.0358086016700111, 0.042375597863931525, 0.007446056680433966, -0.038197441651567354, 0.042805900378845685, 0.006860292719004679, -0.041169113350601916, 0.04284965225597581, 0.0064154919964449775, -0.04469093452439077, 0.042532167177591784, 0.006094562865611053, -0.048507911911035095, 0.042057379041269716, 0.00585573103646464, -0.052539185906657515, 0.04140944941036384, 0.005686317759676207, -0.056818112891357075, 0.04056853146002082, 0.005601443603595158, -0.061370477952477076, 0.03951038788279959, 0.005619430667909597, -0.06621616650565842, 0.0382153831722456, 0.005760640188148702, -0.0713648565201842, 0.036673274314994675, 0.006045493316196637, -0.07680785798208933, 0.034884133893949176, 0.006491584427442021]","[-0.05649685114622116, 0.011670246720314026, 0.010003149509429932, -0.02355974167585373, 0.004699081182479858, 0.004482477903366089, -0.0718505859375, 0.2909912109375, -0.0559687502682209, 0.012313634157180786, 0.009933531284332275, -0.023338019847869873, 0.004973694682121277, 0.004527449607849121, -0.0740478515625, 0.2909912109375, -0.055482443422079086, 0.01289089024066925, 0.009847015142440796, -0.02324662357568741, 0.005126670002937317, 0.0045050084590911865, -0.07734375, 0.2909912109375, -0.05514932796359062, 0.013364993035793304, 0.009858757257461548, -0.02333763986825943, 0.005075894296169281, 0.004479646682739258, -0.08173828125, 0.2909912109375, -0.0549299418926239, 0.013833880424499512, 0.01010441780090332, -0.023483149707317352, 0.004891693592071533, 0.004458904266357422, -0.088330078125, 0.2909912109375]",0.054103857
