topt,xopt,uopt,zopt,y,solve_time
"[0.017609596252441406, 0.03760959625244141, 0.05760959625244141, 0.0776095962524414, 0.09760959625244141, 0.11760959625244141, 0.1376095962524414, 0.15760959625244142, 0.1776095962524414, 0.1976095962524414, 0.21760959625244142]","[0.0003005494521400071, 0.0030422546418716187, -0.0005090067721117608, 0.0003015360497896933, 0.000470691492413984, -0.0011818485398906375, -0.0012833188777587158, 0.00016495874814313836, 0.0028718920863857267, -0.000628533447535536, 0.00018991291839924213, 0.0003908413761538006, -0.0007624148272261394, -0.0013025919533554227, -0.0002219896337254947, 0.002691524948561797, -0.0007905832324118568, 0.00012186890994949403, 0.0002948655409815105, 9.364282434540584e-07, -0.0014919059987519314, -0.000960560853962362, 0.002498452241229138, -0.001016250522080596, 0.00011412670527273431, 0.00017429962859063196, 0.0011230679552104111, -0.0018734792028342402, -0.0021358043757343883, 0.002293214993364424, -0.0013405604981702264, 0.00019387752234241898, 2.4155690539817027e-05, 0.0025288686299827423, -0.00242814182363105, -0.003818209317309252, 0.0020786801628765532, -0.0018282563464132552, 0.00040477429153846963, -0.00015133409372967198, 0.0040624542947753604, -0.003095565106099731, -0.005849841747268523, 0.0018775044254034678, -0.0024005366120835744, 0.0007123012923497367, -0.00034225319967253615, 0.005673214324809144, -0.0038540628433728313, -0.008100721040218377, 0.0017024365939490704, -0.002993479983062974, 0.0010828622757052889, -0.0005413673835661015, 0.007318385788233562, -0.004682670872466254, -0.010465838719673236, 0.0015579959456090186, -0.003557123217555083, 0.001484753860574306, -0.0007437609697735626, 0.008961088107631495, -0.005559666292050309, -0.012862731062010494, 0.001442547885228377, -0.00405445813181927, 0.0018892557865628702, -0.000946320864196052, 0.010570113969801398, -0.006463648405065219, -0.015229335519106055, 0.0013505609586833976, -0.004460190251012923, 0.0022715338453971616, -0.0011472287824783964, 0.012120318515068838, -0.007375648923302785]","[-0.00509439255142377, -0.056276541508193965, -0.011122578396203453, -0.10154328644927751, -0.017480145818074763, -0.13703473472286687, -0.023682741267217464, -0.16408989043696973, -0.029358210813793112, -0.1840542665328072, -0.03423739646231791, -0.19821736555619876, -0.03814406744600211, -0.20778117877343127, -0.04074487855829104, -0.21339872285035016, -0.042109509692987226, -0.21607959673725932, -0.042563783962888735, -0.21691616532826266]","[-0.0009468058376209676, 0.003871035470810913, -0.0004028969580383013, -0.0006601099110435937, 0.0037617010499930714, -0.00043861865819305734, 4.985220318998174e-06, 0.003531312446273027, -0.000489368217191366, 0.0010950832058335136, 0.0031759766444179327, -0.0005570422376535156, 0.0025424877117726785, 0.0027211892317944297, -0.0006374969182578738, 0.004145357129381022, 0.002224130085493048, -0.0007196999713214858, 0.0058907725590221505, 0.0016960532268863737, -0.000805089181040497, 0.007768166161141066, 0.0011466651511287118, -0.0008942251887473773, 0.009765855857848948, 0.0005837367126684256, -0.000986809110502307, 0.011870481081553863, 1.3605095566582293e-05, -0.0010818541309776109, 0.014068061562230283, -0.0005577930488187555, -0.0011779959532001172]","[-0.0007318928837776184, 0.0034079477190971375, -0.0004334747791290283, -0.0012089833617210388, 0.002045676112174988, -0.00017181038856506348, -0.02021484375, 0.0064453125, -0.0007310584187507629, 0.0034111887216567993, -0.00043588876724243164, -0.0012097060680389404, 0.0020455867052078247, -0.0001720637083053589, -0.02021484375, 0.0053466796875, -0.0007311180233955383, 0.0034106597304344177, -0.00043386220932006836, -0.001210138201713562, 0.0020462945103645325, -0.0001687854528427124, -0.02021484375, 0.0064453125, -0.0007319003343582153, 0.0034110993146896362, -0.0004328787326812744, -0.001208961009979248, 0.002046331763267517, -0.0001713186502456665, -0.02021484375, 0.0064453125, -0.0007307454943656921, 0.0034118369221687317, -0.00043255090713500977, -0.0012093856930732727, 0.002047501504421234, -0.00017212331295013428, -0.02021484375, 0.0064453125]",0.013446075
"[0.03665041923522949, 0.056650419235229496, 0.0766504192352295, 0.09665041923522949, 0.1166504192352295, 0.1366504192352295, 0.1566504192352295, 0.1766504192352295, 0.1966504192352295, 0.21665041923522949, 0.2366504192352295]","[0.00032452914593493823, 0.0030464733479581216, -0.0004983554929573988, 0.00029819510569368125, 0.0004733004873499466, -0.0012217642955505148, -0.0012656244858733853, 0.0001687965639136884, 0.002877622064106694, -0.0006284745734526974, 0.0001918199408925388, 0.0003930151225279979, -0.0007736175858819856, -0.0013061809596611104, -0.0002720945870457144, 0.0027017997929679313, -0.0008093053890163025, 0.00013435566255601942, 0.0002951089504444356, 6.036019954964152e-05, -0.0015476895730011132, -0.0011100332262075478, 0.002517411114700896, -0.001064030617765235, 0.00014468187438928913, 0.00017020546204356187, 0.001294961007956332, -0.00201210906888162, -0.002438940814164132, 0.0023259007344252763, -0.001431428668414832, 0.00025385163288399205, 1.2616360509409012e-05, 0.002843963921460007, -0.0026725696986234374, -0.004335888098190967, 0.002130883273020602, -0.0019836185782102452, 0.0005121700284248232, -0.0001731299542153821, 0.004531180772963151, -0.0034547816394993177, -0.0066172203644957505, 0.0019530889966341437, -0.0026302327983973917, 0.0008764366753703647, -0.00037602488178217243, 0.006300277238193942, -0.004333894883025823, -0.009134054854213466, 0.0018037161569111893, -0.003298669904182825, 0.0013062458398822299, -0.0005880557167063012, 0.008104312423031796, -0.005286447473822488, -0.011768214270081429, 0.0016860618577467464, -0.0039327994602064795, 0.0017647803412922044, -0.0008037924714236967, 0.009903530336506618, -0.006288762745925445, -0.014428720639410662, 0.0015975606264611092, -0.004491560679933903, 0.0022196995384410395, -0.0010198190270296293, 0.011664847592180276, -0.0073179033434938095, -0.017048596014036452, 0.0015320069312626337, -0.004947319721252088, 0.0026438237228249297, -0.0012341712879164958, 0.013361884593824295, -0.008353630106322367]","[-0.007267156525259474, -0.064033941248549, -0.014925368142316523, -0.11493184004328004, -0.0224653901324531, -0.15434307941725783, -0.029491389072170266, -0.18398570681157772, -0.03571169759260876, -0.2055408923653344, -0.040928919112099366, -0.2205879356584735, -0.04502966744025273, -0.23057422916138426, -0.04772724334100002, -0.23635342681323157, -0.04913109688910271, -0.23907700345860236, -0.04959592734102402, -0.23991863652686293]","[-0.00097968489818967, 0.0038807146079271604, -0.0004009863754723675, -0.0006690885320929096, 0.0037721354954252106, -0.0004384828642400862, 6.95195713623642e-05, 0.0035394677791580342, -0.0004942831683742988, 0.0012861661315228812, 0.0031783452145695, -0.0005703680366724306, 0.002900510024204217, 0.00271526194261984, -0.000661744340197501, 0.004680499574457708, 0.002210098907414082, -0.000755797151491322, 0.006613241148978655, 0.001675284405243893, -0.0008541436187723406, 0.008688643127954476, 0.0011213242497700726, -0.0009573054782485713, 0.010895643693150547, 0.0005563740620346813, -0.001064789511691533, 0.01322138855997701, -1.3181011090157568e-05, -0.0011753007865258347, 0.015652025073914277, -0.0005815631632022367, -0.0012870868488534803]","[-0.0007334128022193909, 0.0034091100096702576, -0.0004347562789916992, -0.001209951937198639, 0.0020453259348869324, -0.00017118453979492188, -0.0213134765625, 0.0064453125, -0.0007344186305999756, 0.003408960998058319, -0.0004329979419708252, -0.0012108013033866882, 0.0020458027720451355, -0.0001703202724456787, -0.02021484375, 0.0053466796875, -0.0007328912615776062, 0.0034089460968971252, -0.0004348456859588623, -0.0012095347046852112, 0.0020460858941078186, -0.00017201900482177734, -0.02021484375, 0.0064453125, -0.0007330328226089478, 0.0034094080328941345, -0.0004322230815887451, -0.001209840178489685, 0.00204574316740036, -0.00017218291759490967, -0.02021484375, 0.0053466796875, -0.0007328391075134277, 0.0034098103642463684, -0.000434190034866333, -0.001211605966091156, 0.0020450353622436523, -0.00016911327838897705, -0.02021484375, 0.0053466796875]",0.012857771
"[0.05568838119506836, 0.07568838119506836, 0.09568838119506837, 0.11568838119506836, 0.13568838119506837, 0.15568838119506836, 0.17568838119506835, 0.19568838119506837, 0.21568838119506836, 0.23568838119506835, 0.25568838119506837]","[0.00038086344899688985, 0.0030562394748283807, -0.0004692522707979699, 0.0002886955446424158, 0.00047886592465381047, -0.0012701621296526385, -0.0012438516707055014, 0.00020271978808715984, 0.0028885720508516777, -0.0006104684922621619, 0.0001877406683690223, 0.00039791453807356614, -0.0007940699591647506, -0.0013053198190379938, -0.00029447840575802216, 0.00271700394173373, -0.0008108499478370504, 0.00014116569109476023, 0.00029785191860056125, 0.00011007569962294621, -0.0015988662410246542, -0.0012343580610488648, 0.0025410394322134345, -0.0010956811252766457, 0.00017001389477109703, 0.00016837913907924624, 0.0014570742598628084, -0.0021462121147866877, -0.00271981340773301, 0.0023630183112774037, -0.0015075148363806478, 0.00030921797934245477, 3.0982423786387764e-06, 0.0031495859808133757, -0.002912758539989223, -0.004834582501569436, 0.0021872929989930653, -0.002125890077415979, 0.0006157718783597322, -0.00019316803742453127, 0.004991021101114528, -0.0038101785586162813, -0.007369149638982406, 0.0020326342057902305, -0.002848790861847449, 0.001037717233763665, -0.0004083131295423488, 0.006919288233029313, -0.004810451909694089, -0.010155604762662307, 0.0019086752750122184, -0.003594852034687093, 0.0015277791541569588, -0.0006335400199953692, 0.008883236465099196, -0.005887601275883522, -0.013062494377045975, 0.0018174882162925795, -0.004301695195665585, 0.002043977496616814, -0.0008628984993196802, 0.010840204293733953, -0.007015980783971003, -0.015990239360325797, 0.0017555803973738429, -0.004924132481335187, 0.0025503101605874874, -0.0010926637817943775, 0.012755205517263892, -0.008171108508254438, -0.01886688208114283, 0.001716080242678729, -0.0054321250390671864, 0.0030172183307055037, -0.0013207210584401516, 0.01460060367088783, -0.009331472965652909]","[-0.00945609435363157, -0.07184454598484555, -0.01875297408465272, -0.1284193942764887, -0.027479875803778732, -0.17178869537461727, -0.03533133915189714, -0.20404954651088802, -0.04209687286244544, -0.2272189461080175, -0.047650810921598404, -0.24316637196456872, -0.051942353955744716, -0.25358525292231926, -0.05473359452350931, -0.2595315830159589, -0.05617467303687537, -0.2623002852115691, -0.056649274492669564, -0.26314767964234365]","[-0.001011643593278433, 0.00388897936435173, -0.00039882057811402305, -0.0006771259296148857, 0.0037811535300931176, -0.00043807399292195015, 0.0001349159447421311, 0.0035462876394753984, -0.0004988882586074439, 0.0014780615976160982, 0.0031795396091043315, -0.0005833238999208845, 0.003259358103817056, 0.002708434444181229, -0.0006855525036080223, 0.005216447603935803, 0.002195619100372248, -0.0007914667000061826, 0.007336538621356192, 0.0016547629102268147, -0.0009028788860803161, 0.009610072169889738, 0.001097184455291611, -0.0010202546266535606, 0.012026650292367824, 0.0005313976828054123, -0.001142869493480081, 0.01457396427914126, -3.621172221501823e-05, -0.001269071852049386, 0.017238328771461364, -0.0006000785198496672, -0.0013966664579916355]","[-0.0007331296801567078, 0.003410443663597107, -0.0004342198371887207, -0.001210428774356842, 0.0020452886819839478, -0.00016900897026062012, -0.0213134765625, 0.0064453125, -0.0007345080375671387, 0.003410160541534424, -0.00043126940727233887, -0.0012108683586120605, 0.0020441934466362, -0.0001710057258605957, -0.02021484375, 0.0053466796875, -0.0007334128022193909, 0.0034091100096702576, -0.0004347562789916992, -0.001209951937198639, 0.0020453259348869324, -0.00017118453979492188, -0.0213134765625, 0.0064453125, -0.0007344186305999756, 0.003408960998058319, -0.0004329979419708252, -0.0012108013033866882, 0.0020458027720451355, -0.0001703202724456787, -0.02021484375, 0.0053466796875, -0.0007328912615776062, 0.0034089460968971252, -0.0004348456859588623, -0.0012095347046852112, 0.0020460858941078186, -0.00017201900482177734, -0.02021484375, 0.0064453125]",0.012893759
"[0.07565069198608398, 0.09565069198608399, 0.11565069198608399, 0.13565069198608398, 0.155650691986084, 0.175650691986084, 0.19565069198608398, 0.215650691986084, 0.235650691986084, 0.255650691986084, 0.275650691986084]","[0.00042279347097280847, 0.003063323811240303, -0.00043682834472132825, 0.0002748293227667461, 0.0004794925417898654, -0.0012296254642771873, -0.001257468493495772, 0.00022374422293005279, 0.002897072665722401, -0.0005769312734581499, 0.00017543358497063604, 0.00039791679983766, -0.000731549327240784, -0.0013374728272159768, -0.00032543596266409243, 0.002730640480760491, -0.000784578833631543, 0.00013601634777612887, 0.00029600752327472795, 0.00023102453598930952, -0.0016785435540895676, -0.0013591118335833658, 0.002564862500884855, -0.001087136825123931, 0.00017974890642564282, 0.00016266895167914666, 0.001673069682122181, -0.0023022170193012703, -0.0029883973091997134, 0.0024031450956914623, -0.0015307246142931886, 0.00034530141837835475, -9.150845352194089e-06, 0.0034874767121480027, -0.003166559036827325, -0.005303153419597487, 0.0022506972864313355, -0.0022017089305470003, 0.0006960714833961972, -0.00021442082620403696, 0.005459577862679878, -0.004169886254995073, -0.008070199750061853, 0.002123836518127094, -0.0029876902825526795, 0.0011717638619136344, -0.0004400922118777713, 0.007522311674541336, -0.005281313011032903, -0.011104230395732769, 0.002030262624565475, -0.0037994982522806405, 0.0017185658394739379, -0.0006766920899480646, 0.009620944462436404, -0.006472606513946941, -0.014261644964199368, 0.0019705671959880104, -0.004569179822567276, 0.002289578868823934, -0.0009178170183269685, 0.011710384931521853, -0.007716367462965004, -0.017434968835035668, 0.0019401717898637257, -0.005247840411272756, 0.0028453033032482273, -0.0011594665296994888, 0.013754098687361528, -0.008986748662921219, -0.020547636915561725, 0.0019314565688373793, -0.00580324213305569, 0.003353892863425646, -0.0013993830138700075, 0.01572347298596127, -0.010261121700449991]","[-0.011682267058497287, -0.07896634011186451, -0.022644502781475336, -0.1407167333177645, -0.03257606216418732, -0.18769821017166227, -0.041263630997446205, -0.22235530961001557, -0.048579663008286075, -0.24701090262267067, -0.054471889733380255, -0.26379718545217334, -0.05895360288105725, -0.2746290721608238, -0.06183724772290248, -0.28074229620259245, -0.06331457225804726, -0.2835606202170472, -0.06379853775039751, -0.28441631022802627]","[-0.0009521666107120685, 0.0038695933178432007, -0.0004026707905744331, -0.0005801406599839076, 0.0037571763991834928, -0.00044373148213150415, 0.0003123583368126459, 0.003517148027108341, -0.0005091576750908544, 0.0017819979981551493, 0.003144415939691836, -0.0006010601205979071, 0.0037241602840464294, 0.002667187984149333, -0.0007129299961925462, 0.005848645158347376, 0.002149896493013337, -0.0008295480097069152, 0.008142811110852355, 0.001607377267315524, -0.0009528967041734226, 0.010597669160223977, 0.0010517072737754596, -0.0010833651594124305, 0.013203528350210658, 0.0004917185617308029, -0.0012199912032921922, 0.015948701351382377, -6.623871345201593e-05, -0.0013607757834552814, 0.0188198152320459, -0.0006168593357118723, -0.0015031038339152758]","[-0.0007322803139686584, 0.0034115612506866455, -0.00043258070945739746, -0.0012089237570762634, 0.0020463839173316956, -0.00017307698726654053, -0.02021484375, 0.0053466796875, -0.0007305368781089783, 0.0034114569425582886, -0.00043252110481262207, -0.0012101009488105774, 0.002046637237071991, -0.00016967952251434326, -0.0213134765625, 0.0064453125, -0.0007318481802940369, 0.0034112557768821716, -0.00043320655822753906, -0.0012099146842956543, 0.0020448490977287292, -0.00016957521438598633, -0.02021484375, 0.0064453125, -0.0007322505116462708, 0.0034109577536582947, -0.0004355907440185547, -0.0012092813849449158, 0.0020473822951316833, -0.00017045438289642334, -0.02021484375, 0.0064453125, -0.0007296353578567505, 0.003409348428249359, -0.0004315674304962158, -0.0012101829051971436, 0.0020454153418540955, -0.00017178058624267578, -0.0213134765625, 0.0064453125]",0.012858753
"[0.09909915924072266, 0.11909915924072266, 0.13909915924072266, 0.15909915924072265, 0.17909915924072267, 0.19909915924072266, 0.21909915924072265, 0.23909915924072267, 0.2590991592407227, 0.27909915924072265, 0.29909915924072267]","[0.00039588240988678284, 0.0030586362563758077, -0.0004505332654698918, 0.0002796458654334258, 0.00047698759410749254, -0.0012015099109045435, -0.001269350927652672, 0.0001804326616252155, 0.00289450852065537, -0.0005926798654904246, 0.0001825135292449503, 0.0003952027839234511, -0.0006769537563104769, -0.00137022110810403, -0.0004172994099796452, 0.0027336396411461947, -0.0008101826121081502, 0.00015060333325398346, 0.0002917490519849286, 0.00035020520697863434, -0.0017616171120164504, -0.001542571244075064, 0.0025781002725391855, -0.0011324857718558465, 0.00020921963956867012, 0.00015469574313583585, 0.0018948540602038582, -0.002464716931148114, -0.0033147689616023837, 0.002432279718417178, -0.001609331925303284, 0.00040080047684113124, -2.3676621391872153e-05, 0.0038395260846541238, -0.003430001719541826, -0.005829851314794755, 0.002302170845521281, -0.002334082962756226, 0.0007952049808644233, -0.0002380981761414928, 0.0059506607803004995, -0.004542151963766641, -0.00883019107519729, 0.0022017686035553205, -0.0031835934173603743, 0.0013236770293802499, -0.0004745282626304143, 0.008155932689529067, -0.005767282192748347, -0.012112559345447277, 0.002136942679743455, -0.004060657622226376, 0.001925798442104973, -0.0007227845070219636, 0.010396825545533225, -0.007074824597784987, -0.015520919934105051, 0.0021068903599010098, -0.004891641020134468, 0.002549741541682377, -0.0009759898898668413, 0.012625712545866943, -0.008435611977738837, -0.018939813776322048, 0.0021060228829279572, -0.005623940324879554, 0.0031525495217700657, -0.0012298587686944656, 0.014804474073184774, -0.009822465326917919, -0.022288124565006028, 0.0021260398327661817, -0.006223198706956845, 0.003700170366114955, -0.0014819893619926602, 0.016903513743292523, -0.011211688356123616]","[-0.013887738224438093, -0.0862787083805407, -0.02649196388903863, -0.15332090536698897, -0.037602502408623256, -0.2039705819346998, -0.04709885003477826, -0.24103439151671907, -0.05493749134749161, -0.2671556893970128, -0.06114106019439525, -0.284743276201254, -0.06578935980451014, -0.2959459699639202, -0.06874879504745623, -0.30219269087684886, -0.07025342951086261, -0.3050412744879338, -0.07074391748398978, -0.3058985407043785]","[-0.0009329749961864975, 0.003863356846018018, -0.00040372388295395467, -0.0005272393119447605, 0.003748592851666732, -0.0004467730692070404, 0.0004449794663259343, 0.0035046141195849145, -0.0005172018402048728, 0.0020433034632504343, 0.0031260735148790353, -0.0006171104854004739, 0.004150913139058909, 0.002642056821823058, -0.0007392049465324568, 0.006448852596694699, 0.00211917700502795, -0.0008670938705073183, 0.008924455023641586, 0.0015734815269747848, -0.001002944191053956, 0.011569145168677575, 0.0010178186490099606, -0.0011470402660735957, 0.014373811646738233, 0.00046133280668003707, -0.0012981302652481652, 0.017327275874229664, -8.966762436202202e-05, -0.0014538047698180456, 0.020416346598865376, -0.0006301313919476748, -0.0016109638810575255]","[-0.0007322803139686584, 0.0034115612506866455, -0.00043258070945739746, -0.0012089237570762634, 0.0020463839173316956, -0.00017307698726654053, -0.02021484375, 0.0053466796875, -0.0007305368781089783, 0.0034114569425582886, -0.00043252110481262207, -0.0012101009488105774, 0.002046637237071991, -0.00016967952251434326, -0.0213134765625, 0.0064453125, -0.0007318481802940369, 0.0034112557768821716, -0.00043320655822753906, -0.0012099146842956543, 0.0020448490977287292, -0.00016957521438598633, -0.02021484375, 0.0064453125, -0.0007322505116462708, 0.0034109577536582947, -0.0004355907440185547, -0.0012092813849449158, 0.0020473822951316833, -0.00017045438289642334, -0.02021484375, 0.0064453125, -0.0007296353578567505, 0.003409348428249359, -0.0004315674304962158, -0.0012101829051971436, 0.0020454153418540955, -0.00017178058624267578, -0.0213134765625, 0.0064453125]",0.013398636
"[0.1163473129272461, 0.13634731292724608, 0.1563473129272461, 0.1763473129272461, 0.1963473129272461, 0.2163473129272461, 0.2363473129272461, 0.2563473129272461, 0.2763473129272461, 0.2963473129272461, 0.3163473129272461]","[0.0003631702677009273, 0.003052970415862533, -0.0004705580855807302, 0.0002883281256524738, 0.0004743855599695774, -0.001198940155320601, -0.0012725211603691893, 0.00013176067250042915, 0.0028908079002472812, -0.0006184582357903558, 0.0001943325489950604, 0.00039245984110803896, -0.0006459910853145222, -0.0013946768281211165, -0.0005146080364145197, 0.0027347759152546035, -0.000849443988385543, 0.00017056554090756688, 0.00028738117343050603, 0.00044925914389462297, -0.0018367042584962066, -0.0017322863834424254, 0.0025879965348523997, -0.0011950376386738282, 0.00024443639602439676, 0.0001463466807624389, 0.002101576136337699, -0.0026194668038943725, -0.003649110529830027, 0.00245571708844617, -0.0017086561952103865, 0.00046212491173166283, -3.9030211163436736e-05, 0.004182802843429256, -0.003686017527560193, -0.006367294724755038, 0.0023446413972050776, -0.0024908073601046968, 0.0008999070400279136, -0.0002631885744702282, 0.00643989874696861, -0.004907636813683671, -0.009604472315985001, 0.0022669039137690455, -0.0034073057024902385, 0.0014807092339034521, -0.0005110321175755689, 0.008795083768315816, -0.0062474450265785336, -0.013139268062554554, 0.002226895057632786, -0.004352686921682724, 0.0021376212573966584, -0.0007716253036831992, 0.011185883624699564, -0.007672512344097927, -0.01680302818976496, 0.0022226558675231267, -0.005247472437489912, 0.0028139623141826605, -0.0010375924373268316, 0.01356197569919084, -0.00915183284694758, -0.02047215215839486, 0.002247720145920431, -0.006035239935188835, 0.00346335563803739, -0.0013043527277073483, 0.01588351157724094, -0.0106567932763558, -0.02406083434445387, 0.0022931519482329637, -0.006679448253427545, 0.004049545400965988, -0.0015693604406937676, 0.018119784649168354, -0.012162523168234336]","[-0.015975130305568637, -0.09372314718397295, -0.03013791220201895, -0.16615875064782237, -0.042374718917129794, -0.22055516458572183, -0.05265321904501662, -0.26008684197742427, -0.061008564145610136, -0.2877213895796877, -0.06753228070279302, -0.306146328788391, -0.07236302391982555, -0.3177456281783043, -0.07541273149308389, -0.3241418246779043, -0.07695349124866609, -0.3270284833584948, -0.07745336406726044, -0.3278894994089304]","[-0.0009421087804410977, 0.003865888875421497, -0.00040325137492658314, -0.0005072384651354511, 0.003750530881028613, -0.00044826444751588923, 0.0005416990982747283, 0.0035031682479407245, -0.0005237479000470557, 0.002267437919564075, 0.00311815898742962, -0.0006317625745335675, 0.004540912586358248, 0.0026257702743262, -0.0007641860072444828, 0.0070141270247000564, 0.0020954498690177736, -0.0009034671633116886, 0.009674413740313637, 0.0015445395474000811, -0.0010519910144832778, 0.01251357994179414, 0.000986685586500613, -0.0012099283484134915, 0.015523003627740839, 0.0004313148690195945, -0.0013756984196939825, 0.018691880681914408, -0.00011537177959786149, -0.0015464212903970598, 0.02200704671914666, -0.0006486460279484518, -0.0017184412548800765]","[-0.0007322803139686584, 0.0034115612506866455, -0.00043258070945739746, -0.0012089237570762634, 0.0020463839173316956, -0.00017307698726654053, -0.02021484375, 0.0053466796875, -0.0007305368781089783, 0.0034114569425582886, -0.00043252110481262207, -0.0012101009488105774, 0.002046637237071991, -0.00016967952251434326, -0.0213134765625, 0.0064453125, -0.0007318481802940369, 0.0034112557768821716, -0.00043320655822753906, -0.0012099146842956543, 0.0020448490977287292, -0.00016957521438598633, -0.02021484375, 0.0064453125, -0.0007322505116462708, 0.0034109577536582947, -0.0004355907440185547, -0.0012092813849449158, 0.0020473822951316833, -0.00017045438289642334, -0.02021484375, 0.0064453125, -0.0007296353578567505, 0.003409348428249359, -0.0004315674304962158, -0.0012101829051971436, 0.0020454153418540955, -0.00017178058624267578, -0.0213134765625, 0.0064453125]",0.013133182
"[0.12753868103027344, 0.14753868103027343, 0.16753868103027345, 0.18753868103027344, 0.20753868103027345, 0.22753868103027344, 0.24753868103027343, 0.26753868103027345, 0.28753868103027347, 0.30753868103027343, 0.32753868103027345]","[0.00035005507345611684, 0.003076609131192255, -0.00047775066170162685, 0.0003071258767550794, 0.00048163048112388106, -0.001258561000637204, -0.0012978595753683076, 0.0001010216413290651, 0.0029143675769808183, -0.0006392854622802194, 0.0002122601986667298, 0.00039897419096757787, -0.0006744338868810013, -0.0014408951721944165, -0.0005969747074692714, 0.002759751192221392, -0.0008919365199658378, 0.00019249331125805456, 0.00029131543903649466, 0.0004957271961666737, -0.0019319763942869676, -0.0019118520529571956, 0.0026163719668026767, -0.0012693211037036623, 0.0002773526416264391, 0.00014486637361756942, 0.0022664843240776545, -0.00279166870056916, -0.003980237541660129, 0.0024898847994991543, -0.00182866958844652, 0.0005167501360714465, -4.9442108430022446e-05, 0.004498049598426002, -0.003955839181170156, -0.006910829768945981, 0.0023873520697195935, -0.0026780307250595043, 0.0009932907504607454, -0.0002856320210248153, 0.006916258795329341, -0.0052828170308277, -0.010395389577811817, 0.0023200347855456965, -0.003671301903281388, 0.0016218367702183147, -0.0005473859725776218, 0.009437381226591358, -0.00673275435538546, -0.014193556779596404, 0.002291607813154024, -0.0046940809995179664, 0.0023291901508997294, -0.000822896090635031, 0.011994593143719708, -0.008270418700484502, -0.018123497343159885, 0.0022995273751040784, -0.005660555358021366, 0.003053980530380196, -0.001104208000551936, 0.01453458284018095, -0.009863066183257305, -0.022053146563603722, 0.0023368597335792114, -0.006510164942805294, 0.0037465395643621, -0.0013863981719467642, 0.01701555619319909, -0.011480779248213165, -0.025891876266228485, 0.0023943114605084062, -0.007204012858824529, 0.004368504659078645, -0.001666754613348256, 0.01940552284932602, -0.013097649439493417]","[-0.017770075763037463, -0.10155058184445154, -0.03326471930251422, -0.17965658970138987, -0.04645635069711016, -0.2379869896037777, -0.057390602862965656, -0.2801013017714341, -0.06617198242963437, -0.3093088459941926, -0.07295280771708568, -0.3285927616757296, -0.0779243540751659, -0.34058773085366545, -0.08104033129334362, -0.34712484271315225, -0.0826060678474061, -0.35004227795154463, -0.08311210931196666, -0.3509041291626208]","[-0.0009820535409503783, 0.0039141811030676266, -0.0004024397655895129, -0.0005226615080367036, 0.003806845208367715, -0.000450350734718441, 0.0006008699904623827, 0.003561196520228016, -0.0005318138824677021, 0.0024545920439056346, 0.0031709356809193068, -0.0006487824259115982, 0.004896755558269517, 0.002668005863761813, -0.0007922043590999905, 0.007549209990684647, 0.002126106975555153, -0.000943319860780889, 0.010399311528003441, 0.0015639473377038193, -0.0011047611918972855, 0.013439282506951256, 0.0009959934878933652, -0.0012765690739393598, 0.016661031872559295, 0.00043195487719893677, -0.0014567909582501315, 0.02005416904594204, -0.00012206516705326464, -0.001642019152745533, 0.023605568348272765, -0.0006616152366896166, -0.0018279795514759556]","[-0.0007322803139686584, 0.0034115612506866455, -0.00043258070945739746, -0.0012089237570762634, 0.0020463839173316956, -0.00017307698726654053, -0.02021484375, 0.0053466796875, -0.0007305368781089783, 0.0034114569425582886, -0.00043252110481262207, -0.0012101009488105774, 0.002046637237071991, -0.00016967952251434326, -0.0213134765625, 0.0064453125, -0.0007318481802940369, 0.0034112557768821716, -0.00043320655822753906, -0.0012099146842956543, 0.0020448490977287292, -0.00016957521438598633, -0.02021484375, 0.0064453125, -0.0007322505116462708, 0.0034109577536582947, -0.0004355907440185547, -0.0012092813849449158, 0.0020473822951316833, -0.00017045438289642334, -0.02021484375, 0.0064453125, -0.0007296353578567505, 0.003409348428249359, -0.0004315674304962158, -0.0012101829051971436, 0.0020454153418540955, -0.00017178058624267578, -0.0213134765625, 0.0064453125]",0.016155237
"[0.15866851806640625, 0.17866851806640624, 0.19866851806640626, 0.21866851806640625, 0.23866851806640627, 0.25866851806640623, 0.27866851806640625, 0.29866851806640626, 0.3186685180664063, 0.33866851806640624, 0.35866851806640626]","[0.0003554388119028672, 0.003080167548518139, -0.00047086396434049664, 0.0003063920991898888, 0.00048155285153186325, -0.001228700232754888, -0.0012951619143404692, 8.77075264076046e-05, 0.002919566288130231, -0.0006336221765933865, 0.00021566721947212736, 0.00039843268871167395, -0.0006194471091188921, -0.0014591798495411788, -0.0006611997616292604, 0.002770368174950435, -0.0008956300733554144, 0.00020539162228562722, 0.00028904691958183293, 0.0006137785629431172, -0.002001473385410135, -0.002070164042265987, 0.002637495872112224, -0.0012925994939194825, 0.00030721420123820247, 0.0001387721336395793, 0.0024855229127404045, -0.002942173391466982, -0.004284127163488855, 0.0025276207666621742, -0.0018853947655901233, 0.000574827083311303, -6.214577849832083e-05, 0.004845701096275811, -0.004209324509592039, -0.007417905216340154, 0.0024485892483774602, -0.00278906961568049, 0.0010973575943358186, -0.0003075183808041445, 0.00740130182230163, -0.005647266508330253, -0.011138615650010095, 0.002409041057033945, -0.0038467487063612734, 0.0017809691651857183, -0.0005800562983017175, 0.010063357313423671, -0.007213076483516006, -0.01518783242310743, 0.002410610271414801, -0.0049359618048348255, 0.002545678901919455, -0.0008672528818310323, 0.012761293584153824, -0.008869142195524357, -0.019371200956470935, 0.002449236188180253, -0.0059651789409669205, 0.0033250692361818115, -0.0011606818288444135, 0.015439297338049643, -0.010580945834436013, -0.023548640854348123, 0.002516930950717406, -0.006870094383487893, 0.004065953927164991, -0.0014551292452596321, 0.018054022091632996, -0.012317259300495442, -0.027624983316987557, 0.002603738148890464, -0.0076096546241869135, 0.004727752770644586, -0.0017477303853052507, 0.020572524816522067, -0.014051131433361327]","[-0.020062539902686145, -0.1089028694479073, -0.03725466784601279, -0.19232873788287191, -0.05165414291299865, -0.25434415297849144, -0.0634047888799751, -0.29887244559852244, -0.07270087244024166, -0.3295458447783284, -0.0797754739668734, -0.3496268197340418, -0.08489253436441178, -0.3619865096256729, -0.08806706161145256, -0.36865192534393976, -0.08964990903339283, -0.37159652629942824, -0.09015891606479329, -0.37245892213513054]","[-0.0009577489931771321, 0.003894523069964073, -0.0004030647925712394, -0.0004644405991848233, 0.0037821350363032025, -0.00045258414231463817, 0.0007388536868665474, 0.0035308362551860206, -0.0005386616791001053, 0.0027212370905991268, 0.003134168603349252, -0.0006631991239327562, 0.005328763460654695, 0.002624953975785882, -0.0008163938929244274, 0.008154417949606918, 0.0020789549721587086, -0.0009786011796459881, 0.011185640960124976, 0.0015161960548688569, -0.0011526677871920299, 0.014415156185919709, 0.0009519222564566832, -0.0013384716756101867, 0.017835523417815913, 0.0003960839753469614, -0.0015336649015891268, 0.021436922113237666, -0.00014537501157141364, -0.0017342989427273636, 0.02520645979868308, -0.0006683989975937443, -0.0019354747733220101]","[-0.0007314756512641907, 0.003408104181289673, -0.00043272972106933594, -0.0012099742889404297, 0.002044588327407837, -0.00017270445823669434, -0.02021484375, 0.004248046875, -0.0007316544651985168, 0.0034077465534210205, -0.0004355311393737793, -0.0012092143297195435, 0.002043522894382477, -0.00017084181308746338, -0.02021484375, 0.004248046875, -0.0007322803139686584, 0.0034115612506866455, -0.00043258070945739746, -0.0012089237570762634, 0.0020463839173316956, -0.00017307698726654053, -0.02021484375, 0.0053466796875, -0.0007305368781089783, 0.0034114569425582886, -0.00043252110481262207, -0.0012101009488105774, 0.002046637237071991, -0.00016967952251434326, -0.0213134765625, 0.0064453125, -0.0007318481802940369, 0.0034112557768821716, -0.00043320655822753906, -0.0012099146842956543, 0.0020448490977287292, -0.00016957521438598633, -0.02021484375, 0.0064453125]",0.012843584000000002
"[0.3130040168762207, 0.3330040168762207, 0.3530040168762207, 0.3730040168762207, 0.3930040168762207, 0.4130040168762207, 0.4330040168762207, 0.4530040168762207, 0.47300401687622073, 0.4930040168762207, 0.5130040168762207]","[0.0003809452478858802, 0.0031132085532330346, -0.00044678275408853636, 0.0003153216265668024, 0.00048752434374660977, -0.0012518174411619357, -0.001317317507353634, -3.429985832490222e-05, 0.0029623994519728932, -0.0006556576117889535, 0.0002471713694559338, 0.0004005926427186725, -0.0004254271170732432, -0.0016427342930372538, -0.001191246632682049, 0.0028438184822860346, -0.0010285365576240702, 0.0003001475755123467, 0.00027506348188339205, 0.0013446212065700452, -0.0025780649442527902, -0.003357779472104415, 0.0027695013219306715, -0.0016179155828119844, 0.0005223981706183893, 8.913636171398902e-05, 0.004072733596698705, -0.004140617662226345, -0.006746602990051159, 0.002751671927119413, -0.0025142487108268715, 0.0009970374898812966, -0.00017237348718735317, 0.0075233473195695025, -0.006199278352862147, -0.01152263497466828, 0.002802579759221593, -0.003890100146977121, 0.0018637106875528692, -0.0005008762540276892, 0.011246846617974654, -0.008492135852194731, -0.0171546155802944, 0.0029166198590212817, -0.005499675381968932, 0.0029622562896904664, -0.0008704890451488112, 0.0151104782260578, -0.010952533570479856, -0.023238477378401887, 0.003084349665574148, -0.007153756216888132, 0.004160981217045363, -0.001262515275669296, 0.01901184649185509, -0.0135243809635303, -0.029478593371100807, 0.0032934176355568306, -0.00871335630740481, 0.005354944619463221, -0.0016643500481818198, 0.022873408879134124, -0.016159179912272434, -0.03566963964465079, 0.0035299688871336106, -0.010082939606278185, 0.006463992023134973, -0.0020682198447310074, 0.026637843097021392, -0.018815166879196644, -0.04167904664166018, 0.003780221554891391, -0.0112033634783346, 0.00743037429715867, -0.002469927823226335, 0.030263219890675222, -0.021456919845095998]","[-0.03626241609846961, -0.16864942641360786, -0.06542816690557793, -0.2954009971926761, -0.08834812357227877, -0.38753380601426446, -0.10587708512213434, -0.45190065737183494, -0.11885033667690587, -0.49472617058906554, -0.12806923881880955, -0.5215114115973181, -0.1342925152093417, -0.5370238903328143, -0.13794414576010294, -0.5448600996371198, -0.13968428261103488, -0.5480920486504154, -0.1402248403468868, -0.5489786886988431]","[-0.0009512178269400762, 0.003914103295802995, -0.0004053528833951603, -0.00022059126957141295, 0.0037934833480113284, -0.00047016284789602736, 0.0015955441847118612, 0.0035099024957685465, -0.0005948754373430454, 0.004592442463724589, 0.003055142308196146, -0.0007800338856487343, 0.008519719492528943, 0.002473960462392011, -0.001009521274519365, 0.01273957562183603, 0.0018689421714372934, -0.0012592203494796728, 0.01724080643095094, 0.001272519531118732, -0.0015343376191454539, 0.022019967748583502, 0.0007067561853366655, -0.0018329505749576924, 0.027073892507288866, 0.00018299183138026365, -0.002148359160250024, 0.03239592712586892, -0.0002952672194860284, -0.0024706949178403548, 0.03797351487277423, -0.0007283457599509546, -0.0027882953454372306]","[-0.0007314756512641907, 0.003408104181289673, -0.00043272972106933594, -0.0012099742889404297, 0.002044588327407837, -0.00017270445823669434, -0.02021484375, 0.004248046875, -0.0007316544651985168, 0.0034077465534210205, -0.0004355311393737793, -0.0012092143297195435, 0.002043522894382477, -0.00017084181308746338, -0.02021484375, 0.004248046875, -0.0007322803139686584, 0.0034115612506866455, -0.00043258070945739746, -0.0012089237570762634, 0.0020463839173316956, -0.00017307698726654053, -0.02021484375, 0.0053466796875, -0.0007305368781089783, 0.0034114569425582886, -0.00043252110481262207, -0.0012101009488105774, 0.002046637237071991, -0.00016967952251434326, -0.0213134765625, 0.0064453125, -0.0007318481802940369, 0.0034112557768821716, -0.00043320655822753906, -0.0012099146842956543, 0.0020448490977287292, -0.00016957521438598633, -0.02021484375, 0.0064453125]",0.023779994999999998
"[0.33802294731140137, 0.3580229473114014, 0.37802294731140135, 0.39802294731140136, 0.4180229473114014, 0.43802294731140134, 0.45802294731140136, 0.4780229473114014, 0.4980229473114014, 0.5180229473114013, 0.5380229473114013]","[0.00040113665941803815, 0.0031568215269818043, -0.0004236497602531439, 0.00034213716968879395, 0.0004906511988528504, -0.0012675482778714544, -0.0012759310300897442, -3.379840714430308e-05, 0.0030046629645782822, -0.0006397709142510399, 0.0002829162615415297, 0.00040298759971141247, -0.0004143727280211079, -0.0016258151357241176, -0.0012438522817114224, 0.0028879515367862558, -0.0010283273039342837, 0.00034937625388489876, 0.000275274369326023, 0.0014232837213831633, -0.0026167437410251878, -0.003508341171062495, 0.0028196919546995885, -0.0016439474597278547, 0.0005916826239754994, 8.478136483143102e-05, 0.004259889713643862, -0.004265380878589305, -0.007048655492428914, 0.0028128136973303917, -0.002580848701913518, 0.001096665797003914, -0.00018440538190364093, 0.007849049793968287, -0.006432575766869293, -0.012036114959337867, 0.0028800775445160347, -0.004018921330625375, 0.002010458942235047, -0.0005234388646644516, 0.011721215885088544, -0.008842245820698365, -0.017913914048794055, 0.003013617667375076, -0.0057010019782000616, 0.0031641206201263074, -0.0009053731772028253, 0.015738028540456715, -0.011424479732036339, -0.024259228223399612, 0.0032022910530274335, -0.007429315309539615, 0.004419160194867505, -0.001310737912646025, 0.019793017825751727, -0.014120651804907286, -0.030763405311987634, 0.003432546839610814, -0.009058770123472558, 0.005665638042552318, -0.0017263953846571077, 0.023805858569339845, -0.01688036676233941, -0.03721276239500822, 0.003689761137287392, -0.010489793411666068, 0.006819979249309492, -0.002144235262712988, 0.027717439053163526, -0.01966045161676417, -0.04346997963332465, 0.003959729339314878, -0.011660884599354236, 0.007822349553679261, -0.0025598763080764268, 0.03148468146917616, -0.022424353144924282]","[-0.03844215535381908, -0.17631430642897017, -0.06919732588609548, -0.30862439928034735, -0.09322515137039986, -0.40461841191154985, -0.11148156785571432, -0.47152368124768657, -0.12489397400196076, -0.5158977477696176, -0.1343460793293751, -0.5435304481067398, -0.14066885394428108, -0.5594348159287506, -0.1443494415195909, -0.5674114574845363, -0.1460913636617051, -0.5706744920743076, -0.1466295388321553, -0.5715621405997237]","[-0.0009819324727488032, 0.0038820739735854204, -0.0004026570216262293, -0.00022640119608829945, 0.0037555506211433, -0.0004682762815653163, 0.001663826643465871, 0.0034651924803466017, -0.0005971029385269944, 0.004787471838644697, 0.0030026532053226695, -0.0007894559930665679, 0.008881853024467867, 0.0024141951788561045, -0.0010283876992671637, 0.013279583640063986, 0.001805670249232172, -0.0012894877177673791, 0.017969687264233314, 0.0012111807284647114, -0.0015783295076636783, 0.022949199692323008, 0.0006535652363228728, -0.0018926702964106035, 0.028215442484732067, 0.00014410085066529632, -0.00222506636658526, 0.033762079021968816, -0.00031434340738067945, -0.002564645458589254, 0.03957648413210424, -0.0007230202247194839, -0.002898603172669212]","[-0.0010914653539657593, 0.002279624342918396, -0.00025600194931030273, -0.003182247281074524, 0.0022851377725601196, -0.00013658404350280762, -0.0103271484375, -0.04189453125, -0.0010158494114875793, 0.0030676648020744324, -0.0004081428050994873, -0.0026140734553337097, 0.0024450719356536865, -0.00017821788787841797, -0.0103271484375, -0.0375, -0.0008728876709938049, 0.0033287405967712402, -0.00039827823638916016, -0.0025180205702781677, 0.002355828881263733, -0.00017598271369934082, -0.009228515625, -0.0144287109375, -0.0009237974882125854, 0.003535829484462738, -0.00043523311614990234, -0.001353137195110321, 0.001897953450679779, -0.00022260844707489014, -0.009228515625, -0.0144287109375, -0.0010574385523796082, 0.0035092681646347046, -0.00045350193977355957, -0.0019123181700706482, 0.0021125078201293945, -0.00019827485084533691, -0.009228515625, -0.0144287109375]",0.018821881
"[0.40940070152282715, 0.42940070152282717, 0.44940070152282713, 0.46940070152282715, 0.48940070152282716, 0.5094007015228271, 0.5294007015228271, 0.5494007015228272, 0.5694007015228272, 0.5894007015228271, 0.6094007015228271]","[0.0004148895308063005, 0.003127824089004887, -0.00042041665408057714, 0.00031760099430162646, 0.0004871066662922634, -0.001225427623013525, -0.0012742987140308094, -9.377353564066598e-05, 0.0029829482358406743, -0.0006526457962761965, 0.00027172878031864195, 0.0003977413637566152, -0.0002651614057307864, -0.0017022271384150023, -0.001506661233259125, 0.002883574312058031, -0.0010897013273481748, 0.0003719342772850524, 0.00026212087487847535, 0.0018371759813890032, -0.002886042811680436, -0.00414706323878712, 0.002846062174539808, -0.0017946423010124306, 0.0006764383711165053, 5.393432511078347e-05, 0.005095984115000722, -0.004840683385449471, -0.008269745469487161, 0.0028858533183562414, -0.0028764493067475567, 0.0012865067728240972, -0.00024544895669413277, 0.009222476148150846, -0.007397319419893186, -0.014070602398074828, 0.003017606430297857, -0.00454360211753227, 0.002373130620324793, -0.000626005653326022, 0.013669456405788353, -0.010226943751404649, -0.020894154573624785, 0.0032260745782213994, -0.006494883009668665, 0.0037341986365718063, -0.001056524265926291, 0.018276908289525124, -0.013247884177490432, -0.02824520816708852, 0.0034944879349119926, -0.008499456573265302, 0.0052054191864706395, -0.001514444151044763, 0.0229226958430911, -0.016392473035041717, -0.03576491816783523, 0.003805244250981472, -0.010388743674009633, 0.006657721382899138, -0.00198451694348596, 0.027515880276968364, -0.019603648168672192, -0.043207433879125234, 0.004141039864383505, -0.012047736344676232, 0.00799424568320337, -0.002457313303397206, 0.03199060893108368, -0.022833367341370148, -0.05041718580887465, 0.004486119365505224, -0.013406017883826287, 0.009146820799723392, -0.0029277407551907865, 0.03629954391635839, -0.02604122117815323]","[-0.046480744715034425, -0.20594562350351933, -0.08312481198001237, -0.3597161445587019, -0.11128638977904888, -0.47059549111370763, -0.13228667270478928, -0.5472692939045039, -0.1473849763058105, -0.5975891059603389, -0.15776155392099095, -0.6284651798720657, -0.16450768282581685, -0.6458611966977303, -0.1683348723263961, -0.6543670884838071, -0.1701051063932842, -0.6577441024153702, -0.17064192990227967, -0.6586338762818327]","[-0.0009432971596269324, 0.0038624440342442945, -0.00040369625385761054, -6.354306859490677e-05, 0.003723973767801869, -0.00047634385845585214, 0.0021360359366175974, 0.00341043089172155, -0.0006231901951569974, 0.005767217378097045, 0.0029134399357770846, -0.0008432812019107949, 0.010519801099805437, 0.002286446376368989, -0.0011166954945553975, 0.015612429024358998, 0.0016500513712216502, -0.0014194359150234703, 0.02103521657336782, 0.0010456563574123834, -0.0017586045800888073, 0.02678723027823715, 0.0004997576692615802, -0.0021306122767246194, 0.03286783540006133, 2.387310457718783e-05, -0.002524954035805216, 0.0392720973252203, -0.000381186931890376, -0.002926683703831312, 0.045987366697556764, -0.0007198208681806761, -0.0033184215955088803]","[0.010321319103240967, -0.007497087121009827, 0.0008566975593566895, 0.0005333125591278076, -0.0019859448075294495, 3.4123659133911133e-06, -0.0169189453125, -0.1067138671875, 0.008663147687911987, -0.006638042628765106, 0.000693589448928833, -8.991360664367676e-05, -0.0016543939709663391, -1.9341707229614258e-05, -0.0169189453125, -0.101220703125, 0.007082395255565643, -0.005769722163677216, 0.0005152523517608643, -0.0007913485169410706, -0.0012509673833847046, -6.683170795440674e-05, -0.0158203125, -0.09462871551513671, 0.005642704665660858, -0.004922434687614441, 0.0003882944583892822, -0.00139559805393219, -0.0008295178413391113, -0.00011460483074188232, -0.013623046875, -0.0869384765625, 0.00434383749961853, -0.0040302574634552, 0.0002681314945220947, -0.0018972307443618774, -0.00040730834007263184, -0.0001348555088043213, -0.013623046875, -0.0825439453125]",0.023523898
"[0.40940070152282715, 0.42940070152282717, 0.44940070152282713, 0.46940070152282715, 0.48940070152282716, 0.5094007015228271, 0.5294007015228271, 0.5494007015228272, 0.5694007015228272, 0.5894007015228271, 0.6094007015228271]","[0.0004148900413767018, 0.003127868444866292, -0.0004204630242511576, 0.0003175405241641762, 0.00048709311398085, -0.0012255398552876856, -0.0012744593876282486, -0.0006535177979986385, 0.0029628549353188606, -0.0008581978187482709, 0.0003672987141628741, 0.00035787580210854523, 0.00046260744445898494, -0.002113112899049668, -0.002801019608366833, 0.0028356681574975904, -0.0015329480320860531, 0.0005892608802964557, 0.0001660548626473225, 0.003283820030996935, -0.0036985662919756337, -0.0062977168719251225, 0.0027643333321094596, -0.00253346203416804, 0.0010638004202085036, -0.00010695581657898934, 0.007050204220885903, -0.0059434862794846815, -0.01135122763492067, 0.002766123567839962, -0.004027511296208328, 0.001926981014337943, -0.0004587315828765725, 0.011305749878164094, -0.008594302028259032, -0.017622064041528426, 0.002874731744868299, -0.005889312976205343, 0.0031399960275419006, -0.000865610076144844, 0.015761845518720508, -0.011458286041947941, -0.02456169843889005, 0.003070870293002006, -0.00786539026367174, 0.004525179829410535, -0.001302674232022609, 0.020282815198319294, -0.014462565074235661, -0.031766685489712634, 0.0033345153239072553, -0.009767556762015513, 0.005941033298009884, -0.0017526974117185847, 0.02476778248486105, -0.017547413208510405, -0.038956369833758164, 0.0036455665570147367, -0.011464822507328661, 0.007279420981290566, -0.0022049020285442762, 0.029145964159389453, -0.020664018262067787, -0.04595042842945436, 0.003984878081347684, -0.012874585152593074, 0.008462309825602197, -0.002653575314002614, 0.033369935617465346, -0.023772416011703323, -0.05264654123231962, 0.004335388956875837, -0.01395362463860895, 0.009438072380373029, -0.0030966185786963345, 0.037407269716616225, -0.02683896384456813]","[-0.05980039016445682, -0.2971433837653017, -0.09182132143376444, -0.4198429442692947, -0.11612086227229707, -0.5053541492089122, -0.1339638771295845, -0.56178908616891, -0.1465498297478955, -0.596383073187533, -0.15499728989678502, -0.6154533644465392, -0.1603327216834203, -0.6243989387429021, -0.16327694305282214, -0.6276979916199654, -0.16460252221832203, -0.6284924436313262, -0.16499546274695687, -0.6285531198241439]","[-0.000943298094578271, 0.0038627427283119964, -0.00040373509901936444, 0.0006241489757293772, 0.0036032087982027505, -0.0005182967093184665, 0.003557694244671894, 0.003153480788699703, -0.0007065655301543572, 0.007704063600884603, 0.002562386617053214, -0.0009554543414118655, 0.012467097892258305, 0.0019460298573905632, -0.001240357207712428, 0.017552492308196554, 0.001344636523683107, -0.0015584189064705711, 0.022954536623645216, 0.0007886411390249926, -0.0019096715055098024, 0.028672266625156317, 0.00029390283404584494, -0.002286359561954221, 0.03470491012884358, -0.00013598114160462416, -0.002675707478359879, 0.04104781724705997, -0.0005047429870170816, -0.003061902381241044, 0.04768749608237233, -0.0008182143288681942, -0.003427863502523998]","[0.018415480852127075, -0.010581143200397491, 0.0015877783298492432, 0.003811970353126526, -0.003604292869567871, 3.711879253387451e-05, -0.0191162109375, -0.1177001953125, 0.016259148716926575, -0.009847737848758698, 0.0014022588729858398, 0.002780899405479431, -0.003119245171546936, 5.619227886199951e-05, -0.018017578125, -0.1166015625, 0.014170028269290924, -0.009066373109817505, 0.0012326240539550781, 0.0018982216715812683, -0.0026799216866493225, 3.4421682357788086e-05, -0.018017578125, -0.1133056640625, 0.012184806168079376, -0.00826358050107956, 0.0010665059089660645, 0.0011936202645301819, -0.002331189811229706, 5.6296586990356445e-05, -0.018017578125, -0.1111083984375, 0.010321319103240967, -0.007497087121009827, 0.0008566975593566895, 0.0005333125591278076, -0.0019859448075294495, 3.4123659133911133e-06, -0.0169189453125, -0.1067138671875]",0.013505959
"[0.6702017784118652, 0.6902017784118653, 0.7102017784118653, 0.7302017784118653, 0.7502017784118652, 0.7702017784118652, 0.7902017784118652, 0.8102017784118652, 0.8302017784118653, 0.8502017784118652, 0.8702017784118652]","[0.00031292905796376816, 0.0030785644979471616, -0.0004795058094704274, 0.00031343021230992427, 0.0004726201494218842, -0.0010972915451495963, -0.0013094998352328453, -0.001193136706847394, 0.0029423683331323775, -0.0010925791336139975, 0.00047997737903870583, 0.0003248810751480492, 0.0009245770879630989, -0.002414700046603797, -0.004135733631337608, 0.0028803214931528006, -0.002069837311566786, 0.0009052001883611764, 0.0001035474982711129, 0.004390980476487963, -0.004530914948007609, -0.008922530170235223, 0.002919069182877522, -0.0035561361605554306, 0.0017069057933437048, -0.0002093168347053958, 0.009136829704263105, -0.007568420857112425, -0.015342448283305148, 0.0031039562418117015, -0.005360523930012433, 0.002820276494448177, -0.0006239933908713045, 0.014938758746968985, -0.011368983709442232, -0.02367058311121073, 0.0034509292303008345, -0.007780414246092648, 0.004485363364481125, -0.001127760998204782, 0.020966594274171302, -0.015431581322254315, -0.03301901539444826, 0.00392401870237929, -0.010443909781325145, 0.006433449929952476, -0.0016729706135636452, 0.026886925583879413, -0.019598047287877386, -0.04265609259145159, 0.004504552496426277, -0.013013284510263923, 0.008422266394331497, -0.0022254137104107193, 0.03258877224364613, -0.02379441842763482, -0.052112112223717026, 0.0051669593913387, -0.015260717033932105, 0.010271975703916332, -0.002767865170727855, 0.03805419187374104, -0.02798259676111787, -0.061131248256085166, 0.005881104866556387, -0.017053564051826987, 0.01186100453652984, -0.003295708886032492, 0.043299461369838144, -0.03213818535993479, -0.06962751463096661, 0.006613990663877596, -0.01834772331563556, 0.013123694442896867, -0.0038123068841836587, 0.048325656636194814, -0.036233381854559564]","[-0.08332339928828215, -0.35154946735082804, -0.13306344563756634, -0.5575034250238944, -0.169579408271076, -0.6920599592262837, -0.19532778211672192, -0.7688073318203497, -0.21259155708305053, -0.799999063890434, -0.22345083294423326, -0.7999998943738611, -0.2297630457855726, -0.7999996842175359, -0.23295011062557547, -0.7999997804210739, -0.23426247977873788, -0.7999998425780127, -0.23461883002805947, -0.7999999426180663]","[-0.0008554818887973603, 0.003829608199581447, -0.000408117916536721, 0.0010231881047972902, 0.003568701259758278, -0.0005450553400976332, 0.00460261127945194, 0.0031341641990634272, -0.0007798327719745757, 0.009737932319167864, 0.0025810141582649493, -0.0010986532630057333, 0.01639952570187142, 0.0019192251398489901, -0.0014988447955088802, 0.023428042331729793, 0.0013354841956836339, -0.001953342839757788, 0.030653853655882357, 0.0009256622561375494, -0.0024644089039833617, 0.03811873151789602, 0.0006945083436655786, -0.0030175636786671234, 0.04591334551431647, 0.000608431308135593, -0.003586957462017093, 0.05412494329765172, 0.00062184718844005, -0.004140244807843807, 0.06278227331966957, 0.000703977834067171, -0.004644108774972011]","[0.042087674140930176, -0.013885527849197388, 0.005831360816955566, 0.013912469148635864, -0.005274280905723572, 0.0008283853530883789, -0.03779296875, -0.1989990234375, 0.04015323519706726, -0.013905040919780731, 0.005470633506774902, 0.01306723803281784, -0.005387559533119202, 0.0007573366165161133, -0.0366943359375, -0.1946044921875, 0.03817306458950043, -0.013912729918956757, 0.00507664680480957, 0.012300819158554077, -0.0053519606590271, 0.0007521957159042358, -0.035595703125, -0.1902099609375, 0.036207690834999084, -0.013836786150932312, 0.004612773656845093, 0.011456705629825592, -0.0052085816860198975, 0.0006550699472427368, -0.0344970703125, -0.1836181640625, 0.03428371250629425, -0.013737753033638, 0.004137545824050903, 0.010518193244934082, -0.0052136629819869995, 0.0005609393119812012, -0.0322998046875, -0.1748291015625]",0.015787363000000002
"[0.795769214630127, 0.815769214630127, 0.835769214630127, 0.855769214630127, 0.8757692146301269, 0.8957692146301269, 0.915769214630127, 0.935769214630127, 0.955769214630127, 0.9757692146301269, 0.9957692146301269]","[-0.011562716484700052, -0.00013530961451825642, -0.003670976774729727, 0.004006467795531254, -0.0007931761208760865, 0.01037285367792155, -0.003880556592705516, -0.013631543687806969, -2.7465317203124636e-05, -0.0036167211304445213, 0.004299508453381068, -0.0009626658013615419, 0.013084482423070184, -0.006280519284617486, -0.01741726658965996, 0.00028026312831131014, -0.004065817670212507, 0.004904608689551296, -0.0011899608806863371, 0.016749271500326814, -0.0096278425864443, -0.02271189200726695, 0.0008622079512831394, -0.004831060600852776, 0.005756738557946559, -0.0014831434424477526, 0.021272515389716955, -0.013802152588164984, -0.029821754450361792, 0.0017466713863061797, -0.006197064781011548, 0.007092499708573106, -0.001841930185911813, 0.02602935008781159, -0.018325822226710434, -0.038079609082420224, 0.0029188605156764223, -0.007884135514343969, 0.008754568842025839, -0.002242855222041985, 0.030809314034237752, -0.022951489761702644, -0.04683801032357192, 0.004250523920400618, -0.009630245413024395, 0.010482622797203977, -0.0026668849382732516, 0.0354814673242384, -0.02758088606942386, -0.05564508263970979, 0.005647120229444555, -0.011252128139525216, 0.012085685558926364, -0.0031009083957423914, 0.03995905553566985, -0.03214026882753488, -0.06421131453493789, 0.00704358751817935, -0.012633297449076066, 0.01343433094554076, -0.003536605674454608, 0.044193739316016126, -0.036578809067507045, -0.07237553226690577, 0.008399458283205041, -0.013711365348106562, 0.014451588730014139, -0.003969488304578711, 0.04816517706452922, -0.04086246055086297, -0.08007104611908851, 0.009693459921392644, -0.014465615817101428, 0.015103310462444916, -0.004397929728908788, 0.05186797187175868, -0.04496511617609613]","[-0.1464210309900421, -0.4930051065401155, -0.20110082274673324, -0.6199580985922483, -0.23771211201165765, -0.7020533254651382, -0.26037483318153126, -0.7504807863951068, -0.2727889704785572, -0.7749413990984001, -0.2782028446386576, -0.7836706823476098, -0.27939801639956796, -0.7834815749100981, -0.27885841768500785, -0.7803506730466747, -0.27809625443607205, -0.777652450790856, -0.27773670251365357, -0.7765208411255968]","[0.008156269387576631, -0.0052133994026482, -7.184022015405134e-05, 0.012312906153725378, -0.00568539747247554, -0.00028980399968059345, 0.017822199001697347, -0.005927881350710429, -0.0005915995520138218, 0.024749050735627942, -0.005963561266036699, -0.000971811097225217, 0.03211468055466171, -0.005713385091266954, -0.0014261508731410188, 0.03971807685207718, -0.00524067086146518, -0.0019523231755860238, 0.04753710566851954, -0.004539429875798362, -0.0025323311892146982, 0.05555830988274335, -0.00362023923179855, -0.003138137267572283, 0.06377474246103798, -0.0025041780456387386, -0.003738289314924259, 0.07217983449448095, -0.0012166619899280917, -0.004302326871420625, 0.08075735963146635, 0.00021634986742080642, -0.004803968177914175]","[0.053833916783332825, -0.012796536087989807, 0.009102553129196167, 0.019693635404109955, -0.005264714360237122, 0.0017802566289901733, -0.057568359375, -0.2671142578125, 0.053187936544418335, -0.012982010841369629, 0.008479267358779907, 0.019745871424674988, -0.005523525178432465, 0.0016663223505020142, -0.05537109375, -0.2583251953125, 0.05242173373699188, -0.01320578157901764, 0.007945418357849121, 0.018745489418506622, -0.0069072917103767395, 0.00486128032207489, -0.0509765625, -0.246240234375, 0.05152064561843872, -0.013410590589046478, 0.007518649101257324, 0.018015697598457336, -0.006931126117706299, 0.00464215874671936, -0.04658184051513672, -0.2319580078125, 0.05035804212093353, -0.01352442055940628, 0.007327288389205933, 0.01723036915063858, -0.0068940818309783936, 0.004529386758804321, -0.0432861328125, -0.2187744140625]",0.020413567
"[0.8959095478057861, 0.9159095478057862, 0.9359095478057862, 0.9559095478057862, 0.9759095478057861, 0.9959095478057861, 1.0159095478057862, 1.0359095478057863, 1.055909547805786, 1.075909547805786, 1.095909547805786]","[-0.018911384109460867, -0.00020581687873503113, 0.0025802801411597656, 0.003862786843197839, 0.0007075269840382491, 0.01676084685629424, -0.008884369162234586, -0.021479712278012, -7.252489153147224e-05, 0.0025855449467684353, 0.004016790038154973, 0.0003032627386756932, 0.018137336842753475, -0.010990622877192997, -0.02516370779255133, 0.00035322719754634594, 0.0022059351699806593, 0.0043993243132546605, -0.0001021269719633344, 0.020178747661666108, -0.013924094013499576, -0.030309233442430732, 0.0011447540665728527, 0.00121006907647663, 0.005202940132827032, -0.0005014563327524134, 0.02254827480996089, -0.017451775855855677, -0.03628530429485012, 0.0023237621097642568, -1.1226845642003686e-05, 0.006189387971296436, -0.0008896235195187825, 0.02533088907792832, -0.021524930121120632, -0.04326199204058676, 0.0039656403018408694, -0.0016015914641006436, 0.007581436831803831, -0.0012768936487231428, 0.028180074756556463, -0.02568543547138776, -0.05069304297597654, 0.005886236628641477, -0.0033512948597219567, 0.009124035560037484, -0.0016559673319713033, 0.031000728788941608, -0.02984923612247275, -0.05818979356289901, 0.00795029250982202, -0.005106150079838352, 0.010627384367806731, -0.0020218439878693256, 0.03373312938145619, -0.033952892502271785, -0.06549735102330431, 0.010062158614434383, -0.006760522381401854, 0.011959130654590762, -0.0023720177337114914, 0.03635054669133965, -0.03795132871967828, -0.07246939911873679, 0.012157213505344523, -0.008249547554801966, 0.013035840922676211, -0.002706328592582923, 0.03885006334838141, -0.04181320682772052, -0.07904169481557355, 0.01419438472568161, -0.00954084222504859, 0.013814172402678803, -0.003026415237630112, 0.04123994692007442, -0.045514624254925536]","[-0.1523063357750502, -0.4499162366044987, -0.21902373552171586, -0.5569003381372808, -0.2652191294724898, -0.6274530851196627, -0.2956776095059568, -0.6699625053198354, -0.3145407786331811, -0.691977895618459, -0.3252573507021974, -0.7002005956943248, -0.3306308943854124, -0.7004349643707226, -0.3328535059782921, -0.6979551353463822, -0.33353624296155016, -0.6957372583518343, -0.33365799007469477, -0.6947990406132523]","[0.02828160925492884, -0.012244555183836159, 0.0009859640163871752, 0.031865296303028035, -0.011981954160360964, 0.0007071407024392684, 0.036383728550507866, -0.011314900933286687, 0.0003519806562009009, 0.04129041699163216, -0.010160081948423105, -0.0001102885525461339, 0.04691605074609906, -0.00859844857734915, -0.0006487611042391705, 0.052568996190748285, -0.006773499261321092, -0.0012881490837779452, 0.058246259484695195, -0.004690067732724401, -0.002001272127122977, 0.06395807185795577, -0.002367212825225451, -0.0027575071423475706, 0.06972569425424024, 0.0001629696262703817, -0.003526842095805449, 0.07557449407663253, 0.0028601967748191903, -0.004282403208970109, 0.08152348636407436, 0.005681123300298907, -0.005002002103806191]","[0.06210014224052429, -0.013018205761909485, 0.012468665838241577, 0.02290770411491394, -0.005414485931396484, 0.002846837043762207, -0.09052734375, -0.2890869140625, 0.061461567878723145, -0.012845456600189209, 0.012080222368240356, 0.022525638341903687, -0.005207374691963196, 0.00292794406414032, -0.0861328125, -0.2890869140625, 0.060874953866004944, -0.012614093720912933, 0.011788755655288696, 0.022344976663589478, -0.0049715712666511536, 0.0028183162212371826, -0.0806396484375, -0.28798828125, 0.06023189425468445, -0.012417897582054138, 0.011492490768432617, 0.021978959441184998, -0.004800394177436829, 0.0026349127292633057, -0.0740478515625, -0.2868896484375, 0.05966004729270935, -0.012030616402626038, 0.01152905821800232, 0.021554768085479736, -0.0046331509947776794, 0.002380847930908203, -0.0685546875, -0.2868896484375]",0.030535352999999998
"[0.9959831237792969, 1.015983123779297, 1.035983123779297, 1.055983123779297, 1.075983123779297, 1.095983123779297, 1.115983123779297, 1.135983123779297, 1.1559831237792968, 1.1759831237792968, 1.1959831237792968]","[-0.028665494659692245, 0.0003007358432686484, 0.006321303315021995, 0.001833209311158677, 0.006111771401598262, 0.020282752022707594, -0.01354895662510829, -0.03169534149065099, 0.0005404966632025958, 0.005973711080736371, 0.0020244139246038116, 0.005206771593194106, 0.021297553188765875, -0.01546527491714113, -0.03600744611991438, 0.001185081734174896, 0.004966023496228228, 0.002701681790173349, 0.004379781183303415, 0.022401787851543155, -0.018022180881241676, -0.04093863633548393, 0.0023164244991829303, 0.0037117679302814165, 0.0036083375166990036, 0.0036526738320662162, 0.023704699422611178, -0.021292493464458023, -0.04663778808590514, 0.0040580489540685116, 0.002104674813056289, 0.004928592875757223, 0.0030212376265754486, 0.024958577958538692, -0.024908617305193833, -0.052693166369313524, 0.0064524998704095365, 0.00038235669550181004, 0.006612479060012217, 0.002475225152163504, 0.026219531491818507, -0.028601802084070854, -0.058794469985177074, 0.00924787521225684, -0.0013573463178403896, 0.008428521527866708, 0.0019987928680108664, 0.02746372176020347, -0.03230914309882779, -0.06473429161868625, 0.012252501949715949, -0.0030465654092995485, 0.010202598879951796, 0.0015787904159010736, 0.02868248285351052, -0.03598298744197646, -0.07038931595972812, 0.015326709933230055, -0.00464182758832517, 0.011811445367245023, 0.001204352237827313, 0.029880909802216887, -0.03958932462718805, -0.07570144353779112, 0.01837442022019215, -0.006118379019326053, 0.013175434025026625, 0.0008665143624530846, 0.031072604263969933, -0.04310397733738073, -0.08065928196315363, 0.021334618441868534, -0.007464959094719454, 0.014251034572044064, 0.0005579226232137022, 0.032272532790794256, -0.046507255694657385]","[-0.19496836405873946, -0.49807926055522567, -0.270879465657191, -0.5491195337487279, -0.324557303743864, -0.5795656614921536, -0.36066152870153334, -0.5950804960581044, -0.3834058847322004, -0.6004246411497383, -0.3965084137964044, -0.59954125948565, -0.403174800761536, -0.5956251854842511, -0.4060019240035954, -0.5916830451097983, -0.40691230251243415, -0.589149315945704, -0.407090488945396, -0.5882027449301992]","[0.04656921687340576, -0.013418605047621046, 0.003350147026365491, 0.04966396663404693, -0.012690214971975422, 0.0027941771516326597, 0.05276687224967347, -0.011332875529649122, 0.0021185491879389673, 0.05631788823163075, -0.009321509142206974, 0.0013700300843959567, 0.05979930631601271, -0.006755109525693914, 0.0005177038801171818, 0.06320313814615097, -0.003909625878493195, -0.00039786507100814106, 0.06656700155438011, -0.0008084010938942399, -0.0013480271404446853, 0.06993259859653966, 0.0025193039870496925, -0.0023071513174448555, 0.07334451195280889, 0.006038971539432669, -0.0032534796236807217, 0.07684570875426078, 0.00971268826967231, -0.004169332847467011, 0.08047049760129832, 0.01350065993272942, -0.00504096914096408]","[0.06519113481044769, -0.01261989027261734, 0.013361871242523193, 0.024874001741409302, -0.006064943969249725, 0.003346189856529236, -0.1157958984375, -0.290185546875, 0.06519113481044769, -0.01261989027261734, 0.013361871242523193, 0.024879783391952515, -0.005941666662693024, 0.0033366382122039795, -0.1125, -0.290185546875, 0.06519113481044769, -0.01261989027261734, 0.013361871242523193, 0.024838432669639587, -0.00583755224943161, 0.003325730562210083, -0.10920391082763672, -0.290185546875, 0.06491835415363312, -0.012848250567913055, 0.013175547122955322, 0.02474161982536316, -0.005758762359619141, 0.0032840967178344727, -0.1037109375, -0.290185546875, 0.06491835415363312, -0.012848250567913055, 0.013175547122955322, 0.024600371718406677, -0.005719684064388275, 0.0032265782356262207, -0.1004150390625, -0.2890869140625]",0.032514746000000004
"[1.0954115390777588, 1.1154115390777588, 1.1354115390777588, 1.1554115390777588, 1.1754115390777589, 1.1954115390777589, 1.215411539077759, 1.235411539077759, 1.2554115390777587, 1.2754115390777587, 1.2954115390777587]","[-0.038447333531460966, 0.0014321034834649774, 0.006593619392971681, 0.000992849979171796, 0.01147765768154814, 0.022948654324218734, -0.017331733131142016, -0.04249000651600359, 0.0017915633924292114, 0.005508475532182196, 0.0015773182441196154, 0.010104800603808004, 0.024057486223633982, -0.019296781407926303, -0.04711234099831628, 0.0026507467280122684, 0.00416892826854259, 0.0024427039683152358, 0.008887495835729299, 0.02512218651477148, -0.022034088913442343, -0.05239951428309739, 0.004196166390731698, 0.0024665893721816097, 0.0037668065404249866, 0.007845223488248884, 0.02576192396581204, -0.02523725718267354, -0.057888460777260904, 0.006520746365117174, 0.0006259837808524493, 0.00547959448125138, 0.006990625468679223, 0.025993229733445394, -0.028674375987903556, -0.06303896780088816, 0.009663544002220012, -0.0009909287421695553, 0.007452328730165923, 0.0062996440755418055, 0.02611981464322256, -0.03214428265613421, -0.06777997239626693, 0.01329938884974921, -0.002410310591280253, 0.009476354593731721, 0.005733720305647504, 0.026172599836309873, -0.03560238518763442, -0.07208614082428186, 0.017183320164584646, -0.003660130380952554, 0.011397081306293416, 0.005262798408807962, 0.02618281912761589, -0.039014994104750664, -0.07596847732521972, 0.02113903148566, -0.004768392490592513, 0.013107639081729502, 0.0048638928844247165, 0.026184291551640926, -0.0423591088577501, -0.07946413483089561, 0.02504717830971582, -0.005761251928625436, 0.014541856101755306, 0.004519707854749581, 0.026210532056617428, -0.045618944870163464, -0.0826257632770648, 0.028833681973994427, -0.006661476520300481, 0.0156669401631902, 0.004217431798173788, 0.026289570651835608, -0.04878051500246515]","[-0.2465968898188679, -0.5572318327621075, -0.32949387353069026, -0.5493750537233322, -0.3875322350807816, -0.5369584318888402, -0.4260505857014016, -0.5223342662642592, -0.44984904971752415, -0.5073403201971637, -0.46313980394065063, -0.4934093951589825, -0.4695346984681985, -0.48161871675908835, -0.47200321047629235, -0.47350096924165114, -0.472661618288744, -0.4691486593740908, -0.4727419658043053, -0.4676755288707924]","[0.0583106342685098, -0.012092014166420029, 0.005355898823623306, 0.06087758655310049, -0.011061914657654714, 0.004484111095488963, 0.06367901216055516, -0.009259402706717434, 0.0035379525497543085, 0.0660977124335076, -0.006622570993409127, 0.0024682106314379837, 0.06808808191192439, -0.0033120172597311814, 0.0013231096779988682, 0.06998134416308222, 0.00027166382385779286, 0.00018284849592342667, 0.07182817208371073, 0.004099557835909984, -0.0009369249376316446, 0.07367739870953449, 0.008142788130946599, -0.00202235585890298, 0.07557786070544836, 0.012371043824369377, -0.0030618205440759994, 0.07757510163861214, 0.016752264168592212, -0.004046124365959969, 0.07970483745554269, 0.021252208266975714, -0.004968470141454517]","[0.06510443985462189, -0.011942580342292786, 0.013548731803894043, 0.02390342950820923, -0.00525328516960144, 0.0036253780126571655, -0.14765625, -0.290185546875, 0.06510443985462189, -0.011942580342292786, 0.013548731803894043, 0.024053946137428284, -0.005195930600166321, 0.0036434978246688843, -0.14765625, -0.290185546875, 0.06510443985462189, -0.011942580342292786, 0.013548731803894043, 0.024111807346343994, -0.005140461027622223, 0.00363864004611969, -0.1388671875, -0.290185546875, 0.06510443985462189, -0.011942580342292786, 0.013548731803894043, 0.024296000599861145, -0.00510946661233902, 0.0036135464906692505, -0.132275390625, -0.290185546875, 0.06510443985462189, -0.011942580342292786, 0.013548731803894043, 0.024376481771469116, -0.005214110016822815, 0.0035852938890457153, -0.12568359375, -0.290185546875]",0.032403443000000004
"[1.197495460510254, 1.217495460510254, 1.237495460510254, 1.257495460510254, 1.277495460510254, 1.297495460510254, 1.317495460510254, 1.337495460510254, 1.3574954605102538, 1.3774954605102538, 1.3974954605102539]","[-0.042887153354805016, 0.005274887295052097, 0.008803859385040972, 0.002217129054339098, 0.016594189481988375, 0.024108455233653243, -0.018738858791202392, -0.04768967054754158, 0.005747722210953078, 0.007332317403580815, 0.0032187354345805702, 0.014832058606384133, 0.025153867400001504, -0.021353983245153307, -0.053155953256963095, 0.006967851587190633, 0.005458133664303249, 0.004697638966612798, 0.013302863581704367, 0.025578056337842454, -0.024570018907284913, -0.05877733749397582, 0.009084521718641589, 0.003400099376448986, 0.006582748087833143, 0.012037187917139081, 0.025280551744760398, -0.02817229078247754, -0.0639760738896549, 0.012177707445435261, 0.0015019564704887665, 0.008739302536537052, 0.011027797173023627, 0.024524592128399726, -0.0319414854747323, -0.0684397301183852, 0.016147521180869907, -1.5047035918110192e-05, 0.011022884645634145, 0.01022654810062736, 0.02363740923282029, -0.03569529936298385, -0.07224329836488691, 0.02060313910564772, -0.0012564981687113008, 0.013229223245246592, 0.009579331482836302, 0.022685771489031427, -0.03939295260494839, -0.07547024111960951, 0.025258718154814386, -0.0023076451281558515, 0.015213055590368405, 0.00904569294630369, 0.02172551256603219, -0.04300425338704798, -0.07820981940218422, 0.029917852013563125, -0.003235051427237832, 0.01688107732713086, 0.00859651464780205, 0.020805426975280095, -0.04651079891694428, -0.08055293305452199, 0.03445712500179728, -0.004088196808536285, 0.01818371613414838, 0.008211530562981649, 0.0199668836591973, -0.04990175061004744, -0.0825868517430184, 0.03880923495087349, -0.0049012892719286815, 0.01910644190736576, 0.007876942924598847, 0.019241703148815174, -0.05316662255605863]","[-0.32389894443638956, -0.5720964269988756, -0.41070568636438887, -0.529646233996087, -0.46876094070064345, -0.4929559548219076, -0.5047066814070431, -0.462024297561892, -0.5244748126959649, -0.43667480499698796, -0.5332326176331432, -0.41664135423825277, -0.5353647743416152, -0.40159517767950687, -0.534715459766044, -0.3919696113770715, -0.533634844298825, -0.38704665478394584, -0.5331116151140125, -0.3854273523709153]","[0.06537376275195639, -0.012988334027419057, 0.007521868178566926, 0.06785979404971909, -0.01156744920863595, 0.006350883342828517, 0.06982837616007465, -0.00906681735517223, 0.00502268480798973, 0.07113568298342365, -0.00552151517854238, 0.003585758920531923, 0.0720422643611427, -0.0012602456379511295, 0.0021410120743734495, 0.0728690662342707, 0.0033344169777174137, 0.0007558077393889917, 0.07367364725879999, 0.008223098637748283, -0.0005638804738401504, 0.07450829756046551, 0.013368439453501857, -0.0018104163981700339, 0.07542298815705095, 0.018733920554830696, -0.002976235783139991, 0.0764628039127968, 0.024282334236169767, -0.004054946090129352, 0.07766206564523093, 0.029972894032154862, -0.005041942105109776]","[0.06026120483875275, -0.0056087300181388855, 0.013341963291168213, 0.022786565124988556, -0.005116105079650879, 0.0035835355520248413, -0.1916015625, -0.2912841796875, 0.06026120483875275, -0.0056087300181388855, 0.013341963291168213, 0.02292410284280777, -0.005171105265617371, 0.003600969910621643, -0.1905029296875, -0.2912841796875, 0.0607098788022995, -0.0059250518679618835, 0.013057202100753784, 0.023097403347492218, -0.004536479711532593, 0.00365312397480011, -0.185009765625, -0.2912841796875, 0.06092068552970886, -0.00609232485294342, 0.012979865074157715, 0.023127637803554535, -0.004562437534332275, 0.003656551241874695, -0.16853008270263672, -0.2912841796875, 0.06114734709262848, -0.006406426429748535, 0.012984693050384521, 0.02321406453847885, -0.004679910838603973, 0.0036656856536865234, -0.1553466796875, -0.2912841796875]",0.03586905
"[1.2973623275756836, 1.3173623275756836, 1.3373623275756836, 1.3573623275756836, 1.3773623275756837, 1.3973623275756837, 1.4173623275756837, 1.4373623275756837, 1.4573623275756835, 1.4773623275756835, 1.4973623275756835]","[-0.043744588332634046, 0.008891580456410423, 0.010782793347301069, 0.003465272519412943, 0.01886013508748391, 0.021909694396489255, -0.020041485355616645, -0.04932109603767999, 0.009550519616648202, 0.008530797468241336, 0.004906906171691867, 0.01696237909696404, 0.022291105309418895, -0.022703090509217802, -0.05500556641833868, 0.01105370177868234, 0.006069861228289429, 0.006736268714601985, 0.015359303684526383, 0.021943741431637874, -0.02589468485696402, -0.060238927947663674, 0.013533724008258518, 0.0037467361659181196, 0.00879467739139083, 0.014063384496695629, 0.0210965141630457, -0.029545906653507606, -0.06472355847195012, 0.016929218416283393, 0.0017825637795156383, 0.010889681392963105, 0.013040985076564902, 0.020062523494953376, -0.03356587092185944, -0.06866250599184581, 0.021228646558975724, 0.00013546995984220505, 0.0131465853532948, 0.012225375695764377, 0.01901852182734317, -0.03757328460558161, -0.07209979785399359, 0.026002272868991497, -0.0012909775012707625, 0.015336043924996634, 0.011559625742604052, 0.01801900949905509, -0.0415198730834896, -0.07508751987610915, 0.030941770412479485, -0.0025683160361637406, 0.017295402620327825, 0.01100246057603001, 0.017105851329145286, -0.04537020367143872, -0.07768501446061629, 0.03584145434304785, -0.0037468317370086463, 0.01892084577280794, 0.010525440210586802, 0.016311724388901765, -0.0491026771900535, -0.07995613203603469, 0.04057832609068965, -0.004858956627901976, 0.02015797193315107, 0.01010989049574269, 0.015661160678110263, -0.0527046734076324, -0.081965009534102, 0.04509160806914173, -0.00592253915149754, 0.02099172851967406, 0.009743894116458538, 0.015170606952067917, -0.056164435097774]","[-0.3534188433182057, -0.5193320775236266, -0.4469247115078456, -0.48717772212364024, -0.5080411203804289, -0.46002498212326315, -0.5445277343471151, -0.4374461364701448, -0.5632753340123688, -0.41906144437149506, -0.5702363600436332, -0.40454167804512736, -0.5704119473948346, -0.39360251983051353, -0.5682407561986398, -0.38655831507024846, -0.56628475335351, -0.3829239104475632, -0.5654523692307667, -0.38171685531065147]","[0.06721022874895954, -0.011743090641858522, 0.008054821439701598, 0.06836627307331022, -0.009617754063483197, 0.006588036679431752, 0.06887204960060744, -0.006345738463235939, 0.005030818976314411, 0.06908514487222472, -0.002080917919385694, 0.003477123967364104, 0.06941881130684613, 0.0029419447601237714, 0.001987306507247766, 0.06977672837928861, 0.008275296051497794, 0.0005623307671256406, 0.07021332213851528, 0.013872541793949367, -0.0007914176350887203, 0.0707781386938654, 0.01968934793051602, -0.0020651657639718657, 0.07151756755891603, 0.02568376439248876, -0.0032503132614913888, 0.07247231883970695, 0.03181466194170213, -0.004339801481118233, 0.07367225233050956, 0.038037702565332676, -0.005328799092843894]","[0.059983521699905396, -0.0037582069635391235, 0.014179795980453491, 0.022803284227848053, -0.006195947527885437, 0.00366288423538208, -0.2410400390625, -0.2912841796875, 0.059999749064445496, -0.0037430524826049805, 0.014062106609344482, 0.022780291736125946, -0.005638487637042999, 0.003632098436355591, -0.2344482421875, -0.2912841796875, 0.05997428297996521, -0.0036383792757987976, 0.0138016939163208, 0.022748298943042755, -0.005043134093284607, 0.0036275088787078857, -0.22565898895263672, -0.2912841796875, 0.05990847945213318, -0.0035530030727386475, 0.013497740030288696, 0.02274489402770996, -0.00454740971326828, 0.0035728365182876587, -0.22565898895263672, -0.2912841796875, 0.05991262197494507, -0.0035050734877586365, 0.013353288173675537, 0.02268490195274353, -0.004450976848602295, 0.003548726439476013, -0.2058837890625, -0.290185546875]",0.034087851
"[1.4171397686004639, 1.4371397686004639, 1.457139768600464, 1.477139768600464, 1.497139768600464, 1.517139768600464, 1.537139768600464, 1.557139768600464, 1.5771397686004638, 1.5971397686004638, 1.6171397686004638]","[-0.04459123078081785, 0.014049768687560266, 0.010992347971507143, 0.0064740013772511575, 0.019784116492396014, 0.018715370017631204, -0.022706753550693598, -0.05063205459567935, 0.014860277134822564, 0.008102269642692134, 0.008053801207516365, 0.017887824707867157, 0.01880961115055569, -0.025572073706316898, -0.05620081560581262, 0.01655832421824834, 0.00534192567648319, 0.009825455990227749, 0.016310298134185195, 0.018344741699906984, -0.02893479102198169, -0.060977402948329866, 0.019128681065875147, 0.002924994588618277, 0.011579700299920018, 0.015043759216460867, 0.017500388663870027, -0.03281904292478117, -0.06514322901008684, 0.022593152813460214, 0.0007857169920498671, 0.013400141523421349, 0.014048724065021341, 0.016366146678471773, -0.036924043914274216, -0.06864012559827595, 0.02693778844489098, -0.0009565477706634828, 0.015317805844766054, 0.013263171109327634, 0.015236346242748779, -0.040922198864687814, -0.07154870238149075, 0.03171698327050117, -0.002416107712366903, 0.0171133075681817, 0.012626868075074495, 0.0141681507915737, -0.044771239377294686, -0.07395146192132404, 0.03661754089924693, -0.003677894254367203, 0.018638328707884302, 0.012096790862826012, 0.013204033594142678, -0.0484435371997456, -0.07593317431271024, 0.041436951790719975, -0.004802182496400456, 0.019806219563367575, 0.011643902592158806, 0.01237601600330891, -0.0519275029697554, -0.07757871240740319, 0.04606045721535937, -0.005828847457783327, 0.02058089171761239, 0.011249628088955474, 0.01170714241350234, -0.0552217172082904, -0.07896909210208494, 0.05043782062731518, -0.006781369168139306, 0.020965254929904063, 0.010902433827250337, 0.011211694875419446, -0.058325208978861114]","[-0.3802748545625923, -0.5058917510031825, -0.47070101425744987, -0.4627957794566354, -0.5274110335397504, -0.4270513784988111, -0.5589951720428707, -0.3978310700775759, -0.5729679203905853, -0.37440693132264513, -0.575716350424679, -0.3561666389014201, -0.5725087340092148, -0.34259457529896575, -0.5680890862655252, -0.33392851892156145, -0.5649581987695615, -0.3294834574459937, -0.563735944718468, -0.32801271112055896]","[0.0652129520905479, -0.008161406561225881, 0.007438924730395868, 0.06562156231251248, -0.0051979982105061495, 0.005825608547061378, 0.06572070436819333, -0.0011979663884202907, 0.0042257254229056684, 0.06588311913733336, 0.0038031237680296037, 0.0026855818719333513, 0.06598173065292401, 0.009547012794861587, 0.0012107883514715923, 0.06614326429033812, 0.01551741416505159, -0.0001729292633578794, 0.06641672937787269, 0.021654081502276323, -0.0014629301748305679, 0.06684555002243131, 0.02790418965881969, -0.0026535958442455154, 0.06747019951928668, 0.03422216849742732, -0.003739810737031668, 0.06832569421507817, 0.04056694277264361, -0.004718703274225522, 0.06943579446144976, 0.046896241616898315, -0.005590383819062517]","[0.06012590229511261, 0.0009232833981513977, 0.01488262414932251, 0.022636525332927704, -0.005537658929824829, 0.003611162304878235, -0.2805908203125, -0.2912841796875, 0.060232013463974, -0.0005075708031654358, 0.014512568712234497, 0.022667966783046722, -0.005571015179157257, 0.0036221593618392944, -0.277294921875, -0.2912841796875, 0.060232013463974, -0.0005075708031654358, 0.014512568712234497, 0.02275077998638153, -0.005443647503852844, 0.003666132688522339, -0.2718017578125, -0.2912841796875, 0.060232013463974, -0.0005075708031654358, 0.014512568712234497, 0.022826112806797028, -0.005265653133392334, 0.0037119686603546143, -0.26630859375, -0.2912841796875, 0.0605626106262207, -0.001700073480606079, 0.013929307460784912, 0.022816523909568787, -0.0053107887506484985, 0.003673374652862549, -0.259716796875, -0.290185546875]",0.034483692999999996
"[1.5166761875152588, 1.5366761875152588, 1.5566761875152588, 1.5766761875152588, 1.5966761875152589, 1.6166761875152589, 1.636676187515259, 1.656676187515259, 1.6766761875152587, 1.6966761875152587, 1.7166761875152587]","[-0.04546519574660223, 0.01958215958052941, 0.009143194650492237, 0.008970027141777238, 0.020964032754278123, 0.018732582880402294, -0.024845603721521788, -0.05145734885510083, 0.02079661743557896, 0.0065335493257945776, 0.010762028001740528, 0.019120715120223838, 0.018688377891213005, -0.028132037219731, -0.05657639745384689, 0.022904226106645866, 0.004292411970127172, 0.012523737926578151, 0.017615754236646866, 0.017989336507922876, -0.03197255369282841, -0.06094433087834183, 0.025969579757569528, 0.0023459759571283524, 0.01432984961283892, 0.016429045840983134, 0.016615178886896256, -0.0360931989289683, -0.06445070216345633, 0.03000833824940816, 0.0007979213068490723, 0.016190848052848292, 0.015516706115374073, 0.014828807015455204, -0.04017485896009902, -0.06699599403769171, 0.03479628514731937, -0.00027094123574281385, 0.017973938395608766, 0.014811866077571506, 0.012944423912828157, -0.044041475784187406, -0.06875614815688331, 0.03989785178288164, -0.0010245114464525313, 0.019495526146849646, 0.014251790068651128, 0.011045314213925794, -0.04766196279134649, -0.06989143532409225, 0.04501475116179986, -0.001588102385017713, 0.02064301202330543, 0.01379237904505066, 0.009195898293229306, -0.05102017616375339, -0.07054829391930095, 0.04996310545542322, -0.0020535755058768107, 0.021364333993078286, 0.013404786933144258, 0.007446512802585054, -0.05411746606821189, -0.07085864158277555, 0.05464881462340163, -0.002484268772323306, 0.02165568409063052, 0.013071507408674268, 0.005835472879099633, -0.056965854244539114, -0.07093747161179328, 0.059042334516837866, -0.0029198720851415835, 0.021548918164127264, 0.012782489160028207, 0.004390090763138883, -0.05957652228459817]","[-0.45041552008529756, -0.46620087833091833, -0.5285393681077757, -0.39787489122734, -0.5738691806423646, -0.34273565881094925, -0.5953296226934459, -0.29911092906422543, -0.6006580859884714, -0.2654198120603158, -0.5963742704426123, -0.24021930624583623, -0.5877937217558161, -0.22220650409059595, -0.5798947187846504, -0.21106482651571995, -0.5749691172403635, -0.2054917746229779, -0.5731542197786712, -0.20368150212566252]","[0.06280320163527264, -0.003726544577750346, 0.006975888136092401, 0.06354766331509276, -0.000560276509149471, 0.005365328002612468, 0.06418405382553272, 0.0037801319423751423, 0.0037750942289918044, 0.06448125691650008, 0.009163607003519036, 0.002216731952745299, 0.06451154559661709, 0.015162329359238669, 0.0007404998781357364, 0.06452255295774834, 0.021396264996702552, -0.0006207475321824418, 0.06455586152427706, 0.027803761026699902, -0.001863858857245937, 0.06464647102961785, 0.034332080589990266, -0.0029835858103606228, 0.06482710310738238, 0.04093773264825984, -0.003976300276927525, 0.06512625700324692, 0.04758256365934166, -0.0048417689758206706, 0.06556244908457298, 0.05422596827555104, -0.005583904723303501]","[0.05909512937068939, 0.006063252687454224, 0.01475641131401062, 0.02191431075334549, -0.0028546974062919617, 0.0037963539361953735, -0.290478515625, -0.2912841796875, 0.059262871742248535, 0.005811356008052826, 0.014785796403884888, 0.02205750346183777, -0.0030468925833702087, 0.003814488649368286, -0.2893796920776367, -0.2912841796875, 0.05941091477870941, 0.005489282310009003, 0.01480036973953247, 0.022164851427078247, -0.0033506378531455994, 0.003827393054962158, -0.2893796920776367, -0.2912841796875, 0.05955430865287781, 0.00507606565952301, 0.014814674854278564, 0.022224031388759613, -0.0036649703979492188, 0.003881603479385376, -0.2893796920776367, -0.2912841796875, 0.059685125946998596, 0.004608407616615295, 0.014799326658248901, 0.022173278033733368, -0.003923244774341583, 0.003801003098487854, -0.2871824264526367, -0.2912841796875]",0.034515466
"[1.6162641048431396, 1.6362641048431397, 1.6562641048431397, 1.6762641048431397, 1.6962641048431397, 1.7162641048431397, 1.7362641048431398, 1.7562641048431398, 1.7762641048431396, 1.7962641048431396, 1.8162641048431396]","[-0.046543601762563336, 0.026362469933673652, 0.010213163926677035, 0.012888655146637803, 0.023085681077365038, 0.01806833288973289, -0.02789758301036667, -0.052166643846622486, 0.02794456655586107, 0.007947486720966344, 0.014598702962828012, 0.02123164415814502, 0.017529947774522405, -0.03184190414461806, -0.05698145218209045, 0.03048574221907706, 0.005946936069525476, 0.016318909733941588, 0.019722310758295718, 0.016095640813818663, -0.03603532618269793, -0.06081424583035375, 0.034022232389987986, 0.004305338644657469, 0.018054448299172726, 0.018528910305706588, 0.013913880472363324, -0.04015280101360787, -0.0635125634345329, 0.03833815145007273, 0.003081283142768466, 0.019657807207685785, 0.017601873350338408, 0.011259182310969734, -0.04401190708949583, -0.06499219752610996, 0.043174127472743434, 0.002350491376408277, 0.02096865376212176, 0.01687382628934112, 0.008504604418653583, -0.047510414953194746, -0.06553892123715363, 0.048125830790656035, 0.0019063377936602574, 0.021860595709619273, 0.01628149019220626, 0.005757430333682619, -0.05063488515937509, -0.06539476453439422, 0.052931165170002514, 0.0015951296448306707, 0.022275118578673207, 0.015781987152459848, 0.003098199875301539, -0.05338657689219563, -0.06476372595223436, 0.05744539945913135, 0.0013089635046161282, 0.02221001758784003, 0.015349124299961485, 0.0005858838364774786, -0.055785157913193884, -0.06381520542506344, 0.06161384913577967, 0.0009784259805838767, 0.021705889329711913, 0.014968844710990458, -0.0017378375736036371, -0.057860999583255565, -0.06268587217196236, 0.06544368577951452, 0.000565277171519795, 0.020832534643316747, 0.014634589052698838, -0.003844432182840241, -0.05964203289246748]","[-0.5083223189950175, -0.4150805910686338, -0.564876578519745, -0.3243306198125099, -0.5909422548433145, -0.25398977342594065, -0.595806568645415, -0.2007648396546884, -0.5873958467878265, -0.16161371718580478, -0.5722638056750222, -0.13381051832902865, -0.5556241638074082, -0.11495427044673326, -0.5426165948283698, -0.10376465197841772, -0.5351007187088741, -0.09834196648219526, -0.5324411123673302, -0.09661792170380014]","[0.06349069469833835, -0.0017501658100922413, 0.00720451320032911, 0.06454777824025404, 0.0022077613565900656, 0.00544423189918275, 0.06505927264070754, 0.007380101770968928, 0.003692313633035127, 0.06496595891698764, 0.013431045417679144, 0.002016695275281144, 0.06443229086381974, 0.020045635145376384, 0.00047816025558100606, 0.06380512053943943, 0.026857567164823237, -0.0008853683435008364, 0.06312324087556531, 0.0337930548135037, -0.002078973568253595, 0.062417283759591324, 0.04079078055985086, -0.0031058251695359473, 0.06171507331977055, 0.04780295246766775, -0.0039711844296013155, 0.06104091300458647, 0.05478961107686198, -0.004684134615171587, 0.06041120309779857, 0.06170773281484543, -0.005258313026056172]","[0.05736449360847473, 0.0051202550530433655, 0.014307886362075806, 0.020642995834350586, -0.0030167922377586365, 0.0036315470933914185, -0.290478515625, -0.290185546875, 0.05755186080932617, 0.005318246781826019, 0.014382600784301758, 0.01885337382555008, -0.005808062851428986, 0.009237512946128845, -0.290478515625, -0.2912841796875, 0.05774487555027008, 0.005528964102268219, 0.014434576034545898, 0.02106267213821411, -0.0027707964181900024, 0.003877803683280945, -0.290478515625, -0.2912841796875, 0.05789840221405029, 0.00569482147693634, 0.014553874731063843, 0.02125655859708786, -0.0028523504734039307, 0.003633752465248108, -0.290478515625, -0.2912841796875, 0.05811217427253723, 0.005979716777801514, 0.014540046453475952, 0.021358393132686615, -0.0027814358472824097, 0.0036656707525253296, -0.290478515625, -0.2912841796875]",0.033445986999999996
"[1.7155935764312744, 1.7355935764312744, 1.7555935764312744, 1.7755935764312745, 1.7955935764312745, 1.8155935764312745, 1.8355935764312745, 1.8555935764312745, 1.8755935764312743, 1.8955935764312744, 1.9155935764312744]","[-0.047486077714909404, 0.03204697404798768, 0.010326961346480569, 0.014778200073523802, 0.025238328585444603, 0.01566097193920983, -0.031688461509395346, -0.052820950614954176, 0.03405751944454795, 0.008109058590614539, 0.016425948451583777, 0.023363274772641086, 0.0147237566619365, -0.03564334677868865, -0.057158799947483276, 0.03699715174420301, 0.006234660572724846, 0.018082791499690394, 0.02181741240162869, 0.012905318282272909, -0.03949621327968632, -0.06029464920147271, 0.04067298976319786, 0.004747908178032443, 0.019590772217374867, 0.02057046287320121, 0.010328403347192094, -0.043098805740507895, -0.06210001418701309, 0.044838673597276724, 0.0036901741516634093, 0.02076405268094243, 0.019579540808614862, 0.007276941639932513, -0.04637967665224638, -0.06258724024260312, 0.049352353376422645, 0.0031265306907551495, 0.02154705819226227, 0.018780628413711045, 0.004151634955333205, -0.04921932762992704, -0.06210487044400637, 0.0538557602298502, 0.002833479230449592, 0.021862996782256706, 0.018112739232774032, 0.0010666617601928895, -0.05162123533755121, -0.06093858479957577, 0.05812683182369171, 0.0026475523346614327, 0.021694901422377868, 0.01753531955750667, -0.0018945548924821421, -0.0536017981472169, -0.059320097006317685, 0.0620546905087518, 0.0024567801044976245, 0.021074129249656473, 0.017024440670847064, -0.004673793513375102, -0.05519444455782016, -0.05743387539869549, 0.06561217613068737, 0.002191928912285246, 0.02006706915636264, 0.016568095862035954, -0.0072324579273098264, -0.056442064886733874, -0.05542232482418072, 0.06882767011964744, 0.0018178056001366587, 0.01876199429702736, 0.016161397666679775, -0.009545738755305004, -0.057384040239894664]","[-0.5230433556156204, -0.3566075686435032, -0.5620826263868627, -0.2551978677125036, -0.57430263241449, -0.17831004548148782, -0.5685999817215825, -0.12156557819624297, -0.5524561275649882, -0.0809876565714096, -0.5319436735896161, -0.05306250312936648, -0.5117845452056261, -0.03474391880110275, -0.4967723218832351, -0.024176978006770697, -0.48832792727446406, -0.019172771492029513, -0.4853863083944059, -0.017607952844189194]","[0.06356277168348823, 0.003981666012787599, 0.0069430064818565285, 0.06432048961281378, 0.008584014444682708, 0.00510295586168219, 0.06434500382205888, 0.014093089640214718, 0.0033323653725036984, 0.06366978423680258, 0.020339389296908372, 0.0016909209367419464, 0.06254261367899305, 0.027097072780035703, 0.00023277772331153912, 0.06129742169132801, 0.03395062659484971, -0.0010205753283920593, 0.05996912289605194, 0.040827498573150045, -0.00208421671643233, 0.05858370603165097, 0.04766918326495162, -0.0029709421042669604, 0.057164057669396806, 0.0544319978305321, -0.003694965397966765, 0.05573020543081941, 0.06108061187941827, -0.004273342860045659, 0.05429618957976201, 0.0675763752991636, -0.004726512125282856]","[0.053917065262794495, 0.009941309690475464, 0.013724446296691895, 0.018376857042312622, 0.000606052577495575, 0.0030755549669265747, -0.290478515625, -0.2912841796875, 0.05430462956428528, 0.009024858474731445, 0.013865768909454346, 0.018643252551555634, 9.82433557510376e-05, 0.0030832439661026, -0.290478515625, -0.2912841796875, 0.054695263504981995, 0.008223816752433777, 0.013900816440582275, 0.018875226378440857, -0.0004347115755081177, 0.0031487494707107544, -0.290478515625, -0.2912841796875, 0.055020421743392944, 0.007508017122745514, 0.013970375061035156, 0.01917075365781784, -0.0009356141090393066, 0.0031996071338653564, -0.290478515625, -0.2912841796875, 0.05535070598125458, 0.006923481822013855, 0.013920217752456665, 0.019323527812957764, -0.00128994882106781, 0.0034601539373397827, -0.290478515625, -0.2912841796875]",0.030498784
"[1.8166353702545166, 1.8366353702545166, 1.8566353702545166, 1.8766353702545167, 1.8966353702545167, 1.9166353702545167, 1.9366353702545167, 1.9566353702545167, 1.9766353702545165, 1.9966353702545165, 2.016635370254517]","[-0.04771105071682204, 0.03370540454793866, 0.008636991380043355, 0.01374609649403182, 0.026462249700964433, 0.015586900776131514, -0.03117368569576969, -0.05274760680028204, 0.03643172348181299, 0.006851118390508242, 0.016015500810006744, 0.024617252414988536, 0.014533863725910536, -0.034901249532413706, -0.0566077617142991, 0.039953117822853504, 0.005463864894333336, 0.018184329684665962, 0.0231063185966044, 0.012413017446930458, -0.03860226589292591, -0.05909419990125634, 0.04409839065991801, 0.004494190507351371, 0.020062134693668875, 0.021913452346676902, 0.009303368410738661, -0.042202629934007765, -0.060160708244173015, 0.04877980362299694, 0.003960495160008551, 0.021585605761796228, 0.021002389120625478, 0.005507656407082975, -0.04553366740974873, -0.059736704140803155, 0.05392328731298195, 0.00400769173208984, 0.022704417541316104, 0.020304735072976608, 0.0015607649033703977, -0.048445086974549356, -0.05824721466690247, 0.059116631223551985, 0.004356484663648855, 0.023329906088362773, 0.01974949623690254, -0.0023979867629751075, -0.05093950658535276, -0.056034570103279745, 0.06409779881493603, 0.0048000319523993145, 0.023435922160048205, 0.019289168101702406, -0.0062659098547436665, -0.05303183593316479, -0.05337031437365889, 0.06872864191472963, 0.005194290325144593, 0.023047501935144137, 0.018895491545375405, -0.00997034222865606, -0.054753756102934155, -0.05046493515774769, 0.07296556546403862, 0.005447877051497074, 0.02222744071666465, 0.018554215742904445, -0.013461785220483545, -0.05614605886598386, -0.047476047942481905, 0.07682903146441171, 0.005511815210517125, 0.02106281695726932, 0.018259699926717235, -0.0167065148534926, -0.057245309114953014]","[-0.5600695172964867, -0.3054340012673873, -0.6086719312148228, -0.18434299250588101, -0.6273288115145156, -0.0935930378189008, -0.6255507913518021, -0.02758529763364404, -0.6114379865558023, 0.018774118845870047, -0.5916544174316272, 0.04998845759178447, -0.5714631938403043, 0.06996122956272327, -0.5561527100362541, 0.08120846199237271, -0.547446612027412, 0.08641761573965213, -0.5443926991168682, 0.08801671605395825]","[0.062155071126893224, 0.007661952457975296, 0.006901135034253603, 0.06265584635569765, 0.011684825002015842, 0.005143180515012169, 0.0623627618019692, 0.01673768242954843, 0.003436335366662213, 0.06131831446512592, 0.022796219904661186, 0.0018355814227821732, 0.05967615905208512, 0.02957286759588884, 0.00039751218093986296, 0.05790399554799641, 0.036540319823693324, -0.0008449086260391425, 0.05603516057999447, 0.04363449419630827, -0.00190516171008559, 0.05409195839305614, 0.050802559970702266, -0.0027919356991521482, 0.052092428172410554, 0.05800403893472028, -0.003513912728582813, 0.05005161198282304, 0.06520468134333157, -0.004081939634395404, 0.04797942775839947, 0.07236454931342129, -0.004510270505577285]","[0.04848894476890564, 0.018092215061187744, 0.013112127780914307, 0.015151888132095337, 0.005923636257648468, 0.002821892499923706, -0.2893796920776367, -0.2912841796875, 0.04909813404083252, 0.017439469695091248, 0.013183444738388062, 0.015539519488811493, 0.005387268960475922, 0.0028949081897735596, -0.2893796920776367, -0.2912841796875, 0.04969237744808197, 0.016739577054977417, 0.013253927230834961, 0.015966705977916718, 0.004804797470569611, 0.002870619297027588, -0.290478515625, -0.2912841796875, 0.050294339656829834, 0.015999644994735718, 0.013333797454833984, 0.016303956508636475, 0.004245467483997345, 0.0029560327529907227, -0.290478515625, -0.2912841796875, 0.05090251564979553, 0.015349291265010834, 0.013577967882156372, 0.01661881059408188, 0.003750026226043701, 0.002983078360557556, -0.290478515625, -0.2912841796875]",0.034011802
"[1.9353437423706055, 1.9553437423706055, 1.9753437423706055, 1.9953437423706055, 2.0153437423706055, 2.0353437423706056, 2.0553437423706056, 2.0753437423706056, 2.0953437423706056, 2.1153437423706056, 2.1353437423706056]","[-0.047567930216928546, 0.033794473313698926, 0.007869378873120005, 0.014874096237009743, 0.02549399715514114, 0.015594117258541882, -0.03056369058794085, -0.052127155999634446, 0.03723038885999404, 0.006528440190184074, 0.01750705720555954, 0.023841413767644072, 0.014071077398196838, -0.03444902218091368, -0.05530633812978193, 0.04133400841340818, 0.005608275889525122, 0.019851321726873296, 0.022531687976352445, 0.01122522386640076, -0.038377435431825285, -0.05697672421147211, 0.04608161900572534, 0.005107033134694291, 0.02184078451095285, 0.021555023402261262, 0.007159045071781299, -0.04216007416210397, -0.05699897657704976, 0.05144036070964646, 0.005125910479989425, 0.02341759314150033, 0.020870491773277634, 0.0023253126789739955, -0.04559261843704062, -0.055358454029995806, 0.05726888372826724, 0.005770923149572055, 0.024509021079946784, 0.02039874792072139, -0.002682859569008075, -0.04853926657629368, -0.052569345794518316, 0.06310692111998625, 0.006705243289241665, 0.0250302465035773, 0.020060544551021544, -0.007700477616847628, -0.05100790242341595, -0.04903820006976652, 0.06866541007584585, 0.007681369034045537, 0.024964064170922035, 0.01980402386715585, -0.012607548007814766, -0.053019432518634384, -0.04507963794629248, 0.07379664613392492, 0.008529288286575258, 0.02434838783741359, 0.019599785902704673, -0.017321619286023392, -0.05461291322652451, -0.04093007678207594, 0.07846059890441123, 0.009143776384049462, 0.023261338866580508, 0.019434722768987677, -0.02178851430616916, -0.055837049624749314, -0.03675999344157419, 0.08268964959212818, 0.00947147198790059, 0.021806258385430054, 0.019305581854907945, -0.02597169108627264, -0.05673535259221548]","[-0.6040564423527013, -0.22863803900959184, -0.6543658031167267, -0.08719675804802912, -0.6714463357291973, 0.01696007167697179, -0.6660285726275312, 0.09107436001191835, -0.6472573274678899, 0.1417041858790441, -0.6226582828027836, 0.17462798699905302, -0.5981680137010402, 0.19483086365973584, -0.5797939182382003, 0.20574923441412202, -0.5694044312524985, 0.2106164343536923, -0.5657708197068028, 0.21206494871822407]","[0.05972864031721958, 0.00688963671658982, 0.006523018137046588, 0.06004874916860836, 0.01102940335329139, 0.004801236097009998, 0.059469798209612956, 0.016480810780631572, 0.003111494767615852, 0.057924955565479275, 0.02313155391988353, 0.0015215153073655507, 0.05570586952319978, 0.030560357065779975, 0.00011009529364036652, 0.05332631179818148, 0.03822822386285418, -0.0010906002259085668, 0.050816553800311026, 0.04606811034257996, -0.0020943487992104437, 0.048192990184594886, 0.054023246991877105, -0.0029084764272209185, 0.04546626225178829, 0.062049793983161905, -0.0035397800696781445, 0.04264421558767573, 0.07011053423765334, -0.003997199551202257, 0.03973152070746988, 0.07816107563402319, -0.004293597796737103]","[0.043502211570739746, 0.022621437907218933, 0.012829214334487915, 0.012156471610069275, 0.008960776031017303, 0.002772510051727295, -0.290478515625, -0.2912841796875, 0.043871209025382996, 0.02227054536342621, 0.01281517744064331, 0.012380875647068024, 0.00865069031715393, 0.002612188458442688, -0.290478515625, -0.2912841796875, 0.04429951310157776, 0.021940141916275024, 0.012860000133514404, 0.012743793427944183, 0.008380398154258728, 0.002817675471305847, -0.290478515625, -0.2912841796875, 0.04475422203540802, 0.021603628993034363, 0.012930631637573242, 0.013041801750659943, 0.008070901036262512, 0.0028431564569473267, -0.290478515625, -0.290185546875, 0.0452129989862442, 0.021217331290245056, 0.012942910194396973, 0.013319902122020721, 0.007730856537818909, 0.0027270764112472534, -0.290478515625, -0.2912841796875]",0.033157925000000005
"[2.035552501678467, 2.055552501678467, 2.075552501678467, 2.095552501678467, 2.115552501678467, 2.135552501678467, 2.155552501678467, 2.175552501678467, 2.195552501678467, 2.215552501678467, 2.235552501678467]","[-0.04755740718804458, 0.03389007291488112, 0.004945013161918569, 0.013489324863739948, 0.025443932000665193, 0.013532732111824373, -0.03215247661483493, -0.05136456650941529, 0.037999983797247255, 0.0039402079151383785, 0.016100810446118767, 0.023972010661940997, 0.011654485306492888, -0.03579047852429444, -0.05369047046970383, 0.0427134958225268, 0.003394341472726328, 0.018416484633179544, 0.022835613882272343, 0.008378773345541799, -0.039329149388160414, -0.05433319561242648, 0.04803197935169698, 0.0033874300650761045, 0.020373198978775806, 0.022013496169460318, 0.003969313864783396, -0.04256093967019235, -0.05322489572467854, 0.05383676089679089, 0.003979378686352477, 0.02188623505851428, 0.021451611206160168, -0.0010944622474151676, -0.0453368283903805, -0.050497454240588734, 0.05987580851260398, 0.005146286789821229, 0.02285161601354132, 0.021071508323585786, -0.006321940161606781, -0.04761154128502227, -0.04668323569244084, 0.06575753685201469, 0.006553333922552613, 0.023225040942614343, 0.020801698945941565, -0.011552935545324002, -0.04940656380007638, -0.04219816177728192, 0.07124711928245492, 0.007955845580105939, 0.023020046874471723, 0.020596528906958733, -0.01667212254459134, -0.05075368601559787, -0.03735906470724147, 0.07623825391720693, 0.00918709103106834, 0.022296337464825747, 0.020431486965704335, -0.021601906452944436, -0.05170051817531225, -0.03239919039324067, 0.08072125733912608, 0.010145228740677572, 0.021145919042390732, 0.02029724699334415, -0.026292642343139667, -0.05230251278941798, -0.027482346634882547, 0.08474967151382838, 0.010780092025918843, 0.019679324066934276, 0.020193405827931478, -0.030711103965786975, -0.05260879158260384]","[-0.6366709536687336, -0.1362044665266354, -0.6688048233183439, 0.0052963169063316735, -0.672583914260761, 0.10842746052317122, -0.6578385164364688, 0.18086859114937878, -0.6328543340171049, 0.2295370409791645, -0.6043739679448241, 0.2605082440682842, -0.577643074804425, 0.2790033624918057, -0.558141855851843, 0.28871675385949236, -0.5472907173586127, 0.2929251474972024, -0.5435316368524965, 0.2941471602966328]","[0.05626571673265768, 0.013431722081801212, 0.005659378728688047, 0.05627241270280148, 0.01789172415211393, 0.004049020854996588, 0.055237158302958944, 0.02354430128056828, 0.0025124557840214834, 0.053257804563324296, 0.0301206458711345, 0.001115426094774996, 0.05067894962443664, 0.03721496788148837, -9.747940735316263e-05, 0.047929437030930555, 0.04446319652192576, -0.0011226828601653693, 0.045032777258015466, 0.05181915834599904, -0.001973975775929837, 0.04199799636277146, 0.05924220709946848, -0.0026600424372982268, 0.03882832804865399, 0.06670166793998922, -0.0031888447975640943, 0.035525199248916506, 0.07417149079610397, -0.0035694464872548792, 0.03208909543097305, 0.08161708237631737, -0.0038134184296083617]","[0.04192754626274109, 0.025028124451637268, 0.01277470588684082, 0.011100947856903076, 0.010498374700546265, 0.0030664056539535522, -0.290478515625, -0.28359375, 0.04193396866321564, 0.024848058819770813, 0.012763261795043945, 0.011110305786132812, 0.010362692177295685, 0.003037378191947937, -0.290478515625, -0.285791015625, 0.04198284447193146, 0.02468961477279663, 0.012751072645187378, 0.011131525039672852, 0.010215066373348236, 0.0030059367418289185, -0.290478515625, -0.285791015625, 0.04197196662425995, 0.024495571851730347, 0.012714147567749023, 0.011188097298145294, 0.010051451623439789, 0.003002062439918518, -0.290478515625, -0.2912841796875, 0.042096659541130066, 0.024257540702819824, 0.012684255838394165, 0.011254489421844482, 0.00988023728132248, 0.0030062347650527954, -0.290478515625, -0.2912841796875]",0.025645259
"[2.135634422302246, 2.155634422302246, 2.175634422302246, 2.195634422302246, 2.215634422302246, 2.235634422302246, 2.255634422302246, 2.275634422302246, 2.2956344223022462, 2.3156344223022463, 2.3356344223022463]","[-0.047366325314509565, 0.03408245439897001, 4.379703567557448e-05, 0.01129273200221887, 0.025920541359921487, 0.01266311751881778, -0.03165927820661461, -0.050344824796698114, 0.03868721303259705, -0.0003994047787005827, 0.014151465111468168, 0.02456596854203686, 0.01081806330720531, -0.03475758913802043, -0.05168681184222132, 0.04386086958323742, -0.00023090029073375822, 0.01671866086301141, 0.023534937234814497, 0.007553762924246399, -0.03772076057918116, -0.05124827400590919, 0.04955989662057463, 0.0005788307938212671, 0.018896898491899728, 0.022806714635664832, 0.0030852654320321035, -0.040434816174265156, -0.049094870694383806, 0.055589913473796944, 0.0019430814656188685, 0.02055841358781388, 0.022341117987627047, -0.0022547793914410013, -0.04285169374668868, -0.045297294103138666, 0.06193381678867663, 0.003939718269487401, 0.021719325940259052, 0.02206569461215139, -0.007864631234919239, -0.044826192765553816, -0.04041260821022803, 0.06818946182918052, 0.006206464377380206, 0.022330144817134866, 0.02190590628983293, -0.013574203448472148, -0.046379134023776, -0.03487575817617537, 0.0741073626998939, 0.008472651532226231, 0.02239590937641389, 0.021813209745659454, -0.019258072413337678, -0.04753986691169032, -0.029017463718704, 0.07956446806510462, 0.01054767972905863, 0.021965842338393837, 0.021760493668594547, -0.02482788127014189, -0.04835187592680225, -0.023080251871929063, 0.08453418062104254, 0.012308587418008811, 0.02112072003270487, 0.021736299969388903, -0.030222894736857003, -0.04886553591608088, -0.01723323722770239, 0.08905461441240481, 0.013687256453086058, 0.019960103140555723, 0.021738731462882223, -0.03539905167993149, -0.049124934587211094]","[-0.6392766069707316, -0.056466771987832017, -0.6775646196503187, 0.09365936117109382, -0.6875486827901585, 0.20357542115101565, -0.678557142927668, 0.2811539097679872, -0.6585550483146783, 0.33354909992069853, -0.6341100087850386, 0.36709482463552, -0.6104149995823296, 0.3872799833162013, -0.5928437183548536, 0.397938942161573, -0.582968395457893, 0.40256905408568333, -0.5795258261057563, 0.4039122246039659]","[0.050464142095230646, 0.02096433064794967, 0.005081739126350016, 0.05027882045136833, 0.024684929211436835, 0.00367451653369244, 0.049108486505067495, 0.02941569414730205, 0.002359185838783251, 0.047062141322714024, 0.035022497137584985, 0.0011670201097646604, 0.04435938020982477, 0.041369924615841214, 0.00012148312059290234, 0.04148036360468821, 0.04793628064322686, -0.0007871587940302405, 0.03844065990898238, 0.05470196414999329, -0.0015655627522042082, 0.035239496880872245, 0.06164406696012659, -0.0022155740657057166, 0.03186947892861269, 0.06874177581160179, -0.0027378538690174814, 0.0283215164914824, 0.07597334803917555, -0.0031332191496122874, 0.024586549206198405, 0.08330570736639631, -0.003403778308399996]","[0.04183897376060486, 0.026336342096328735, 0.0126667320728302, 0.011104561388492584, 0.011150211095809937, 0.0032426416873931885, -0.290478515625, -0.246240234375, 0.04183267056941986, 0.02616722881793976, 0.01280754804611206, 0.010911993682384491, 0.011148788034915924, 0.0031968653202056885, -0.2893796920776367, -0.2583251953125, 0.0418241024017334, 0.025993794202804565, 0.012843996286392212, 0.010954886674880981, 0.011076755821704865, 0.0031560957431793213, -0.2893796920776367, -0.2583251953125, 0.04185910522937775, 0.025851964950561523, 0.012850642204284668, 0.011024750769138336, 0.010966077446937561, 0.003134980797767639, -0.290478515625, -0.27919921875, 0.04190507531166077, 0.025693506002426147, 0.0128403902053833, 0.011047057807445526, 0.010875515639781952, 0.0031351596117019653, -0.2893796920776367, -0.2802978515625]",0.021206017
"[2.215111494064331, 2.235111494064331, 2.255111494064331, 2.275111494064331, 2.295111494064331, 2.315111494064331, 2.335111494064331, 2.355111494064331, 2.375111494064331, 2.395111494064331, 2.4151114940643312]","[-0.04721449406520717, 0.034290643185442865, -0.0029551556302715976, 0.010844699985630755, 0.026143437146536507, 0.012892687345674652, -0.031455630493281976, -0.04923511364297585, 0.0395447361749917, -0.0026050053189333, 0.013851501151861206, 0.024937859577671886, 0.010739776559571342, -0.03443777704992368, -0.04953522790882717, 0.04531845368599332, -0.0015751540810959854, 0.016514678901909483, 0.024042401129873284, 0.0071069974329933385, -0.037251345221412206, -0.04809588090871805, 0.05146189208144754, 1.686067692533153e-05, 0.0187091932104497, 0.0234395074177792, 0.002091866283143386, -0.039805344262714815, -0.044916028705645594, 0.05798784136458064, 0.002187385605254181, 0.020452615125966796, 0.023086083521284287, -0.0038389104744720047, -0.04190004218693326, -0.04002929448188702, 0.06469810159250017, 0.004970730734310959, 0.02161834040047036, 0.02290870670376475, -0.010097136986202165, -0.043526781349850385, -0.034038450837453306, 0.07121583289370187, 0.007979034121787779, 0.02218304078815036, 0.022834404127436182, -0.01649933440780208, -0.04471498135357507, -0.027411502971721385, 0.07731356750663249, 0.010921907768930776, 0.022173049864733348, 0.02281641871084663, -0.022909146453227235, -0.04550161445932509, -0.020500992520821052, 0.08288781950594257, 0.013594772864503588, 0.021654370610088923, 0.022829706687984716, -0.029229732059551282, -0.045937216774027595, -0.013561845321897676, 0.08792942254969185, 0.015865947229591608, 0.020720403550480892, 0.022865061308800734, -0.035393484578113754, -0.04607847897373249, -0.006768279327789728, 0.09249172345450707, 0.0176631388944667, 0.01947961804934491, 0.022922818767746597, -0.04134973215786731, -0.04597468505440299]","[-0.6736537662623112, 0.027597604473111145, -0.7020107350986713, 0.18710536595011074, -0.7040251437406287, 0.3032220327643954, -0.6887386851473629, 0.3844872819675476, -0.6638624816927499, 0.4387051183086349, -0.6357546006434172, 0.47281944873719445, -0.6094335826649039, 0.49287264391326796, -0.5902289847694094, 0.5031776216569236, -0.5795326822612026, 0.5075213967424839, -0.5758229189496842, 0.5087453991198502]","[0.046713590675283134, 0.02434616632326536, 0.004860163536493545, 0.04663967307235062, 0.027780293770470532, 0.0035440498478345184, 0.04559444077671371, 0.03219957354939851, 0.0023210502648405296, 0.04351985872573749, 0.0376380797413729, 0.0012156832308152232, 0.040650135694080713, 0.04370385208083949, 0.00024306990415201568, 0.03754457657746202, 0.050033024923962444, -0.0006051900539238986, 0.034211017099292196, 0.0566189749686119, -0.0013347702989308097, 0.030640266578830233, 0.06344606243350626, -0.0019465150294122324, 0.026817184497228697, 0.07049742652226687, -0.00243900022386212, 0.02272699372930531, 0.077753252328435, -0.0028092856575963054, 0.018358262882416043, 0.08518061366141927, -0.0030540148413287227]","[0.0341658741235733, 0.03216409683227539, 0.010331183671951294, 0.009814456105232239, 0.012415550649166107, 0.0035525858402252197, -0.290478515625, -0.158349609375, 0.03543177247047424, 0.031417712569236755, 0.010790318250656128, 0.009859897196292877, 0.01230313628911972, 0.0035213083028793335, -0.2893796920776367, -0.167138671875, 0.04134121537208557, 0.026934579014778137, 0.012067079544067383, 0.01015172153711319, 0.012242183089256287, 0.003644615411758423, -0.290478515625, -0.178125, 0.04134121537208557, 0.026934579014778137, 0.012067079544067383, 0.010590307414531708, 0.012114785611629486, 0.0035934001207351685, -0.290478515625, -0.19130859375, 0.04134121537208557, 0.026934579014778137, 0.012067079544067383, 0.011254727840423584, 0.011688925325870514, 0.003654852509498596, -0.2893796920776367, -0.202294921875]",0.030699957
"[2.3156023025512695, 2.3356023025512695, 2.3556023025512696, 2.3756023025512696, 2.3956023025512696, 2.4156023025512696, 2.4356023025512696, 2.4556023025512697, 2.4756023025512697, 2.4956023025512697, 2.5156023025512697]","[-0.04671358696585981, 0.03444084187388078, -0.004682527540287865, 0.010271245164601683, 0.0265395153004761, 0.013096257312449316, -0.03160990851684087, -0.047587125229779384, 0.04038277250653209, -0.003444771500747686, 0.013332981027166216, 0.025477521816539686, 0.010319389290656778, -0.034381113081875435, -0.04672642508000381, 0.04669122271444482, -0.0016081010004422613, 0.015972062103014124, 0.024718776106440028, 0.005853983072380499, -0.03691792840643271, -0.04404003352192995, 0.05341195519333524, 0.000819125818425587, 0.018204995033910452, 0.024239117022383884, -2.9774313407671156e-05, -0.03897094452291874, -0.03948810394460282, 0.06036590952147869, 0.003822076886315386, 0.019902484729875835, 0.02398943026802274, -0.006834697232337995, -0.04048390697126393, -0.03319397815278072, 0.06732284789561091, 0.007371615949870914, 0.02093677171127214, 0.023896053860348362, -0.013973614339003062, -0.041500989386936096, -0.02582277403545411, 0.07394296748843388, 0.011052504183168705, 0.021322598444202465, 0.02388839232733639, -0.02124818399179921, -0.0420648378176469, -0.017882252598980117, 0.08003181966882128, 0.014557517881176919, 0.0211166695074965, 0.023922634964930106, -0.028512596526735323, -0.042223291298294406, -0.009745593036786966, 0.08551553957164224, 0.017674496859228846, 0.0204083550747697, 0.023977203665581048, -0.03566603017584283, -0.04203592420078758, -0.0016733603722069487, 0.09041124121308677, 0.020271698049955086, 0.019308112202636292, 0.024046626838897422, -0.04264030631463405, -0.04156689181846403, 0.00616506500517288, 0.09479483877337325, 0.022282402605381647, 0.017935869306367154, 0.0241348551001363, -0.049384449097313446, -0.040871594093213684]","[-0.7014429472040589, 0.13978790808148717, -0.7151884639931416, 0.3081317239103385, -0.7054855484839085, 0.428358487837182, -0.6809880947936258, 0.5103607212296517, -0.6490549425120128, 0.5631439926147099, -0.6157276745078212, 0.5946936121039015, -0.5857373275355566, 0.6119250670598544, -0.5642927348256037, 0.6200110820890883, -0.5524903854120805, 0.6230654672194136, -0.5484259602137347, 0.6238304004057316]","[0.04473234533297821, 0.02683506787473089, 0.004817055828862493, 0.044586555087914204, 0.03013464361345175, 0.0035612375145457342, 0.04322676561416938, 0.03455609912112312, 0.0024095871487657128, 0.04064022808201184, 0.03984030093652091, 0.0013790426443196502, 0.03719312733627622, 0.04572136666764681, 0.00048091382398585125, 0.033447277728026026, 0.05190570805520878, -0.00030010194022311865, 0.029404913174651548, 0.05839377728606632, -0.0009721236235766817, 0.025049430032796027, 0.06517063405212298, -0.0015360874675653946, 0.020357812245752283, 0.07221759367535885, -0.0019878102709900425, 0.015309241569066767, 0.07951234981103772, -0.0023187929296430987, 0.00989072276018177, 0.08701895312934793, -0.0025179575307232582]","[0.015420667827129364, 0.04599732160568237, 0.009433150291442871, 0.003831334412097931, 0.01793043315410614, 0.004177063703536987, -0.290478515625, -0.074853515625, 0.016975246369838715, 0.044792965054512024, 0.009404927492141724, 0.004050590097904205, 0.017748340964317322, 0.004072129726409912, -0.290478515625, -0.0847412109375, 0.01879323273897171, 0.04351292550563812, 0.009500890970230103, 0.004360996186733246, 0.01745845377445221, 0.00403931736946106, -0.290478515625, -0.0979248046875, 0.020772278308868408, 0.042164161801338196, 0.009718865156173706, 0.00485924631357193, 0.016930773854255676, 0.003806382417678833, -0.290478515625, -0.11220703125, 0.022761449217796326, 0.04069550335407257, 0.009861141443252563, 0.005797654390335083, 0.016267865896224976, 0.003712952136993408, -0.290478515625, -0.1264892578125]",0.032133272
"[2.4170849323272705, 2.4370849323272705, 2.4570849323272705, 2.4770849323272706, 2.4970849323272706, 2.5170849323272706, 2.5370849323272706, 2.5570849323272706, 2.5770849323272706, 2.5970849323272707, 2.6170849323272707]","[-0.041060148446294714, 0.03536598127025639, -0.002170489967890439, 0.008385688172698478, 0.027307485623910846, 0.009371638472268353, -0.030035112354391685, -0.04115337668230491, 0.04176094426631364, -0.0006000067605505787, 0.011557827178713623, 0.026338208893211246, 0.005784392900903962, -0.03241501681742787, -0.03953645613353597, 0.04852153247826686, 0.0015305462967737634, 0.014392218570303148, 0.025647277237518216, 0.0006830539386329464, -0.034420719920234724, -0.03611942489676474, 0.05549877049957625, 0.004174806525369496, 0.01675956279151136, 0.025204113598544645, -0.005656142960790608, -0.03596447391881388, -0.030987498626040274, 0.06247935517297646, 0.00723510134452559, 0.018531984530942614, 0.024963056606525567, -0.012797100080623212, -0.03704560168254133, -0.024290285717879233, 0.06932721570566355, 0.010699083775212484, 0.019644276207638502, 0.024856289129322407, -0.02014630683533636, -0.03768361616409833, -0.016685370481512026, 0.07573656317896736, 0.014168186623935507, 0.020123644376513376, 0.02481821453706065, -0.02751379752176344, -0.03792550869511295, -0.008661963743352319, 0.08154229440842495, 0.01735678937590558, 0.020033349944325082, 0.024809808916067332, -0.03476550829887032, -0.03782088092843968, -0.000566592275571378, 0.08669563450196455, 0.02007762011576709, 0.0194644653703136, 0.024814014667655263, -0.041816368997818376, -0.037428272484729935, 0.007371352408898977, 0.0912346488335137, 0.02222515209403028, 0.01852534905496957, 0.02482947659455778, -0.04861581780940394, -0.03680875316269752, 0.015014358994728307, 0.09525204012054306, 0.02375837312366835, 0.01733102491927711, 0.024863629215992708, -0.055129057372534124, -0.03601377471794337]","[-0.704150727305441, 0.22222289644397233, -0.708711962396664, 0.3788842920688399, -0.6919842065646967, 0.48696631866487705, -0.6622691377877736, 0.5572704515006321, -0.6266050229957993, 0.5994830145631562, -0.5907366495354713, 0.6220613081347175, -0.5591220992563845, 0.6322070552573473, -0.5367673230529344, 0.6356243596474935, -0.5245493981689635, 0.6362514544730744, -0.5203597097020736, 0.6362120326897529]","[0.042705765567825016, 0.02855914986623853, 0.005106759314589482, 0.041691732692148764, 0.03200768643862917, 0.0038817630388421343, 0.03941506145373064, 0.036368022390547594, 0.0027639190247192857, 0.03600127037498513, 0.0415281512892669, 0.0017700887107396923, 0.03177041223348265, 0.04732748682418331, 0.000907552112863641, 0.027272622486794518, 0.053429817900929155, 0.000154857354820237, 0.02251164805572481, 0.05982337513570313, -0.0004935232837439685, 0.01747328367423484, 0.06648374055881856, -0.0010341935257773827, 0.012136865910275296, 0.07338760007413292, -0.0014576994715076452, 0.006484790079198888, 0.08051269298015873, -0.0017504011605953274, 0.0005099652839148927, 0.08782611599936185, -0.0018973098486343432]","[-0.000220566987991333, 0.05719806253910065, 0.010888636112213135, -0.002059347927570343, 0.02330315113067627, 0.004520833492279053, -0.290478515625, -0.0561767578125, 0.001020871102809906, 0.0563281774520874, 0.01074722409248352, -0.0015859156847000122, 0.02287571132183075, 0.004492476582527161, -0.290478515625, -0.0561767578125, 0.0024735629558563232, 0.05529916286468506, 0.010567158460617065, -0.0010149329900741577, 0.022286564111709595, 0.004463881254196167, -0.290478515625, -0.0561767578125, 0.0041468143463134766, 0.054223865270614624, 0.010474473237991333, -0.0002856254577636719, 0.021658778190612793, 0.004407748579978943, -0.290478515625, -0.0561767578125, 0.006014347076416016, 0.05295078456401825, 0.010296493768692017, 0.0005495846271514893, 0.020926743745803833, 0.0043773651123046875, -0.290478515625, -0.0561767578125]",0.026184982
"[2.5159244537353516, 2.5359244537353516, 2.5559244537353516, 2.5759244537353516, 2.5959244537353516, 2.6159244537353517, 2.6359244537353517, 2.6559244537353517, 2.6759244537353517, 2.6959244537353517, 2.7159244537353517]","[-0.02944012024320449, 0.037528159010237476, 0.00035627139037616045, 0.0057291272549550454, 0.026572859404429494, -0.0033935641927619786, -0.02705480749650143, -0.02914869376326488, 0.044341822294921104, 0.0012591580815368585, 0.009097349891612882, 0.025831773202933988, -0.0069550216026616225, -0.028917448332814236, -0.027382215197899372, 0.051220589725446256, 0.002648183205128749, 0.012080260969234598, 0.025288522461525735, -0.011341880815068095, -0.0304797274639162, -0.024259002043125734, 0.05794454956985208, 0.004390885385568975, 0.014555073676099903, 0.02490449359014312, -0.01634963775434711, -0.03171745395337838, -0.01995315019802856, 0.0643704488496074, 0.006387972075825749, 0.016467422955318552, 0.024637108056866346, -0.0216591037855089, -0.03260758774435717, -0.014671292268191234, 0.07035741420175043, 0.00856468931262171, 0.017767796681040122, 0.024437846004554474, -0.026926457327064265, -0.033183458882800734, -0.008866971919490959, 0.07573085057624021, 0.0106638684146487, 0.018486653847780296, 0.024266258124212143, -0.03204000655879474, -0.03348092133029741, -0.0028688455448995735, 0.08042202062471251, 0.012512476296457858, 0.01868323936901468, 0.024101283017185296, -0.03692933984282465, -0.0335373732080296, 0.003097869656889363, 0.08444772346474767, 0.014008561669226692, 0.01843882979374445, 0.02393762173186459, -0.041560708128190335, -0.033397507741124585, 0.008890650971649816, 0.0878858996577602, 0.015106985662060222, 0.017847983519563907, 0.02378069661633465, -0.04592480708035705, -0.033107919578512945, 0.014429829507711364, 0.0908493034404462, 0.01580524510484212, 0.017009746341092286, 0.023641081605132883, -0.050020812362538566, -0.03270659274555631]","[-0.6835630518255937, 0.23790647515211338, -0.6678740475023769, 0.3386916872992783, -0.6382447239558788, 0.405383271206336, -0.6012790558417906, 0.4463435984664523, -0.5624245344794904, 0.46883707565901483, -0.5259938530073162, 0.4790140926699139, -0.4952106667969826, 0.48194622524534925, -0.47396504623959884, 0.48174496465319977, -0.4625321541519805, 0.48090748222890695, -0.458650299017175, 0.48047783917354303]","[0.03066258380927711, 0.03681251618998038, 0.004546972755417933, 0.028148171137170275, 0.04073392509191631, 0.003450127728105823, 0.024953024582168526, 0.045131988600762174, 0.0024822357517439997, 0.02118805063551321, 0.04995964206980297, 0.0016455604315970263, 0.0170751299289017, 0.05504868072884683, 0.0009265456749747436, 0.01292950917047031, 0.06021732767494026, 0.00029738530652956285, 0.00875400311079888, 0.06545202141528383, -0.00024238941255871893, 0.004539646042848511, 0.07073864728455659, -0.0006907268339984007, 0.0002730741446067553, 0.07607209739956833, -0.0010446814980271668, -0.004057454172564312, 0.08145234653474898, -0.001301614588851585, -0.0084574271003508, 0.08687091026980909, -0.0014608846509012174]","[0.0010271593928337097, 0.05538782477378845, 0.008738547563552856, -0.0027798786759376526, 0.023194581270217896, 0.0031865984201431274, -0.290478515625, -0.0561767578125, 8.935481309890747e-05, 0.05662606656551361, 0.00925058126449585, -0.002973996102809906, 0.023804888129234314, 0.0033941417932510376, -0.290478515625, -0.0561767578125, -0.0025167763233184814, 0.05939745903015137, 0.010575711727142334, -0.003552943468093872, 0.024981066584587097, 0.004104822874069214, -0.290478515625, -0.0561767578125, -0.002731524407863617, 0.0594990998506546, 0.010779649019241333, -0.003571517765522003, 0.024868100881576538, 0.004214659333229065, -0.290478515625, -0.0561767578125, -0.0027314797043800354, 0.05935212969779968, 0.010942637920379639, -0.003492198884487152, 0.024622544646263123, 0.00431591272354126, -0.290478515625, -0.0561767578125]",0.032426258
"[2.6158394813537598, 2.63583948135376, 2.65583948135376, 2.67583948135376, 2.69583948135376, 2.71583948135376, 2.73583948135376, 2.75583948135376, 2.77583948135376, 2.79583948135376, 2.81583948135376]","[-0.017731765328689537, 0.03983595947265438, -0.004906561067302641, 0.0032143156831622565, 0.027637485809655124, -0.010072205434431642, -0.024175145992455325, -0.016889455288263383, 0.0470503079358722, -0.0035141735340546475, 0.0067581605764796045, 0.027042825948892978, -0.012797675600956971, -0.025679665945781194, -0.014751865813304593, 0.05409849137781265, -0.0016231561557691818, 0.009875040845403296, 0.02659462664338219, -0.016187235625768508, -0.026942587609185574, -0.01147060415457962, 0.060843409838908596, 0.000647693525699073, 0.012510485267707233, 0.026252400296787905, -0.02004018290739619, -0.02788633042911148, -0.007226352303231796, 0.06714944306543394, 0.0031877002010736173, 0.01462261674793897, 0.025974935351096465, -0.024120163730634574, -0.02848642973482928, -0.0022444952533224516, 0.0728129706600687, 0.005842596340868193, 0.016117170269090656, 0.02572871321569421, -0.028263989702758337, -0.0288389422476844, 0.003143762806448339, 0.07776787950089828, 0.008422339229369016, 0.017038403990308513, 0.025491311940041887, -0.03239311955420219, -0.02897321125932094, 0.008691583281384495, 0.08201703103880134, 0.010793771319303116, 0.017451633743331137, 0.02525303015913921, -0.036454612802618844, -0.02892021089308945, 0.014222309805178438, 0.08561883792832795, 0.012872359480526471, 0.017438113559142304, 0.025014628307421218, -0.04041800514639743, -0.0287184337888406, 0.019616479805931702, 0.08867016340611433, 0.014613184307730114, 0.01708805374437916, 0.0247837711934506, -0.0442674291050094, -0.028408793220806552, 0.02479974795723067, 0.09128723174202613, 0.01600187949865232, 0.016493553557432122, 0.024570981818063997, -0.04799132360319733, -0.028024472046649065]","[-0.6835978763675257, 0.2946680966905596, -0.6527229297226872, 0.3721981482909345, -0.6148156358069967, 0.4257676002624, -0.5744346053602991, 0.460845161074518, -0.5352928321933144, 0.4822428091440624, -0.5002955294010895, 0.4941032343278282, -0.4715760192783088, 0.4999080480650845, -0.4520821125019019, 0.5022314690199453, -0.4416972484387548, 0.5029205268152195, -0.43819282798610787, 0.5030407956056976]","[0.01216911689279021, 0.04956805763193106, 0.004873588853614663, 0.010255527650996465, 0.0524440476596717, 0.003863298490721867, 0.007948618106193073, 0.05559730491871839, 0.002971889239142378, 0.005320018368770496, 0.05891796353279499, 0.002184379037235562, 0.0025108605203573164, 0.06228293588376399, 0.001480592139737169, -0.00032030754741141365, 0.06572257316749663, 0.0008500274292821963, -0.003187799372645017, 0.06925107582833867, 0.00029207085784532794, -0.0061133151704798605, 0.07287865785347858, -0.00019392405541829305, -0.00911897455556998, 0.07661931610034367, -0.0006082592418925614, -0.012223369432738718, 0.08048737684879503, -0.0009508110968994288, -0.015439785626832014, 0.08448650683956549, -0.0012215118392111535]","[0.012246489524841309, 0.03659328818321228, 0.004099339246749878, 0.002004779875278473, 0.014023885130882263, 0.00161704421043396, -0.290478515625, -0.0561767578125, 0.01118544489145279, 0.03859756886959076, 0.004279494285583496, 0.0013582631945610046, 0.01501549780368805, 0.0016662925481796265, -0.290478515625, -0.0561767578125, 0.010095104575157166, 0.04072321951389313, 0.004634857177734375, 0.0008967965841293335, 0.016074657440185547, 0.0017767846584320068, -0.290478515625, -0.0561767578125, 0.009089402854442596, 0.0427880585193634, 0.005045592784881592, 0.0003888458013534546, 0.017148464918136597, 0.0020069628953933716, -0.290478515625, -0.0561767578125, 0.007995456457138062, 0.04490186274051666, 0.0055280327796936035, -0.00014156848192214966, 0.018212050199508667, 0.002163991332054138, -0.290478515625, -0.0561767578125]",0.033982886000000004
"[2.7125871181488037, 2.7325871181488037, 2.7525871181488037, 2.7725871181488038, 2.792587118148804, 2.812587118148804, 2.832587118148804, 2.852587118148804, 2.872587118148804, 2.892587118148804, 2.912587118148804]","[-0.014101969524122179, 0.04064790057422879, -0.012279683992190876, 0.002478468613720937, 0.030685710234442477, -0.011001626622421302, -0.023674861318880802, -0.012013299415170113, 0.04824154295518349, -0.009812769503139083, 0.005884326111748429, 0.03007512304830117, -0.013416617872971838, -0.02479840474758755, -0.008640182094243056, 0.055552200458974424, -0.006771308814283587, 0.008851737203524453, 0.029589170045870358, -0.016570993208203506, -0.025529476671655518, -0.004106450530779338, 0.062441588508430186, -0.003265492626565183, 0.011329121808384525, 0.02918394535726902, -0.020232711818661153, -0.025800403011454615, 0.0014141070530714365, 0.06870289781087219, 0.0005615594259214279, 0.013212778027174295, 0.028819993845027803, -0.024197804672741036, -0.025687769673980603, 0.007602627185346013, 0.07414690979939684, 0.004467834870352842, 0.014441782579234154, 0.028472360338219076, -0.02839182109928686, -0.025320237356997406, 0.014151935917078824, 0.07879292134790318, 0.008271847709877326, 0.015098682123149708, 0.028128829108680236, -0.03273773119041115, -0.024733493736945753, 0.020826864229878513, 0.08270067279180898, 0.011837411395924811, 0.015275837401174277, 0.027785920836467748, -0.037176423276902196, -0.023964093907288736, 0.027453521231242457, 0.0859628026570019, 0.015068635772683, 0.015071958189599204, 0.02744761905986852, -0.04166457881275398, -0.023055603754121606, 0.03390970885374789, 0.08869353052652079, 0.017904176261973295, 0.014586878632950292, 0.027122781106136643, -0.04616915418111263, -0.022053810526996002, 0.040115849391509334, 0.09101496899762913, 0.020311058392759887, 0.013916234572155226, 0.02682200526841886, -0.05065985935132429, -0.02099700994432531]","[-0.6726061914057575, 0.40975526662046974, -0.6258903128110376, 0.48561065644241985, -0.5784182597008591, 0.5402527764312108, -0.5329649922711008, 0.5779307513485015, -0.49175415244424636, 0.6025346215932804, -0.45649247640145935, 0.6175663622672964, -0.42838652682736544, 0.6261108686410135, -0.4096388400394718, 0.6302953458661473, -0.399760638759875, 0.631953900992841, -0.3964499308268885, 0.6323911044999144]","[-0.000352027926498355, 0.059012948884993754, 0.006378002534806804, -0.001449432593748301, 0.06085625045526122, 0.005220969504889261, -0.002959435928643561, 0.06278920233190188, 0.004212206526703177, -0.0047907621832515845, 0.06468853955482867, 0.003326137273262475, -0.006774433895028853, 0.06656613254902144, 0.0025423582951242807, -0.00887638230165666, 0.06858160033884309, 0.0018613824592552675, -0.011135114256361156, 0.07077280400892594, 0.001271671114391193, -0.013593436462117414, 0.07316677236816105, 0.0007626926995301098, -0.016290581530834514, 0.07578762692080465, 0.0003264490341630122, -0.019258273989290364, 0.07865470156189547, -4.160523177576536e-05, -0.022519381291346785, 0.08177412657027539, -0.00034243017571444767]","[0.014921881258487701, 0.01904548704624176, 0.0014693140983581543, 0.005082331597805023, 0.006988920271396637, 0.0010843724012374878, -0.290478515625, -0.0561767578125, 0.01521754264831543, 0.02049185335636139, 0.0016453862190246582, 0.005090273916721344, 0.007308825850486755, 0.001042380928993225, -0.290478515625, -0.0561767578125, 0.01541021466255188, 0.022033601999282837, 0.0018053054809570312, 0.005047403275966644, 0.007893912494182587, 0.0011041462421417236, -0.290478515625, -0.0561767578125, 0.015559397637844086, 0.02359139919281006, 0.0020225942134857178, 0.004906713962554932, 0.00851351022720337, 0.0011896193027496338, -0.290478515625, -0.0561767578125, 0.015631452202796936, 0.025010734796524048, 0.002776890993118286, 0.004748918116092682, 0.009212225675582886, 0.001254245638847351, -0.290478515625, -0.0561767578125]",0.032864728
"[2.816009521484375, 2.836009521484375, 2.856009521484375, 2.876009521484375, 2.896009521484375, 2.916009521484375, 2.936009521484375, 2.956009521484375, 2.976009521484375, 2.996009521484375, 3.016009521484375]","[-0.01408614943624232, 0.040650422883885075, -0.011948133601979875, 0.0026791912562486807, 0.02806330356987683, -0.0029918201275307343, -0.02283419727396232, -0.010618405044355166, 0.04854506797697948, -0.007597153032782853, 0.0060711876097397635, 0.027715333736634915, -0.006573292910157772, -0.023603994165563653, -0.005700600099117886, 0.05614941659941982, -0.0027304193970846507, 0.008995872061676508, 0.02748206927884721, -0.011365861941191229, -0.023805341365044447, 0.0006048420762641022, 0.06327468278896338, 0.0025015537037235847, 0.011343377656956477, 0.02733044776596816, -0.01712742620779127, -0.02344206472022279, 0.008044151435914224, 0.06973198313635147, 0.007863766540578819, 0.013048267663825462, 0.027231517542889598, -0.023575013226916765, -0.022609853174068967, 0.0164707225162748, 0.07542083466650584, 0.01328684367900449, 0.014014654688851293, 0.027153216769159612, -0.030247121088284718, -0.021508655060390396, 0.025293925819140063, 0.08029447165885363, 0.018434286492886528, 0.0143747702669368, 0.027063827585412547, -0.03698221892250951, -0.020200998285048732, 0.03410535339497427, 0.08437417939260689, 0.023068337656999095, 0.01425918393787906, 0.02695088023809851, -0.04370980370436073, -0.018725666543402644, 0.042649113330913424, 0.08773832364397036, 0.0270364387359876, 0.013794282713168585, 0.026818291523805424, -0.05040921341191426, -0.017119808099488834, 0.05079409065630816, 0.09050630211300553, 0.03026162626396766, 0.013095767155235957, 0.026680939253976313, -0.057069666867527256, -0.015424967298542544, 0.05850849358510107, 0.09281947055396224, 0.03273709751609746, 0.012260544285811028, 0.026557756988629957, -0.06365457511150718, -0.01368444327423346]","[-0.6679987458330141, 0.5518560334574953, -0.6208189930212149, 0.6717244022866, -0.5710617880728103, 0.747464705450476, -0.5221045018147762, 0.7876013817749377, -0.4767919098685896, 0.8000008342231277, -0.43740921858218884, 0.7999999833790932, -0.40565581509510384, 0.8000002398554789, -0.3843182967695786, 0.8000001466690965, -0.37301820821735454, 0.8000001089183848, -0.3692187574890412, 0.8000000382785655]","[0.004934090545000158, 0.053295052607468474, 0.004334399646561238, 0.004515055967639792, 0.054067379971335594, 0.00339756675901981, 0.00312809222562227, 0.05524730235376207, 0.0026505703721451113, 0.0008665557694930159, 0.05683298054748365, 0.0020511629182888846, -0.0021307702108145365, 0.05886074920631135, 0.0015609579081479197, -0.005369274073075303, 0.06126671834049713, 0.0011125134689917715, -0.00889184769674456, 0.06406376509654077, 0.0006956216913716062, -0.01279853918633933, 0.06725957411003236, 0.000311460953635212, -0.017201241396559652, 0.07086508443958195, -2.8871947561626143e-05, -0.022181549610648665, 0.07488755206387498, -0.0003053474386680577, -0.02775266236776819, 0.07931217604598473, -0.0004929639282709175]","[0.010611921548843384, 0.009157940745353699, 0.00041601061820983887, 0.0034479722380638123, 0.00435783714056015, 0.0004819631576538086, -0.290478515625, -0.0561767578125, 0.010965600609779358, 0.009808100759983063, 0.0004924535751342773, 0.003596790134906769, 0.004474766552448273, 0.0005165338516235352, -0.290478515625, -0.0561767578125, 0.011345066130161285, 0.010531328618526459, 0.0005674660205841064, 0.0037283748388290405, 0.004612550139427185, 0.0005431771278381348, -0.290478515625, -0.0561767578125, 0.011794105172157288, 0.011304758489131927, 0.0006489455699920654, 0.0038647055625915527, 0.004784584045410156, 0.000564277172088623, -0.290478515625, -0.0561767578125, 0.012254036962985992, 0.01216183602809906, 0.0007547736167907715, 0.004058748483657837, 0.004948817193508148, 0.000615924596786499, -0.290478515625, -0.0561767578125]",0.023235211
"[2.915459632873535, 2.935459632873535, 2.955459632873535, 2.975459632873535, 2.9954596328735352, 3.0154596328735352, 3.0354596328735353, 3.0554596328735353, 3.0754596328735353, 3.0954596328735353, 3.1154596328735353]","[-0.014463630085409844, 0.04017880594676429, -0.0018089342637902543, 0.007367325376031416, 0.01851653124573449, -0.0004931421942624044, -0.020874888364646786, -0.010171857156378519, 0.048073548405070214, 0.0030397369166780524, 0.01062602016510012, 0.018770785087199635, -0.005561460261106472, -0.02201623463548519, -0.0046265992957299175, 0.055462195099565556, 0.008065171345351497, 0.013249423750752215, 0.019062382001069703, -0.011829451271942713, -0.022516389473552535, 0.0019960125451060403, 0.0621496250184952, 0.012981447282598658, 0.015195482231102585, 0.019378439047857143, -0.01921078590165197, -0.02234253639316886, 0.009569816879268039, 0.06800741390224584, 0.017617434021613476, 0.01640223109548415, 0.0197151451167703, -0.027290046565956894, -0.021610412766621873, 0.01832080379771389, 0.0730884800415936, 0.02225050964592721, 0.01672758261652804, 0.02004156250658739, -0.0352337808618057, -0.02053894186013465, 0.02745196941130993, 0.07727796229764994, 0.026446898994511196, 0.016352825836838118, 0.020315503346793953, -0.042950582199113005, -0.019164366033777618, 0.036464203291730356, 0.08057355556584725, 0.029927209185718392, 0.015450966152033436, 0.020526244455775625, -0.05044439879449873, -0.017506200272001015, 0.04510650148396347, 0.08306519429447481, 0.032554859477975664, 0.014177425326555042, 0.02068704685435547, -0.05773855147350232, -0.015599805425794732, 0.053329516613861865, 0.08490902974539444, 0.034333666017782316, 0.01265540159648788, 0.020822921990702827, -0.06480423572393074, -0.013509500942602002, 0.061140839578293374, 0.08628129772839156, 0.03532131055203553, 0.010998910495064197, 0.02095895778579122, -0.07158635186515537, -0.011302149581776078]","[-0.6278469321796292, 0.5673863563518697, -0.5753165638013704, 0.7106465545114822, -0.5165355285540398, 0.783511185453662, -0.45686041447425646, 0.8000011025561877, -0.40069856548855, 0.8000001079420964, -0.35148022733390555, 0.8000003058595115, -0.31166333239713506, 0.8000002832787058, -0.28489156803074744, 0.8000002401218522, -0.2707223235635617, 0.8000001651610062, -0.265964184890856, 0.8000000596068852]","[0.01548418629341386, 0.03525293711020128, 0.0008884433227884792, 0.014483759074716218, 0.03706610788108211, 0.00036476983305577804, 0.012296049529747166, 0.03956388104006958, -8.132441766361964e-05, 0.00872375616605936, 0.04282232503726435, -0.00046314642966294173, 0.004004258621461587, 0.04678279115763262, -0.0007926063686118923, -0.0008407637651071109, 0.05106855580229652, -0.0011197377544966969, -0.005957629552546084, 0.05566369667036408, -0.0014329151437713072, -0.011541445373090098, 0.06056122363123784, -0.0017029693604588836, -0.01773929873920932, 0.06576014815045106, -0.0018892394577587623, -0.024555196906923094, 0.07123966604902154, -0.0019509501312309219, -0.03192704487733877, 0.0769597560024664, -0.001850675277740521]","[0.009422652423381805, 0.006169140338897705, 0.00020205974578857422, 0.0030296295881271362, 0.0037882402539253235, 0.0002860426902770996, -0.290478515625, -0.0561767578125, 0.009454920887947083, 0.0063505470752716064, 0.00021183490753173828, 0.003034234046936035, 0.0038313865661621094, 0.0003086477518081665, -0.290478515625, -0.0561767578125, 0.009512022137641907, 0.006578229367733002, 0.00022214651107788086, 0.0030513331294059753, 0.0038723498582839966, 0.0003312528133392334, -0.290478515625, -0.0561767578125, 0.009595029056072235, 0.006861627101898193, 0.00024080276489257812, 0.0030983909964561462, 0.003920651972293854, 0.0003638714551925659, -0.290478515625, -0.0561767578125, 0.009709365665912628, 0.007203832268714905, 0.0002708733081817627, 0.0031294748187065125, 0.003973528742790222, 0.00039859116077423096, -0.290478515625, -0.0561767578125]",0.01924478
"[2.9946727752685547, 3.0146727752685547, 3.0346727752685547, 3.0546727752685547, 3.0746727752685548, 3.0946727752685548, 3.114672775268555, 3.134672775268555, 3.154672775268555, 3.174672775268555, 3.194672775268555]","[-0.01463199795948654, 0.03979243484457101, 0.003945744320858095, 0.012666922146463755, 0.013060750685912852, -0.002203313169536127, -0.0190747778642922, -0.009603906560820944, 0.04759445307591751, 0.008748763188724489, 0.01566353156953884, 0.01366503234420668, -0.008075661987880747, -0.020752415896706497, -0.0036808361526557845, 0.0546756705358655, 0.013356902708004612, 0.017917220417172936, 0.014256960791982663, -0.015188881707759512, -0.021688203789379062, 0.0031192473504217224, 0.060893771519838574, 0.017565263374443637, 0.019390067366086054, 0.014843580923552197, -0.023393493483090035, -0.021803295459573758, 0.011047201041607876, 0.06626433495675454, 0.021550553866952964, 0.019984679007870237, 0.015415203659622881, -0.031917290713292454, -0.021205102338075474, 0.020070801446667844, 0.07066638106966029, 0.02540110093711497, 0.019560938062699224, 0.015933041140584664, -0.04010615764990037, -0.020138589829700584, 0.029399871286512485, 0.0740100908746191, 0.028704998151972704, 0.01833204021218907, 0.016362461319428433, -0.04790542609925916, -0.018633790774607355, 0.03855781999336004, 0.0763293174058969, 0.031215982890844384, 0.016503705968978318, 0.016701299219929636, -0.055343278904796005, -0.01671293358246307, 0.04732461432499836, 0.0777563490549337, 0.032840294866211324, 0.014262337894810644, 0.016971302175455356, -0.062452327437955896, -0.014423849748380332, 0.05568451192866625, 0.07849095894982558, 0.03363320324222391, 0.011757933454922447, 0.01720373946779118, -0.06919683283830112, -0.0118517512609747, 0.06363807431301569, 0.07874322710295054, 0.03367628485524165, 0.009140211556264903, 0.01742759406623115, -0.07553243157929757, -0.009078878128048605]","[-0.5963601493183956, 0.5970718003783753, -0.5267595167669007, 0.7321338391892582, -0.45148082098662706, 0.7945416334766529, -0.376829551778614, 0.8000013561311092, -0.3078284894552861, 0.8000001221341955, -0.24823655471053246, 0.8000003819930129, -0.2006008794179193, 0.8000003419219692, -0.16884024861221025, 0.8000002960969714, -0.15213936318542864, 0.8000002000654354, -0.1465575740537502, 0.8000000732364924]","[0.016763810485110442, 0.023696035617460254, -0.00028812710456627144, 0.01515814802896176, 0.02673546221250822, -0.0007280706222911881, 0.012108606462186589, 0.030663606168930713, -0.001148463810642042, 0.007438261665632995, 0.03544880135631878, -0.0015265456011617218, 0.001871803594689303, 0.04070114086453458, -0.0018510212915958668, -0.0037865589305995373, 0.04616952200128255, -0.0021448503150884868, -0.009707936450762511, 0.05181381438091304, -0.002386523270468288, -0.016094345916492836, 0.05761247037613337, -0.0025365654629312395, -0.023075482467721176, 0.06355433232613272, -0.0025477353982492623, -0.030610379866979676, 0.06960502104627952, -0.002383690797110205, -0.038626178130754196, 0.07571674240174442, -0.002016722139851268]","[0.009628504514694214, 0.006684735417366028, 0.00021445751190185547, 0.003042347729206085, 0.003969259560108185, 0.0002630501985549927, -0.290478515625, -0.0561767578125, 0.00957835465669632, 0.006453119218349457, 0.00020906329154968262, 0.003032863140106201, 0.003873012959957123, 0.0002514272928237915, -0.290478515625, -0.0561767578125, 0.009533755481243134, 0.006251342594623566, 0.00020226836204528809, 0.0030274763703346252, 0.003789067268371582, 0.0002438277006149292, -0.290478515625, -0.0561767578125, 0.009485870599746704, 0.00609106570482254, 0.0001952648162841797, 0.003012336790561676, 0.0037042424082756042, 0.00023593008518218994, -0.290478515625, -0.0561767578125, 0.009447246789932251, 0.0059814006090164185, 0.00019043684005737305, 0.00299081951379776, 0.0036429166793823242, 0.0002384781837463379, -0.290478515625, -0.0561767578125]",0.011552515999999999
"[3.0649735927581787, 3.0849735927581787, 3.1049735927581787, 3.1249735927581788, 3.144973592758179, 3.164973592758179, 3.184973592758179, 3.204973592758179, 3.224973592758179, 3.244973592758179, 3.264973592758179]","[-0.014602761181651061, 0.03955324166074625, 0.005380173954693582, 0.01734740646400135, 0.009614416826257195, -0.0030988799994568486, -0.018613366754353843, -0.008801969379559937, 0.04712123174262233, 0.010258391068611598, 0.01988222754378979, 0.010464224701633204, -0.00975559319077339, -0.020491277353086063, -0.0022185801249022894, 0.05382024111438093, 0.014736019868012188, 0.02157226793655239, 0.011282381961572687, -0.017656507731656283, -0.02147764413345253, 0.005445990675131993, 0.059641425567395774, 0.018955369912092436, 0.022336040276100002, 0.012058852408117167, -0.02612324555240722, -0.021550283513457096, 0.014170693950160617, 0.06442552679996945, 0.02294184451439292, 0.022062076248498128, 0.012760368554044728, -0.03450730092699096, -0.020864433477600378, 0.023614775892692258, 0.06800865871457464, 0.026564369988910066, 0.02073010576487935, 0.013351412788203202, -0.04244460789803864, -0.019598548260976976, 0.033097245359234875, 0.07036618216231316, 0.029464461074241312, 0.018583731274898284, 0.01381582012831456, -0.04995956027046711, -0.01776563411347095, 0.04226674148979741, 0.07159586602246532, 0.03146776042033873, 0.01584612229273663, 0.014168301665403135, -0.05710397749449396, -0.015391159778056104, 0.051041401623096415, 0.07189105660446612, 0.032583326670698166, 0.012702576738624209, 0.014441073564694465, -0.06386836306955007, -0.012550480513440251, 0.059419907543716594, 0.07148554457602634, 0.032892586646686234, 0.009329719695909143, 0.014669655188970933, -0.07021569206769679, -0.009345168855454656, 0.06739800274162186, 0.07061363350361988, 0.03248850242299831, 0.005904400326680796, 0.014885614714954259, -0.07610871522187293, -0.005871541922097849]","[-0.5491408818282206, 0.6776916950280363, -0.4617859545073303, 0.7765239880443937, -0.3716006042108028, 0.8000011311336662, -0.2848954791563294, 0.8000002542994289, -0.20653446635273914, 0.8000004140174131, -0.13999704555663922, 0.8000003145149386, -0.08747565062830107, 0.8000003606177812, -0.05276278881273523, 0.8000002958761561, -0.03462672741888562, 0.8000002016243194, -0.02859365763203945, 0.8000000750612389]","[0.013854446129300424, 0.017525023977627008, -0.0009220714388944451, 0.01177918964003366, 0.021464883993809636, -0.0013369251032537832, 0.008068697550433823, 0.0263630798464507, -0.0017348116766848776, 0.0032203784600558505, 0.03180179428777663, -0.002089120423514501, -0.0021338188585319218, 0.037477107209834326, -0.002395514553048095, -0.0076150306517206445, 0.04325623499040132, -0.002659869769165546, -0.01347589702473051, 0.049110322498779446, -0.0028477111412659184, -0.01992621252307014, 0.05501850083772242, -0.002914003393755138, -0.026998280460297397, 0.06094678292333988, -0.002820542063912246, -0.03463454363291196, 0.06685557032570433, -0.002539185026081192, -0.042761220776966646, 0.07269332136781781, -0.0020510183718962516]","[0.009777262806892395, 0.008533217012882233, 0.000256955623626709, 0.0030759721994400024, 0.004887811839580536, 0.0003194063901901245, -0.290478515625, -0.0561767578125, 0.009792789816856384, 0.008384980261325836, 0.0002537071704864502, 0.0030900388956069946, 0.004802599549293518, 0.0003192424774169922, -0.290478515625, -0.0561767578125, 0.009791895747184753, 0.0082012340426445, 0.0002548694610595703, 0.0030930042266845703, 0.004700064659118652, 0.000318378210067749, -0.290478515625, -0.0561767578125, 0.00978851318359375, 0.007984861731529236, 0.00025081634521484375, 0.0030919983983039856, 0.004591628909111023, 0.0003186464309692383, -0.290478515625, -0.0561767578125, 0.009774625301361084, 0.0077436938881874084, 0.00024184584617614746, 0.0030941441655158997, 0.004485376179218292, 0.00029940903186798096, -0.290478515625, -0.0561767578125]",0.01648328
"[3.1554665565490723, 3.1754665565490723, 3.1954665565490723, 3.2154665565490723, 3.2354665565490723, 3.2554665565490724, 3.2754665565490724, 3.2954665565490724, 3.3154665565490724, 3.3354665565490724, 3.3554665565490724]","[-0.014543384136005326, 0.0393923014923068, 0.005756487798004545, 0.02083790274272918, 0.007488398566532046, -0.003046565927035763, -0.019618562052716323, -0.007653886353992483, 0.04680072133854605, 0.010963651324006925, 0.02272780931678106, 0.008566446409790773, -0.011061588993398225, -0.021367789631352205, 0.00027753923752709786, 0.05337589077806506, 0.01592532041547722, 0.023651613385970435, 0.009586634789603605, -0.01969405404645856, -0.022140768613053276, 0.00924073350252931, 0.05890852671318453, 0.020657878461331165, 0.023507559849949487, 0.010495573562271803, -0.028233852367551993, -0.021949272388703013, 0.01890632649475127, 0.0631813700420076, 0.02502681783384181, 0.0223015927749431, 0.011238617831758578, -0.03626672816250642, -0.020852711063653277, 0.028668346448371566, 0.06587078276456512, 0.028614836794605508, 0.02005334935992091, 0.011796773955058008, -0.04387054448824128, -0.01903491404665427, 0.038113563175022305, 0.06708828970871308, 0.031197413955520937, 0.0170258711079029, 0.01219005954322785, -0.05113362930974423, -0.016503869186762672, 0.04719492344622448, 0.06705716047614477, 0.03280277227021349, 0.013418180628784816, 0.01245649740067294, -0.058024170510764035, -0.013328419262447233, 0.05590783698829909, 0.06604181412407731, 0.03351107635189498, 0.009436545264824903, 0.012637496640428375, -0.0645008848881688, -0.00961199757563243, 0.0642429405023501, 0.06431832433664116, 0.03341702117355716, 0.0052929952533508915, 0.01277294107505059, -0.07052955663632846, -0.005473666337150672, 0.0721900534219318, 0.06215111295312292, 0.03262444173723609, 0.0011908671777818266, 0.012897273402605401, -0.0760759360586586, -0.0010269698350178597]","[-0.5104178462211504, 0.7864047972346211, -0.3961801292227958, 0.8000008716534983, -0.28520783518425363, 0.800000357879805, -0.18299722404080565, 0.8000004312848451, -0.09352502087852872, 0.8000003717437632, -0.0193776169305402, 0.8000003175547761, 0.0381025032355396, 0.8000003577650567, 0.07562258142773771, 0.800000290329739, 0.09505088425292865, 0.8000002000818276, 0.10147263585892424, 0.8000000745279909]","[0.011866760756469197, 0.014050909516782895, -0.0013329242696880073, 0.009084331844746996, 0.01900147633019378, -0.0017421888371940142, 0.005189231143529427, 0.024578191466622545, -0.0021348054214191947, 0.000745542989388559, 0.03031835874143507, -0.0024905847362792777, -0.003936548312076793, 0.03592440552058118, -0.0028027525089888705, -0.009031225522774355, 0.041545997065261187, -0.0030574663755214004, -0.014839866222294384, 0.04717313292576364, -0.0032125066499046895, -0.021390696545870114, 0.05275146107056594, -0.0032320454369436646, -0.02864445726046516, 0.058237169515989784, -0.003084540508558664, -0.03653694423248188, 0.06359246743777103, -0.002744334884454691, -0.04498677658386541, 0.06876481422460179, -0.0021947337318728444]","[0.009440295398235321, 0.007884353399276733, 0.0002276003360748291, 0.002920188009738922, 0.004581145942211151, 0.000291287899017334, -0.290478515625, -0.0561767578125, 0.009459108114242554, 0.008059248328208923, 0.0002390444278717041, 0.0029259175062179565, 0.004664979875087738, 0.00030316412448883057, -0.290478515625, -0.0561767578125, 0.009484969079494476, 0.008229531347751617, 0.0002455413341522217, 0.0029322654008865356, 0.004741780459880829, 0.0003163367509841919, -0.290478515625, -0.0561767578125, 0.009520389139652252, 0.008388012647628784, 0.00024887919425964355, 0.002944856882095337, 0.004822887480258942, 0.0003182739019393921, -0.290478515625, -0.0561767578125, 0.009558916091918945, 0.008519664406776428, 0.0002524256706237793, 0.0029615014791488647, 0.004887469112873077, 0.00032101571559906006, -0.290478515625, -0.0561767578125]",0.019159731
"[3.255180597305298, 3.275180597305298, 3.295180597305298, 3.315180597305298, 3.335180597305298, 3.355180597305298, 3.375180597305298, 3.395180597305298, 3.415180597305298, 3.435180597305298, 3.455180597305298]","[-0.014539867379346016, 0.0393632854620928, 0.005920758044089581, 0.02133452393295803, 0.007104908031071246, -0.003409843766962871, -0.020804235815175785, -0.00644183003003683, 0.04656263124704786, 0.011649318676668288, 0.022563115758435743, 0.008238580291581723, -0.011823743960949908, -0.021991318735939697, 0.0026387684547347426, 0.05273831814827707, 0.017161837301456512, 0.022735717919473816, 0.009248555095154928, -0.02030518149694937, -0.02212597415272267, 0.012383644514404643, 0.05762835879297325, 0.02228963938085384, 0.021870908412826653, 0.010064950477333428, -0.028405002079949948, -0.02115168277395001, 0.022198862460342347, 0.06086385343847449, 0.02658231166525206, 0.020013870113749572, 0.010661940341467925, -0.03617698596232705, -0.019156965935872364, 0.032005652374081414, 0.06233471255423539, 0.02997024088845222, 0.01712182600523136, 0.011057360924342409, -0.043547432334822764, -0.01639225657681303, 0.041469562943985544, 0.06225594348258293, 0.03229734059254206, 0.013492572852685345, 0.01128558326202736, -0.05059107175538348, -0.012886927891459076, 0.05058356421528807, 0.060920900619745665, 0.03363803667572469, 0.009351638305614378, 0.011391949490609423, -0.057256037838497684, -0.008730357481303137, 0.059335988874909235, 0.05863350850088418, 0.034082946647371326, 0.004931760453220636, 0.01142085710699078, -0.0635000554908222, -0.004037862302048668, 0.06771332539259552, 0.05569188805076596, 0.033734128969947756, 0.00045969501844681323, 0.0114133102910744, -0.06928770814463714, 0.0010610338206142851, 0.07570336815387049, 0.052369666816598014, 0.032700326439205556, -0.0038560107791681454, 0.011403685871538507, -0.07458402814481432, 0.0064425466442436675]","[-0.43600326894161473, 0.8000005264088943, -0.3016870335432147, 0.8000003827394884, -0.17766072727508853, 0.8000003834725576, -0.0677221627280924, 0.8000003472148141, 0.025681864511884204, 0.8000003183900155, 0.10129562951415774, 0.8000002680271407, 0.1588886250468301, 0.8000003025491702, 0.1960195533122997, 0.8000002447380405, 0.21507618011223215, 0.8000001691545298, 0.22133462807192206, 0.80000006297435]","[0.012007921244469477, 0.014272873899282779, -0.001547339824145233, 0.009113285294690021, 0.019264867076068448, -0.0019206936718489942, 0.0055695144284505504, 0.024479428067564868, -0.0022756973535145164, 0.0015833803947565839, 0.02951691594828887, -0.0025937947225376234, -0.00313012582821226, 0.034422663612287074, -0.0028602771758898804, -0.008426772578910668, 0.03927883144987465, -0.0030735696941617263, -0.014565549190899696, 0.044079866941963974, -0.003195795265829471, -0.021527816769608576, 0.04877256283784481, -0.003190965204499907, -0.029264657064726696, 0.05331719182366257, -0.0030238663946269284, -0.037701420793360474, 0.05767615949305682, -0.0026637039082464398, -0.04674534225168259, 0.06179618522073316, -0.0020872572249097665]","[0.009676016867160797, 0.007145032286643982, 0.00022092461585998535, 0.003031499683856964, 0.004215843975543976, 0.000261843204498291, -0.290478515625, -0.0561767578125, 0.009618528187274933, 0.007134988903999329, 0.00021779537200927734, 0.003005392849445343, 0.004214666783809662, 0.0002584606409072876, -0.290478515625, -0.0561767578125, 0.009564168751239777, 0.007157877087593079, 0.00021567940711975098, 0.002981744706630707, 0.004230611026287079, 0.000255584716796875, -0.290478515625, -0.0561767578125, 0.00951790064573288, 0.0072127580642700195, 0.00021770596504211426, 0.002959415316581726, 0.004259318113327026, 0.0002552121877670288, -0.290478515625, -0.0561767578125, 0.00947985053062439, 0.007299445569515228, 0.00021970272064208984, 0.0029381662607192993, 0.00430510938167572, 0.0002571195363998413, -0.290478515625, -0.0561767578125]",0.021115085000000002
"[3.3348913192749023, 3.3548913192749024, 3.3748913192749024, 3.3948913192749024, 3.4148913192749024, 3.4348913192749024, 3.4548913192749025, 3.4748913192749025, 3.4948913192749025, 3.5148913192749025, 3.5348913192749025]","[-0.014539361253096532, 0.039416146718696726, 0.0054620942751964965, 0.020373833387456547, 0.007589358323232679, -0.003654761675636038, -0.02096590227093019, -0.005212062231255029, 0.04633215380427871, 0.011842106625358444, 0.021047679169200705, 0.00868696121377967, -0.011893881696058812, -0.021548145610213114, 0.004712195464312052, 0.05206473743821398, 0.017874676928268895, 0.02073438427537717, 0.00959515037701265, -0.019941629978338274, -0.02102828203723563, 0.014648865049054912, 0.05621254253046955, 0.023078960119655153, 0.01949809181505419, 0.010269256317867577, -0.02780202979867242, -0.019345954437618218, 0.024529649614786687, 0.058631188526430816, 0.027359300133012993, 0.01733776345853703, 0.01071329444947295, -0.03535765823556356, -0.016611740333001203, 0.03433832541368253, 0.05922937773732285, 0.030669615229711397, 0.014193991823163131, 0.010957108020400237, -0.042562567810150734, -0.013123662496619906, 0.04381155615503815, 0.05828912288286644, 0.03291392796795031, 0.010372361790572571, 0.011042426334295533, -0.049459558804944063, -0.008930765328172083, 0.05293660809100373, 0.056136449918615675, 0.034172679027810744, 0.006115403898582089, 0.011016791681883333, -0.05599497428350683, -0.004129148810231375, 0.061698893828716024, 0.053091273779821986, 0.034539699675729556, 0.0016623790850196875, 0.010924982489761346, -0.06212368202596204, 0.0011620602018025915, 0.07008402961214277, 0.049455251091687594, 0.034118145185536936, -0.0027616475960050243, 0.010807173240196366, -0.06780696104835945, 0.0068113303642624865, 0.07808025162849125, 0.045497383904523174, 0.03301641859331342, -0.006955740689220586, 0.01069632810750139, -0.07300691457517039, 0.0126930464350422]","[-0.37214686752945914, 0.8000005851143881, -0.22894629693617477, 0.8000004252164369, -0.10077630907747973, 0.8000004262898204, 0.010037739765321602, 0.800000385852021, 0.10230185324880611, 0.8000003539709681, 0.17578448445644385, 0.8000002979155955, 0.23105597800455574, 0.8000003361461294, 0.26637417010462106, 0.800000271743444, 0.28438540874561613, 0.8000001878507954, 0.2902733194357253, 0.8000000698797138]","[0.012132513244248577, 0.015963119392797598, -0.001546026198498307, 0.00953489044374245, 0.02036701551973996, -0.0018570980492880196, 0.006449378407808903, 0.024742486556712073, -0.002153986215787995, 0.0024829111825236394, 0.029005245044111394, -0.0024183688049479457, -0.002346102260684102, 0.033071552630664414, -0.0026446834625368787, -0.007881387212005153, 0.03708678681961031, -0.002832637584855746, -0.014315600234550474, 0.041041659588211044, -0.0029460714120221887, -0.02162255303028815, 0.044889446528133536, -0.00294412031757485, -0.029745615344493603, 0.048592405110753134, -0.0027844584222131985, -0.03860214263072648, 0.052112581601962304, -0.002427762500294861, -0.048090783749013766, 0.05539695901147379, -0.0018415363728445655]","[0.009919464588165283, 0.008178554475307465, 0.00025469064712524414, 0.003132052719593048, 0.00467904657125473, 0.0003142803907394409, -0.290478515625, -0.0561767578125, 0.009943284094333649, 0.008077524602413177, 0.0002562403678894043, 0.003145277500152588, 0.004627302289009094, 0.00031609833240509033, -0.290478515625, -0.0561767578125, 0.00995606929063797, 0.007962867617607117, 0.0002524256706237793, 0.0031543076038360596, 0.00456642359495163, 0.000310361385345459, -0.290478515625, -0.0561767578125, 0.009957768023014069, 0.007839255034923553, 0.0002474188804626465, 0.0031590089201927185, 0.004513725638389587, 0.0002961009740829468, -0.290478515625, -0.0561767578125, 0.009949758648872375, 0.007709912955760956, 0.00023797154426574707, 0.0031556710600852966, 0.0044512152671813965, 0.0002927631139755249, -0.290478515625, -0.0561767578125]",0.020556668
"[3.435126304626465, 3.455126304626465, 3.475126304626465, 3.495126304626465, 3.515126304626465, 3.535126304626465, 3.555126304626465, 3.575126304626465, 3.595126304626465, 3.615126304626465, 3.635126304626465]","[-0.014530798993244633, 0.03942036778679786, 0.005317049301770125, 0.020432921947903547, 0.007599136494467744, -0.00318905601103338, -0.020175365853964775, -0.004157247375221861, 0.045875210897505556, 0.012298550811053908, 0.020627501282030364, 0.008632649185980255, -0.01114423751270373, -0.020242670706934442, 0.006163624327755402, 0.05083352554154115, 0.018488086632896295, 0.019904994304971477, 0.009430294755715427, -0.019040393611737615, -0.019154221093316565, 0.016373882704642025, 0.05411176054220792, 0.02377123543031255, 0.0182773210209554, 0.009975843383240611, -0.026701156637238866, -0.016867178788794908, 0.026468021938310615, 0.055578688803441655, 0.028089321221488574, 0.015720706238765977, 0.01028023842869202, -0.034031022915175776, -0.013544846674169119, 0.036333167575546325, 0.05518120872577815, 0.031319558980390134, 0.012244460266089495, 0.010383649426582117, -0.041093112283558796, -0.009464557110468643, 0.04586464819014137, 0.05327247830200159, 0.03347842127435628, 0.008135318482943698, 0.010337196323043113, -0.047864172138645744, -0.004701981254917187, 0.055045408140873005, 0.05020406725439572, 0.03465127688353034, 0.0036514386417680397, 0.010190047569119426, -0.05428840267745028, 0.0006427372162974285, 0.06385883015689003, 0.04630766659785903, 0.03493460813494323, -0.0009609148277138749, 0.009987130283248291, -0.06031776357525612, 0.006448322768362164, 0.07229016004186045, 0.04188657640059627, 0.03443253085160119, -0.0054763911615323185, 0.00976780037713336, -0.06591036189631617, 0.01258211325234156, 0.08032830820317388, 0.03720490472153863, 0.033253285355809376, -0.009698606806613237, 0.009563751231797351, -0.07102552219991495, 0.01891710889277473]","[-0.29456745629251196, 0.8000005591124439, -0.14412571630640575, 0.8000004059413363, -0.012635888882421028, 0.8000004074080218, 0.09882657846028031, 0.8000003684616914, 0.1901132603488781, 0.8000003383412486, 0.26183629941737246, 0.800000284543352, 0.31521696483653805, 0.8000003210035693, 0.349067518650148, 0.8000002591701517, 0.36623590821143803, 0.8000001792638711, 0.3718257080144419, 0.8000000665814199]","[0.011795304859042566, 0.015323240504821811, -0.0014465292660483797, 0.00957832682823756, 0.018949658116969026, -0.0016905713294885771, 0.006516628728675533, 0.022630704382617495, -0.0019197908094925609, 0.0025394514079958297, 0.026123361901733144, -0.0021280253239432945, -0.002295658996993133, 0.029395564209405478, -0.0023179849854191303, -0.008006402790371459, 0.03265456818015622, -0.0024858073108422474, -0.014658451393328664, 0.03586985904087081, -0.0025933911908442298, -0.022221694791415336, 0.038997128162197914, -0.0025934520995090082, -0.030635197777363454, 0.041997004445386565, -0.0024361139301292134, -0.03981150502279074, 0.044827794875175186, -0.0020739223703998277, -0.04964369484614772, 0.04743318526849105, -0.0014660515898481385]","[0.009549014270305634, 0.00820855051279068, 0.0002447962760925293, 0.0029455572366714478, 0.004705436527729034, 0.0003173649311065674, -0.290478515625, -0.0561767578125, 0.009591810405254364, 0.008275367319583893, 0.0002428293228149414, 0.0029662474989891052, 0.004738576710224152, 0.0003153979778289795, -0.290478515625, -0.0561767578125, 0.009639821946620941, 0.008327841758728027, 0.0002467632293701172, 0.0029875412583351135, 0.004764720797538757, 0.00031797587871551514, -0.290478515625, -0.0561767578125, 0.009690575301647186, 0.008359842002391815, 0.00024944543838500977, 0.00301554799079895, 0.004778243601322174, 0.00031463801860809326, -0.290478515625, -0.0561767578125, 0.00974542647600174, 0.008369632065296173, 0.00025200843811035156, 0.0030395686626434326, 0.0047814324498176575, 0.00031575560569763184, -0.290478515625, -0.0561767578125]",0.021462524000000004
"[3.5189950466156006, 3.5389950466156006, 3.5589950466156006, 3.5789950466156006, 3.5989950466156007, 3.6189950466156007, 3.6389950466156007, 3.6589950466156007, 3.6789950466156007, 3.6989950466156007, 3.7189950466156008]","[-0.014536344100862117, 0.03939075834889445, 0.005654560554643508, 0.0208937170898832, 0.00733375707084615, -0.0031420146214524904, -0.020460737992251368, -0.003641385175092307, 0.04511090222047712, 0.012709568766083455, 0.020456228236980532, 0.008293941412098639, -0.011058493094236732, -0.020038249192253395, 0.007076206550495357, 0.04924138673013272, 0.018899115643610985, 0.0191149694121659, 0.008996855334826118, -0.018806434233755852, -0.01837678766583597, 0.01762297827823974, 0.05160132667194242, 0.024155414767474796, 0.016862739827864532, 0.009429431606547512, -0.026219744280191394, -0.015470025356697462, 0.027897779762274904, 0.05208955825940819, 0.02835438462969519, 0.01375028507576111, 0.009607683651814176, -0.033305938083361714, -0.011456544530844204, 0.03786548612326081, 0.05066190328808791, 0.03140378089707604, 0.009766122672596822, 0.009583632420820318, -0.04015594465774561, -0.006662086748637889, 0.047501237766366125, 0.04773383995476939, 0.03338596956856213, 0.0052049691078620945, 0.00941558624577403, -0.046713736748316914, -0.0011836369741552977, 0.05678296656095772, 0.043687060134657466, 0.034393726818242036, 0.0003458873635708927, 0.009154830104747942, -0.05292423595930746, 0.00487012466698245, 0.06569141533657219, 0.03886919453007482, 0.034528257562301864, -0.0045533380956423765, 0.008846839729744146, -0.05873944423087431, 0.011371261888181647, 0.07421097844755373, 0.033588638083460985, 0.03389622295709293, -0.00926354252998274, 0.00853044594263982, -0.06411727637227174, 0.01818154392501428, 0.08233090966965345, 0.028107207693005468, 0.032606758400799955, -0.013590469291120932, 0.008236258749087188, -0.06901723608607135, 0.02516830280000811]","[-0.2143266365286247, 0.8000005364599598, -0.05478095886978703, 0.8000003891517965, 0.08161626486616558, 0.800000390886727, 0.19499161442452861, 0.800000353408642, 0.28624145873465273, 0.8000003246485459, 0.3568514512748059, 0.800000273010537, 0.4087446258693782, 0.8000003077258864, 0.4413422474962941, 0.8000002482875712, 0.4577574526759, 0.800000171720759, 0.4630735160859561, 0.8000000637142441]","[0.012028914870060525, 0.014653113460499245, -0.001494519199629618, 0.009794802596030494, 0.018041471789833174, -0.0016994004426549303, 0.006712020193946122, 0.02134817369454378, -0.0018840038337577525, 0.0027545470324887855, 0.024345848758820843, -0.0020503128530733328, -0.0021837650527674057, 0.027039838845828612, -0.0022022297382235934, -0.008106710205091794, 0.02969539383946529, -0.0023380198822025022, -0.015010644039886833, 0.032275249361942926, -0.002418453930254749, -0.022861136453421138, 0.034737662855815366, -0.0023931498545683993, -0.03159264236357162, 0.03704169049430206, -0.0022077909774980142, -0.041112711363004206, 0.03914211865032646, -0.0018092191981837757, -0.05130880532340476, 0.04097998086903232, -0.0011498084121184249]","[0.009681336581707, 0.007546029984951019, 0.00022897124290466309, 0.0030250996351242065, 0.004387266933917999, 0.00027720630168914795, -0.290478515625, -0.0561767578125, 0.009625501930713654, 0.007555283606052399, 0.00022813677787780762, 0.0029975250363349915, 0.004394948482513428, 0.0002753138542175293, -0.290478515625, -0.0561767578125, 0.009575672447681427, 0.007583595812320709, 0.0002237260341644287, 0.0029616057872772217, 0.004420079290866852, 0.0002676248550415039, -0.290478515625, -0.0561767578125, 0.009533949196338654, 0.007629461586475372, 0.00022423267364501953, 0.0029546692967414856, 0.004436366260051727, 0.00027458369731903076, -0.290478515625, -0.0561767578125, 0.009501025080680847, 0.0076902881264686584, 0.00022283196449279785, 0.0029366537928581238, 0.004466526210308075, 0.0002783536911010742, -0.290478515625, -0.0561767578125]",0.020142611
"[3.5951554775238037, 3.6151554775238037, 3.6351554775238037, 3.6551554775238038, 3.675155477523804, 3.695155477523804, 3.715155477523804, 3.735155477523804, 3.755155477523804, 3.775155477523804, 3.795155477523804]","[-0.014544806878677683, 0.039404216177127305, 0.005658746793560111, 0.02053959452772675, 0.007488937484472837, -0.0034682548661115766, -0.02081141172608956, -0.003205576795724188, 0.044193244519255555, 0.012662690599821808, 0.019412837793521244, 0.008308863336207454, -0.011130534850705458, -0.01964603247607634, 0.007898377401300918, 0.04727398215943883, 0.01878238947195019, 0.01738019032218334, 0.008851605476729967, -0.018514261963860926, -0.017182318774032375, 0.018677351592722963, 0.048499635647628395, 0.023884037932934303, 0.014505758913666686, 0.009112435717828892, -0.02557027633339412, -0.013417379245359807, 0.029107099899285446, 0.0477834502592616, 0.027871855924273624, 0.010811867949989257, 0.009123325993220712, -0.03234765396638768, -0.008566845411023606, 0.039223152063041535, 0.045199213472805755, 0.030731561749689155, 0.006333240337793254, 0.008944781884087977, -0.03889546250516622, -0.0029549193566632175, 0.048995069771179685, 0.04119694655451736, 0.032553390879297615, 0.0013874260589141541, 0.00863708049028145, -0.04515996034812561, 0.003311550211434257, 0.05839820652937868, 0.03617496212771147, 0.03343435406171049, -0.0037356216352980778, 0.008251574926089442, -0.051087405002737896, 0.010116455735886652, 0.06741309610349405, 0.030483126331066094, 0.03347684359945637, -0.008777237487800424, 0.007832314658493288, -0.05663005050953519, 0.01732739164885943, 0.07602560214872697, 0.024421697492318317, 0.032786363771388466, -0.013515112214981142, 0.007415793311562959, -0.06174555461929716, 0.02480347046384311, 0.08422741888925339, 0.0182381724519705, 0.03146925358876256, -0.01776729242882975, 0.007030015113120393, -0.06639357762488021, 0.032409203150865304]","[-0.11144476624148683, 0.8000026168147512, 0.05122940827975765, 0.8000036593620737, 0.1870706104584398, 0.800004696051444, 0.2975627892803855, 0.8000052944365686, 0.38473005221211287, 0.8000054538351241, 0.450962780957934, 0.8000051073363462, 0.4988776176226793, 0.8000044061855793, 0.5286154284495568, 0.8000030930335152, 0.5434529716133798, 0.8000014016271806, 0.5482251080829201, 0.8000000250886989]","[0.012303404674848473, 0.015405859597548588, -0.0015310756481210497, 0.00998045955765181, 0.018300988420545394, -0.0016791432838756393, 0.006852366084310835, 0.020945589293434708, -0.001801259426044588, 0.002737990014401448, 0.023183503003517902, -0.001906004645988446, -0.0024448613162512123, 0.025117548356516473, -0.002004494691805192, -0.008639908426191778, 0.026983466404303602, -0.002092453792699178, -0.015839314356477008, 0.028749819990086856, -0.002129319299810639, -0.02400437724030624, 0.030375331526206306, -0.0020614675316790176, -0.03306542111749078, 0.031815596936329626, -0.0018293147737553639, -0.04292581731068845, 0.03302107722444614, -0.0013726497839083862, -0.05346835376946901, 0.033931288060697895, -0.0006354920748554704]","[0.009968623518943787, 0.0077839195728302, 0.00024366378784179688, 0.00315006822347641, 0.004479490220546722, 0.00029562413692474365, -0.290478515625, -0.0561767578125, 0.009938858449459076, 0.007719255983829498, 0.0002383887767791748, 0.003137432038784027, 0.004451856017112732, 0.00029206275939941406, -0.290478515625, -0.0561767578125, 0.00990094244480133, 0.00766453891992569, 0.00023740530014038086, 0.003120340406894684, 0.004427522420883179, 0.0002902597188949585, -0.290478515625, -0.0561767578125, 0.009852737188339233, 0.007612921297550201, 0.00023162364959716797, 0.0031000152230262756, 0.004406370222568512, 0.00028665363788604736, -0.290478515625, -0.0561767578125, 0.009798787534236908, 0.007575243711471558, 0.00023224949836730957, 0.003076113760471344, 0.004393398761749268, 0.0002829432487487793, -0.290478515625, -0.0561767578125]",0.008609532999999999
"[3.676090955734253, 3.696090955734253, 3.716090955734253, 3.736090955734253, 3.756090955734253, 3.776090955734253, 3.796090955734253, 3.816090955734253, 3.836090955734253, 3.856090955734253, 3.876090955734253]","[-0.014537498257289392, 0.03942279996959365, 0.0053867348021944365, 0.02029990356705966, 0.007637169728671404, -0.0034704099772874647, -0.020493042755321232, -0.0028003668972332385, 0.043228344124435644, 0.012355878047580277, 0.018532711289230116, 0.008315837108072169, -0.010811935857523514, -0.01876774551729178, 0.008537465836215168, 0.04528824286005194, 0.018363027884926594, 0.015927252440766135, 0.008710121561059303, -0.017885205890235137, -0.015687922493467753, 0.01946475917611882, 0.04546139285686075, 0.023304486426636455, 0.01252697159726997, 0.008824982738654709, -0.02466299406718222, -0.011282357627850934, 0.03002920603501609, 0.04377210922002098, 0.0271668465027109, 0.008416577126973192, 0.008694396519944136, -0.031137000735331825, -0.005726931997915137, 0.04027905430821589, 0.040219426696356045, 0.029916683103064848, 0.0035707879591441536, 0.008381393339005857, -0.037392571653917156, 0.0005703630509660063, 0.05017752690967921, 0.03529254685935951, 0.031651538370097695, -0.0016689611634992517, 0.007949074910207424, -0.04337864585700271, 0.007494734051291398, 0.05969654965769155, 0.02941170095344381, 0.03247230950140071, -0.0069997502720550026, 0.007449759275760483, -0.04904314049297123, 0.014924302922401603, 0.06881553538069554, 0.0229348466529859, 0.032482436900901135, -0.012159060792757307, 0.006927011922370435, -0.05433889905506592, 0.022723343586826816, 0.07752088573277921, 0.016160230487376664, 0.031786291318542534, -0.016927792540819497, 0.006415922882336205, -0.05922357524557869, 0.03074914311790649, 0.08580584651884782, 0.009327008714338163, 0.030487547819652, -0.021132222878678372, 0.005942730506557029, -0.06365695428196616, 0.038864329326798855]","[-0.02799260716893354, 0.8000002526867672, 0.14014392584293084, 0.8000002052127169, 0.2776780905794877, 0.8000002072539895, 0.38736980839020757, 0.800000194730774, 0.4723059911018674, 0.8000001848098336, 0.5357253922455201, 0.8000001626009963, 0.5808949524856732, 0.8000001661313447, 0.6085922914251969, 0.8000001301662008, 0.622282571755757, 0.8000000869859332, 0.6266544204161923, 0.8000000325877146]","[0.011980694502586653, 0.015735584755107723, -0.0014878810225291694, 0.00970525480404516, 0.01809395579883244, -0.0015841675636361074, 0.006535263930062651, 0.020135467503381577, -0.0016509519471306078, 0.0022960101676374745, 0.02174485030068274, -0.0017038072890676048, -0.0030537866709108297, 0.02293595340970711, -0.0017506565407350294, -0.009430004580592843, 0.024043445278938425, -0.0017924410111493927, -0.016822941886857068, 0.0250417781789416, -0.0017874180603074663, -0.025192138181122203, 0.025890856138387708, -0.0016785310197406922, -0.03446631533667721, 0.026544104385767486, -0.0014007366713171265, -0.044547170980886786, 0.026949026377370622, -0.0008867606070008804, -0.05531534782612002, 0.027044316204594132, -7.253926351902251e-05]","[0.009814664721488953, 0.008153855800628662, 0.00025159120559692383, 0.0030694901943206787, 0.004660375416278839, 0.00031520426273345947, -0.290478515625, -0.0561767578125, 0.009861119091510773, 0.00813930481672287, 0.0002548098564147949, 0.003092430531978607, 0.0046521201729774475, 0.00031347572803497314, -0.290478515625, -0.0561767578125, 0.00990206003189087, 0.008112989366054535, 0.0002542734146118164, 0.0031120628118515015, 0.004636645317077637, 0.0003140568733215332, -0.290478515625, -0.0561767578125, 0.009966246783733368, 0.008028894662857056, 0.00025340914726257324, 0.0031434521079063416, 0.004592530429363251, 0.00031037628650665283, -0.290478515625, -0.0561767578125, 0.009982645511627197, 0.007973603904247284, 0.0002509653568267822, 0.0031517744064331055, 0.004565030336380005, 0.0003097653388977051, -0.290478515625, -0.0561767578125]",0.010800295
"[3.754790782928467, 3.774790782928467, 3.794790782928467, 3.814790782928467, 3.834790782928467, 3.854790782928467, 3.874790782928467, 3.894790782928467, 3.914790782928467, 3.934790782928467, 3.954790782928467]","[-0.01453164258122912, 0.03940944682307333, 0.005420746211230586, 0.020613179156315782, 0.00749050932908902, -0.00321170806836347, -0.020344621965759507, -0.002532931313931829, 0.0421244019369261, 0.012259036939074694, 0.018150382285983997, 0.008027673106906538, -0.01029059763151348, -0.01809869644479875, 0.008981522868085727, 0.043049878040645626, 0.01807971666562858, 0.014875823012143675, 0.00827935846867605, -0.017120551490302973, -0.014435465552947889, 0.020073417566941403, 0.04215039149316425, 0.02286162503631582, 0.01089685321284035, 0.008252302606367367, -0.023616943684782694, -0.009344349242659145, 0.03080392660248234, 0.039371454919288465, 0.026572098014458093, 0.006238700095255587, 0.007983661871543264, -0.02981048692334327, -0.0030917318928286915, 0.04121469569964929, 0.03475332695412381, 0.0291858191820116, 0.0009032963084450508, 0.007540554963846693, -0.03579216263167733, 0.0038989955667362475, 0.051263878658673045, 0.028817525488944284, 0.030807053452902935, -0.004745349610772985, 0.006988262000598201, -0.04151321844256756, 0.011504774927434291, 0.06092086009586605, 0.022001533662989604, 0.03154038356929882, -0.010391684330547192, 0.006379673906888485, -0.04692309885554883, 0.01959704034847732, 0.07016450606816772, 0.014668503326817942, 0.03149039993162193, -0.015768929936415835, 0.005757673572101333, -0.051975302180589586, 0.028035348936611502, 0.07898209566712801, 0.007113104297194964, 0.030760665228876743, -0.020660294956337973, 0.005155879015052543, -0.056627675610480904, 0.036673458876959705, 0.08736860804522713, -0.0004345190151013996, 0.029452657624267208, -0.024899141361943787, 0.004598766361779749, -0.060840399959471145, 0.04537027023467694]","[0.0657025763602347, 0.8000001355040902, 0.23814517601623472, 0.8000001140957894, 0.37672720474193244, 0.8000001160692543, 0.48533485070331556, 0.8000001103867076, 0.567985332092741, 0.8000001053686978, 0.628660269282795, 0.8000000932066815, 0.6711975462664757, 0.8000000920008689, 0.696952968178415, 0.8000000705179312, 0.7095557716254961, 0.8000000457680145, 0.713549352170288, 0.8000000160817655]","[0.011849541863640622, 0.015145097195618185, -0.0014762257965683645, 0.009599932371668896, 0.017075777938678982, -0.0015232515724670215, 0.006367255694531004, 0.018647832152400845, -0.0015391466474818927, 0.0020148313111552074, 0.019650775331212955, -0.0015393047724017173, -0.003470491566620826, 0.020202876945372594, -0.001539124083432153, -0.010002130292496081, 0.020655433332825268, -0.0015398335481844327, -0.01756950878536978, 0.020985578817549033, -0.001497228132532502, -0.02613099258467977, 0.02115133996231844, -0.0013498263363489471, -0.03561392169637645, 0.02110133373146983, -0.001026145636384257, -0.04591824583509929, 0.020777945756358385, -0.0004507324950369096, -0.056922175467497005, 0.020117309708695075, 0.0004498032807012109]","[0.009545683860778809, 0.007936172187328339, 0.0002371072769165039, 0.002944536507129669, 0.004571765661239624, 0.0002964138984680176, -0.290478515625, -0.0561767578125, 0.009553968906402588, 0.007981754839420319, 0.00023877620697021484, 0.0029479190707206726, 0.004592381417751312, 0.0003003627061843872, -0.290478515625, -0.0561767578125, 0.009569883346557617, 0.008025787770748138, 0.00024184584617614746, 0.002953454852104187, 0.004611186683177948, 0.00030387938022613525, -0.290478515625, -0.0561767578125, 0.009598076343536377, 0.008065871894359589, 0.0002409219741821289, 0.0029640495777130127, 0.0046227723360061646, 0.0003135949373245239, -0.290478515625, -0.0561767578125, 0.009632550179958344, 0.008102618157863617, 0.00024443864822387695, 0.002979658544063568, 0.00463905930519104, 0.00031378865242004395, -0.290478515625, -0.0561767578125]",0.010800002999999999
"[3.8351268768310547, 3.8551268768310547, 3.8751268768310547, 3.8951268768310547, 3.9151268768310548, 3.9351268768310548, 3.955126876831055, 3.975126876831055, 3.995126876831055, 4.015126876831054, 4.035126876831055]","[-0.01454081257256247, 0.03940147751260022, 0.005631808341169301, 0.020640726548352296, 0.007447914617722868, -0.0032526367162970782, -0.020657772973561563, -0.0024606271879146187, 0.04161396372457342, 0.01231814764988799, 0.01769331089928107, 0.0079813439879794, -0.010515785148572578, -0.01873647047263928, 0.009087834966758059, 0.04231938735603172, 0.01802644176995496, 0.014081881267502216, 0.008246179925295503, -0.01746328190767977, -0.015237334634942357, 0.020191610096284198, 0.04133160445533106, 0.022728609460134035, 0.009889432695214792, 0.008213351367776001, -0.023926794505826156, -0.009975096317006195, 0.0309147220482848, 0.03858029265963964, 0.026427875947950773, 0.005249930210097729, 0.007886300272659892, -0.029853608147674432, -0.0030294234569864372, 0.041394885239767754, 0.033528394938816944, 0.02896211045289088, -0.0002722345561906552, 0.00733740694751907, -0.03552736535644911, 0.004741095414973393, 0.051571248534360806, 0.02680727997677344, 0.030451600050863177, -0.006264969618812716, 0.00665165986139829, -0.0409303816495689, 0.013143772797507842, 0.0613877847936583, 0.019004519666066567, 0.031028418255721432, -0.012327882974161453, 0.0058981794651448115, -0.046022297661571517, 0.022026680136818813, 0.07080369844266057, 0.010600622363046134, 0.030818917277972722, -0.018127335500592402, 0.0051322092650741445, -0.050766418014114426, 0.0312261306461509, 0.07979142360169594, 0.001979971895837903, 0.02994324074887336, -0.023395964323419578, 0.004396531977466199, -0.05512990263895129, 0.040573293590148045, 0.08833693173648646, -0.00657196741017982, 0.0285133723690584, -0.02793536003027234, 0.0037191588069399174, -0.05907279744386689, 0.04992576597033603]","[0.03567323456127631, 0.8000005043521952, 0.25585954152437407, 0.8000003912365468, 0.4289483276944058, 0.8000004029679136, 0.5610583653986506, 0.8000003740750852, 0.6582910268629785, 0.8000003445841584, 0.7264670123937804, 0.8000002872610745, 0.7710016589503549, 0.8000002989164435, 0.7939174301753913, 0.8000002234891264, 0.7999998982858081, 0.8000001361985494, 0.8000000163478811, 0.80000002877365]","[0.012242247157388753, 0.015119377529194011, -0.001512819494513984, 0.010129484933350197, 0.01760675377654275, -0.0016010470245175767, 0.00699021539398359, 0.01963081711116743, -0.001648610247894311, 0.002631632625025193, 0.020753609779067705, -0.0016601706519399073, -0.0030455666284433525, 0.020785874905625334, -0.001637737071181089, -0.009804760996831696, 0.020590658282187757, -0.001607462992253339, -0.017612497363958868, 0.02023362407928664, -0.0015326595264513188, -0.026421024835022955, 0.01970075723971476, -0.001351161804515666, -0.036152143944424786, 0.018959975611895885, -0.0009873039004570927, -0.04670067916998322, 0.01796557916529551, -0.00035940067834916434, -0.057944683014378495, 0.01664370641995294, 0.0006135392564514675]","[0.009789586067199707, 0.007771104574203491, 0.00023812055587768555, 0.0030611753463745117, 0.004479497671127319, 0.0002924501895904541, -0.290478515625, -0.0561767578125, 0.009744852781295776, 0.007762283086776733, 0.00023448467254638672, 0.003038369119167328, 0.004479177296161652, 0.0002913624048233032, -0.290478515625, -0.0561767578125, 0.00969848781824112, 0.007763676345348358, 0.00023445487022399902, 0.003017798066139221, 0.004482552409172058, 0.000289231538772583, -0.290478515625, -0.0561767578125, 0.009654782712459564, 0.007774233818054199, 0.00023260712623596191, 0.0029982924461364746, 0.00448983907699585, 0.0002911686897277832, -0.290478515625, -0.0561767578125, 0.009617552161216736, 0.007794171571731567, 0.00023433566093444824, 0.0029813945293426514, 0.004500888288021088, 0.00028952956199645996, -0.290478515625, -0.0561767578125]",0.006691538
"[3.916425943374634, 3.936425943374634, 3.956425943374634, 3.976425943374634, 3.996425943374634, 4.016425943374633, 4.036425943374634, 4.0564259433746335, 4.076425943374634, 4.0964259433746335, 4.116425943374634]","[-0.014544688604171909, 0.039412110452324685, 0.005591188195747502, 0.02040680188164345, 0.00756752427323488, -0.0034604759106148988, -0.02065529136135601, -0.0022179833087051055, 0.040133879868371795, 0.011985887620095942, 0.016666719019930366, 0.007825223882311317, -0.010094946459045594, -0.01727801113735639, 0.009617529372175205, 0.03908438680315576, 0.017411414044970635, 0.012278217545429104, 0.007767746798113723, -0.016290803749432037, -0.012063930641796481, 0.02103066052025073, 0.036189037871098076, 0.02185606466668173, 0.007373198593441476, 0.007402378923194371, -0.02201845948324742, -0.00512074672497519, 0.03216255928965025, 0.030914341259109433, 0.025140398357795805, 0.0015090475640642184, 0.006809009653571274, -0.027590182560917116, 0.002646235911397769, 0.04294558416820389, 0.023956407838522716, 0.027381983163555966, -0.00486153700713935, 0.00607982836798663, -0.03299591618133921, 0.011038707090471011, 0.05331947076556225, 0.015952478015345575, 0.028707417201865013, -0.011306259398408276, 0.005289833193293056, -0.038201488203470205, 0.0198959212006383, 0.06324173976714997, 0.007417001664721767, 0.029235353665426282, -0.017467437549289633, 0.004497444038383154, -0.043169249198987444, 0.029055422989453197, 0.07268565003035479, -0.0012474442088669358, 0.029076578399301847, -0.023060919777502555, 0.0037461163485315516, -0.04785884290869862, 0.038358633938967074, 0.08164192098004347, -0.00976191386351392, 0.02833120521300995, -0.027882318941109232, 0.00306000625901171, -0.05221102141463778, 0.04769468817681511, 0.09011535001490145, -0.01795145184911367, 0.02709113644600166, -0.03179700500311532, 0.0024493593598264255, -0.05616130169228367, 0.05697577659193247]","[0.2805554895928696, 0.8000005093547439, 0.45826696670718514, 0.8000003952702606, 0.5911088283446351, 0.8000004076139895, 0.6856970381480302, 0.8000003786142521, 0.7482771375514997, 0.8000003490634712, 0.7846274748469138, 0.8000002913245801, 0.7999998812116154, 0.8000003024518763, 0.8000000054812166, 0.8000002259873922, 0.7999999893128353, 0.8000001376326527, 0.7999999958145596, 0.8000000290468281]","[0.012254475399058107, 0.015514603211414624, -0.0015058512359580334, 0.009778831988317527, 0.016770163683735184, -0.001470164342612268, 0.006166935742119906, 0.01713468425253417, -0.0013757767473094873, 0.0012923312463890557, 0.016458336383416317, -0.0012492228637182023, -0.004628000219424111, 0.01567109433673286, -0.0011534029532080936, -0.011592372500351944, 0.014849714530808189, -0.0010688009008408272, -0.01958170806694537, 0.013989521591784015, -0.000942748944930738, -0.0285461060457054, 0.013054083683809559, -0.0007021688594130993, -0.038407595393018856, 0.011981115442566637, -0.00026152430468862065, -0.049072536672671974, 0.010659496904634747, 0.0004704867010643099, -0.06042957586841957, 0.008962085335320502, 0.001583882509992307]","[0.009963810443878174, 0.007921464741230011, 0.00025203824043273926, 0.003135301172733307, 0.004534855484962463, 0.00031219422817230225, -0.290478515625, -0.0561767578125, 0.009955383837223053, 0.00789206475019455, 0.0002510547637939453, 0.0031318962574005127, 0.004521451890468597, 0.00030994415283203125, -0.290478515625, -0.0561767578125, 0.009934425354003906, 0.007862940430641174, 0.0002479255199432373, 0.0031272470951080322, 0.004513829946517944, 0.0003007948398590088, -0.290478515625, -0.0561767578125, 0.009909309446811676, 0.007832817733287811, 0.00024694204330444336, 0.0031148195266723633, 0.004501603543758392, 0.0002983510494232178, -0.290478515625, -0.0561767578125, 0.009875737130641937, 0.007806010544300079, 0.0002442300319671631, 0.003099501132965088, 0.004490993916988373, 0.00029693543910980225, -0.290478515625, -0.0561767578125]",0.007137754
"[3.9755988121032715, 3.9955988121032715, 4.0155988121032715, 4.035598812103271, 4.0555988121032716, 4.075598812103271, 4.095598812103272, 4.115598812103271, 4.135598812103272, 4.155598812103271, 4.175598812103272]","[-0.014537577617024363, 0.03941690303370113, 0.005439518636490607, 0.020408482064228937, 0.007588904143299716, -0.0034216262164880767, -0.020451939837370856, -0.002134567427070611, 0.039682399963686554, 0.011726076063441948, 0.016333794551472918, 0.00782453560198237, -0.010121585601475403, -0.0172735968286045, 0.009722123774688065, 0.03850371929491489, 0.01710170753874216, 0.011790742942946656, 0.007775079405820571, -0.016387952432642412, -0.012249169282054596, 0.02119885755730242, 0.035220344244178206, 0.021395424704087274, 0.006408145778970758, 0.0074494796531251375, -0.02231527428148989, -0.005789299741938489, 0.03224842055135534, 0.03043056483695944, 0.024761593275401977, 0.0007979065644361539, 0.00687152416245698, -0.02773579791215258, 0.0022849290839594286, 0.043003223511488775, 0.023635368272657185, 0.027041093267124255, -0.005467017384317371, 0.006124956785715458, -0.032980030467721314, 0.011006673387129429, 0.053388885531826136, 0.015553681538600051, 0.028366322844184146, -0.011936488703598574, 0.005306027738896329, -0.03806118452053456, 0.02011079688836189, 0.06333471585371447, 0.006867942249659924, 0.02888326669771188, -0.018165970293897108, 0.004492007624594999, -0.042957493816516375, 0.02940057926222102, 0.07279921271771894, -0.0019308800268622993, 0.02871793398170597, -0.023820949406605285, 0.0037288864828555444, -0.0476079215020279, 0.03876529409171281, 0.0817656187065181, -0.010518387177274715, 0.027980431043921727, -0.028663592654511516, 0.0030392442397984545, -0.05193258380021365, 0.0481407589155778, 0.09023748943089152, -0.01871129217907752, 0.026766926777597094, -0.03254475264666841, 0.002429194431326555, -0.05585231930932603, 0.057471435430754766]","[0.22200737766080866, 0.8000003349007472, 0.4397053841605431, 0.8000002665391375, 0.5979922721390645, 0.800000277977667, 0.7053878192217855, 0.8000002601353944, 0.770001463700638, 0.8000002397812259, 0.7992921155056845, 0.8000001979187217, 0.799999996471215, 0.8000001998926939, 0.7999999761361407, 0.8000001431113106, 0.8000000104001498, 0.8000000805308456, 0.7999999949493322, 0.8000000077092967]","[0.011970285844999595, 0.015518147501246915, -0.0014822445309587984, 0.009585189725361709, 0.017025486425964242, -0.0014664893066012041, 0.006056376405847996, 0.017648985448849075, -0.0013937925021823006, 0.001406815889129831, 0.017711624738814713, -0.001317259937771098, -0.004562074981728892, 0.016696897502801455, -0.001220211176662822, -0.011584639357247961, 0.015586101698756405, -0.001126734672872054, -0.019609108140090092, 0.01450288701871294, -0.0009940193238171524, -0.028578491644306814, 0.013447521905840532, -0.0007508466354844145, -0.03842778521797885, 0.012314675407385067, -0.0003103868782261543, -0.04907798052181134, 0.01093978510251059, 0.0004206162654565304, -0.06042888574838323, 0.009152468827337668, 0.0015353348887203744]","[0.009771719574928284, 0.008037947118282318, 0.00024706125259399414, 0.0030434876680374146, 0.004598148167133331, 0.0003137737512588501, -0.290478515625, -0.0561767578125, 0.009809397161006927, 0.008040770888328552, 0.00024878978729248047, 0.003062620759010315, 0.004599325358867645, 0.00031478703022003174, -0.290478515625, -0.0561767578125, 0.009845472872257233, 0.008036300539970398, 0.0002497434616088867, 0.003079138696193695, 0.004597768187522888, 0.00031669437885284424, -0.290478515625, -0.0561767578125, 0.009882278740406036, 0.00802900642156601, 0.0002523958683013916, 0.0030957162380218506, 0.004592485725879669, 0.0003148317337036133, -0.290478515625, -0.0561767578125, 0.009911976754665375, 0.008016534149646759, 0.00025323033332824707, 0.00311075896024704, 0.004582718014717102, 0.00031706690788269043, -0.290478515625, -0.0561767578125]",0.007217935
"[4.055535793304443, 4.075535793304443, 4.095535793304443, 4.115535793304443, 4.135535793304443, 4.155535793304443, 4.1755357933044435, 4.195535793304443, 4.2155357933044435, 4.235535793304443, 4.2555357933044435]","[-0.014533916009441965, 0.039409114398029105, 0.0054575324955550494, 0.020587565439266875, 0.00749903280536596, -0.003255829628161817, -0.020476053594261127, -0.0020034693403362227, 0.038890515466057804, 0.011619724117691951, 0.01606791214038308, 0.007606797890085613, -0.009705018450424346, -0.01671391503872604, 0.010057878866902084, 0.036451106413814646, 0.01674749977659305, 0.010689420894230315, 0.007441796005280547, -0.01585084580667863, -0.011396376586897567, 0.02162029269777046, 0.03260963071630937, 0.020992388193561657, 0.005102243758416774, 0.006989480559012958, -0.0214114932570338, -0.004074907074295991, 0.03282863280413624, 0.026817298735121408, 0.024208597131142935, -0.0010323968109574259, 0.00630100076721334, -0.02664834024181697, 0.004457069627365486, 0.043705872481198074, 0.019231407024111552, 0.0263787705909176, -0.00769062950645817, 0.005483218218981314, -0.031780532620988636, 0.013482912302369083, 0.05416691872472412, 0.0106396438195905, 0.027644251721298807, -0.01439247349846939, 0.004640386161772977, -0.036837382360619036, 0.022698012614615033, 0.06414162636353041, 0.0017247863501064105, 0.02815228175125545, -0.020686034985761322, 0.003836584698018298, -0.04175065497168588, 0.03200791059671025, 0.07359513094202495, -0.00705897558080581, 0.028026595956462737, -0.02624239045209043, 0.0031037383886489307, -0.04642241785971547, 0.04138169108709394, 0.08252229095722927, -0.01545472237374575, 0.027369559922887973, -0.030848521588264087, 0.0024513153012349406, -0.05075325841772228, 0.050795468427983256, 0.09094249475821162, -0.023372935147970127, 0.026260613675020153, -0.03440899649295199, 0.0018767588449425414, -0.05466778823950088, 0.06018373575193047]","[0.31570282721894605, 0.8000003605937906, 0.5310881086031537, 0.8000002870318608, 0.676991129163799, 0.8000003013256726, 0.7634878133980585, 0.8000002813738638, 0.800000212739449, 0.8000002590873696, 0.7999999849740389, 0.8000002102044952, 0.8000000771426885, 0.8000002141862657, 0.8000000368066372, 0.8000001502739544, 0.8000000333298409, 0.800000081316355, 0.8000000095398133, 0.8000000022310383]","[0.011958103189733893, 0.015237933413389637, -0.0014898903053692791, 0.009483031188785906, 0.016249706816512166, -0.0014219607391714462, 0.0059828011588388685, 0.01679387549033784, -0.001326059893008047, 0.0011354532650769134, 0.016025805319713538, -0.001193549738963462, -0.004910279154200503, 0.014638321886073946, -0.001068925401545684, -0.011984318719171494, 0.013299707445046494, -0.0009606480806008122, -0.020025899233141575, 0.0121614222081039, -0.0008213139894781563, -0.029004480610902217, 0.011112933233473843, -0.0005712367579366884, -0.03887798107886464, 0.009948127071696788, -0.00011663460745836574, -0.04957943045344171, 0.008443062330717233, 0.000642866264566333, -0.061004342068968764, 0.006437471967672526, 0.0018076896002643394]","[0.009629078209400177, 0.007955111563205719, 0.00024127960205078125, 0.0029791444540023804, 0.0045702531933784485, 0.0003018677234649658, -0.290478515625, -0.0561767578125, 0.009637542068958282, 0.00797346979379654, 0.0002410411834716797, 0.0029825568199157715, 0.00457889586687088, 0.000300675630569458, -0.290478515625, -0.0561767578125, 0.009650833904743195, 0.007991090416908264, 0.00024273991584777832, 0.0029865801334381104, 0.004579551517963409, 0.0003131777048110962, -0.290478515625, -0.0561767578125, 0.009674035012722015, 0.008007489144802094, 0.00024318695068359375, 0.0029962584376335144, 0.004585132002830505, 0.00031538307666778564, -0.290478515625, -0.0561767578125, 0.009702496230602264, 0.00801924616098404, 0.00024586915969848633, 0.0030106455087661743, 0.004592329263687134, 0.0003140270709991455, -0.290478515625, -0.0561767578125]",0.013227332
"[4.154970407485962, 4.1749704074859615, 4.194970407485962, 4.2149704074859615, 4.234970407485962, 4.254970407485962, 4.274970407485962, 4.294970407485962, 4.314970407485962, 4.334970407485962, 4.354970407485962]","[-0.014543575444599667, 0.03940920267523748, 0.005606605766924879, 0.02047224504371669, 0.007539272088411816, -0.0033256159382738463, -0.020635761786126146, -0.001724662154164123, 0.03713240276112724, 0.01139306860610272, 0.014825827272609128, 0.007410757667129241, -0.009395056546855459, -0.015919670848619914, 0.010534617672446496, 0.03346077225113163, 0.01633054615338713, 0.008912208359317698, 0.006981410206389626, -0.014891417127581649, -0.009038706254838297, 0.022386355864735967, 0.027827140918083696, 0.020267965290278855, 0.0024198265892838907, 0.006294701217763212, -0.02006328907283495, -0.0007407336761131151, 0.03385435240969932, 0.020409356047491844, 0.02318869825799267, -0.00457985771272475, 0.005459423490160137, -0.025151483053047846, 0.008225432759924843, 0.04489226222370299, 0.011786537993008231, 0.025163526140760117, -0.011781342324020328, 0.004588744643977507, -0.030276118654601277, 0.0173616457035975, 0.05541405314826504, 0.0027590616786786473, 0.026347616618150365, -0.018657999427056995, 0.0037562322639339498, -0.035358015706574375, 0.026602723813785343, 0.06537261397585756, -0.006122628249789368, 0.026874816933816045, -0.024801280160717278, 0.002995967583546152, -0.04027254626850868, 0.03597484681274625, 0.07476221741651932, -0.014575377168952502, 0.026845339017101053, -0.029960085741216325, 0.0023157332148927515, -0.04490321973292208, 0.04548427140070248, 0.08361196295451342, -0.022546215216131343, 0.02632088334242234, -0.03405366237617914, 0.0017126428685877663, -0.04917812728451951, 0.055043965765665635, 0.09196163047732281, -0.030068622955158553, 0.025350226751768606, -0.03708673794298806, 0.0011822807385938618, -0.053053810529420646, 0.06451658479559937]","[0.5058599865079203, 0.8000003559701183, 0.6798448723215278, 0.800000283590973, 0.7739994502931147, 0.8000003006460309, 0.8000003670352078, 0.8000002802858981, 0.8000000562238534, 0.8000002578024883, 0.8000001284660997, 0.8000002047907846, 0.8000001191772546, 0.8000002103984656, 0.8000001007040061, 0.8000001433571292, 0.8000000709999862, 0.8000000729059957, 0.8000000234026776, 0.799999993691651]","[0.012296057149604689, 0.015347102313191918, -0.0015016769809430563, 0.009657205177456718, 0.015792444679090245, -0.001360915981317934, 0.005736522676853872, 0.014910733031049617, -0.0011547008119272562, 0.0006258272728650871, 0.013321390300649938, -0.0009614060085105791, -0.005544387975565446, 0.01168681152753015, -0.0008188047745427696, -0.012676132638248072, 0.010416224070481928, -0.000711183331389087, -0.020776903816759784, 0.009378783938539748, -0.0005695059939405667, -0.029851182567077084, 0.008293184135358622, -0.00030313021862671263, -0.03986748409663854, 0.006881898889104399, 0.00019129937713646683, -0.05073437670343395, 0.004998795341736084, 0.0010232890996082489, -0.06231755728943167, 0.0025928984368062125, 0.002298183531814324]","[0.009903669357299805, 0.007916875183582306, 0.00025078654289245605, 0.003103204071521759, 0.004534274339675903, 0.0003108680248260498, -0.290478515625, -0.0561767578125, 0.009882330894470215, 0.007906630635261536, 0.0002480149269104004, 0.0030932053923606873, 0.004530429840087891, 0.000311046838760376, -0.290478515625, -0.0561767578125, 0.009857676923274994, 0.007897749543190002, 0.0002472996711730957, 0.003080695867538452, 0.004525467753410339, 0.00030897557735443115, -0.290478515625, -0.0561767578125, 0.009827181696891785, 0.007887519896030426, 0.0002460777759552002, 0.0030710622668266296, 0.004530459642410278, 0.00029850006103515625, -0.290478515625, -0.0561767578125, 0.009795114398002625, 0.007883526384830475, 0.00024330615997314453, 0.003056474030017853, 0.004528723657131195, 0.00029958784580230713, -0.290478515625, -0.0561767578125]",0.007227755000000001
"[4.235152721405029, 4.255152721405029, 4.275152721405029, 4.295152721405029, 4.315152721405029, 4.335152721405029, 4.355152721405029, 4.375152721405029, 4.395152721405029, 4.415152721405029, 4.4351527214050295]","[-0.014541215648947997, 0.03941392058153906, 0.005522741264951973, 0.020420044910280915, 0.007576764890075893, -0.0034149455944888635, -0.020506518468933678, -0.001491791110216582, 0.03574134532220344, 0.011073805183414437, 0.014121106305934454, 0.007155653978551329, -0.008792345891322193, -0.014231241804814516, 0.01108799206661901, 0.03011562241150012, 0.01566111405891133, 0.007173662277385501, 0.006467489475618591, -0.013865267357014927, -0.0063941617978661835, 0.023225039556487675, 0.022721692076641972, 0.01926437546866673, -0.00031802281173513874, 0.005620647877262588, -0.018883636134919828, 0.002254707713862309, 0.03487756077231699, 0.014136945685788025, 0.02194870788289555, -0.008018082271768133, 0.0047243723595491605, -0.023968538147954924, 0.011234493108929058, 0.04599129814640554, 0.004995474452756051, 0.023810710664160344, -0.015534893451649148, 0.0038599024710323617, -0.029113369415354994, 0.0203283538931224, 0.05650239926162478, -0.004028722107645762, 0.024998010047894016, -0.02236569287560708, 0.0030668109008517115, -0.03417130822974984, 0.029617362851792707, 0.06640048078676965, -0.012600990503614089, 0.025612546102416724, -0.028204791333271074, 0.0023530824371030823, -0.03900898534749083, 0.039144355806643896, 0.07572089077503727, -0.020682832387990492, 0.02570261163643003, -0.032967141656062224, 0.0017157603603912234, -0.043554495065492166, 0.04881474603709386, 0.08450720315955051, -0.02830856462800433, 0.025307461411470358, -0.036644098042735766, 0.0011507121566075675, -0.047759746570894074, 0.05848863893053636, 0.0927986913152399, -0.03550969612797786, 0.024473374790581395, -0.03924889303067565, 0.000654067173529099, -0.05158328390134761, 0.0680256380485418]","[0.6685953636481858, 0.8000003616575262, 0.7779610306189453, 0.8000002920085182, 0.8000003985322722, 0.8000003112778489, 0.8000000338157851, 0.8000002917163564, 0.8000001475841461, 0.8000002687275979, 0.800000082041435, 0.8000002139026094, 0.8000001175369111, 0.8000002157089638, 0.8000000888211702, 0.8000001444492593, 0.8000000664203026, 0.8000000704608443, 0.8000000227743185, 0.7999999891283438]","[0.012105531918627621, 0.01545379005751979, -0.0014865676203905664, 0.009074220471892325, 0.014459355836089482, -0.0012152156793154845, 0.004932064401428571, 0.012764611600528664, -0.0009362341449428158, -0.0002341581904183876, 0.011014602149157948, -0.0007239445248892196, -0.0063750112739656695, 0.009583883358923906, -0.0005884151101884783, -0.01347735485454471, 0.008547193746402115, -0.00048815415960934416, -0.021596124998502275, 0.007557163512733389, -0.00034462362344189756, -0.030742658439076198, 0.00627684271811102, -6.22824804326072e-05, -0.04084934860752232, 0.004554309105475163, 0.00046840435698847216, -0.051803588032027115, 0.0023244717073929166, 0.0013633885554722447, -0.06346718224179093, -0.00044527695743923346, 0.0027324916758502127]","[0.009899452328681946, 0.007979147136211395, 0.00025027990341186523, 0.0030990689992904663, 0.004564307630062103, 0.00031407177448272705, -0.290478515625, -0.0561767578125, 0.00991620123386383, 0.007972285151481628, 0.00025349855422973633, 0.0031077787280082703, 0.004561617970466614, 0.0003120601177215576, -0.290478515625, -0.0561767578125, 0.009925216436386108, 0.007963627576828003, 0.00025147199630737305, 0.003111310303211212, 0.0045556798577308655, 0.000314563512802124, -0.290478515625, -0.0561767578125, 0.009930066764354706, 0.007953085005283356, 0.0002484917640686035, 0.003114648163318634, 0.0045508816838264465, 0.00031122565269470215, -0.290478515625, -0.0561767578125, 0.009927093982696533, 0.007941439747810364, 0.0002518892288208008, 0.0031143277883529663, 0.004545480012893677, 0.00031282007694244385, -0.290478515625, -0.0561767578125]",0.007174893
"[4.29791522026062, 4.31791522026062, 4.33791522026062, 4.35791522026062, 4.37791522026062, 4.39791522026062, 4.41791522026062, 4.43791522026062, 4.45791522026062, 4.47791522026062, 4.49791522026062]","[-0.014536156136953027, 0.03941254977187257, 0.005457180745337671, 0.020501627488064545, 0.0075451708014151, -0.003358605509488458, -0.02047534383976478, -0.0012620193378196501, 0.03437624606243742, 0.010703379987102132, 0.01324177752359658, 0.006998392693064817, -0.008699138530354696, -0.014112260340065567, 0.011494724783527746, 0.027659869329288746, 0.014999161421955464, 0.005375988815268976, 0.006264363462885373, -0.013880290849798246, -0.006495680505553863, 0.0237022080222785, 0.019806241825751195, 0.018427247911994366, -0.0026652475237409633, 0.005428718879217749, -0.018970093386458282, 0.0020174287289687477, 0.03531168259893093, 0.011442628165287247, 0.021110400472682315, -0.010364821756572265, 0.004551428457173601, -0.023945902043000875, 0.01126854886232731, 0.04639617340522626, 0.002444188550365941, 0.022969047371299425, -0.017890063590101944, 0.0037036166875971184, -0.028998269539528866, 0.02059356638581076, 0.05687982984301127, -0.006443732788786728, 0.02416622993858535, -0.024689649478745565, 0.0029263896227843377, -0.03396516515032129, 0.03010672922316636, 0.06674890023568383, -0.014866295537777283, 0.024809512990715356, -0.030440516245521052, 0.0022264251950601588, -0.03870613055887001, 0.03986618855386545, 0.07604295790881441, -0.022810395602901695, 0.024940559754351086, -0.03507904417125356, 0.0016004095837949363, -0.04315800067079516, 0.049757111699818786, 0.0848054181173985, -0.030309641587786408, 0.02459761169979604, -0.038600139793938275, 0.001044399482527048, -0.04727503641986472, 0.05963406557739092, 0.09307512063316048, -0.03739484316748102, 0.02382561484073651, -0.04102121185209559, 0.000554706730979679, -0.05101745370406409, 0.06935161331785981]","[0.6705783730677666, 0.8000021128389597, 0.7855541273181281, 0.8000028483433734, 0.8000021050587773, 0.8000037742046691, 0.8000002542819424, 0.8000043758289661, 0.8000008426444816, 0.8000047211450624, 0.8000005497834304, 0.800004637656647, 0.8000007408917604, 0.8000044082439615, 0.8000006025789904, 0.8000034986001202, 0.8000004490323482, 0.8000034483975451, 0.8000001949954774, 0.7998900467843334]","[0.011965711103222199, 0.01538269960507277, -0.001485997314819354, 0.009015219029600008, 0.014576058639264478, -0.0012170742555279723, 0.00505758886039287, 0.01351498209665758, -0.0009728451915940184, 4.54812103343194e-05, 0.012338268284592502, -0.0007965992230758445, -0.006102481497317291, 0.010919594997290005, -0.0006811884142345903, -0.013215549904614043, 0.00988389259474598, -0.000599776258285889, -0.021359253091825403, 0.008835714455326826, -0.0004773566765661208, -0.0305502518455375, 0.00741120381391136, -0.0002168828529796052, -0.04071320518063137, 0.005485193039768799, 0.0002977251877172016, -0.051732647844458524, 0.0030028061335665157, 0.001189906422991438, -0.06346716758664261, -5.774733055075032e-05, 0.002576031268573864]","[0.009716346859931946, 0.007968440651893616, 0.0002452731132507324, 0.003013141453266144, 0.004562549293041229, 0.00031261146068573, -0.290478515625, -0.0561767578125, 0.009733535349369049, 0.007972590625286102, 0.00024586915969848633, 0.003021553158760071, 0.004565097391605377, 0.0003124028444290161, -0.290478515625, -0.0561767578125, 0.009751826524734497, 0.007977448403835297, 0.00024628639221191406, 0.003030844032764435, 0.004566691815853119, 0.00031344592571258545, -0.290478515625, -0.0561767578125, 0.00977623462677002, 0.007981620728969574, 0.0002480447292327881, 0.0030427053570747375, 0.004567377269268036, 0.00031225383281707764, -0.290478515625, -0.0561767578125, 0.0098014697432518, 0.007983900606632233, 0.00024774670600891113, 0.003054514527320862, 0.004569880664348602, 0.00031422078609466553, -0.290478515625, -0.0561767578125]",0.006766029999999999
"[4.3753790855407715, 4.395379085540771, 4.4153790855407715, 4.435379085540771, 4.4553790855407716, 4.475379085540771, 4.495379085540772, 4.515379085540771, 4.535379085540772, 4.555379085540771, 4.575379085540772]","[-0.014537116757352067, 0.039410505016875826, 0.005500250976005247, 0.020522481411775862, 0.0075281840267409335, -0.0032226646190974223, -0.02056715424240115, -0.0011626063625808421, 0.033759415919070286, 0.010547600008885168, 0.012572755354325369, 0.00704871650336345, -0.009049483671281278, -0.015255950015033801, 0.01156759892849028, 0.027187172620114667, 0.014757287036659635, 0.0043927407764590785, 0.006438012041568464, -0.014627393220982752, -0.008478079859697956, 0.02362945846786603, 0.020196410817767872, 0.01827662710264412, -0.00338438796640268, 0.005696772042087104, -0.019770377172776403, -2.8292672254545118e-05, 0.03510219297372986, 0.012651381381712064, 0.021081166493229227, -0.010715039976412074, 0.004860320055806238, -0.024633742638494723, 0.009528977562336845, 0.04612003964679908, 0.004057884657869669, 0.022997207442095696, -0.018067738522034988, 0.004013284978622405, -0.029571165075412492, 0.019163719027082637, 0.05659049192390672, -0.004779276624807798, 0.02418150976817922, -0.02490406356067311, 0.003220193112665086, -0.03446412984749579, 0.028867248626039257, 0.0664427123699892, -0.013294300479254189, 0.024774965065062503, -0.030772509107279106, 0.002499958047551304, -0.03911597354868196, 0.03873593410879657, 0.07566994012216226, -0.021335199342523137, 0.024846582423959353, -0.03550361409874735, 0.0018494389488947396, -0.043406361330382726, 0.04872016995532856, 0.0842993362305331, -0.02893898808577655, 0.024430911556326134, -0.03908907163362186, 0.0012628332614254456, -0.04729152262974119, 0.0586715094872548, 0.09236148918400117, -0.03613839427656759, 0.023567607428162198, -0.04154218321840083, 0.000736294637424007, -0.05075939906120266, 0.06845076598305719]","[0.5657034396840808, 0.7999999776139736, 0.7437988452204786, 0.7999999603730156, 0.8000004835733231, 0.7999999693801692, 0.8000002004887813, 0.7999999779499223, 0.8000002553770986, 0.7999998077750775, 0.8000001872442085, 0.7974963993693521, 0.8000002349598085, 0.7887560007296535, 0.8000001873354902, 0.7798785352892714, 0.8000001361883957, 0.7741076238751923, 0.8000000502622325, 0.7719391663814688]","[0.01213903938330918, 0.01530192601461211, -0.0014949795145278166, 0.009570536332922264, 0.015819907933718458, -0.001316363125572373, 0.005951361965917168, 0.015994732398656897, -0.0011355728882964655, 0.0010264168876849, 0.01516302748849796, -0.0009934719490454214, -0.005169078657067727, 0.013589761540277578, -0.0009079918285195276, -0.012343077748357745, 0.012351963019789913, -0.0008495713583407394, -0.02050892287773809, 0.011225346940850311, -0.0007521873662690304, -0.029669251915951822, 0.009779080062533918, -0.000523841898012023, -0.0397517850741671, 0.007772308839617992, -5.0225679682380786e-05, -0.05063984546521749, 0.005144226306780464, 0.0007933824449595228, -0.062218885434320526, 0.0018795168548852992, 0.00212829793302749]","[0.009764716029167175, 0.00794016569852829, 0.0002466142177581787, 0.0030368193984031677, 0.004548236727714539, 0.00031019747257232666, -0.290478515625, -0.0561767578125, 0.009744428098201752, 0.007941342890262604, 0.0002446770668029785, 0.0030298829078674316, 0.004555754363536835, 0.00030268728733062744, -0.290478515625, -0.0561767578125, 0.009728610515594482, 0.007943160831928253, 0.0002422034740447998, 0.0030185356736183167, 0.004549287259578705, 0.0003138929605484009, -0.290478515625, -0.0561767578125, 0.00971423089504242, 0.007944725453853607, 0.000244140625, 0.00301409512758255, 0.0045598819851875305, 0.00030368566513061523, -0.290478515625, -0.0561767578125, 0.00970393419265747, 0.007947921752929688, 0.00024363398551940918, 0.0030110180377960205, 0.00456102192401886, 0.0003023892641067505, -0.290478515625, -0.0561767578125]",0.007518224
"[4.454883098602295, 4.4748830986022945, 4.494883098602295, 4.5148830986022945, 4.534883098602295, 4.554883098602295, 4.574883098602295, 4.594883098602295, 4.614883098602295, 4.634883098602295, 4.654883098602295]","[-0.014543172902750048, 0.03941145014071981, 0.0055803676826208185, 0.020439069690949954, 0.007561261918937101, -0.003338032773550216, -0.02058279972971868, -0.0009894138317365232, 0.03267504263293701, 0.01038445294090316, 0.011801611187953665, 0.006938579439177142, -0.008908962408017432, -0.014640380285187441, 0.011828970673198925, 0.02555470203042557, 0.014522956166742313, 0.0034709699638207367, 0.006179435236612256, -0.014060442968729102, -0.0068660628751541185, 0.02399590971370836, 0.01791241611118704, 0.01796885696907914, -0.00447294362140608, 0.00531505196781444, -0.018944618661126282, 0.002200888887591165, 0.03565045624526955, 0.009251072120469935, 0.020546087823063476, -0.012458267154276234, 0.004424826503874762, -0.023912684055224526, 0.011555205497651658, 0.0467124350615606, 0.00016088617372966778, 0.022333556761728428, -0.020111427151345868, 0.0035797819118335125, -0.028887600965167824, 0.02098097646343075, 0.057055895409100776, -0.008652334390229577, 0.02348291513456804, -0.0268652681771992, 0.002801651154573656, -0.03360119424061449, 0.03061987921179342, 0.06663251510064572, -0.01698804344795731, 0.024057697621484683, -0.032487104725182056, 0.002084331278299693, -0.03788929328274748, 0.04044675125852812, 0.07544097946382128, -0.02489090892644784, 0.024072735459423907, -0.03694418456546239, 0.0014189823646941033, -0.0417069520437445, 0.05031446228245015, 0.08349098570732942, -0.032399835280940675, 0.02354275011794702, -0.04022257788439171, 0.0008017723967677917, -0.04507630321596731, 0.06009510662347024, 0.09085497831455956, -0.03953920937483893, 0.022519891135425435, -0.04234458224488061, 0.00023423328137399263, -0.04803237258968536, 0.06966513777898528]","[0.7272327134270369, 0.8000000469230628, 0.8000005311078275, 0.8000000058450158, 0.8000002080202431, 0.8000001262099874, 0.8000002955027414, 0.7999998796744825, 0.8000002502109473, 0.7860799161836364, 0.8000002139731283, 0.763270372306027, 0.8000002301446207, 0.740447035269542, 0.8000001712360445, 0.7231103262171199, 0.8000001085967923, 0.7132302255301692, 0.800000025417668, 0.7097641820778099]","[0.01225492014419216, 0.015382508659532057, -0.0014936592315768493, 0.009556729531277619, 0.01552881504417769, -0.0012664847586290051, 0.005638726149442275, 0.014736391431881657, -0.0010294059009710033, 0.00048375734732430953, 0.013213791536972774, -0.0008551147053967867, -0.005669950336994689, 0.011973710918907976, -0.0007601208397538528, -0.012761801288223129, 0.011033590779254254, -0.0006999082002376866, -0.020805118617448715, 0.009861895869012649, -0.0006014487673047242, -0.029742745634203427, 0.008135134025936352, -0.00036751982764116065, -0.039489959244422224, 0.005757953500356461, 0.00012051189232042958, -0.05000399816192014, 0.0026985512292796443, 0.0009940742459315643, -0.06121013781605822, -0.0010286510397521376, 0.0023785755787808505]","[0.009891413152217865, 0.007953740656375885, 0.00025013089179992676, 0.0030945464968681335, 0.004549533128738403, 0.0003151893615722656, -0.290478515625, -0.0561767578125, 0.009881384670734406, 0.007950201630592346, 0.00024899840354919434, 0.0030889585614204407, 0.004550054669380188, 0.0003120154142379761, -0.290478515625, -0.0561767578125, 0.009867683053016663, 0.00794827938079834, 0.00024941563606262207, 0.0030831173062324524, 0.004549399018287659, 0.0003133714199066162, -0.290478515625, -0.0561767578125, 0.009849652647972107, 0.007945120334625244, 0.00024840235710144043, 0.00307580828666687, 0.00454828143119812, 0.00031173229217529297, -0.290478515625, -0.0561767578125, 0.009830392897129059, 0.007943011820316315, 0.00024637579917907715, 0.0030660852789878845, 0.004547879099845886, 0.00031228363513946533, -0.290478515625, -0.0561767578125]",0.007253814
"[4.535146713256836, 4.5551467132568355, 4.575146713256836, 4.5951467132568355, 4.615146713256836, 4.635146713256836, 4.655146713256836, 4.675146713256836, 4.695146713256836, 4.715146713256836, 4.735146713256836]","[-0.01454013631690085, 0.03941248809593946, 0.005519551422121068, 0.020458256080677292, 0.007559655848139338, -0.003384576476640117, -0.020498744218237292, -0.0008348312148501888, 0.03175683048119258, 0.010188626740135324, 0.011448083694182034, 0.006718715030884816, -0.00837426876792462, -0.013262888057018574, 0.012152542964944654, 0.023603643286533034, 0.01419156351090825, 0.0027193481508386115, 0.005781200003430553, -0.013178892345259471, -0.0047209642802121445, 0.02456575837897511, 0.014454339480696635, 0.017336989698927042, -0.006153560485562103, 0.004828930251513377, -0.01815668438820465, 0.004133912975792929, 0.03631135281875365, 0.004894962871607527, 0.019682193680423614, -0.014793285268874544, 0.003933918375456719, -0.02320300385689323, 0.01307865273335764, 0.04721038858894321, -0.004199436404827503, 0.021411722978694165, -0.022449858924636718, 0.0031056231142977337, -0.02793456410582742, 0.02241993427982685, 0.05721138680573016, -0.012810923547564773, 0.022530130594435795, -0.028992104954669192, 0.002330230509115943, -0.03219034695622845, 0.03202963652360416, 0.06627665057417864, -0.02099322987401342, 0.023030161135366357, -0.034362127450483095, 0.0015947530464896545, -0.03590228100096375, 0.04175457586177383, 0.0743823162552844, -0.028793732165808654, 0.022900210468068782, -0.03851823599897868, 0.0008931297663222803, -0.03910038045572442, 0.05146916555514698, 0.08160394368562901, -0.0362388434606051, 0.02218400943060471, -0.04146252078716664, 0.0002275205036857503, -0.041842503702296224, 0.06105565213993211, 0.08808174243655863, -0.043340076234471975, 0.020967083607102744, -0.04323629190315116, -0.0003953619933237393, -0.04418384412588537, 0.07039649623460452]","[0.8000005128261769, 0.8000001197274582, 0.8000003804185174, 0.8000000772224074, 0.8000004284084927, 0.800001277234482, 0.8000003941088805, 0.7784766927841136, 0.800000371047414, 0.7440284340880016, 0.8000002993881044, 0.7066388428563031, 0.8000003127706634, 0.6739554809970445, 0.8000002180967634, 0.650821542198514, 0.8000001213681824, 0.6381769727132865, 0.8000000034706708, 0.633851388090203]","[0.012083734473674168, 0.01539567156151156, -0.0014863838933703022, 0.009057293164604685, 0.014297148708074747, -0.0011565897634557842, 0.004916743375954158, 0.01267374630212803, -0.000866844944116707, -0.00013972848448928765, 0.01153970541728322, -0.0006878064903594883, -0.006057152306624625, 0.010921190590517327, -0.0005983155667341755, -0.012914352425237752, 0.010017920798090607, -0.0005466290075588631, -0.020621634951338508, 0.008582481440070566, -0.0004587686721304607, -0.029108033714352555, 0.006476351450414697, -0.00023172997792553218, -0.038377550337342914, 0.0036368942115694303, 0.0002621357779668543, -0.04840488329655668, 5.837520240037364e-05, 0.0011573335766934534, -0.059112898179090045, -0.004221365052878401, 0.002576888863094595]","[0.009891413152217865, 0.007953740656375885, 0.00025013089179992676, 0.0030945464968681335, 0.004549533128738403, 0.0003151893615722656, -0.290478515625, -0.0561767578125, 0.009881384670734406, 0.007950201630592346, 0.00024899840354919434, 0.0030889585614204407, 0.004550054669380188, 0.0003120154142379761, -0.290478515625, -0.0561767578125, 0.009867683053016663, 0.00794827938079834, 0.00024941563606262207, 0.0030831173062324524, 0.004549399018287659, 0.0003133714199066162, -0.290478515625, -0.0561767578125, 0.009849652647972107, 0.007945120334625244, 0.00024840235710144043, 0.00307580828666687, 0.00454828143119812, 0.00031173229217529297, -0.290478515625, -0.0561767578125, 0.009830392897129059, 0.007943011820316315, 0.00024637579917907715, 0.0030660852789878845, 0.004547879099845886, 0.00031228363513946533, -0.290478515625, -0.0561767578125]",0.007799296
"[4.595292091369629, 4.6152920913696285, 4.635292091369629, 4.6552920913696285, 4.675292091369629, 4.6952920913696286, 4.715292091369629, 4.735292091369629, 4.755292091369629, 4.775292091369629, 4.795292091369629]","[-0.014537321349860225, 0.03941160501231677, 0.0054854933158495454, 0.020503315102067012, 0.007541718843641032, -0.0033419855245036697, -0.020523322853503008, -0.000728383920608196, 0.031123433643635304, 0.010039237059283512, 0.011118998622563166, 0.0066007142276425165, -0.008202197144469972, -0.012991150991971883, 0.012436365085404159, 0.021887313225680678, 0.013762487425839362, 0.0015006492340707027, 0.005635051271911264, -0.013210936375997817, -0.004881799272173996, 0.024875617025521567, 0.012286863266231577, 0.01671951971561768, -0.007917924204705745, 0.004708568569661853, -0.018268654184334793, 0.0036154762399110553, 0.03640753318712543, 0.00319088108817904, 0.019095470078439765, -0.01632298882148396, 0.0038213323652380336, -0.02296966627144627, 0.012833102854885332, 0.047038944904987876, -0.005838469208612188, 0.020749431954067744, -0.023970577677167523, 0.00297902658909769, -0.02730946135208563, 0.022201990806464088, 0.05663081409260733, -0.014418729304332363, 0.021757776752821246, -0.030459411931013144, 0.0021735748796730377, -0.031069695213067246, 0.03179878024256316, 0.06512602128372472, -0.022606655035781877, 0.02209151207305381, -0.035721399305758704, 0.0013941069005623586, -0.03424329379868554, 0.041485720474236196, 0.07255635883073391, -0.030439701527515167, 0.02176523357910254, -0.039726621506821685, 0.0006391951842884742, -0.03688628328803549, 0.05114197095166048, 0.07905061146663608, -0.03793467983513492, 0.020849772834070104, -0.042490651803737504, -8.512571213668715e-05, -0.03907270530431252, 0.06065179017843919, 0.08478753720274507, -0.04509593973746023, 0.019450356419813873, -0.04406619514309961, -0.0007693653661992224, -0.04086980744165804, 0.0698987687946381]","[0.8000001349791146, 0.7999996355720038, 0.8000001001669866, 0.7999995148110847, 0.8000001014058313, 0.7815202653806068, 0.8000000908515313, 0.7433827963656041, 0.8000000823109912, 0.6970447635526639, 0.800000064303072, 0.6515386438969473, 0.8000000722771086, 0.6136518035945508, 0.8000000535315654, 0.587598029462346, 0.8000000322285605, 0.5736186413785249, 0.8000000039984208, 0.568893282230444]","[0.012037244094485033, 0.015373169452073121, -0.0014905044252317978, 0.008970574069975812, 0.014056949763708637, -0.0011402153138000415, 0.005047734094324463, 0.01321487958968337, -0.0008761953896838648, 0.00025550332576607104, 0.012801962993835403, -0.0007147517392183111, -0.005536385075341932, 0.011924911558281348, -0.0006411200996101485, -0.01208460869677519, 0.010903414113492715, -0.0006097644485247855, -0.01939745990363817, 0.009238316881954312, -0.0005506986136789571, -0.027477222246254374, 0.006813373768219666, -0.0003540724674668816, -0.03633738069818615, 0.003581998367529593, 0.00011214958920646723, -0.04594956468273392, -0.000445455940364603, 0.0009846118326324316, -0.056232786459118556, -0.005215346186350445, 0.0023866188877370575]","[0.009751886129379272, 0.007957667112350464, 0.00024569034576416016, 0.003027521073818207, 0.004554636776447296, 0.0003152191638946533, -0.290478515625, -0.0561767578125, 0.009755551815032959, 0.007956743240356445, 0.00024694204330444336, 0.0030308812856674194, 0.004556216299533844, 0.0003126412630081177, -0.290478515625, -0.0561767578125, 0.009763024747371674, 0.007956050336360931, 0.0002455413341522217, 0.0030344948172569275, 0.004555590450763702, 0.0003121793270111084, -0.290478515625, -0.0561767578125, 0.009776242077350616, 0.00795714557170868, 0.00024762749671936035, 0.0030389055609703064, 0.004556439816951752, 0.00031299889087677, -0.290478515625, -0.0561767578125, 0.009898550808429718, 0.007956676185131073, 0.0002478063106536865, 0.0030977576971054077, 0.004551544785499573, 0.00031338632106781006, -0.290478515625, -0.0561767578125]",0.007706199
"[4.6748948097229, 4.6948948097229, 4.7148948097229, 4.7348948097229, 4.7548948097229005, 4.7748948097229, 4.7948948097229005, 4.8148948097229, 4.8348948097229005, 4.8548948097229, 4.874894809722901]","[-0.014539879893580718, 0.03941133446549851, 0.005532552041855764, 0.020476999842118482, 0.007550065194188942, -0.0032988025308798128, -0.020579503295351867, -0.0005984866143161776, 0.030319218648463125, 0.00984215930056922, 0.010311651339471184, 0.006637718326802959, -0.008546225615467654, -0.013867291656182565, 0.012549018183478864, 0.02092943429175209, 0.013409540683719287, 0.000253943059302335, 0.005741609730300102, -0.013753413225241626, -0.006335681941328574, 0.024716020651146177, 0.012104032965501738, 0.016433935601104694, -0.008787092069196083, 0.004845915826526346, -0.018476484427191974, 0.0023837608695577556, 0.035893002496580784, 0.0033940503700226575, 0.018786140022956963, -0.016961209317009136, 0.003936886309893925, -0.02266444950320771, 0.011760978445700697, 0.046048642735586676, -0.005640898973990623, 0.020293082135166365, -0.024577253203489528, 0.003041067296075301, -0.026406610223604753, 0.021082402298381313, 0.054970011643026236, -0.014352824139601478, 0.021062265852947303, -0.031044360761776277, 0.002163171353635258, -0.02950531593591205, 0.03055237474130056, 0.06262696102887541, -0.022703033234141027, 0.021099104790268008, -0.036235017701868044, 0.0012991428985246124, -0.03198102300910647, 0.04009453524672636, 0.06912680079689354, -0.030716129715996496, 0.020457521160043356, -0.040135364159674156, 0.0004528346759658592, -0.03391096761866984, 0.049592802226316866, 0.07465394934048411, -0.0383993596977731, 0.019237801517608268, -0.04277407352723426, -0.00036591993260043875, -0.03538567631469602, 0.05893480141526932, 0.07942601598355917, -0.045750297143010224, 0.017565962842166417, -0.044214271348422624, -0.0011450692785948682, -0.036484576463018295, 0.06800627845963837]","[0.774235730395564, 0.7999983815495191, 0.8000009928032762, 0.7832761271577715, 0.8000005151560989, 0.7407858303532802, 0.8000005710034624, 0.6851806126920947, 0.8000005050042628, 0.6266431221436948, 0.800000447686557, 0.5730412262782174, 0.8000004985969643, 0.5301361785317438, 0.8000004022830799, 0.501364362590077, 0.8000002558405619, 0.4861879502828415, 0.8000000764983833, 0.48111734923315097]","[0.012179902693758682, 0.015365964372565877, -0.0014938785548128664, 0.00941892605294381, 0.015188677003666662, -0.001208370438780193, 0.005806714479107633, 0.01531293402377587, -0.000969175846925463, 0.0011583224445419482, 0.014697126428154572, -0.0008194724291743505, -0.004336806871234167, 0.013468418703141083, -0.0007671426226050215, -0.010402254238228048, 0.012175867411580832, -0.0007541939887580895, -0.017163577018537657, 0.010207928916567077, -0.0007182454667993277, -0.02468186930259053, 0.00740272318315327, -0.0005499543663698425, -0.03296755474761026, 0.0037271603804946984, -0.00011721037963763337, -0.041988158068591463, -0.0007940700237685228, 0.0007155813399739586, -0.05165876499531774, -0.0060941448232041395, 0.002069666403824666]","[0.009822145104408264, 0.00796961784362793, 0.00024950504302978516, 0.0030597150325775146, 0.00455784797668457, 0.00031375885009765625, -0.290478515625, -0.0561767578125, 0.009809844195842743, 0.007968015968799591, 0.0002479851245880127, 0.0030524730682373047, 0.004557803273200989, 0.00031395256519317627, -0.290478515625, -0.0561767578125, 0.009795501828193665, 0.007966898381710052, 0.00024634599685668945, 0.0030471831560134888, 0.004559129476547241, 0.0003154873847961426, -0.290478515625, -0.0561767578125, 0.009782440960407257, 0.007965952157974243, 0.00024750828742980957, 0.0030421018600463867, 0.00455862283706665, 0.0003142505884170532, -0.290478515625, -0.0561767578125, 0.009760916233062744, 0.007962509989738464, 0.0002467632293701172, 0.003031313419342041, 0.004557691514492035, 0.0003144294023513794, -0.290478515625, -0.0561767578125]",0.0074869640000000005
"[4.7053539752960205, 4.72535397529602, 4.7453539752960205, 4.76535397529602, 4.785353975296021, 4.80535397529602, 4.825353975296021, 4.84535397529602, 4.865353975296021, 4.88535397529602, 4.905353975296021]","[-0.014541437323458282, 0.03941161102035557, 0.005553983507682323, 0.020455248013889173, 0.007557603257209179, -0.003309277956880177, -0.0205768242728342, -0.0004803075269184458, 0.029594017086670976, 0.009677918038797164, 0.009723246626678806, 0.0066082672152553866, -0.00859014266191746, -0.013918738296880822, 0.012599832238647976, 0.020398739828848267, 0.013298178130641637, -0.00011377213351540473, 0.005667356179899339, -0.013512692074856423, -0.005884996357657013, 0.024705568145690172, 0.011375804714343095, 0.016281945428333694, -0.00917451665859796, 0.004718681813411273, -0.01800110524587138, 0.0030096434190477507, 0.03580503631334943, 0.0020803753390755612, 0.01845396320754816, -0.01773501526536378, 0.0037836200220973107, -0.022081317603438844, 0.012052472261480159, 0.04569745060432305, -0.007009060644570679, 0.019874060891779, -0.025337149794950095, 0.002868713086422528, -0.02553856395509968, 0.02127067551141575, 0.054236019823179916, -0.01571154700561996, 0.02053552258602223, -0.031698492689434726, 0.0019647735353888656, -0.028310131141848625, 0.030666533102827947, 0.06144812664584899, -0.024069199910865115, 0.020445573119431265, -0.03676499289937489, 0.0010690962083453625, -0.030448704805125865, 0.04011823625282451, 0.06747279827935868, -0.03210077692002739, 0.01967460747939393, -0.0405312978985699, 0.00018783467522843892, -0.03204018603575915, 0.04951173953130825, 0.07251702026650124, -0.03980922165753623, 0.018334748843783038, -0.04303304120751418, -0.0006675551051321137, -0.03318180779196288, 0.058736400628823966, 0.07681355395036163, -0.047189064045992636, 0.01655991952978061, -0.04433891646420573, -0.0014839394278714688, -0.033958027279250604, 0.06767948681640025]","[0.8000003719557657, 0.7999986452327912, 0.8000003458776781, 0.7695116563315408, 0.8000003563431438, 0.7168906514936981, 0.8000003377132308, 0.6540958164711843, 0.8000003124265727, 0.5906644827078968, 0.800000260826417, 0.5338870887363547, 0.8000002669668537, 0.48902926424109733, 0.8000001932530266, 0.4592128006872292, 0.8000000967707073, 0.4435829523127619, 0.7999999956838801, 0.43838346285916985]","[0.012220184913568577, 0.015372175478443939, -0.0014928985645337178, 0.00953319049508139, 0.015474365616015895, -0.0012069916278600878, 0.00581129989114193, 0.015027059275657617, -0.0009486765858297552, 0.00121005006437358, 0.014101791329794722, -0.0007929935494157547, -0.0039841288597470825, 0.013171790054644195, -0.0007304047391460955, -0.009781015797571513, 0.011794742014271886, -0.0007209053663026488, -0.016284348289151707, 0.009637562977723668, -0.0006894332037390427, -0.02353640261023482, 0.006609702489523528, -0.0005223035433026268, -0.03154456106602688, 0.002687284118195521, -8.735099497503285e-05, -0.04027362844107252, -0.0020960800521296896, 0.0007497852960787199, -0.04963679975850921, -0.007665731949465737, 0.0021079818736566835]","[0.00987870991230011, 0.007965192198753357, 0.0002518594264984131, 0.0030849799513816833, 0.004555165767669678, 0.0003106147050857544, -0.290478515625, -0.0561767578125, 0.00987599790096283, 0.007963985204696655, 0.0002503693103790283, 0.0030844733119010925, 0.004555150866508484, 0.0003122091293334961, -0.290478515625, -0.0561767578125, 0.009870670735836029, 0.007967084646224976, 0.00024881958961486816, 0.003081411123275757, 0.004557415843009949, 0.0003129541873931885, -0.290478515625, -0.0561767578125, 0.009860821068286896, 0.007968507707118988, 0.00024881958961486816, 0.003077082335948944, 0.004557259380817413, 0.000311926007270813, -0.290478515625, -0.0561767578125, 0.00984913855791092, 0.007968559861183167, 0.00024753808975219727, 0.0030721351504325867, 0.004557721316814423, 0.0003132671117782593, -0.290478515625, -0.0561767578125]",0.007321591
"[4.818908214569092, 4.838908214569091, 4.858908214569092, 4.878908214569091, 4.898908214569092, 4.918908214569091, 4.938908214569092, 4.9589082145690915, 4.978908214569092, 4.9989082145690915, 5.018908214569092]","[-0.014541857339431872, 0.03941170149615278, 0.005558964414594781, 0.020449345143846602, 0.007559773931383705, -0.0033151837235691015, -0.02057337482675065, -0.0005533874709476711, 0.02962047164178665, 0.00971156382159181, 0.009892583108444196, 0.006535585055032674, -0.008215195117827848, -0.013368947241530687, 0.01238961104130147, 0.020045070794425697, 0.013243393604212334, -1.643035434038147e-05, 0.005509898644513577, -0.012729969253741551, -0.0052183792685599854, 0.024242934951196782, 0.010234843284850848, 0.015964547634498248, -0.009532722510003883, 0.004501339510261673, -0.016856205806266678, 0.0031748360033428636, 0.03478346984527824, 0.000660647957432371, 0.017918674158046693, -0.018174468415338877, 0.003512650343789141, -0.020341169137506367, 0.011840565507312936, 0.043833310073369415, -0.008505763591311433, 0.019081055014244754, -0.025632814326287567, 0.0025298942538736118, -0.023084310716136675, 0.020780005203900526, 0.051372443749246974, -0.0173185062058252, 0.01942920043053534, -0.03182068831437783, 0.001545784863302524, -0.025117151615095968, 0.029871908272647456, 0.05750714884306212, -0.025805791366598316, 0.019011706350231822, -0.03670215635610134, 0.0005631608539499119, -0.02651081906860453, 0.03900134284073399, 0.062431732895129495, -0.03397645833454868, 0.01792865399085067, -0.04028577284042747, -0.00040804972678620924, -0.027364811194585607, 0.048059799107286194, 0.06638966331877252, -0.04182672481991072, 0.01631206731602304, -0.04261739225974782, -0.0013539824238416247, -0.027786456997132305, 0.05694127309533065, 0.0696358309797108, -0.0493468483260457, 0.014307874393566851, -0.04377281931715161, -0.002260108061879652, -0.02786775177733132, 0.06553706853112157]","[0.8000002847980995, 0.7718818105953571, 0.800000178426628, 0.7164163705028727, 0.8000001912007026, 0.6462597740663145, 0.8000001642876988, 0.5716902997109516, 0.8000001524813909, 0.5007550632790276, 0.8000001192120347, 0.4394730939851598, 0.8000001460279611, 0.3920581926837899, 0.8000001144036331, 0.3610148616912391, 0.8000000822173678, 0.3449262923836591, 0.8000000278736927, 0.3396204084197104]","[0.012226684091184215, 0.015374655053582487, -0.0014923860275057876, 0.009460349588150119, 0.014753194064192066, -0.0011671121842917742, 0.005934977621477433, 0.013873216501754104, -0.0008987577133905411, 0.001919532480866959, 0.013165183785794454, -0.0007355244030318175, -0.002603245441713198, 0.012152783863248029, -0.0006654694657650673, -0.00774286155544579, 0.0104534824682041, -0.0006501340548270562, -0.013570128845725504, 0.007923066353975106, -0.0006097620332639053, -0.020120658737918795, 0.004484980109748626, -0.0004344829776217196, -0.027395255811236696, 0.00012929067106837167, 2.1990499425861287e-06, -0.0353542985966564, -0.0050985512796795085, 0.0008276419391206602, -0.04390953571066314, -0.011114897852960048, 0.002153246450642854]","[0.009810321033000946, 0.007955841720104218, 0.00024694204330444336, 0.0030530840158462524, 0.004550650715827942, 0.000313490629196167, -0.290478515625, -0.0561767578125, 0.009820342063903809, 0.007953062653541565, 0.0002484917640686035, 0.0030577927827835083, 0.004550904035568237, 0.0003156214952468872, -0.290478515625, -0.0561767578125, 0.009830795228481293, 0.00795428454875946, 0.0002478361129760742, 0.0030628591775894165, 0.004550285637378693, 0.000314176082611084, -0.290478515625, -0.0561767578125, 0.009840719401836395, 0.007954053580760956, 0.00024694204330444336, 0.003066837787628174, 0.004550173878669739, 0.00031256675720214844, -0.290478515625, -0.0561767578125, 0.009850293397903442, 0.007956750690937042, 0.00024765729904174805, 0.0030728280544281006, 0.004550553858280182, 0.00031279027462005615, -0.290478515625, -0.0561767578125]",0.012037418000000001
"[4.884819507598877, 4.9048195075988765, 4.924819507598877, 4.944819507598877, 4.964819507598877, 4.984819507598877, 5.004819507598877, 5.024819507598877, 5.044819507598877, 5.064819507598877, 5.084819507598877]","[-0.014538609794119932, 0.03941166076694251, 0.005505689430074213, 0.02048722171107407, 0.0075495348038579525, -0.0033402067301768605, -0.020544009183547027, -0.0005601518861206767, 0.029272657573528562, 0.009576026173489464, 0.009768412204410815, 0.006454036155353456, -0.008000150485324192, -0.013117612704826205, 0.012317293665146395, 0.018952376025887854, 0.012869714137656176, -0.0006846343669851307, 0.005388218278648068, -0.01234272855695064, -0.00534041663984924, 0.023856012347866697, 0.008915291324939477, 0.015424489597894147, -0.010372851852786363, 0.004350314464490277, -0.01604232053456446, 0.0028102979964830855, 0.0338538817499531, -0.0006750514076814209, 0.01721700119649016, -0.01897028850067648, 0.003317561047172354, -0.018917340951770403, 0.011321893122748249, 0.04215249536628775, -0.009900467859731308, 0.018136618096980996, -0.026331680854055683, 0.0022746137426211325, -0.021011257346684055, 0.020085719283047365, 0.04882133964660734, -0.01879949300664068, 0.018206757657787488, -0.03238875906885527, 0.0012205669428122247, -0.022377580102261166, 0.02898628557958045, 0.05403154317559759, -0.027388883053470404, 0.017510080986272686, -0.03712061955139888, 0.0001627722904130004, -0.023103241154831214, 0.037912494107935304, 0.05802202410241504, -0.03566942311172501, 0.016170578319047245, -0.04054747186540748, -0.0008858339007725261, -0.02329915282396049, 0.04675844747790854, 0.06106480016232346, -0.043631988634953614, 0.014335712630850088, -0.04272390243918918, -0.0019095367762988315, -0.02308090672341494, 0.05541999427871217, 0.06343117948107943, -0.051263553738701464, 0.012160066844616292, -0.04373201501843171, -0.002892800525227844, -0.022546633515635697, 0.06378991130618131]","[0.8000004096857236, 0.7437709266109788, 0.8000002612323395, 0.6680406871373239, 0.800000277815305, 0.5838885914422879, 0.8000002386067544, 0.5001404182664502, 0.8000002210840587, 0.4235591372849307, 0.800000174075246, 0.35906890551770937, 0.8000002137446067, 0.3099775248627432, 0.8000001690251198, 0.2782208805175531, 0.8000001206376239, 0.26191378390068676, 0.8000000411224846, 0.25657394171224057]","[0.012090186307348705, 0.015381790557354336, -0.0014908273733498234, 0.0093648568487682, 0.014481386097158655, -0.0011493075454911406, 0.006233077167386192, 0.01396964803380385, -0.0008877162963862872, 0.002712899760770826, 0.013330474036925555, -0.0007220567676595735, -0.0012473118522995374, 0.012117202670518967, -0.0006533960724035559, -0.005815778438153507, 0.010145847846391387, -0.0006408812996792079, -0.011059569713232076, 0.007283199097142923, -0.0006052449842588459, -0.01700775894310058, 0.0034661685289454347, -0.0004377534477373324, -0.023654824275370467, -0.0013020244863515273, -1.3963311300102532e-05, -0.030956726190556227, -0.006964630705907471, 0.0007905377866315177, -0.03882348228225063, -0.013428934514402968, 0.002083692194507325]","[0.009792216122150421, 0.007967576384544373, 0.0002466738224029541, 0.0030418485403060913, 0.004557132720947266, 0.00031401216983795166, -0.290478515625, -0.0561767578125, 0.00978868454694748, 0.007965080440044403, 0.0002467930316925049, 0.0030427277088165283, 0.004556640982627869, 0.0003144890069961548, -0.290478515625, -0.0561767578125, 0.009791940450668335, 0.007959485054016113, 0.0002459883689880371, 0.0030446499586105347, 0.004553265869617462, 0.00031282007694244385, -0.290478515625, -0.0561767578125, 0.00979641079902649, 0.0079570934176445, 0.0002471804618835449, 0.0030469372868537903, 0.004552431404590607, 0.0003121495246887207, -0.290478515625, -0.0561767578125, 0.009802363812923431, 0.007955476641654968, 0.00024697184562683105, 0.003049999475479126, 0.004551976919174194, 0.00031261146068573, -0.290478515625, -0.0561767578125]",0.011519054999999999
"[4.975235939025879, 4.9952359390258785, 5.015235939025879, 5.0352359390258785, 5.055235939025879, 5.0752359390258786, 5.095235939025879, 5.115235939025879, 5.135235939025879, 5.155235939025879, 5.175235939025879]","[-0.014540953201051685, 0.039412150333901025, 0.005540932384272964, 0.02045151788761124, 0.007561017292528897, -0.003313533560409776, -0.020566264789783753, -0.0005191432852898583, 0.028594301831642324, 0.009408525846601241, 0.009171170768581849, 0.00644410710874576, -0.00801430701599555, -0.01350609380954957, 0.012190888515531297, 0.018124377508115068, 0.01257744187444696, -0.0014728340109125858, 0.005369522532224901, -0.012125041448689339, -0.005927986783095237, 0.023362543370322647, 0.008157351666283851, 0.015027923289443433, -0.01113358552740652, 0.004305877998095462, -0.015343781619673334, 0.0021352093393447328, 0.0328051931050101, -0.0013989785762371554, 0.01666792613185116, -0.01964594601427828, 0.003221983313025031, -0.017594876276751405, 0.0105522270992271, 0.040352522039753716, -0.010719757114588287, 0.017331283973972985, -0.026931031243591717, 0.0021105525754121688, -0.019044802297927182, 0.019153212912610462, 0.04614925198750748, -0.019739523098939386, 0.01710782803727182, -0.032875969041011165, 0.0009788303312855118, -0.01974767285596545, 0.027876201122520858, 0.05043173794522951, -0.028463670912783005, 0.016114770675605426, -0.03747477187625674, -0.00016134611499552646, -0.01980602299946062, 0.036613707703997994, 0.053483802464067164, -0.036885028986967355, 0.014500469460860048, -0.0407592116702984, -0.0012940616805012777, -0.019342137797683744, 0.04526224271708959, 0.05560629811853104, -0.04498921954793422, 0.012428275837992237, -0.04279254937431805, -0.0024017759791499548, -0.018479984647820337, 0.05371932211920514, 0.05708724934500644, -0.05276000987891006, 0.010061873075855777, -0.043663174902038665, -0.0034679660242658145, -0.017324028434904777, 0.061879011255136576]","[0.8000006294174279, 0.7154264825789032, 0.8000003953757502, 0.6192575709708165, 0.8000004096622286, 0.5209731934716031, 0.8000003588128572, 0.42793057780408034, 0.8000003301629195, 0.3455986829714819, 0.8000002560729504, 0.2778016773386993, 0.8000003132771786, 0.22693945481686728, 0.8000002456287847, 0.1944026436080047, 0.8000001745975485, 0.17784158899581642, 0.8000000593769652, 0.1724562075071272]","[0.012197613471359059, 0.015384737703819873, -0.0014917310710131915, 0.009723384085358888, 0.014992593955210687, -0.0011737475964794797, 0.0069266796081675075, 0.014685608216999935, -0.0009123516796076814, 0.0038437963072961434, 0.0139367343506267, -0.0007470685242707553, 0.0004179614755061012, 0.012456111453210905, -0.0006835286182584888, -0.0035927117591447733, 0.010211970986227392, -0.000676117889814698, -0.0082671974337154, 0.007019144135720801, -0.000649014981374485, -0.01362727669003172, 0.0028274018111362764, -0.0004938848017776998, -0.019660600779612958, -0.0023476577909784524, -8.73800957919002e-05, -0.026318406183586385, -0.008438794938833816, 0.0006930006658159016, -0.03350875364195116, -0.01534496636287308, 0.001952754973067794]","[0.009861357510089874, 0.007975906133651733, 0.0002485215663909912, 0.003074735403060913, 0.00455927848815918, 0.0003140568733215332, -0.290478515625, -0.0561767578125, 0.00985739380121231, 0.00797821581363678, 0.00025072693824768066, 0.0030736327171325684, 0.004561185836791992, 0.0003132820129394531, -0.290478515625, -0.0561767578125, 0.009850792586803436, 0.007979586720466614, 0.0002490580081939697, 0.0030701756477355957, 0.004561580717563629, 0.0003155618906021118, -0.290478515625, -0.0561767578125, 0.009844131767749786, 0.007981374859809875, 0.00025007128715515137, 0.0030665844678878784, 0.004562877118587494, 0.00031666457653045654, -0.290478515625, -0.0561767578125, 0.009833946824073792, 0.007981576025485992, 0.0002480447292327881, 0.003061734139919281, 0.004562027752399445, 0.0003130286931991577, -0.290478515625, -0.0561767578125]",0.013400749
"[5.054559230804443, 5.074559230804443, 5.094559230804443, 5.114559230804443, 5.134559230804443, 5.154559230804443, 5.1745592308044435, 5.194559230804443, 5.2145592308044435, 5.234559230804443, 5.2545592308044435]","[-0.014541686614708182, 0.03941189241205584, 0.005552167684885296, 0.020450153143670474, 0.007560339881961684, -0.0033458141532592064, -0.02053427098942255, -0.0006781922020723194, 0.02833305975117294, 0.009279189402034288, 0.009005123647383472, 0.006418335943644838, -0.0077874879642092845, -0.013679561116400804, 0.011673425724400393, 0.017822216029952237, 0.012325985877196691, -0.0016000489078837573, 0.00530504599390836, -0.011409617666262702, -0.0062346766142249805, 0.02230117844129467, 0.007779324249721298, 0.014601650701956185, -0.011187060699965667, 0.004182672351051982, -0.014023895131907396, 0.0016509958772810407, 0.03100988981852997, -0.0019801349877845978, 0.015955829743582128, -0.019665499314221783, 0.0030303672715373134, -0.015683049574761392, 0.009784964333243386, 0.03770526088235501, -0.011435888346796975, 0.016321833520608568, -0.026833071165233605, 0.001844950893780723, -0.016511006266493426, 0.01813860412170771, 0.042611900323097474, -0.02059966208505523, 0.015804036485866448, -0.032654855321740325, 0.0006363081065984208, -0.01659748416759024, 0.026607521446126936, 0.04600928972988373, -0.029469255192814882, 0.014543240404632682, -0.03713559020873661, -0.0005809372799706657, -0.01605410234283488, 0.035087968620179655, 0.048207178833865, -0.038032824885868816, 0.012702455722366019, -0.04031441119736941, -0.0017893418668479555, -0.015008668113149286, 0.04347906287539208, 0.049519479323311036, -0.04627352173967645, 0.010452605535467646, -0.04225915920586343, -0.0029707389451153155, -0.013588547948431999, 0.051680299589147785, 0.05023838077864367, -0.05417417152039991, 0.007959621586960997, -0.043060604139532214, -0.00410855974539085, -0.011900732757605236, 0.05958753346546649]","[0.8000002136348938, 0.6654860358197173, 0.8000001372962409, 0.556407143173185, 0.8000001466460199, 0.4501747820305395, 0.8000001276830295, 0.35275922666531717, 0.8000001190649972, 0.2684535967533097, 0.800000094859607, 0.2001125290034385, 0.8000001157894661, 0.14936312262628243, 0.8000000921179612, 0.11716951033260281, 0.8000000663728979, 0.10089899074518363, 0.80000002427139, 0.09564005204660142]","[0.012177851221387592, 0.015373260212043771, -0.0014887132710628137, 0.00999982497770735, 0.01505568049371142, -0.0011837823313349816, 0.007619293981739883, 0.014571105291238062, -0.0009224078857319462, 0.005062354145000558, 0.013558635480143355, -0.000751918551423536, 0.0021959618788314206, 0.011895213879504762, -0.0006741033559207743, -0.0012584780113467087, 0.009371852261669922, -0.0006530700691014246, -0.005356164622492443, 0.005877223036236501, -0.0006130980920016071, -0.010111397167828273, 0.0013714203144203907, -0.00044986189769602447, -0.015506208011445644, -0.0041221819773835655, -4.4714504787268794e-05, -0.021489197650808256, -0.01053141812934566, 0.0007198547491054086, -0.02796923944043317, -0.017752530366382135, 0.0019447812259616448]","[0.009849995374679565, 0.007953785359859467, 0.00024881958961486816, 0.0030696317553520203, 0.004548721015453339, 0.00031395256519317627, -0.290478515625, -0.0561767578125, 0.009854182600975037, 0.007956616580486298, 0.0002484619617462158, 0.0030720531940460205, 0.004550278186798096, 0.0003153681755065918, -0.290478515625, -0.0561767578125, 0.00985860824584961, 0.007957026362419128, 0.00025090575218200684, 0.003073297441005707, 0.0045509859919548035, 0.00031469762325286865, -0.290478515625, -0.0561767578125, 0.009862616658210754, 0.007958345115184784, 0.0002490878105163574, 0.0030764564871788025, 0.004552289843559265, 0.0003133416175842285, -0.290478515625, -0.0561767578125, 0.009864799678325653, 0.007962405681610107, 0.00024881958961486816, 0.0030767470598220825, 0.004553496837615967, 0.0003143101930618286, -0.290478515625, -0.0561767578125]",0.014514652
"[5.154831409454346, 5.174831409454345, 5.194831409454346, 5.214831409454345, 5.234831409454346, 5.254831409454345, 5.274831409454346, 5.294831409454345, 5.314831409454346, 5.334831409454345, 5.354831409454346]","[-0.01453970232094668, 0.03941177374458317, 0.0055214882425601965, 0.02047345301248702, 0.007552333385868699, -0.0033487915098136503, -0.02054375284710057, -0.0010730275708382966, 0.028270144466844418, 0.00908931604629571, 0.009087460544934397, 0.006368009136956013, -0.007249551006516261, -0.013866901367696995, 0.010662265751761057, 0.017656628010148213, 0.011915382893240225, -0.0014253605193836102, 0.005188970598607429, -0.010169625957489905, -0.006664232133333018, 0.020442430629128257, 0.007377526496146046, 0.013848567017404351, -0.010960046856831681, 0.0039871386728321835, -0.012058079978208368, 0.0008576087010470371, 0.028140234806485618, -0.0025570276590359915, 0.014833555714841134, -0.0193000159725583, 0.002746207170519234, -0.012945159620683492, 0.008655077799773387, 0.03375146492396337, -0.012202233321843323, 0.014820242843633667, -0.026321047660178797, 0.0014672323987025035, -0.01300808998109419, 0.016664164236271945, 0.037569030255789615, -0.02155792843238786, 0.013949661303241366, -0.03200405585330962, 0.00016459482113928943, -0.012350918771621013, 0.02478717675798067, 0.03991468517579507, -0.030614451194759067, 0.012386068135632401, -0.03636462019801287, -0.0011445161862945, -0.011093147712995409, 0.03292482516440461, 0.04112045290516217, -0.03935591757293311, 0.01030533189011097, -0.03944852392299297, -0.0024415384539420862, -0.009366341868581703, 0.040979259320488196, 0.041508044418279, -0.04776392938496143, 0.007883062595490656, -0.04132686071229068, -0.0037081793826356587, -0.007299458806603051, 0.0488522550860266, 0.041368036097972, -0.05582139777903097, 0.0052839848811045914, -0.0420910511704861, -0.004928326029007814, -0.005000638530053192, 0.056441795206037745]","[0.8000006990125292, 0.5928106451150864, 0.8000004456677176, 0.4716496787802585, 0.8000004719670761, 0.35885196941767183, 0.800000405323807, 0.25868180447008615, 0.8000003747784825, 0.1740058634545712, 0.8000002941927598, 0.10652329120017234, 0.8000003613332596, 0.05695856501371313, 0.800000285627608, 0.025815278718997855, 0.800000203170775, 0.010209085288815993, 0.8000000684369081, 0.0052034106376844195]","[0.012118206226372719, 0.015385590450483377, -0.0014911542895683638, 0.010373318475996096, 0.014883163222243034, -0.0011984518009753309, 0.008586203603957121, 0.014117960267191254, -0.0009386875015016116, 0.006698959845949037, 0.012893903906317838, -0.0007553922465253216, 0.004518473135004419, 0.010917681773595866, -0.0006560360985785607, 0.0017720202980023858, 0.008058405126169177, -0.0006088822989926967, -0.0015862738815872746, 0.004217955930560624, -0.000543891213905745, -0.005562196884954629, -0.0006332910496373856, -0.0003632455834199355, -0.010132225313522092, -0.006465755455007383, 4.4606454722817546e-05, -0.01524347483991817, -0.013204765400414153, 0.0007902141738997948, -0.020807866691194388, -0.020746439752226564, 0.001968717871176029]","[0.009815327823162079, 0.007966428995132446, 0.0002472102642059326, 0.0030546635389328003, 0.004556633532047272, 0.00031475722789764404, -0.290478515625, -0.0561767578125, 0.009818598628044128, 0.007964126765727997, 0.00024709105491638184, 0.0030533522367477417, 0.004555121064186096, 0.0003135204315185547, -0.290478515625, -0.0561767578125, 0.009820260107517242, 0.007962062954902649, 0.000246196985244751, 0.0030556395649909973, 0.004553243517875671, 0.000315934419631958, -0.290478515625, -0.0561767578125, 0.009822532534599304, 0.007959410548210144, 0.0002460181713104248, 0.003055877983570099, 0.004551492631435394, 0.0003120303153991699, -0.290478515625, -0.0561767578125, 0.009828358888626099, 0.00795801728963852, 0.0002466738224029541, 0.003059074282646179, 0.004551790654659271, 0.00031363964080810547, -0.290478515625, -0.0561767578125]",0.013115521
"[5.234724521636963, 5.2547245216369625, 5.274724521636963, 5.2947245216369625, 5.314724521636963, 5.3347245216369625, 5.354724521636963, 5.374724521636963, 5.394724521636963, 5.414724521636963, 5.434724521636963]","[-0.014540555206454857, 0.03941241813778264, 0.005531754971167758, 0.020451316907545234, 0.007562254721595842, -0.0033225154922694624, -0.020561981583194906, -0.00159715889596333, 0.028186266021878615, 0.00886277660163196, 0.00916092571966306, 0.00632152985967163, -0.00668594555462612, -0.014051463616744047, 0.00943899049802344, 0.01736446036100141, 0.011343846697938222, -0.001300603863564571, 0.005078574777641518, -0.009065716428329748, -0.007127786248048353, 0.018411125966754434, 0.0069477521900846075, 0.012927208701134825, -0.010707019758741223, 0.0038084632251004545, -0.010351045655657308, 0.0001385881251455609, 0.025281637746833122, -0.0031293965113853724, 0.013590300271802242, -0.018927035298915092, 0.002494895297500843, -0.010588203090014812, 0.007655906416110144, 0.030023284722554014, -0.012925960852685034, 0.013260432046502612, -0.025826232987489227, 0.0011406133556901847, -0.01001123516053903, 0.015380144014586346, 0.032980400843959694, -0.022432807729316957, 0.012106425424941105, -0.03139769619129952, -0.00023670739526363273, -0.008735452946908116, 0.023218952268492597, 0.03450551422509693, -0.0316348176085261, 0.010309691741944432, -0.03566512881391209, -0.0016181081192260967, -0.006886349505817757, 0.031076535961476033, 0.034945574478621774, -0.04051336390000877, 0.008054714068282282, -0.03867904236395025, -0.0029843958013327032, -0.004598091233741237, 0.038857350586299494, 0.03462585337047372, -0.049049266418181206, 0.005519164111841417, -0.040512517537591775, -0.004317415728189834, -0.0020005199640715965, 0.04646486582703449, 0.033833285877764185, -0.057225908049631145, 0.0028651607968422197, -0.04125688043300076, -0.005601621299791356, 0.000797545761944805, 0.05379867661538031]","[0.8000004156330801, 0.5300837468185327, 0.8000002665434862, 0.40042817302732064, 0.8000002804233732, 0.28340969897032897, 0.8000002406817965, 0.18192312367237282, 0.8000002221025675, 0.0976865000389259, 0.8000001737905726, 0.03146991960430853, 0.8000002139040906, -0.01672668877709957, 0.800000169025399, -0.0467659717431822, 0.8000001198597066, -0.061708067008746405, 0.8000000396623015, -0.0664683357632794]","[0.012177309891886257, 0.015396041517349524, -0.0014914585106646783, 0.010806051977766629, 0.01470998412212543, -0.001212052229086602, 0.009438427148096284, 0.013841452679583366, -0.0009551620962970908, 0.008001834448660317, 0.01241225603106777, -0.0007619553911566435, 0.00636654581019136, 0.010185822365075037, -0.0006434716139280816, 0.0041929621347222, 0.0070604393437307955, -0.0005726351623964732, 0.0014421788029018723, 0.002948403559644319, -0.0004841784030178431, -0.0018856716468700352, -0.002172520750168161, -0.00028570917476411495, -0.005763708377955701, -0.00826888880860821, 0.00012851078262166027, -0.010139064579723578, -0.015265052990315553, 0.0008634515657419684, -0.014927433037971616, -0.02305776995842468, 0.0020097429929619715]","[0.009842514991760254, 0.007984034717082977, 0.0002480149269104004, 0.0030655860900878906, 0.004564046859741211, 0.0003156512975692749, -0.290478515625, -0.0561767578125, 0.009837448596954346, 0.007983379065990448, 0.00024503469467163086, 0.003063283860683441, 0.00456315279006958, 0.000316813588142395, -0.290478515625, -0.0561767578125, 0.009832479059696198, 0.00797957181930542, 0.0002466142177581787, 0.003060266375541687, 0.004563428461551666, 0.00031356513500213623, -0.290478515625, -0.0561767578125, 0.009826354682445526, 0.007977940142154694, 0.000246584415435791, 0.0030582621693611145, 0.00456228107213974, 0.00031432509422302246, -0.290478515625, -0.0561767578125, 0.00982280820608139, 0.007976703345775604, 0.0002490580081939697, 0.003056451678276062, 0.004561617970466614, 0.0003168731927871704, -0.290478515625, -0.0561767578125]",0.010543316
"[5.31524920463562, 5.33524920463562, 5.35524920463562, 5.37524920463562, 5.39524920463562, 5.41524920463562, 5.43524920463562, 5.45524920463562, 5.47524920463562, 5.49524920463562, 5.51524920463562]","[-0.014541541082795614, 0.03941204721484294, 0.005549411228773469, 0.020448770087159042, 0.007561652762139339, -0.0033338702190987175, -0.02053715463558128, -0.0022733860440315393, 0.027983690057993893, 0.008490354722982603, 0.009220847798717364, 0.006261578429538635, -0.006228894544709169, -0.014273952551948018, 0.0079900213295268, 0.01703233231646373, 0.010578530810949005, -0.0011024130822870004, 0.004956314503600084, -0.008054813339921195, -0.007582570030303549, 0.0161742655338398, 0.006481721148526939, 0.011802894013204772, -0.010382165449316713, 0.00361942074570521, -0.00869707978698747, -0.0005883683420052689, 0.022213828359256785, -0.0037384049228023682, 0.012125526688103213, -0.018479589019732026, 0.0022336242596320784, -0.008247591220330499, 0.006633052159730694, 0.02607753296822427, -0.013687547751339445, 0.01146281744812981, -0.025254908015231194, 0.0008041354873541196, -0.006992851637101415, 0.0140564214700782, 0.028164103345588217, -0.02334710148382208, 0.010013011090635881, -0.030713970906173758, -0.0006479173555214899, -0.005060391560206574, 0.021595162794050743, 0.02885859105611982, -0.03269619487446602, 0.007975640665045709, -0.03488895794447927, -0.0021017359048901996, -0.002582299811223607, 0.029157261675168147, 0.028523701836771834, -0.041713320455975894, 0.005544225975309307, -0.037835251952133955, -0.0035374884133771833, 0.0003042041490251292, 0.03664969700196738, 0.027488466996007144, -0.050378485265189274, 0.0028985014932312496, -0.039627898421484904, -0.004937186940305203, 0.0034679839886185065, 0.043977821375005645, 0.026036006510697332, -0.05867557625293443, 0.00019767747116783193, -0.04035798527253878, -0.0062858952913998, 0.006799106492339029, 0.05104302632503185]","[0.8000004963868081, 0.46617511213478685, 0.8000003189456761, 0.32758071411356804, 0.8000003358420721, 0.2061408461227418, 0.8000002886421292, 0.1032979154454736, 0.8000002665487707, 0.019551479024041626, 0.8000002091647078, -0.0453154200857289, 0.8000002571842093, -0.09207382710489966, 0.8000002035316113, -0.1209571697018937, 0.8000001445239222, -0.13520510437817834, 0.800000048495241, -0.1397091984822547]","[0.01218435304960308, 0.015372793259277096, -0.0014886283878552398, 0.011094328365465977, 0.01465914431315074, -0.0012292484338027876, 0.010052952706921747, 0.013654960716723785, -0.0009762269206214924, 0.009078335348016497, 0.012025514914618451, -0.0007747953743693081, 0.00799788416678493, 0.009556144795289434, -0.0006376992034806683, 0.006415943711051919, 0.0061724378824843384, -0.0005423881284576382, 0.004300273969665924, 0.0017967372087812628, -0.000428578507309485, 0.001656513058241993, -0.0035864652386861096, -0.00020946056560822157, -0.0014857001932733205, -0.009940579477766054, 0.00021480135296680913, -0.005074309961738965, -0.01718957332309845, 0.0009435908789923175, -0.00902976716324777, -0.025231200645114527, 0.0020630928486484734]","[0.009855180978775024, 0.007982447743415833, 0.00024777650833129883, 0.003071136772632599, 0.004562146961688995, 0.000314369797706604, -0.290478515625, -0.0561767578125, 0.009852871298789978, 0.007982805371284485, 0.00025016069412231445, 0.0030689537525177, 0.004562996327877045, 0.00031304359436035156, -0.290478515625, -0.0561767578125, 0.009849287569522858, 0.007984340190887451, 0.00025078654289245605, 0.0030684545636177063, 0.004564560949802399, 0.0003127455711364746, -0.290478515625, -0.0561767578125, 0.009842514991760254, 0.007984034717082977, 0.0002480149269104004, 0.0030655860900878906, 0.004564046859741211, 0.0003156512975692749, -0.290478515625, -0.0561767578125, 0.009837448596954346, 0.007983379065990448, 0.00024503469467163086, 0.003063283860683441, 0.00456315279006958, 0.000316813588142395, -0.290478515625, -0.0561767578125]",0.010798990999999999
"[5.395511627197266, 5.415511627197265, 5.435511627197266, 5.455511627197265, 5.475511627197266, 5.495511627197265, 5.515511627197266, 5.535511627197265, 5.555511627197266, 5.575511627197265, 5.595511627197266]","[-0.01454064483249532, 0.0394117757463574, 0.00553644784469021, 0.020463375849293558, 0.007555300625575709, -0.003348184945616085, -0.020540388259216773, -0.0030853485671721607, 0.027842423318477763, 0.008036367355034917, 0.009391767778758315, 0.006190381799853029, -0.005697740094725718, -0.014510629894339941, 0.006348976220475026, 0.01674583063920354, 0.009714755423186425, -0.0007868255672404771, 0.004815858179294936, -0.0068762637650618295, -0.008098313952713803, 0.013659220582114006, 0.006040863101035561, 0.01054643794300297, -0.009926431021820089, 0.0034041701096391174, -0.006816044590149109, -0.0014119424982363647, 0.018776595215814935, -0.004343168869658919, 0.010483892732728366, -0.01788316797476103, 0.0019404796418279835, -0.005665848422186492, 0.005493457887873054, 0.02172217482361608, -0.014456657003611931, 0.009470302752695793, -0.024528614828459916, 0.00043386326404726706, -0.003734119993722435, 0.012601999338430762, 0.022937187024343116, -0.024273526779320286, 0.007727577030460478, -0.02987929256181492, -0.0010920231374572532, -0.0011576268732018118, 0.019832228112276737, 0.02282885585263477, -0.03376891745221636, 0.005468116734728104, -0.03397382347192165, -0.002615337286439213, 0.0019275619030963988, 0.027095340802515657, 0.021766771150286895, -0.04291996680205113, 0.002889792232361617, -0.03687053809339684, -0.004116284085680059, 0.005383632479645559, 0.03430025639512139, 0.02007629632863777, -0.051707161472677884, 0.00017033404172494865, -0.03864467208091862, -0.005577604539884999, 0.009080370870983703, 0.04135364457629101, 0.01803073907555297, -0.06011595007932277, -0.002537379963577158, -0.03938547261071603, -0.006985420125894174, 0.012908492505598038, 0.0481582261692271]","[0.8000004913550135, 0.3924644769265623, 0.8000003165676639, 0.24852839938932952, 0.8000003332027623, 0.1256185514216415, 0.8000002866816843, 0.023776084740286578, 0.8000002647848846, -0.057653381949786225, 0.8000002082057586, -0.11980724086455462, 0.8000002557838826, -0.16416259682562923, 0.8000002026986633, -0.19130157437147877, 0.8000001439837481, -0.20456681592984552, 0.8000000487277853, -0.20872335342572587]","[0.012146250445045803, 0.015379439867992062, -0.0014903123340817004, 0.01133288573438973, 0.014569804834769329, -0.0012501166182472545, 0.010709520449954324, 0.013397108432992688, -0.00100346402633944, 0.010252969327624428, 0.011548716125094227, -0.0007946963243314897, 0.009732750328962148, 0.008838662991709878, -0.0006389561314401604, 0.008749966503180051, 0.005208569532265006, -0.000518404258330829, 0.0072792870413692645, 0.0005897574044433362, -0.0003780528351708945, 0.005331217964222867, -0.005028551020364702, -0.00013699582276771594, 0.002937291796095698, -0.01160888528372217, 0.00029855407230350295, 0.00014789473379772655, -0.01907688664230811, 0.0010225049480769854, -0.0029630869129579906, -0.027332881667567754, 0.0021169524408790608]","[0.00984102487564087, 0.007961459457874298, 0.0002472400665283203, 0.003062985837459564, 0.004553578794002533, 0.0003149062395095825, -0.290478515625, -0.0561767578125, 0.00984211266040802, 0.007958769798278809, 0.00024813413619995117, 0.0030649900436401367, 0.004553020000457764, 0.00031173229217529297, -0.290478515625, -0.0561767578125, 0.009845279157161713, 0.007957160472869873, 0.0002452731132507324, 0.0030659884214401245, 0.004550650715827942, 0.00031413137912750244, -0.290478515625, -0.0561767578125, 0.009858600795269012, 0.007980398833751678, 0.00024959444999694824, 0.0030715912580490112, 0.004560694098472595, 0.00031404197216033936, -0.290478515625, -0.0561767578125, 0.009855180978775024, 0.007982447743415833, 0.00024777650833129883, 0.003071136772632599, 0.004562146961688995, 0.000314369797706604, -0.290478515625, -0.0561767578125]",0.011245326
"[5.476068496704102, 5.496068496704101, 5.516068496704102, 5.536068496704101, 5.556068496704102, 5.576068496704101, 5.596068496704102, 5.616068496704101, 5.636068496704102, 5.656068496704101, 5.676068496704102]","[-0.014540330099311204, 0.03941228967970385, 0.005528401035117664, 0.020456549700432904, 0.00755864843819021, -0.003333843860533888, -0.020555972213430095, -0.004015123336374193, 0.0276813546527719, 0.007545441948440238, 0.009553615620100622, 0.006114961784679438, -0.004978022418797458, -0.014819920175892808, 0.004427950551888672, 0.016410951312451613, 0.008751218897392096, -0.000456452786411726, 0.0046546492972943145, -0.0053840659222670634, -0.008735423247396304, 0.010686498812888441, 0.005520248389177398, 0.009109734321110658, -0.00942141074053173, 0.003153562975329794, -0.00456227865976676, -0.002383294462349096, 0.014748810177147437, -0.005051412219588686, 0.008595895382510571, -0.01720672366959963, 0.0016030714266135203, -0.00270409320999367, 0.004197919566612817, 0.016725503544851417, -0.015338840046856154, 0.007207188725048399, -0.023708153996779294, 1.642703028466203e-05, -0.0001102148555477055, 0.010992276959089987, 0.017079713182901284, -0.025311942033661057, 0.005179190220230843, -0.028949409762816302, -0.0015817566865732775, 0.003078241289862569, 0.017921892762586048, 0.016223532621338792, -0.03494478177719046, 0.0027284146289165913, -0.03297238089815668, -0.00316989642493263, 0.006725350291232831, 0.024899862803913028, 0.014519087148999334, -0.044215574674851155, 4.9548279255182625e-05, -0.03583551684096744, -0.0047293032045465, 0.0106964535665336, 0.031835813854205544, 0.012276413313016795, -0.05310727796733964, -0.002688015351932673, -0.03761177639105233, -0.006244310257708469, 0.0148655709532036, 0.038636608237164805, 0.009749838995972787, -0.06160848026079387, -0.005342905664886956, -0.03838645905609884, -0.007702765613171675, 0.019126682107299488, 0.04520538297189383]","[0.8000004883545571, 0.30401940536879835, 0.8000003155957778, 0.16062534338459766, 0.8000003318862069, 0.04095507028429744, 0.800000285889904, -0.05620990471010698, 0.8000002640454993, -0.1325309337942513, 0.8000002080199999, -0.18992561172220723, 0.8000002553050634, -0.23044809106918546, 0.8000002025755409, -0.2549799325468141, 0.8000001439131842, -0.2668429754440047, 0.8000000490624, -0.2705198755163834]","[0.012157952912609127, 0.015396273399852056, -0.001491913984803972, 0.011765058114334592, 0.014442904696733372, -0.0012759210865986859, 0.011666978876339051, 0.013061850570134759, -0.0010381784216146883, 0.011760558404468768, 0.010977304739399063, -0.0008236064029238932, 0.011785372849551834, 0.008029167319896224, -0.0006507329909664072, 0.011386698423343167, 0.004164791645042687, -0.0005060642665277726, 0.010546573282365412, -0.0006770058707927795, -0.00033964254805063376, 0.009279672965316954, -0.006504659016369541, -7.637403944116272e-05, 0.007618524476315058, -0.01328226438473834, 0.0003716632887691418, 0.005611047267048308, -0.020939126292486065, 0.0010932674373469453, 0.0033246651939365934, -0.029379429234090093, 0.0021669548769742697]","[0.009839922189712524, 0.007979623973369598, 0.0002485215663909912, 0.003062047064304352, 0.004561245441436768, 0.00031532347202301025, -0.290478515625, -0.0561767578125, 0.009837828576564789, 0.00797782838344574, 0.000249326229095459, 0.0030613020062446594, 0.004561141133308411, 0.00031504034996032715, -0.290478515625, -0.0561767578125, 0.009836353361606598, 0.007975809276103973, 0.00024962425231933594, 0.0030608177185058594, 0.004559636116027832, 0.0003144294023513794, -0.290478515625, -0.0561767578125, 0.009836174547672272, 0.007973477244377136, 0.00024834275245666504, 0.0030608773231506348, 0.0045584216713905334, 0.00031569600105285645, -0.290478515625, -0.0561767578125, 0.009834125638008118, 0.007971256971359253, 0.00024771690368652344, 0.003060378134250641, 0.0045580193400382996, 0.0003165900707244873, -0.290478515625, -0.0561767578125]",0.011262801
"[5.525063991546631, 5.54506399154663, 5.565063991546631, 5.5850639915466305, 5.605063991546631, 5.6250639915466305, 5.645063991546631, 5.6650639915466305, 5.685063991546631, 5.705063991546631, 5.725063991546631]","[-0.014540928419085466, 0.03941255137318227, 0.005536222731615884, 0.02044528344577774, 0.007563430034664809, -0.00332864025939664, -0.020555090885387116, -0.0049808762952360305, 0.027514011008275153, 0.007035018319803596, 0.009728741071822826, 0.006038468315313375, -0.004331775352873978, -0.01508779773070945, 0.002480223685137694, 0.016071729281393825, 0.007729571812737133, -9.123065339170308e-05, 0.004498187446235903, -0.0041210212326194436, -0.009273424691626342, 0.007796814996583625, 0.005014854535163653, 0.007613031106715152, -0.008875608246929068, 0.00292371875919027, -0.0027228528344244328, -0.003185356087453974, 0.011046986924884424, -0.005701714076707219, 0.006727043986662199, -0.016519642654222476, 0.0013076584526486574, -0.0002944360130898178, 0.003128730623012775, 0.012299332320827926, -0.01611971905827857, 0.005042000664314842, -0.022908404390568814, -0.0003377579949160195, 0.0028292266809793023, 0.009665914569798845, 0.012028302180026429, -0.026206912261188434, 0.0028012194663807393, -0.028070069436668756, -0.0019876512917029283, 0.006504086473978616, 0.016351196222714443, 0.01064511834715683, -0.03593731987421449, 0.00022186174579124238, -0.032048023525328484, -0.0036210337634810215, 0.010594716483999608, 0.023099251811729178, 0.008502225503722564, -0.04529066686424246, -0.0025061748812508985, -0.03489981267145071, -0.005220406263129285, 0.014969356205047725, 0.029820300112727106, 0.005894505681304907, -0.05425239915406483, -0.0052220901046289275, -0.0366956712508856, -0.00677161567186079, 0.019505768857460394, 0.036421348933571095, 0.0030588919932546203, -0.0628140155028517, -0.007795369750829632, -0.037516921715955664, -0.008264074309376455, 0.0241008051608926, 0.042805855027086226]","[0.8000006680926961, 0.23202645984837342, 0.8000004271293566, 0.0907505673453751, 0.8000004529226645, -0.02503134036340037, 0.8000003893395753, -0.11746337370560499, 0.8000003600337136, -0.1889517496172925, 0.800000284273062, -0.24198928460118474, 0.800000349159568, -0.27905396001975613, 0.8000002782824007, -0.3012600818850165, 0.8000001980197782, -0.31188334500609627, 0.8000000685462155, -0.31513919757271497]","[0.012181383203260343, 0.015397333537044755, -0.0014910771292560021, 0.012116758826102414, 0.014327376966539074, -0.0012999270760101211, 0.012341826320545701, 0.012804939935743498, -0.0010730373054221864, 0.012757213428386427, 0.010569244254186927, -0.0008569560409856791, 0.013189301324601721, 0.007452139964540638, -0.0006723112489543936, 0.013240349307241273, 0.0034243386319063873, -0.0005085025023423562, 0.012896505560544447, -0.0015710976082798922, -0.000319956101177965, 0.012173940461118304, -0.007542350705629808, -3.6572895798947513e-05, 0.01110433105813291, -0.014456004845104786, 0.0004246895447233001, 0.009732204322720373, -0.022245042668736836, 0.0011485351578821579, 0.008118530355060494, -0.030817021201045236, 0.0022107383243819]","[0.009857751429080963, 0.007978588342666626, 0.00024813413619995117, 0.0030703172087669373, 0.004560008645057678, 0.0003149360418319702, -0.290478515625, -0.0561767578125, 0.009855426847934723, 0.00797998160123825, 0.00024649500846862793, 0.0030700936913490295, 0.004560895264148712, 0.0003147423267364502, -0.290478515625, -0.0561767578125, 0.009853556752204895, 0.007980361580848694, 0.0002485811710357666, 0.0030694082379341125, 0.004561178386211395, 0.0003159642219543457, -0.290478515625, -0.0561767578125, 0.009850114583969116, 0.00798255205154419, 0.00024828314781188965, 0.0030677393078804016, 0.004562713205814362, 0.00031560659408569336, -0.290478515625, -0.0561767578125, 0.009848341345787048, 0.007982350885868073, 0.0002492368221282959, 0.003065928816795349, 0.004562653601169586, 0.00031557679176330566, -0.290478515625, -0.0561767578125]",0.010114423
"[5.635449171066284, 5.655449171066284, 5.675449171066284, 5.695449171066284, 5.715449171066284, 5.735449171066284, 5.755449171066284, 5.775449171066284, 5.795449171066284, 5.815449171066284, 5.835449171066284]","[-0.014541123804317328, 0.03941244119921807, 0.005539941371464962, 0.0204460849712987, 0.007563527942303827, -0.0033286453206232795, -0.020536834728099727, -0.006064459115057364, 0.027325767743378304, 0.006445214937971272, 0.009946670993483914, 0.00595072075326539, -0.0036572153280150874, -0.015358353072040223, 0.00028924150253503125, 0.01568956564360764, 0.00656054271082593, 0.0003412324960939966, 0.004322532216263953, -0.0027091522833586263, -0.009868767836604415, 0.004543415114918008, 0.004444793307477692, 0.005942550495585055, -0.008258801355988464, 0.0026591646090388258, -0.00048203920682596946, -0.004148820506411315, 0.006719713023553297, -0.0064631608544903785, 0.004598574783091261, -0.0157333465701362, 0.0009516415219638197, 0.0028010215072241246, 0.0017775362186780285, 0.006891968733815103, -0.017074923139817927, 0.002494112720828029, -0.021965112802874727, -0.0007850175567257482, 0.0067527166843007625, 0.007927128023306307, 0.005589579452066307, -0.027348616806183043, -9.724852783962704e-05, -0.02699581077306672, -0.002522639809352775, 0.011216710720192879, 0.014231709046662242, 0.003253322438522904, -0.037252979482896825, -0.0029415207941125166, -0.030877099641604372, -0.004238799816734603, 0.016051922363311842, 0.02061030002349886, 0.00024588277565203083, -0.04676577403994721, -0.005842684117291972, -0.0336704194863485, -0.005915929686163952, 0.021125404976367102, 0.026975781628507736, -0.0031410956544586114, -0.055872825103379785, -0.008641853078692809, -0.03544642257932712, -0.007540699807075963, 0.02631585135534932, 0.033236957782180956, -0.006681898635280088, -0.06456741316439268, -0.011215946193519006, -0.036284270669783736, -0.009103783399435083, 0.031520821765071816, 0.03929904689393959]","[0.8000005592337114, 0.14505298703394173, 0.8000003638851791, -0.003407187388317425, 0.8000003815532162, -0.12145833002198053, 0.8000003295261995, -0.21298327142312987, 0.8000003041412584, -0.28182804507042314, 0.8000002405310342, -0.33163814079613885, 0.8000002945383389, -0.3657804547896439, 0.8000002343487131, -0.38585535182895814, 0.8000001664038668, -0.39528264374915434, 0.8000000574196762, -0.39811936149758775]","[0.012176875378620444, 0.015381927445108357, -0.001488691804947262, 0.012423781733176709, 0.014201217569617341, -0.001324903261693322, 0.013049017190903123, 0.01251747207062559, -0.0011126223178012928, 0.01404329832248774, 0.010058619226169796, -0.0008986016861127766, 0.015161664169727196, 0.006690869062893512, -0.000704021779887043, 0.015955084523609053, 0.0024134409717184724, -0.0005218964547406557, 0.01641577267606298, -0.002823779826340189, -0.0003110786115456676, 0.01656382868151418, -0.009026831514374223, -6.290514661166924e-06, 0.016431928931689987, -0.01616375233834244, 0.00047066676765084026, 0.016061955327726474, -0.024170829289768214, 0.0012002308917988813, 0.015507831026936536, -0.0329589484113173, 0.0022551154616676783]","[0.009853295981884003, 0.007962249219417572, 0.00024694204330444336, 0.0030702948570251465, 0.004552185535430908, 0.00031535327434539795, -0.290478515625, -0.0561767578125, 0.00985708087682724, 0.00796419382095337, 0.00025010108947753906, 0.003069452941417694, 0.004553124308586121, 0.0003148019313812256, -0.290478515625, -0.0561767578125, 0.00985930860042572, 0.007967077195644379, 0.0002478957176208496, 0.003070324659347534, 0.004555441439151764, 0.00031347572803497314, -0.290478515625, -0.0561767578125, 0.00986238569021225, 0.007969111204147339, 0.00024950504302978516, 0.003070160746574402, 0.004555061459541321, 0.00031472742557525635, -0.290478515625, -0.0561767578125, 0.009860798716545105, 0.007970929145812988, 0.00024878978729248047, 0.0030710697174072266, 0.004554465413093567, 0.00031426548957824707, -0.290478515625, -0.0561767578125]",0.011040676999999999
"[5.715057134628296, 5.7350571346282955, 5.755057134628296, 5.7750571346282955, 5.795057134628296, 5.8150571346282955, 5.835057134628296, 5.855057134628296, 5.875057134628296, 5.895057134628296, 5.915057134628296]","[-0.014540698745188395, 0.03941213649663043, 0.005534990190669752, 0.020455571892829153, 0.007559563660701928, -0.0033406426721224016, -0.02055191474868936, -0.007194118446433834, 0.027129750043061056, 0.005807991149064619, 0.010183769878244738, 0.005858932070373042, -0.0030173338650886995, -0.015655564222721855, -0.0018896514527106955, 0.015310045083410183, 0.005373610162812941, 0.0007756672860763517, 0.0041459258314410635, -0.0013468349788907533, -0.010482280035730596, 0.0013446515408021198, 0.0038853536903866574, 0.004259130545975564, -0.007644522921656013, 0.0023992894464654646, 0.0016183022532969553, -0.0050929569092277565, 0.002540470743183754, -0.007196995922066171, 0.002475453084260831, -0.014958244712987793, 0.0006118201408572231, 0.005617851050655461, 0.0005029193705454464, 0.001801621524686659, -0.017972256559776863, 4.046574899801419e-06, -0.021055603881355047, -0.0011992405568627333, 0.010245232936409264, 0.006330901986052252, -0.0003165921366495957, -0.028393881095092763, -0.0028660222567194263, -0.025985949791212767, -0.003004491864525282, 0.015337876025101784, 0.012327097904294166, -0.003364943408979608, -0.03842894520006784, -0.0058950601994748495, -0.029804610398606473, -0.004781530586234759, 0.020753182892754726, 0.018413110663627406, -0.006985321778247481, -0.048055816618101196, -0.008888989865793341, -0.032573449703901115, -0.0065137121020302354, 0.02636020071877782, 0.024502998964460614, -0.010899278942005243, -0.05726244416273022, -0.01169639557842683, -0.03436103642537147, -0.008189178187452786, 0.03204116414901928, 0.03050602904582328, -0.014898657809625177, -0.06604502068854902, -0.014205194738314941, -0.03524266198837696, -0.009800263101082753, 0.0376964918033274, 0.03632797611618064]","[0.8000003910406037, 0.06111807845721789, 0.8000002553392571, -0.08778825510923043, 0.8000002673641443, -0.20336592918182533, 0.8000002311001042, -0.29076490254884724, 0.8000002133050128, -0.35485828247454404, 0.8000001689175816, -0.40009786580497064, 0.800000206713742, -0.43045844798996113, 0.8000001646583166, -0.4479338961739583, 0.8000001169007767, -0.45596162512132626, 0.800000040547152, -0.4583221312238142]","[0.012161493349238217, 0.015391982373573754, -0.0014909641649758498, 0.012672961008693195, 0.014125095750179284, -0.0013539374472886223, 0.01370320395729796, 0.01229414218104452, -0.0011586478529008737, 0.015186616711834633, 0.009658798088706178, -0.0009506936705876434, 0.016851065505013585, 0.00610752769942291, -0.0007522400691812869, 0.018241951940779044, 0.0016536215083329253, -0.0005585123317715102, 0.01935563003932239, -0.003749871534274085, -0.0003319144877078628, 0.02021372046411274, -0.010109975001623361, -1.1076240513219204e-05, 0.020848156817141916, -0.017398297542221997, 0.00047849664382404455, 0.02129747673818061, -0.025555492553830828, 0.0012142711036013942, 0.021608808455715556, -0.03449599685222582, 0.0022671379854934948]","[0.00984732061624527, 0.007963024079799652, 0.0002478063106536865, 0.00306575745344162, 0.0045536234974861145, 0.00031270086765289307, -0.290478515625, -0.0561767578125, 0.009847626090049744, 0.007961772382259369, 0.00024709105491638184, 0.0030653178691864014, 0.004551589488983154, 0.0003136545419692993, -0.290478515625, -0.0561767578125, 0.009848363697528839, 0.007961370050907135, 0.0002473294734954834, 0.003067217767238617, 0.004550859332084656, 0.00031284987926483154, -0.290478515625, -0.0561767578125, 0.009852275252342224, 0.007961168885231018, 0.00024762749671936035, 0.003068394958972931, 0.004552893340587616, 0.00031422078609466553, -0.290478515625, -0.0561767578125, 0.009853295981884003, 0.007962249219417572, 0.00024694204330444336, 0.0030702948570251465, 0.004552185535430908, 0.00031535327434539795, -0.290478515625, -0.0561767578125]",0.011573106
"[5.795734405517578, 5.815734405517578, 5.835734405517578, 5.855734405517578, 5.875734405517578, 5.895734405517578, 5.915734405517578, 5.935734405517578, 5.955734405517578, 5.975734405517578, 5.995734405517578]","[-0.014540960616759474, 0.03941248495999569, 0.005536872515228105, 0.020446323245491102, 0.007563716687832462, -0.0033323207144410837, -0.020552836625232655, -0.008335980277372906, 0.026931967033011234, 0.00518920802304458, 0.010398940599375687, 0.005770064805968165, -0.002279850819741891, -0.015965309561397696, -0.004150811627223444, 0.014916219169131564, 0.004179912547766757, 0.0012019999529663248, 0.003965079521666493, 0.0001512869129579113, -0.011122545989384329, -0.0020031666618583964, 0.0032995883880698293, 0.0025401428343537493, -0.007021705975513787, 0.002129524368159214, 0.0038626532581346094, -0.00606815224607435, -0.0018297396809135895, -0.007964893918723698, 0.0002957985307047145, -0.014160498809662305, 0.0002593252673039036, 0.008563479840980309, -0.0007991030489167181, -0.003483080673625379, -0.018904726178231853, -0.002545060236274327, -0.02011699503909798, -0.0016260896892063591, 0.013841367253990459, 0.004714584007545916, -0.006392652365728429, -0.029470478768161078, -0.005683169170172925, -0.024946338934338043, -0.0034968794033718173, 0.01952992844490784, 0.01041259913053788, -0.010109291299179068, -0.03962899894503045, -0.00887750123986962, -0.02870595160694197, -0.005331281762834827, 0.025486972738579652, 0.0162185349148508, -0.01428622499114141, -0.04936040455954474, -0.01193950082863167, -0.03145679198769071, -0.007114061709985166, 0.03158533483183437, 0.022047060305552625, -0.018663511631342444, -0.05865567458451658, -0.014728089041406977, -0.03326424363376287, -0.008835214912893932, 0.03771246878735698, 0.027807360040882155, -0.023054625841785876, -0.0675146154705968, -0.01714441545794072, -0.03419882718307902, -0.010489030162650861, 0.043773064366033884, 0.03340530569628574]","[0.8000004782271937, -0.028031331970016386, 0.8000003125984013, -0.17450480597108675, 0.8000003265921445, -0.2853778308319329, 0.800000282671274, -0.3669564889540339, 0.8000002607201389, -0.4250372676148564, 0.8000002065009111, -0.4647862004395758, 0.8000002525489835, -0.4907063668983974, 0.8000002012253047, -0.505184928061478, 0.8000001428222341, -0.5116231707917263, 0.8000000495472285, -0.5134495432848784]","[0.012177905358595975, 0.015396125441332842, -0.0014905514940730669, 0.013043824784173541, 0.01401122741795291, -0.001383640909185857, 0.014514273787476495, 0.012021331504809218, -0.0012083165584533262, 0.01649015825849831, 0.00921180131230237, -0.0010101796082513381, 0.0186828566759627, 0.00549066413096444, -0.0008122678744535428, 0.02065185304890682, 0.0008786741330459868, -0.0006113328593229106, 0.022397125093494452, -0.004669896225233394, -0.0003724881814548553, 0.023941060256730484, -0.011164757323961716, -3.752119258759734e-05, 0.02531441442063953, -0.018582257945729985, 0.00046507803693351946, 0.026552358956993483, -0.026867995483767615, 0.001210462898749043, 0.02769543792893092, -0.0359400335606912, 0.002268200785123131]","[0.009855866432189941, 0.007982619106769562, 0.0002509653568267822, 0.0030673667788505554, 0.004561275243759155, 0.00031566619873046875, -0.290478515625, -0.0561767578125, 0.009853065013885498, 0.007983282208442688, 0.00024968385696411133, 0.003067806363105774, 0.0045617371797561646, 0.00031675398349761963, -0.290478515625, -0.0561767578125, 0.009854055941104889, 0.007983773946762085, 0.00025075674057006836, 0.0030673742294311523, 0.004560820758342743, 0.0003170520067214966, -0.290478515625, -0.0561767578125, 0.00985214114189148, 0.007982656359672546, 0.0002485811710357666, 0.0030666664242744446, 0.004560746252536774, 0.0003162473440170288, -0.290478515625, -0.0561767578125, 0.009850136935710907, 0.007982805371284485, 0.00024902820587158203, 0.003066115081310272, 0.004561044275760651, 0.000315740704536438, -0.290478515625, -0.0561767578125]",0.011013317
"[5.875145435333252, 5.8951454353332515, 5.915145435333252, 5.935145435333252, 5.955145435333252, 5.975145435333252, 5.995145435333252, 6.015145435333252, 6.035145435333252, 6.055145435333252, 6.075145435333252]","[-0.014541364967720691, 0.03941224070357236, 0.005545152016924714, 0.020446868246397933, 0.007562765215843827, -0.0033333564649647572, -0.02054383558386646, -0.009450658737010127, 0.026738449540212178, 0.004576113938743487, 0.010627434791644545, 0.005680285213941335, -0.0016453668265149631, -0.016230118274592194, -0.006327005869197176, 0.014537004364300582, 0.0029936531791157667, 0.001643853523550422, 0.0037918537305624573, 0.0014321543350906962, -0.01167586700505734, -0.005166777275826896, 0.002746094367825152, 0.0008491009088579065, -0.006391010318043241, 0.001879295188915218, 0.005800069216194899, -0.006922456276822805, -0.005870522183578735, -0.008674916264989969, -0.0017951195924682097, -0.013381912555983113, -6.30161465187197e-05, 0.011180653768997358, -0.0019690320546524327, -0.008353088719003445, -0.01976393930929879, -0.004973929948917826, -0.019213392932077543, -0.002016550383962144, 0.017104264248234094, 0.0032352056169730834, -0.01201506572212871, -0.03046639553245511, -0.008371440779310627, -0.023948518868913138, -0.003949978518571182, 0.023397011382672733, 0.008634751271051098, -0.016395370659430617, -0.040746897770342204, -0.011739417011187284, -0.02764883589853719, -0.005841271430398283, 0.029913860255455327, 0.014156271410497773, -0.021148322288212663, -0.05058558769360419, -0.014889625172037409, -0.030376266052857342, -0.007675836574980813, 0.03652856696890559, 0.019716016531530167, -0.026023987324094812, -0.05997503341906227, -0.017686865745121284, -0.03219467112867801, -0.009444896128531355, 0.04313140107660908, 0.0252239171613734, -0.03085070048863821, -0.06891749922547558, -0.020041827465392594, -0.033171238171466264, -0.011144205835232115, 0.04962950730375457, 0.030586574661793767]","[0.8000003837586129, -0.10393065065327786, 0.800000251717056, -0.25200426733199355, 0.8000002624897364, -0.361474533621548, 0.8000002273986271, -0.43985318036187515, 0.8000002096618233, -0.49392882857006964, 0.8000001662750392, -0.529654465484859, 0.8000002031833661, -0.5521349922308432, 0.800000162092771, -0.5642190654315441, 0.8000001149785971, -0.569365208511061, 0.8000000400276096, -0.5707539271892403]","[0.012183745607948993, 0.015382676992632405, -0.0014894312362923046, 0.013305562469986376, 0.01391351872494262, -0.0014110041583377253, 0.015087316650089777, 0.011815423394051283, -0.0012563739907403004, 0.017454082686029992, 0.00888027768398958, -0.0010714270705109996, 0.020168698731031, 0.005012138746711248, -0.0008792170845115521, 0.02271414890857748, 0.00026213324162371876, -0.0006767666168876474, 0.025092262020615208, -0.005414911533986544, -0.0004313027730313834, 0.02732527874543733, -0.012031389394330017, -8.676735262813651e-05, 0.029442375425452583, -0.019567977903254707, 0.0004264839494085848, 0.031475336077510296, -0.027974614143214893, 0.0011823161109876246, 0.033458472085375224, -0.03717238804782674, 0.0022497455104213415]","[0.009858764708042145, 0.007971405982971191, 0.0002490580081939697, 0.003069169819355011, 0.0045553818345069885, 0.00031723082065582275, -0.290478515625, -0.0561767578125, 0.009859651327133179, 0.007972553372383118, 0.0002498030662536621, 0.00306914746761322, 0.004555754363536835, 0.00031554698944091797, -0.290478515625, -0.0561767578125, 0.009860135614871979, 0.007974125444889069, 0.0002503693103790283, 0.003068402409553528, 0.004557318985462189, 0.0003147721290588379, -0.290478515625, -0.0561767578125, 0.009858496487140656, 0.007973849773406982, 0.0002480149269104004, 0.003069646656513214, 0.00455908477306366, 0.0003180652856826782, -0.290478515625, -0.0561767578125, 0.009857743978500366, 0.007976919412612915, 0.0002503395080566406, 0.0030689015984535217, 0.004559352993965149, 0.0003139972686767578, -0.290478515625, -0.0561767578125]",0.011070872999999998
"[5.93447208404541, 5.95447208404541, 5.97447208404541, 5.99447208404541, 6.01447208404541, 6.03447208404541, 6.05447208404541, 6.07447208404541, 6.09447208404541, 6.11447208404541, 6.13447208404541]","[-0.014541136371726784, 0.03941194402457461, 0.005543615133940613, 0.02045477672235193, 0.00755760108481683, -0.0033393385346632523, -0.020544135392765346, -0.010649381966837866, 0.02653025332582251, 0.003910541636188624, 0.010875999892415509, 0.005579670358033638, -0.0009352178259826422, -0.016538679382534206, -0.00865089910169851, 0.014131974844987504, 0.0017291449754338571, 0.0021128645750484827, 0.0036024372710291245, 0.002846407969586213, -0.01229637715202707, -0.008491513198978807, 0.0021642465311790147, -0.0009136545106147516, -0.005736931477704447, 0.0016086257838074602, 0.00788771637777537, -0.007850137538864661, -0.010121290285020533, -0.009421599389026515, -0.004003041642515799, -0.012558450178969432, -0.0004042506853999486, 0.013833736322513222, -0.0031714403711454713, -0.013346013309236727, -0.020644513575921026, -0.007500767187429091, -0.018269541991462832, -0.0024146119744166772, 0.020257842586697425, 0.00177903877197683, -0.017580092399819613, -0.0314519922193931, -0.011095518703644813, -0.022933188793473898, -0.004392761487498351, 0.026988298270109252, 0.006947135103850143, -0.022383642207546406, -0.041812050618185354, -0.01454884847463516, -0.02660841953082591, -0.006318781065377548, 0.033884573156472156, 0.012259884007584137, -0.0274372129243515, -0.05170916137516765, -0.017686146842162236, -0.029352744239015967, -0.008180493173253839, 0.04082737642239505, 0.017632789585713904, -0.0325194492823642, -0.06114068956856262, -0.02038817285393452, -0.03122427374237848, -0.009971637529229575, 0.047714810210363445, 0.02297448124173529, -0.03748678922493909, -0.07011366944394304, -0.022582503080913634, -0.03228362642124453, -0.011690340870968626, 0.054460438358404896, 0.028190556949462896]","[0.8000006234201764, -0.19005497227129925, 0.8000004054651613, -0.3289213073074946, 0.8000004245688539, -0.4289003830861112, 0.8000003668869997, -0.49819291495902923, 0.8000003383659182, -0.5441016928979391, 0.8000002680756295, -0.5729515761843873, 0.8000003272514347, -0.590097703981152, 0.8000002614360749, -0.598692619738703, 0.8000001852470469, -0.6020322607712736, 0.8000000644092912, -0.602824910752022]","[0.012171081341960432, 0.015379250454556903, -0.0014905985943336475, 0.013606866290842734, 0.013813738702163292, -0.0014442073283849055, 0.015753159999542188, 0.011600249240160565, -0.0013135218651711966, 0.018549926291954733, 0.008540083526910713, -0.0011458802622685837, 0.021652155482293933, 0.004580545050970386, -0.0009634329462144819, 0.024630505946579784, -0.0002461155711781515, -0.0007632600403892909, 0.02748795732451592, -0.0059887234160034275, -0.000514108089243237, 0.03024504247053339, -0.012665623538191895, -0.00016191834974677022, 0.03292823788994703, -0.020263739263179037, 0.0003612248174027499, 0.035565600415324417, -0.028738023498545928, 0.0011281259281892275, 0.038185426318323, -0.038012354553560446, 0.002207508955141435]","[0.009853698313236237, 0.007965683937072754, 0.0002473890781402588, 0.003066703677177429, 0.0045531317591667175, 0.00031717121601104736, -0.290478515625, -0.0561767578125, 0.009854190051555634, 0.00796712189912796, 0.0002492964267730713, 0.0030668899416923523, 0.004552461206912994, 0.00031515955924987793, -0.290478515625, -0.0561767578125, 0.009855270385742188, 0.007966183125972748, 0.00025153160095214844, 0.00306788831949234, 0.004553645849227905, 0.00031450390815734863, -0.290478515625, -0.0561767578125, 0.009856089949607849, 0.007967017590999603, 0.0002505481243133545, 0.0030691176652908325, 0.004552885890007019, 0.00031597912311553955, -0.290478515625, -0.0561767578125, 0.009855762124061584, 0.007967226207256317, 0.0002479255199432373, 0.003069274127483368, 0.004554562270641327, 0.0003139972686767578, -0.290478515625, -0.0561767578125]",0.010501658
"[6.035398483276367, 6.055398483276367, 6.075398483276367, 6.095398483276367, 6.115398483276367, 6.135398483276367, 6.155398483276367, 6.175398483276367, 6.195398483276367, 6.215398483276367, 6.235398483276367]","[-0.014541066604143935, 0.03941245247802561, 0.005538429571542445, 0.02044579097125887, 0.007566069494001584, -0.0033374702923453835, -0.020552660373510515, -0.01187556652786262, 0.02631819304139929, 0.0032266470707176644, 0.011113180497569404, 0.005490495997427404, -0.00020420523525424336, -0.016857908416317405, -0.011029907988030874, 0.01371810679355267, 0.00044676494284793465, 0.002568342782610884, 0.0034179824650762717, 0.004367273639967331, -0.01295877937396918, -0.012018910587420831, 0.0015477975660112184, -0.0027640307935851514, -0.005069917381159773, 0.0013322528093165018, 0.01018201318299708, -0.008860848620749597, -0.01469726873385564, -0.01022489451420361, -0.006322580835904977, -0.011716615195040428, -0.0007671258429387429, 0.01690419085367765, -0.0045392265121927886, -0.01890004946524035, -0.021623641160794495, -0.010212692459558689, -0.017280754376394248, -0.002858268021983617, 0.024060613626722932, 6.309268492262428e-05, -0.024011915815789923, -0.03259058583078317, -0.014105689530046076, -0.021833850820616733, -0.004909995185715143, 0.03147155097387436, 0.0048971557868772945, -0.02958180854056636, -0.04309158950304831, -0.017756185965263308, -0.025439243168741275, -0.006902239115994085, 0.03899357476016203, 0.009893328559925734, -0.03529359025888318, -0.05311148962405881, -0.020991034896320374, -0.02815522605603066, -0.008823688367727178, 0.04650923577733061, 0.014968569593790308, -0.040939233863914654, -0.06264977920244583, -0.02369864170104543, -0.030037925461076802, -0.010669620311520755, 0.053921065766086, 0.020031851033859814, -0.04639394358316123, -0.07171659881434192, -0.025818271166220423, -0.031143949361181787, -0.012439980235102935, 0.0611467318107377, 0.024989074056156683]","[0.8000005681020016, -0.28010043756506964, 0.8000003748520473, -0.4198069792319956, 0.800000388693434, -0.5173882417879583, 0.8000003377128093, -0.5823748481764087, 0.8000003107359321, -0.6231575924359808, 0.8000002468832783, -0.6469223789309088, 0.8000003011579776, -0.659681830428853, 0.8000002406982691, -0.6652362223654549, 0.8000001704744012, -0.6669520379946585, 0.8000000594708878, -0.6672023170201813]","[0.012177094775479791, 0.015397597919427852, -0.0014895732457644861, 0.013931474923176035, 0.013735664457355856, -0.0014760091072738568, 0.016536952186029574, 0.011384725214212299, -0.0013745886093570192, 0.019835795762823127, 0.008188492257042324, -0.0012300720785072272, 0.023553332147443595, 0.004083504095689694, -0.0010647170376634207, 0.02720534895994353, -0.0008750255454765821, -0.0008746829681105517, 0.03079575328468087, -0.006738120332200559, -0.0006290890097782054, 0.034343854308894306, -0.013529260524931086, -0.00027416319165673997, 0.03787417638515522, -0.021241436092921617, 0.00025799314512475746, 0.041411707310812784, -0.029834776719673606, 0.0010405587568786956, 0.04497895627607751, -0.03923614704856693, 0.002142982420923367]","[0.009858280420303345, 0.007982343435287476, 0.00025072693824768066, 0.0030682161450386047, 0.004559874534606934, 0.00031520426273345947, -0.290478515625, -0.0561767578125, 0.009858176112174988, 0.007981076836585999, 0.0002518892288208008, 0.0030677318572998047, 0.004559792578220367, 0.0003159642219543457, -0.290478515625, -0.0561767578125, 0.009857937693595886, 0.00797726958990097, 0.0002518296241760254, 0.003067612648010254, 0.004558265209197998, 0.00031711161136627197, -0.290478515625, -0.0561767578125, 0.009856581687927246, 0.007975704967975616, 0.0002518594264984131, 0.003067716956138611, 0.004558585584163666, 0.0003148764371871948, -0.290478515625, -0.0561767578125, 0.009856753051280975, 0.007972776889801025, 0.00024899840354919434, 0.0030670389533042908, 0.004557058215141296, 0.0003135502338409424, -0.290478515625, -0.0561767578125]",0.011675633
"[6.114875316619873, 6.134875316619873, 6.154875316619873, 6.174875316619873, 6.194875316619873, 6.214875316619873, 6.234875316619873, 6.254875316619873, 6.274875316619873, 6.294875316619873, 6.314875316619873]","[-0.01454124472797401, 0.03941238200901662, 0.00554216388041875, 0.02044548331352608, 0.00756389120135414, -0.0033324225105646967, -0.020546449415143348, -0.013081645181786328, 0.026108864351139335, 0.0025671408201366104, 0.011354649587290258, 0.005390331947492678, 0.0005285904955221105, -0.017162866238170517, -0.013410167720222714, 0.013303398809680468, -0.0008441090477793749, 0.0030457141239397865, 0.003226308012845576, 0.005794714560968358, -0.01357376350068529, -0.015441063405121889, 0.0009490440509128577, -0.004582338420277495, -0.004394371894396128, 0.0010579829695935633, 0.012294432021120839, -0.009789935353759847, -0.019053473488501907, -0.01099021563409849, -0.008580664558422779, -0.010874592371127067, -0.0011149982828270448, 0.01965413366764466, -0.005771848533158623, -0.02406052280354949, -0.022534003483446405, -0.012808151621102186, -0.01631158192671515, -0.003269867488482292, 0.027394448500154916, -0.0014580196393117054, -0.029842007250951826, -0.033623365094012994, -0.016931476017136456, -0.020780306207038374, -0.005375715008995946, 0.035332875764427105, 0.003105823529847253, -0.03595341757394764, -0.044225058635025544, -0.02070765438883464, -0.02434451348361219, -0.007413532748690114, 0.0433266019235406, 0.0078519723533709, -0.042093984748938926, -0.054326382103462294, -0.023971554345959125, -0.02706040608721824, -0.009373665523239975, 0.0512625131419121, 0.012697755256089948, -0.04807670487579832, -0.06393031353213438, -0.02662350986445151, -0.028980112937821087, -0.011253408800798195, 0.05904944468411575, 0.017551584983637607, -0.05380005454361928, -0.07305091451360982, -0.02861698743800685, -0.030154917363195914, -0.013054789819724024, 0.06661065044423628, 0.02231887098915374]","[0.8000003853220016, -0.3647118686217507, 0.8000002545570799, -0.4997178296961205, 0.800000263405227, -0.5911056677720838, 0.80000022900984, -0.6493072818357909, 0.8000002106261183, -0.6834283012023414, 0.8000001672753833, -0.7012045408073746, 0.8000002040418158, -0.7090543755947909, 0.8000001631297131, -0.7113101213260922, 0.8000001154901835, -0.7113000560605434, 0.8000000402602274, -0.710981522756543]","[0.012182718062381137, 0.015388099898763219, -0.0014896133001354173, 0.014267091832391054, 0.0136279286934462, -0.0015106383910405974, 0.01721266014572853, 0.011184403553825994, -0.0014381884146015267, 0.020939164983750147, 0.007888617666308662, -0.0013193720573432266, 0.025131360140462355, 0.0036966951275259063, -0.0011746129132790273, 0.029310217584413434, -0.00133438958583465, -0.0009984520277619424, 0.033478964821388346, -0.007260811193599004, -0.00075988498780033, 0.037654113016852175, -0.01411284811986091, -0.00040506579170074275, 0.04185726878727103, -0.0218900189156499, 0.00013424760306079975, 0.04611016606768126, -0.030557259717940433, 0.0009319590896454955, 0.05043006327974553, -0.04004364843889707, 0.0020585102160080027]","[0.009860485792160034, 0.007975943386554718, 0.00024941563606262207, 0.0030697882175445557, 0.004559040069580078, 0.00031632184982299805, -0.290478515625, -0.0561767578125, 0.009860135614871979, 0.007979921996593475, 0.0002505481243133545, 0.003068991005420685, 0.004560716450214386, 0.00031760334968566895, -0.290478515625, -0.0561767578125, 0.009861171245574951, 0.007980689406394958, 0.00025004148483276367, 0.0030699074268341064, 0.004559740424156189, 0.00031566619873046875, -0.290478515625, -0.0561767578125, 0.009859681129455566, 0.007981590926647186, 0.0002506375312805176, 0.003069356083869934, 0.004559606313705444, 0.0003156512975692749, -0.290478515625, -0.0561767578125, 0.009859204292297363, 0.00798344612121582, 0.00025004148483276367, 0.003070242702960968, 0.004562146961688995, 0.00031469762325286865, -0.290478515625, -0.0561767578125]",0.01181902
"[6.196197032928467, 6.216197032928466, 6.236197032928467, 6.256197032928466, 6.276197032928467, 6.296197032928466, 6.316197032928467, 6.3361970329284665, 6.356197032928467, 6.3761970329284665, 6.396197032928467]","[-0.01454126498483209, 0.03941211158284484, 0.005544496473432482, 0.020450250775313806, 0.007562288512528875, -0.003335543888868424, -0.020544798717993876, -0.014305917015813355, 0.02589650140603169, 0.0018735300714074897, 0.01161579448508609, 0.005294273573647765, 0.0011638011715062431, -0.017440038735519553, -0.015720143186748296, 0.012901200217522165, -0.002134279715989563, 0.003527944178252361, 0.0030455987829301322, 0.007079568218230163, -0.01414232415567187, -0.01872779573306136, 0.0003744851201395965, -0.006383362987993484, -0.003721657770420096, 0.0008015997684114394, 0.014212817233193406, -0.010651564200419392, -0.023189366634600937, -0.011716224322670433, -0.01078790971278453, -0.01005116938462832, -0.0014385742001073948, 0.02218763675781838, -0.0069252744735071045, -0.02894147662250298, -0.023394303235514762, -0.015331928620193754, -0.0153717790206856, -0.003652648556017654, 0.03049723111751988, -0.0028907901442074848, -0.03535415611260141, -0.03459889352451859, -0.019675256188816808, -0.019762534710605316, -0.005809588338889829, 0.038954682047547026, 0.0014098738114967952, -0.04198464695951171, -0.04529685362437964, -0.02357505419618762, -0.0232883135293492, -0.007891066378711316, 0.047416199906699236, 0.005911411264441372, -0.04854315567799537, -0.055477205691850814, -0.026872045695370106, -0.026003965632464345, -0.009888743153577862, 0.05577168484649633, 0.010531905881067605, -0.05485991044778523, -0.06514577275740288, -0.029476536996128986, -0.027958337757561087, -0.011801647463617941, 0.06393530017750533, 0.015179478828166067, -0.06085358538162265, -0.07432001493325083, -0.03135450974896775, -0.029198042499935455, -0.013633668526627753, 0.0718352579808449, 0.019759199719874956]","[0.8000004949970452, -0.44187647206891834, 0.8000003275479353, -0.5737810640547143, 0.8000003379161997, -0.6603549621138618, 0.8000002942153277, -0.7129060411126535, 0.8000002702720812, -0.741248957201015, 0.800000214638744, -0.7536751747542757, 0.8000002617301358, -0.7570231252406026, 0.8000002093371195, -0.7562198605975534, 0.8000001481142822, -0.7546033438527326, 0.8000000515632981, -0.7537560832866975]","[0.012178966748942477, 0.015381365359349974, -0.0014892403228765616, 0.014476994446025016, 0.013564694390673093, -0.0015417244058433255, 0.017727871246277283, 0.011051167190480271, -0.0014994473068310477, 0.021827785713047776, 0.007687144405670754, -0.0014091520718375605, 0.026479801388108237, 0.0034276683787552997, -0.00128983606126587, 0.031172286117373993, -0.0016586544061709674, -0.0011331479678746703, 0.03590652048475451, -0.007633778810696601, -0.0009073690377583432, 0.04069538409225015, -0.014534938028261113, -0.0005577265103564599, 0.045557215027613784, -0.022368006806667395, -1.4718628178922444e-05, 0.05051059261834212, -0.031102349677453844, 0.0007971258990675523, 0.05556798731978918, -0.04066879709523974, 0.0019499076931581705]","[0.009863577783107758, 0.007972002029418945, 0.0002484321594238281, 0.003071226179599762, 0.004556097090244293, 0.00031672418117523193, -0.290478515625, -0.0561767578125, 0.009860768914222717, 0.007971376180648804, 0.00025144219398498535, 0.003069750964641571, 0.004555836319923401, 0.0003140270709991455, -0.290478515625, -0.0561767578125, 0.009859040379524231, 0.007972821593284607, 0.0002503693103790283, 0.003070153295993805, 0.004555895924568176, 0.000314563512802124, -0.290478515625, -0.0561767578125, 0.00986122339963913, 0.007972471415996552, 0.0002499520778656006, 0.00306837260723114, 0.004555985331535339, 0.00031282007694244385, -0.290478515625, -0.0561767578125, 0.009860821068286896, 0.007974319159984589, 0.00024956464767456055, 0.003069184720516205, 0.004556640982627869, 0.0003162175416946411, -0.290478515625, -0.0561767578125]",0.011531659000000001
"[6.275406122207642, 6.295406122207641, 6.315406122207642, 6.335406122207641, 6.355406122207642, 6.375406122207641, 6.395406122207642, 6.415406122207641, 6.435406122207642, 6.455406122207641, 6.475406122207642]","[-0.014541224519052716, 0.03941222744134523, 0.0055427213775093, 0.020448141531527686, 0.0075635856720480685, -0.00333873203926229, -0.02055311439279734, -0.01547129507430647, 0.025694777954087436, 0.0012131357590155294, 0.011854605982367579, 0.005204561616862431, 0.0017859919090131723, -0.0177191634149323, -0.017940689048374668, 0.012515101307515474, -0.0033740225220655518, 0.00398103967062617, 0.0028741663027497736, 0.008323695454793719, -0.01469921220401663, -0.021875255135284717, -0.0001751955289296935, -0.008102908204720732, -0.0030905859826536957, 0.0005571787296101125, 0.016071632787188418, -0.011489946361861434, -0.02715814292136484, -0.012412283794856219, -0.012901251986498082, -0.00927344400464438, -0.0017476188232833693, 0.024621816133092146, -0.008036269679682077, -0.03361486595736996, -0.024217369243699098, -0.017745913283260792, -0.014482833210452888, -0.004017335061574527, 0.0334554096275686, -0.004259269046338944, -0.04060810550186324, -0.03552809233083673, -0.02229145368612672, -0.018801259852944306, -0.0062209318056227845, 0.04238086325198081, -0.00019719264784232807, -0.04770082259128629, -0.04631209213005345, -0.026297125388967914, -0.02229410346834861, -0.008341048659120763, 0.05125797448367271, 0.004085150612308436, -0.05461738572659558, -0.056560667968825126, -0.02961072421687444, -0.025014451247036818, -0.010370975715832266, 0.05998281786651293, 0.008505327071844624, -0.061208031694952224, -0.06628297431509017, -0.032153479667152006, -0.02700748908035317, -0.012311736107154001, 0.06847657423893999, 0.012970464986602228, -0.06741433829608856, -0.07550034408649965, -0.0339050860703589, -0.02831460860296881, -0.014169290173353322, 0.0766724861345893, 0.017385127778325887]","[0.8000004041561802, -0.5171434562063499, 0.8000002721560151, -0.6449180172208047, 0.800000278655512, -0.7258280670750622, 0.8000002433401108, -0.77196160783674, 0.8000002232445569, -0.7937588993127209, 0.8000001783568106, -0.8000004300530104, 0.8000002171938322, -0.7991453095296335, 0.8000001748450721, -0.7954797351943295, 0.8000001234149403, -0.792364157548699, 0.8000000437585384, -0.7910265605717637]","[0.01218036818214685, 0.015391947993588673, -0.0014900916408997489, 0.014704824916427661, 0.013518194048243615, -0.001573642353717375, 0.018247528558133386, 0.01094598736097252, -0.0015617454324363678, 0.02272519233943182, 0.00752099609407475, -0.0015022315130099884, 0.027806909298456084, 0.003211733658477378, -0.001411448650810776, 0.032974582092480276, -0.0019113741624412484, -0.0012779549759214248, 0.0382258178609588, -0.00791705839965573, -0.0010685764419813282, 0.04357301128045177, -0.014851052973409828, -0.000726980654721654, 0.04903407141319005, -0.022726415924933185, -0.00018181140436013266, 0.05462635792528703, -0.03151697659549102, 0.0006445038983713403, 0.06035780364932952, -0.0411544992916939, 0.001826060752371017]","[0.009861648082733154, 0.007975712418556213, 0.0002493560314178467, 0.003068774938583374, 0.004557386040687561, 0.0003154277801513672, -0.290478515625, -0.0561767578125, 0.009860910475254059, 0.007973842322826385, 0.0002484917640686035, 0.0030695870518684387, 0.0045577362179756165, 0.00031276047229766846, -0.290478515625, -0.0561767578125, 0.00986066460609436, 0.00797434151172638, 0.0002493560314178467, 0.0030697137117385864, 0.0045571401715278625, 0.0003149360418319702, -0.290478515625, -0.0561767578125, 0.00986238569021225, 0.007972896099090576, 0.0002499818801879883, 0.003068692982196808, 0.004555366933345795, 0.0003146827220916748, -0.290478515625, -0.0561767578125, 0.00986221432685852, 0.00797031819820404, 0.00024956464767456055, 0.0030696243047714233, 0.0045553818345069885, 0.0003104209899902344, -0.290478515625, -0.0561767578125]",0.011790930000000002
"[6.345155239105225, 6.365155239105224, 6.385155239105225, 6.405155239105224, 6.425155239105225, 6.445155239105224, 6.465155239105225, 6.485155239105224, 6.505155239105225, 6.525155239105224, 6.545155239105225]","[-0.014541257357375117, 0.039412516344656506, 0.005541209413313829, 0.020442690101252745, 0.007567090508427383, -0.0033344450498505856, -0.020549536712809513, -0.016669049494174824, 0.025487360863301774, 0.0005450361106305605, 0.012093335816598947, 0.005113304470088214, 0.0024835803060687354, -0.01801306775488409, -0.020216017826611327, 0.012119031694700633, -0.004615328371401459, 0.004432613544503545, 0.002696097437849556, 0.009697859622900767, -0.015291142492675514, -0.025102828571376225, -0.0007394831991114315, -0.009833139953636043, -0.002452482900166103, 0.00030362220722376004, 0.018013653070919004, -0.012345545989715429, -0.03116182913653503, -0.01311504028172678, -0.015025924616878895, -0.008479360687108507, -0.002057981147590175, 0.026946417520040088, -0.009090424964647452, -0.03811201144403052, -0.025010045996547298, -0.020111866921535666, -0.013590130630112844, -0.004360316224186561, 0.035982461877294016, -0.0054439728894960055, -0.04532392281381608, -0.036363104061332474, -0.02474562788938831, -0.017871740124889197, -0.006574222297104451, 0.044989971748748865, -0.0014650961843076112, -0.052407470588573105, -0.04714972785899686, -0.028699848784981566, -0.021388280998603026, -0.008688558141417294, 0.053906158452481104, 0.0027545157708878326, -0.059159016872010674, -0.05737355775233839, -0.03184735820354155, -0.02418493452623323, -0.010704729883483633, 0.06268404281585621, 0.007113379408699045, -0.06551534674776624, -0.06705865567583616, -0.03415058237038441, -0.026289787230286025, -0.012631210682475668, 0.07125442428674604, 0.011516162920268845, -0.07149935128547547, -0.07624035954635594, -0.03564118435701043, -0.027721136530063008, -0.01447792477782897, 0.07952184785736471, 0.01587776689100336]","[0.800000433836856, -0.6004200642698558, 0.8000002965975823, -0.7145936510176021, 0.8000003010629075, -0.7768361367299685, 0.8000002638134277, -0.8000006455906787, 0.8000002414106689, -0.8000001001033055, 0.8000001936237244, -0.8000001008029807, 0.800000235862844, -0.8000004867952117, 0.8000001910837063, -0.7991669357180589, 0.8000001346215446, -0.7974261779856222, 0.8000000484596227, -0.7965334973968006]","[0.01218402217109471, 0.015394745754763406, -0.0014890964431004683, 0.015001041043024022, 0.013443801727837101, -0.001607073973374895, 0.0189082130111623, 0.010794905544821987, -0.0016300724242421794, 0.0237264921966025, 0.007327084430748698, -0.0016033137845279377, 0.029042372944507844, 0.0030331136651504664, -0.0015393797340177429, 0.034364377016395276, -0.0020340436699131104, -0.0014239792356085523, 0.03974054844630992, -0.007971611697678682, -0.0012240499781324132, 0.04525340410308254, -0.014856938138849696, -0.0008841177097931308, 0.050972608709118794, -0.022723967405408274, -0.00033226330348767874, 0.05691243165866389, -0.03154529361049496, 0.0005107560444326253, 0.06302628732186899, -0.04123222497319734, 0.0017189578823773033]","[0.009861752390861511, 0.007979623973369598, 0.0002459585666656494, 0.0030686110258102417, 0.004558071494102478, 0.00031290948390960693, -0.290478515625, -0.0561767578125, 0.009861655533313751, 0.007979363203048706, 0.00024765729904174805, 0.003068879246711731, 0.004560403525829315, 0.00031457841396331787, -0.290478515625, -0.0561767578125, 0.00986209511756897, 0.007979579269886017, 0.00025019049644470215, 0.0030685439705848694, 0.004558093845844269, 0.00031299889087677, -0.290478515625, -0.0561767578125, 0.009861171245574951, 0.007978476583957672, 0.000248640775680542, 0.003067582845687866, 0.004558980464935303, 0.00031597912311553955, -0.290478515625, -0.0561767578125, 0.00986112654209137, 0.007979035377502441, 0.00025010108947753906, 0.0030691996216773987, 0.004558593034744263, 0.00031703710556030273, -0.290478515625, -0.0561767578125]",0.011935334
"[6.435308933258057, 6.455308933258056, 6.475308933258057, 6.495308933258056, 6.515308933258057, 6.535308933258056, 6.555308933258057, 6.575308933258056, 6.595308933258057, 6.615308933258056, 6.635308933258057]","[-0.014541319284145437, 0.03941228062827973, 0.005544080252704006, 0.020446474876841637, 0.007562795913307391, -0.003335249855798664, -0.020547288608237096, -0.01781015879671757, 0.025289306155526204, -9.085611345015465e-05, 0.012330949038434092, 0.0050183743364057825, 0.0031186044325876303, -0.018284976684881417, -0.02236257164321185, 0.011745221900795235, -0.005808857033056306, 0.00488004767771258, 0.002523060440836138, 0.010865673170552197, -0.015805162879939126, -0.028061154525363726, -0.0012563841623512602, -0.011488133646704288, -0.0018251443939340571, 7.296666751312894e-05, 0.019525025987454564, -0.013034904864497814, -0.03462831467101525, -0.013722953132544274, -0.01698415749898835, -0.007730313439439964, -0.002320238590259008, 0.028618672839615087, -0.00988622802321738, -0.04181781536073261, -0.025662498262682444, -0.022228377249746575, -0.012777623073294662, -0.004631448950783205, 0.03771650460752324, -0.006308592086015438, -0.04903737374922605, -0.03701984191334629, -0.026878701423337738, -0.01705686110452361, -0.006838019745712568, 0.04676467194554053, -0.00238715374937657, -0.0559648229658862, -0.047782132855465266, -0.030728276481756144, -0.020625570499619085, -0.008936868983984825, 0.05574513148167782, 0.0017724114051727898, -0.062493952542833374, -0.05796976059657885, -0.03369871198867076, -0.02350843888527897, -0.010936991081038828, 0.0646107036666087, 0.006068985681678409, -0.06865110617338599, -0.06762218620076688, -0.035811468060186, -0.025707785895956375, -0.012850342230032556, 0.07326162425643384, 0.010417462963101958, -0.0744601665887479, -0.07677502107922798, -0.03710195586091407, -0.027239527789997237, -0.0146870940460587, 0.0816002412611421, 0.01473430048367746]","[0.8000002720982371, -0.6689567355125492, 0.8000001891153288, -0.7639153313105933, 0.8000001899823339, -0.800000558542833, 0.8000001671893346, -0.800000145759284, 0.8000001525467597, -0.8000002007028519, 0.8000001226920332, -0.800000157237024, 0.8000001497715059, -0.8000001807834038, 0.8000001219723558, -0.8000001358366791, 0.8000000858673924, -0.8000001412845713, 0.800000031332768, -0.7998859426634101]","[0.01218308239028687, 0.015387214614268174, -0.0014899587199508346, 0.015253422284921991, 0.013374816728178196, -0.0016410347939674885, 0.019382260001342466, 0.010700541853024603, -0.001695088477737805, 0.02430315828655416, 0.007269590172408691, -0.001694607915062818, 0.029634391988570985, 0.0030557248959892647, -0.001651072273816112, 0.03495375967148451, -0.0019168456769245168, -0.0015492052123167177, 0.04038928853123125, -0.007782339436796626, -0.001357890195254008, 0.04606836978104012, -0.014640133171540448, -0.0010221341760576763, 0.05204376033125957, -0.022519282567847743, -0.0004686631774024619, 0.05826785066784912, -0.03136843112464227, 0.00038269799846135655, 0.06468660770851242, -0.041095976781032384, 0.0016077700322534305]","[0.009863443672657013, 0.007976941764354706, 0.00025081634521484375, 0.003070652484893799, 0.004558242857456207, 0.0003130882978439331, -0.290478515625, -0.0561767578125, 0.009865149855613708, 0.007976695895195007, 0.0002478063106536865, 0.0030709579586982727, 0.004559174180030823, 0.0003131777048110962, -0.290478515625, -0.0561767578125, 0.00986374169588089, 0.007976338267326355, 0.00024828314781188965, 0.0030697062611579895, 0.004558227956295013, 0.00031460821628570557, -0.290478515625, -0.0561767578125, 0.009863577783107758, 0.007977031171321869, 0.0002471506595611572, 0.003069482743740082, 0.004558004438877106, 0.00031301379203796387, -0.290478515625, -0.0561767578125, 0.00986325740814209, 0.007976636290550232, 0.0002474784851074219, 0.0030693337321281433, 0.00455927848815918, 0.0003113001585006714, -0.290478515625, -0.0561767578125]",0.012305075
"[6.515185117721558, 6.535185117721557, 6.555185117721558, 6.575185117721557, 6.595185117721558, 6.615185117721557, 6.635185117721558, 6.655185117721557, 6.675185117721558, 6.695185117721557, 6.715185117721558]","[-0.014541382956466559, 0.03941224868711545, 0.005545253951646761, 0.020446350311966635, 0.007563012976012178, -0.0033376234958919387, -0.020548191349032657, -0.01892070266658845, 0.025096945405456653, -0.0007229027480185938, 0.01256466901644006, 0.004931338169976955, 0.003674955842487113, -0.01852903040681205, -0.024408155543593567, 0.011389716880757055, -0.006988331014300881, 0.005322920176234277, 0.002367531513695031, 0.0118202812451524, -0.016237479219969018, -0.030736309709360223, -0.001722894291605257, -0.01306015182293815, -0.00122713390047303, -0.00012466008929117633, 0.02067350650968329, -0.013578773612668632, -0.03766251499494029, -0.01425388824682262, -0.01881246771436828, -0.007029295812655572, -0.0025351657586285886, 0.02983601185536568, -0.010496156110753782, -0.044956881394640255, -0.026213872841421716, -0.0241673164611283, -0.01203467849314359, -0.004844426977258263, 0.03896957479445795, -0.006970622975027556, -0.05208514818162585, -0.037557576641242985, -0.028793348434464634, -0.016331475113363397, -0.007037780977553316, 0.048080393485440756, -0.0031064497752780794, -0.05881601180740992, -0.04828776623617433, -0.032521439767721774, -0.019961821973010736, -0.009121037405523308, 0.05716359104284271, 0.0009868102123934371, -0.06516359723239645, -0.05844544933784321, -0.03535197270315905, -0.02291609130744618, -0.011107523570322742, 0.06612125227153379, 0.005225213384469081, -0.07115327938447819, -0.06806999559526143, -0.03730899462639763, -0.025194894037448654, -0.013009220463072324, 0.0748507117931558, 0.0095254628605879, -0.07680824332414277, -0.07719696941911183, -0.038430894532500766, -0.026812270429123933, -0.014836310159273586, 0.08325234407770792, 0.013805299221477739]","[0.8000004412890691, -0.7263835547799202, 0.8000003058530909, -0.7963733527508594, 0.8000003080719928, -0.8000008456162164, 0.8000002707278557, -0.8000002231566865, 0.8000002470925828, -0.8000003030554493, 0.8000001988135772, -0.800000238384077, 0.8000002422390985, -0.8000002721435324, 0.8000001973565497, -0.8000002190421095, 0.8000001387939181, -0.8000001480563892, 0.8000000506378648, -0.8000000556466953]","[0.01218371435865706, 0.015387974454214692, -0.0014899545289632776, 0.015430419547918017, 0.01334024540047718, -0.001671284126304684, 0.019636842623390605, 0.010690139464798687, -0.0017508561762511476, 0.02452399913154768, 0.007338146330267303, -0.0017704991301061845, 0.029768008617153563, 0.0032328730296189434, -0.0017426911533289235, 0.035046764638129724, -0.0016423812235499824, -0.0016527034533146967, 0.040554496457509304, -0.007453982055710462, -0.0014718662389645587, 0.04642508538753809, -0.014307608343875788, -0.001144790631419923, 0.052619966972067056, -0.022198962379837983, -0.0005957283499524735, 0.059083939752390235, -0.031074114426898447, 0.00025796079386930515, 0.06575580765865052, -0.04083889785816108, 0.0014938294302124788]","[0.009865440428256989, 0.007973425090312958, 0.0002478361129760742, 0.003071524202823639, 0.0045570433139801025, 0.00031188130378723145, -0.290478515625, -0.0561767578125, 0.0098656564950943, 0.0079740509390831, 0.0002472102642059326, 0.0030711889266967773, 0.004557296633720398, 0.0003115236759185791, -0.290478515625, -0.0561767578125, 0.009866781532764435, 0.00797531008720398, 0.0002480149269104004, 0.0030708909034729004, 0.004556693136692047, 0.0003151446580886841, -0.290478515625, -0.0561767578125, 0.00986681878566742, 0.007975034415721893, 0.00024837255477905273, 0.003071397542953491, 0.004556596279144287, 0.00031401216983795166, -0.290478515625, -0.0561767578125, 0.009866513311862946, 0.007976725697517395, 0.0002471804618835449, 0.0030707642436027527, 0.004557974636554718, 0.00031256675720214844, -0.290478515625, -0.0561767578125]",0.011772301999999998
"[6.59517765045166, 6.61517765045166, 6.63517765045166, 6.65517765045166, 6.67517765045166, 6.69517765045166, 6.71517765045166, 6.73517765045166, 6.75517765045166, 6.77517765045166, 6.79517765045166]","[-0.014541305607350988, 0.03941240808974118, 0.005542815871175124, 0.020444174102697596, 0.007564623411894646, -0.0033362693247158473, -0.020550215400797146, -0.019983176456957127, 0.024913289043316474, -0.001347869265710839, 0.01279579457114071, 0.004852771972294516, 0.004127723793888394, -0.018731611600637094, -0.026234032923173466, 0.011072982633463315, -0.008087289769099809, 0.00573820682398831, 0.002234662169520284, 0.012513013069758269, -0.01656141737566146, -0.03305364709147306, -0.002126105425117587, -0.014504718483562674, -0.0006736664845650868, -0.000285935613112382, 0.02145128902313207, -0.013968659395259451, -0.04021569485324217, -0.014699464120388007, -0.02047196429919207, -0.006390196889296078, -0.0027022640095893, 0.03063111603891408, -0.010927542958551268, -0.047496509786607355, -0.026658720730254767, -0.02588288886170099, -0.011378576307881916, -0.005002079687111749, 0.03981467419153306, -0.007451704095481103, -0.05446967549959521, -0.03797710501638776, -0.03044856360669519, -0.015710175218786104, -0.0071813499851323985, 0.04902893365500685, -0.003652040309244837, -0.061044752021403886, -0.04868150225173293, -0.034088065906281675, -0.019389024436815592, -0.009251604510668676, 0.05821615534318707, 0.0003795963091089325, -0.06724946103874603, -0.058810382992475894, -0.036811405182302456, -0.022398705094551063, -0.011225488500809434, 0.06726645308469553, 0.004554755975647332, -0.07310932576398996, -0.06839749942543671, -0.038644165087077506, -0.024736772389691443, -0.013113908549692374, 0.07607151847853957, 0.008785304622504302, -0.07864724167583927, -0.07747542781642627, -0.03962697504110981, -0.026415132006902785, -0.014926945221363194, 0.08452995888271207, 0.012991862686451859]","[0.8000003887982008, -0.7679438638930078, 0.8000002683635847, -0.8000007583798652, 0.8000002718719343, -0.8000003391155109, 0.8000002321581541, -0.8000003762717032, 0.8000002416062573, -0.8000003310773127, 0.8000000707487347, -0.8000002815125281, 0.8000006453226981, -0.8000003131765401, 0.7978555947963936, -0.8000002530624469, 0.7954911875148546, -0.8000001712625262, 0.7944347629225709, -0.8000000650610528]","[0.012184109821898104, 0.015393114509807848, -0.0014899527781015998, 0.01550069931877951, 0.0133442106382895, -0.0016961082217590295, 0.019655102693204585, 0.010757432772251718, -0.0017932777805031996, 0.02439954099208408, 0.007516115594973449, -0.0018255829634421517, 0.029495312637097038, 0.0035324158094596214, -0.001808582605915099, 0.034750477703647475, -0.0012635234435101061, -0.0017302111013890453, 0.04037424880140672, -0.007050483872178326, -0.0015635050271067819, 0.046404492237740014, -0.013900594784792997, -0.0012497696828077665, 0.052788714207243514, -0.02179727282152033, -0.0007104800294186475, 0.05946674380994177, -0.030678498643512242, 0.00013873049604828935, 0.06637071827926011, -0.040448592870637956, 0.0013762331387132676]","[0.009869515895843506, 0.007981717586517334, 0.0002498328685760498, 0.0030698031187057495, 0.004559598863124847, 0.00031657516956329346, -0.290478515625, -0.0561767578125, 0.0098651722073555, 0.007972419261932373, 0.00024825334548950195, 0.0030697062611579895, 0.004557192325592041, 0.00031463801860809326, -0.290478515625, -0.0561767578125, 0.009865440428256989, 0.007973425090312958, 0.0002478361129760742, 0.003071524202823639, 0.0045570433139801025, 0.00031188130378723145, -0.290478515625, -0.0561767578125, 0.0098656564950943, 0.0079740509390831, 0.0002472102642059326, 0.0030711889266967773, 0.004557296633720398, 0.0003115236759185791, -0.290478515625, -0.0561767578125, 0.009866781532764435, 0.00797531008720398, 0.0002480149269104004, 0.0030708909034729004, 0.004556693136692047, 0.0003151446580886841, -0.290478515625, -0.0561767578125]",0.012408338000000001
"[6.69456672668457, 6.71456672668457, 6.73456672668457, 6.75456672668457, 6.77456672668457, 6.79456672668457, 6.81456672668457, 6.83456672668457, 6.8545667266845705, 6.87456672668457, 6.8945667266845705]","[-0.014541390814116597, 0.0394123903843763, 0.0055443819968255415, 0.02044363788985028, 0.0075620345777801514, -0.0033352487439592075, -0.020549276212244588, -0.02095484875698267, 0.024745146943911556, -0.001914713843270094, 0.01300843472123953, 0.004776196706444532, 0.00454173802798658, -0.01891389765849493, -0.027908080791589546, 0.010782433347563371, -0.009094805424400228, 0.006123142740991406, 0.0021088947092459736, 0.013122689374660367, -0.016846082898607142, -0.03517723249617176, -0.002495681496030878, -0.015837336565160363, -0.00015803213047910504, -0.0004361676061006844, 0.022115609232538042, -0.014306072072267946, -0.04254166597768862, -0.015105399073818377, -0.02200283648457003, -0.005795646587635294, -0.0028553837943444235, 0.031298906780561894, -0.011299061595587617, -0.04978310591513413, -0.027032219088115265, -0.02744672485077618, -0.01076501204821271, -0.005137841841616227, 0.04051821594156397, -0.00791632800095875, -0.05662067905887657, -0.03822975848792654, -0.03194215067539424, -0.015095591751322553, -0.0072805593024322345, 0.049769683470698906, -0.004324012246884836, -0.06309117386312962, -0.04869543314588234, -0.03548016861629786, -0.018742898166839276, -0.009290873739109907, 0.058927457811072524, -0.0006380372863617521, -0.0692276300413382, -0.05843026922404491, -0.0380683171251437, -0.02167577561014785, -0.01117976517599189, 0.06788424911115029, 0.003066974938902663, -0.07505847930065968, -0.06744507409236591, -0.03972823868881709, -0.0238710459580901, -0.01296383111096504, 0.07655684173786984, 0.006766290163064404, -0.08060102309461398, -0.07580072698690102, -0.04050524718378053, -0.025346726923568135, -0.014662631455101474, 0.08486647454499394, 0.010437167773004564]","[0.800000079463641, -0.8000005048164638, 0.8000000726349265, -0.8000003798273138, 0.7999999807328688, -0.800000375664564, 0.8000003370167798, -0.8000003433933631, 0.788218964595243, -0.800000314950706, 0.7694790215104768, -0.8000002688279974, 0.7488537842450237, -0.8000002939722514, 0.732740284040216, -0.8000002367874494, 0.7234517351900371, -0.8000001619147635, 0.720180587959008, -0.8000000610752562]","[0.012186942121168776, 0.015391288698217487, -0.0014909890329519726, 0.015569517239917396, 0.013342340124323115, -0.0017201129749606636, 0.01964827366700239, 0.010826611755109905, -0.0018313111775274393, 0.024229401420971963, 0.007702227264069439, -0.0018718519777864984, 0.029168775832901117, 0.003840223489170569, -0.0018620248331524536, 0.03442381190746713, -0.0008476348503112519, -0.0017966575213730351, 0.040191310433722593, -0.006482548956743273, -0.001651447649027027, 0.04643087695071757, -0.013064359791938429, -0.0013686741087099996, 0.053082928077197944, -0.020586692271221896, -0.0008755981644918975, 0.06006668055029851, -0.02905564991544063, -9.205920863042394e-05, 0.06729592056218414, -0.03843018201424053, 0.001062055238477022]","[0.009865030646324158, 0.00797465443611145, 0.00024703145027160645, 0.003070227801799774, 0.0045590996742248535, 0.00031238794326782227, -0.290478515625, -0.0561767578125, 0.009864971041679382, 0.007973901927471161, 0.0002467632293701172, 0.003069959580898285, 0.004557311534881592, 0.0003129243850708008, -0.290478515625, -0.0561767578125, 0.00986519455909729, 0.007975451648235321, 0.00024774670600891113, 0.003068871796131134, 0.004556961357593536, 0.00031262636184692383, -0.290478515625, -0.0561767578125, 0.009864561259746552, 0.007977098226547241, 0.0002480149269104004, 0.003069862723350525, 0.004558160901069641, 0.000310361385345459, -0.290478515625, -0.0561767578125, 0.009865731000900269, 0.007977694272994995, 0.0002478063106536865, 0.0030695870518684387, 0.004557900130748749, 0.0003125816583633423, -0.290478515625, -0.0561767578125]",0.010104082
"[6.755117893218994, 6.775117893218994, 6.795117893218994, 6.815117893218994, 6.835117893218994, 6.855117893218994, 6.875117893218994, 6.895117893218994, 6.915117893218994, 6.935117893218994, 6.955117893218994]","[-0.014541468167694707, 0.03941234795339216, 0.005545981603939883, 0.02044370153845099, 0.0075614137927040095, -0.003335113063169384, -0.02054739884192751, -0.021764816631938896, 0.024605256712456478, -0.0024094242368801473, 0.01319918599518923, 0.004716004786326275, 0.004763683270469306, -0.019016648593590202, -0.02927271537548058, 0.010546256384247353, -0.00997586391753623, 0.006467513809884647, 0.002014758554193955, 0.01340711696822912, -0.01699718965037638, -0.03685210831230622, -0.002754950784014246, -0.016983642609818675, 0.00030631384113116196, -0.0005335486049972331, 0.022367830230356628, -0.014531773353979727, -0.044292215386994425, -0.015260434466129928, -0.023257378704299968, -0.005244075819145497, -0.0029192671665133887, 0.031492268198766805, -0.0117312476831135, -0.05145499664600754, -0.02692591714907024, -0.028662226426971808, -0.010143958846116387, -0.005137055768289, 0.04066577073658245, -0.008721939572246179, -0.05824849769102723, -0.037704970982208694, -0.03308426735482209, -0.014359621575308049, -0.007190798384547544, 0.04982169396760912, -0.005618232970716114, -0.06471273254087867, -0.047571599209150724, -0.03650820979970044, -0.017822976159494568, -0.009093934445388668, 0.05885950250159077, -0.002472065221726826, -0.07087501653075451, -0.05655723417227071, -0.03894539419724527, -0.020510621869620143, -0.01086622229106336, 0.06768904289408874, 0.0006873476360638895, -0.07675148922976971, -0.06474306936736995, -0.04043190174842433, -0.022439986395650757, -0.012531460298039577, 0.07622836574582897, 0.0038447088824090083, -0.08235040616585518, -0.07224160874516083, -0.041024585705591116, -0.023659637651825518, -0.01411399740311209, 0.08439891029555333, 0.006984022549390866]","[0.800000026006482, -0.8000005918323179, 0.8000001755727925, -0.800000416368859, 0.7864335146432246, -0.800000448851762, 0.7629237095910271, -0.8000003803504918, 0.7342280977159747, -0.800000369778379, 0.7042996931148557, -0.8000003051447115, 0.6764759345152309, -0.800000338445082, 0.6562440580266565, -0.8000002711319641, 0.6450097878678853, -0.8000001861062693, 0.6411324580834163, -0.8000000698563702]","[0.012188257672144709, 0.015388515093995192, -0.0014909543634624711, 0.015482709600463829, 0.013384400544061315, -0.001733319172048553, 0.01936186979253296, 0.010975206731288267, -0.001848144603889601, 0.023729662604105695, 0.008027378350947245, -0.0018915187478665274, 0.02858889073146853, 0.004427168565956485, -0.0018950120688696614, 0.033966233080690134, 8.06809009548104e-05, -0.001860571785776255, 0.039920130038824886, -0.005112768998987605, -0.001763136772004792, 0.046389742378833754, -0.011228177808274342, -0.0015486118008811722, 0.053300376479732625, -0.018308009776986545, -0.0011432763336705065, 0.060567450979234105, -0.026352348316092122, -0.00046347629041942895, 0.06810118585869296, -0.035309900288166496, 0.0005725322508189912]","[0.009873196482658386, 0.007979005575180054, 0.00024950504302978516, 0.003072671592235565, 0.004557676613330841, 0.00031304359436035156, -0.290478515625, -0.0561767578125, 0.0098700150847435, 0.007979057729244232, 0.00024890899658203125, 0.003070913255214691, 0.004557661712169647, 0.00031356513500213623, -0.290478515625, -0.0561767578125, 0.009870536625385284, 0.007976792752742767, 0.00024822354316711426, 0.003071226179599762, 0.00455879420042038, 0.00031504034996032715, -0.290478515625, -0.0561767578125, 0.00986839085817337, 0.007977545261383057, 0.0002498924732208252, 0.0030713602900505066, 0.004559062421321869, 0.00031478703022003174, -0.290478515625, -0.0561767578125, 0.009867571294307709, 0.007975511252880096, 0.0002492368221282959, 0.003071703016757965, 0.004558630287647247, 0.0003110915422439575, -0.290478515625, -0.0561767578125]",0.005502264000000001
"[6.755117893218994, 6.775117893218994, 6.795117893218994, 6.815117893218994, 6.835117893218994, 6.855117893218994, 6.875117893218994, 6.895117893218994, 6.915117893218994, 6.935117893218994, 6.955117893218994]","[-0.014541470030980356, 0.03941234670826098, 0.005545982334887298, 0.020443701897790767, 0.007561412850926393, -0.003335133365266522, -0.020547393614320918, -0.022275756765525137, 0.024517591747637013, -0.0027681637728486828, 0.013344839638179085, 0.004687860356994851, 0.00468148835155437, -0.019000780313195118, -0.03003623958751959, 0.010415365002136696, -0.010580918707538911, 0.0067133096236971935, 0.0019811083304107314, 0.01321722412648749, -0.01695842904248819, -0.03760914595813887, -0.002898785368054361, -0.017683387731633984, 0.0005795694931759831, -0.000560432591796291, 0.022163974569704536, -0.014473156575196664, -0.04485685945024222, -0.015407462446511016, -0.023900562074275496, -0.0050178468811327365, -0.002944060190249919, 0.03142673280127674, -0.011670540475520106, -0.05196705528040123, -0.02712540246638344, -0.029328635389024027, -0.009939272587739363, -0.005169168980879358, 0.04069708626326434, -0.00862297619583743, -0.05870730907553243, -0.037983019312016864, -0.0337655826608686, -0.014190856963795184, -0.007233233185426581, 0.04995484942941059, -0.005475922076654088, -0.06511761421031, -0.0479539200631465, -0.037197732504817824, -0.017709174117792725, -0.009147395048676144, 0.05908990186525048, -0.002297945496923557, -0.07122882943410237, -0.057047560177981675, -0.03963255459836498, -0.020457140368701318, -0.010930019778210726, 0.068012040743686, 0.0008863273589594869, -0.077058741800707, -0.06533426707405453, -0.04110441101569262, -0.022444484607640355, -0.012604593834208325, 0.07663949214128422, 0.004066321131744141, -0.08261597628165304, -0.07292318634524789, -0.041670017988117085, -0.02371638888667465, -0.01419571465697072, 0.08489354868842067, 0.007229633370341305]","[0.7999999929185067, -0.8000004199372428, 0.8000001279008817, -0.8000003183157209, 0.7926391369869723, -0.8000003100702819, 0.7721851936958297, -0.800000289155022, 0.7444685655135305, -0.800000261424064, 0.7143565987529674, -0.8000002256432235, 0.6859040443759146, -0.8000002450744226, 0.6651071310983938, -0.8000001972995245, 0.6535445520010801, -0.8000001354070008, 0.649554907733539, -0.8000000507993379]","[0.012188243829945988, 0.015388520535197792, -0.0014909543015164672, 0.015161331581916015, 0.013497904662786553, -0.001728034139008905, 0.018722041928787903, 0.01122119491404927, -0.0018312578785693034, 0.022923036484038928, 0.008336857492278416, -0.001869168086193973, 0.0278566099786155, 0.004682801818773008, -0.0018832847011900355, 0.03322877239363198, 0.00028847997583358875, -0.0018559887989693102, 0.03919766991705498, -0.004968304670965651, -0.0017659223994064277, 0.04570565479317901, -0.011139676555160793, -0.001556704847772039, 0.05267421641057701, -0.018274803763805636, -0.0011537739869766916, 0.06001486481484242, -0.026380112432435432, -0.00047196417559325354, 0.06763417321991239, -0.03540839175424981, 0.0005725009278272353]","[0.009869955480098724, 0.007975839078426361, 0.0002467930316925049, 0.0030720308423042297, 0.004557646811008453, 0.0003120005130767822, -0.290478515625, -0.0561767578125, 0.009869925677776337, 0.007977977395057678, 0.0002506673336029053, 0.0030721649527549744, 0.004557661712169647, 0.0003136098384857178, -0.290478515625, -0.0561767578125, 0.009870216250419617, 0.007979296147823334, 0.0002460181713104248, 0.0030719488859176636, 0.004558354616165161, 0.0003143101930618286, -0.290478515625, -0.0561767578125, 0.009870313107967377, 0.007979147136211395, 0.0002484321594238281, 0.0030710026621818542, 0.004557304084300995, 0.00031472742557525635, -0.290478515625, -0.0561767578125, 0.009873196482658386, 0.007979005575180054, 0.00024950504302978516, 0.003072671592235565, 0.004557676613330841, 0.00031304359436035156, -0.290478515625, -0.0561767578125]",0.005878358
