topt,xopt,uopt,zopt,y,solve_time
"[0.018520593643188477, 0.03852059364318848, 0.05852059364318848, 0.07852059364318847, 0.09852059364318848, 0.11852059364318848, 0.13852059364318847, 0.1585205936431885, 0.17852059364318848, 0.19852059364318847, 0.2185205936431885]","[2.194105171378577e-05, -2.8096442193868754e-05, -0.0004875388991932784, -0.0005048699287171528, 0.0010589103421213453, 1.9314383939427263e-05, 6.712545173229142e-05, -6.680452084645393e-05, 0.00023546863885564375, -0.0004214699086265031, -0.0003059872550918555, 0.0009894473654688928, 0.00011671548713753173, -0.00020205526678816502, -0.00031789651012166346, 0.0009589615842307936, -0.00025460634988925575, 0.00018152660910072474, 0.0009515704473919888, 0.00014964149281047865, -0.0011257159307005843, -0.0007903340135778218, 0.0023116799049732783, 3.094573766164693e-05, 0.0010071041844722517, 0.0009440634996917283, 9.511376706914133e-05, -0.002745015964166852, -0.0015301068183079308, 0.004425726026313421, 0.00044491517833097113, 0.0022193858763089095, 0.0009527267744751075, -5.513361349369882e-05, -0.004918171568918847, -0.0025711732892399215, 0.0073993490191276, 0.000994510841198909, 0.0039054164144175394, 0.0009489126108352624, -0.00028416619876204884, -0.00731455303391535, -0.0037973298640279598, 0.010897654416779035, 0.0016071407140659582, 0.005801082806211224, 0.0009415417775664938, -0.0005900254809787452, -0.009854995212458351, -0.005116693008550502, 0.014657940897072565, 0.0022228302644206146, 0.007695686782292612, 0.0009397943767721378, -0.0009650784290428496, -0.01245956231512349, -0.006459355921755963, 0.018482964503054755, 0.0027947538385703773, 0.009431468773161126, 0.0009521599355109592, -0.0013973066368306052, -0.01504970319276321, -0.007774773170253615, 0.02223309485549984, 0.0032891248222155192, 0.010901042558629717, 0.0009857895156078086, -0.00187139772704003, -0.017551884413301824, -0.00902893322563429, 0.025817400253098644, 0.0036844184245945415, 0.012042658268681316, 0.0010460817362001407, -0.0023697130163868956, -0.019900773304255878]","[-0.12298731024258794, -0.01923921809732745, -0.22010997868008456, -0.03466074143444158, -0.29408364833525263, -0.04662543001421895, -0.34815244559715036, -0.055600573304912304, -0.38578587922814195, -0.062084365906120945, -0.41043869061759364, -0.06655769399668425, -0.4253709477178085, -0.06946070175761983, -0.43319402962162495, -0.07108866200327191, -0.43649817774299016, -0.07182563253443096, -0.4374034232008438, -0.07204174828711461]","[-0.00020456587096551182, 0.001179612555462839, 0.0005632550542982173, 9.674459961583892e-06, 0.0012752365256694098, 0.0005185719309355186, 0.0005716935130091194, 0.0018737715570971147, 0.00047871207437122365, 0.0015479027046323424, 0.0031421952496901717, 0.0004343300544373818, 0.002897807404262265, 0.005088017663114286, 0.00037780634842077276, 0.004445660569420973, 0.007491052790799646, 0.0003058265208260025, 0.006149247243451672, 0.010349867793311152, 0.0002214660109247646, 0.007971221051369826, 0.0136530451232999, 0.0001311691838328244, 0.009876700559972917, 0.01737326863712685, 4.379289757672211e-05, 0.011831942918270055, 0.02146637032025911, -3.0168747647163485e-05, 0.013803819241528625, 0.025872801911743792, -7.981220489217122e-05]","[-0.00027892941236495883, 0.0021946370601653997, 0.0008104145526885986, -0.00024212828874588255, -0.0006815960407257071, 0.0007307976484298706, 0.0006591796875, -0.0012451171875, -0.0002795180082321158, 0.00219676792621612, 0.0008086562156677246, -0.00024394623041153196, -0.000682296395301818, 0.0007300674915313721, 0.0006591796875, -0.000146484375, -0.0002783855199813834, 0.002193333208560938, 0.0008094608783721924, -0.00024372271299362425, -0.000684054732322692, 0.0007307529449462891, 0.0006591796875, -0.000146484375, -0.00027589702606201083, 0.0021919324994087164, 0.0008088946342468262, -0.0002432086229324365, -0.0006817599534988394, 0.0007318854331970215, 0.0006591796875, -0.000146484375, -0.00027780437469482333, 0.002196253836154932, 0.0008102953433990479, -0.00024249336719513181, -0.000682683825492858, 0.0007297396659851074, 0.0006591796875, -0.000146484375]",0.034531354904174805
"[0.037549734115600586, 0.05754973411560059, 0.0775497341156006, 0.09754973411560058, 0.11754973411560059, 0.1375497341156006, 0.15754973411560058, 0.1775497341156006, 0.1975497341156006, 0.21754973411560058, 0.2375497341156006]","[2.2008843553788673e-05, -2.8178245141958545e-05, -0.00048750631221966794, -0.000503618810986518, 0.0010589940502172233, 2.3457326417169664e-05, 7.007240852240287e-05, -8.108284188818149e-05, 0.00026814521523734505, -0.000416642043426138, -0.00028120970355322163, 0.0009915343727500523, 0.00012145055285074396, -0.00025592896956811416, -0.0003708026956559555, 0.0010800437628481296, -0.00023844531565976005, 0.00026213682782871275, 0.0009583683491582553, 0.0001547559546316413, -0.0013156707903908677, -0.0009127425968040458, 0.0025917943568381377, 6.623601087463924e-05, 0.0011790056474852528, 0.000957801386728629, 9.843065899486869e-05, -0.0031454762831959497, -0.0017568672343573498, 0.004944641683531522, 0.0005074000254817056, 0.002521383087316129, 0.0009737904566159318, -5.7704608572505834e-05, -0.005575882196306538, -0.0029391283419238023, 0.008241654435447086, 0.0010919647181951624, 0.004385247501027368, 0.0009743551487946703, -0.00029734266921224424, -0.008227961593697002, -0.004321071838973247, 0.01209782470965369, 0.0017410070623805002, 0.006467703466647436, 0.0009707023559066109, -0.0006190205947810195, -0.011016208767392741, -0.005796260829927456, 0.016217741430210438, 0.0023901300090471956, 0.008532486617153699, 0.0009739228550483288, -0.0010147633426325342, -0.013855594763072064, -0.007286323613840014, 0.020385113735130314, 0.002989705882179769, 0.010407183122620366, 0.0009939761818967188, -0.0014715940783283626, -0.01666387574092211, -0.008736752882997694, 0.02445132602195591, 0.0035044658325422496, 0.011978203582345071, 0.0010390199146535098, -0.0019728590526388564, -0.0193648514289812, -0.010112605291646686, 0.028323209325642095, 0.003912413759988927, 0.013183658799326927, 0.001115009219754761, -0.0024994083932252152, -0.02189093218991468]","[-0.13906376177641191, -0.023047043711146638, -0.24678394567615403, -0.04098727761308816, -0.327193731040366, -0.05448070867698361, -0.3846968118122851, -0.06426616820471633, -0.4237481217417097, -0.07107626104886833, -0.44860911613502236, -0.07558508768959545, -0.4631719487166948, -0.07838501870062817, -0.4705474289702609, -0.07989519224486846, -0.4735574004932598, -0.08055579396432426, -0.4743556426362225, -0.08074413394873473]","[-0.0002042874280656637, 0.0011735644165455916, 0.0005635994316195436, 4.013323927143375e-05, 0.0013066648289883354, 0.0005192188467493253, 0.0006804692931572376, 0.002009447725328961, 0.0004790370842098213, 0.001787927105410425, 0.0034604571292691233, 0.00043305180644637176, 0.0033102768227311063, 0.005658198199691267, 0.00037366995373133705, 0.005040986464169617, 0.008347444250937919, 0.00029784565210277947, 0.006932814206393578, 0.011525055074512736, 0.00021022356623134897, 0.008945322936158906, 0.015177026015430695, 0.00011919970523877055, 0.0110418443001854, 0.019272311787861263, 3.5645847074938786e-05, 0.013187371781679724, 0.023761950690361466, -2.8031738565914566e-05, 0.015347295953658913, 0.028580526082307767, -5.934392555406731e-05]","[-0.0002746676802635184, 0.0022011041641235296, 0.0008064508438110352, -0.00024212083816528562, -0.0006788467764854422, 0.0007303357124328613, 0.0006591796875, -0.000146484375, -0.00027758830785751254, 0.002198347449302668, 0.0008094608783721924, -0.000241986727714541, -0.000679353415966033, 0.0007303208112716675, 0.0006591796875, -0.000146484375, -0.0002736991047859183, 0.002199204266071314, 0.0008067488670349121, -0.00024325332641601805, -0.0006809329390525809, 0.000731244683265686, 0.0006591796875, -0.000146484375, -0.00027878040075302035, 0.0021980643272399847, 0.0008132755756378174, -0.00024263492822647337, -0.0006811639070510855, 0.0007309764623641968, 0.0006591796875, -0.000146484375, -0.00027903372049331576, 0.0021968871355056707, 0.0008069872856140137, -0.00024372271299362425, -0.0006807764768600455, 0.0007299929857254028, 0.0006591796875, -0.0012451171875]",0.035704851150512695
"[0.05712485313415527, 0.07712485313415528, 0.09712485313415528, 0.11712485313415527, 0.1371248531341553, 0.15712485313415528, 0.17712485313415527, 0.1971248531341553, 0.21712485313415528, 0.23712485313415527, 0.2571248531341553]","[2.2030524527528597e-05, -2.8290938470461853e-05, -0.00048727439223750305, -0.0005024427858035135, 0.0010579300588653756, 2.1206395241912075e-05, 6.84250320501729e-05, -9.537711335120842e-05, 0.00029990376311118055, -0.00041323811332991535, -0.0002578350696140227, 0.0009925452017170357, 0.00012088703333209904, -0.00031283732747021685, -0.00042381652034673015, 0.0011973999215622423, -0.00022596920557509941, 0.00033919826853171154, 0.0009640244187851718, 0.00015711755732154037, -0.0015050068557324516, -0.001035510267045281, 0.0028627698111443915, 9.481937108448752e-05, 0.001344213782896893, 0.0009700632664545114, 0.0001031113835818244, -0.003539516095503321, -0.0019844206446068533, 0.005445865643836065, 0.0005593001686197621, 0.0028123571833647714, 0.0009926994679220328, -5.344229818072394e-05, -0.006219673098469568, -0.003308499914174916, 0.009054170079245994, 0.0011739460151524543, 0.004848238464560191, 0.000996698432502026, -0.00029749826854042334, -0.009119215635075327, -0.004846920260755384, 0.013253951701978866, 0.0018542346355853545, 0.007111043549845367, 0.0009955977168441697, -0.0006283810496111467, -0.012146456339093342, -0.006478595461301661, 0.017718138744253677, 0.0025318967971193515, 0.009339620963113643, 0.0010024664131616488, -0.0010380628010020427, -0.01521144483515728, -0.008116629912222527, 0.02221216557840382, 0.00315488181155649, 0.01134742154759353, 0.0010288174817859176, -0.001512869224910957, -0.01822845348775814, -0.009702532434678147, 0.026578980800976214, 0.0036866648838330303, 0.013015028294520035, 0.00108390912652842, -0.0020350268303142584, -0.02111885433877072, -0.011200435656695486, 0.030723549877443003, 0.004104875519169818, 0.014280658304951104, 0.001174354681606813, -0.002584056071897384, -0.023813048345326045]","[-0.15466182390012137, -0.02696481184927871, -0.272610796925465, -0.047507516414201326, -0.35917919630964934, -0.06258939445933318, -0.41991266579820025, -0.07322387752507283, -0.4602360734287136, -0.08038190585407355, -0.48520466475509166, -0.08493535562530359, -0.4993318284144417, -0.08763355553462292, -0.5062219949625762, -0.08902495587274538, -0.5089203948932942, -0.08960828182573122, -0.5096063992623413, -0.08976856892128822]","[-0.00020622331790964843, 0.001173654061886964, 0.0005630445152897678, 6.72254869225064e-05, 0.001345387044036972, 0.0005188537275926386, 0.0007848411228978946, 0.0021507799575415376, 0.00047830035083284983, 0.0020227133814412213, 0.0037793594887878257, 0.0004307533038048206, 0.0037169686025086968, 0.006220771384851886, 0.00036868444858484395, 0.005630303549629234, 0.009185912406485475, 0.00028927557488866995, 0.007710381468978955, 0.012669968458129066, 0.0001988643692896197, 0.009913591172370673, 0.01665628329576485, 0.00010792639397472215, 0.012201390975680182, 0.021110043902991205, 2.944619830103079e-05, 0.014537418408119729, 0.025977573636651652, -2.2197624573561114e-05, 0.016885480993664492, 0.031187815554057252, -3.2914702821962294e-05]","[-0.0002732893228530875, 0.00219763964414596, 0.0008052289485931396, -0.00024391642808914427, -0.000683071255683898, 0.0007294118404388428, 0.0006591796875, -0.000146484375, -0.0002715384364128104, 0.0021944433450698797, 0.0008142590522766113, -0.00024378231763839964, -0.0006813054680824271, 0.0007297247648239136, 0.0006591796875, -0.000146484375, -0.0002753531336784354, 0.0021991372108459417, 0.0008106231689453125, -0.00024307451248169187, -0.0006828402876853934, 0.0007293969392776489, 0.0006591796875, -0.000146484375, -0.0002774541974067679, 0.0021967977285385076, 0.0008053481578826904, -0.00024288824796676878, -0.0006813203692436209, 0.0007292479276657104, 0.0006591796875, -0.000146484375, -0.0002746676802635184, 0.0022011041641235296, 0.0008064508438110352, -0.00024212083816528562, -0.0006788467764854422, 0.0007303357124328613, 0.0006591796875, -0.000146484375]",0.03768205642700195
"[0.06791925430297852, 0.08791925430297852, 0.10791925430297852, 0.1279192543029785, 0.14791925430297853, 0.16791925430297852, 0.1879192543029785, 0.20791925430297853, 0.22791925430297852, 0.2479192543029785, 0.2679192543029785]","[-5.281911185779374e-07, -3.223387334263968e-05, -0.0005058747629784527, -0.0004954041884807888, 0.0010553755577569967, 5.540253502300276e-05, 5.0177707335635984e-05, -0.000129989523119652, 0.0003271242932496766, -0.0004218481904322001, -0.0002326779102070041, 0.0009920751116352224, 0.00015576141234212532, -0.0003839239611095548, -0.0004938311099718356, 0.0013076829838966303, -0.00021890695279012918, 0.0004129909911283085, 0.0009681197672158994, 0.00019210988562694633, -0.0017025897837560817, -0.0011705184380592707, 0.0031216927378949146, 0.00012408926215086723, 0.0015000526357835703, 0.0009806203156312177, 0.00013612037932543659, -0.003932418086711552, -0.002217780932813699, 0.0059271389471094865, 0.0006172482199639878, 0.003086710542506884, 0.0010097647174809744, -2.611003254937176e-05, -0.006850409085954275, -0.003675463910488712, 0.009835569758587218, 0.0012664488332643224, 0.005285889395939063, 0.0010171978836093563, -0.00028012710882549405, -0.009984728313394284, -0.0053615603027496175, 0.014365845217864177, 0.0019811952089837364, 0.007720181871439358, 0.0010187435794462279, -0.0006257288032001767, -0.013237888788711124, -0.0071411126048026, 0.019160242375940485, 0.0026891735393200357, 0.010104519180052462, 0.0010294265087662721, -0.00105460647592126, -0.016515384285142796, -0.008919130182005849, 0.023966665887504318, 0.003335910732680173, 0.012238860380087795, 0.0010623044215685913, -0.0015522436803129779, -0.019728339884637205, -0.01063330030096219, 0.02862014896554533, 0.003883756387293661, 0.013998320306916398, 0.0011277357810410222, -0.0020996605856707594, -0.0227960042675953, -0.012246814896002153, 0.03302412624193651, 0.004310178455739095, 0.015321346823377893, 0.0012329958559873534, -0.0026749860982972946, -0.02564704583599082]","[-0.16975235700247285, -0.030624308763522998, -0.297544977390503, -0.05361059538383067, -0.3899901569723713, -0.07019974393039412, -0.4537565343153434, -0.08165839665445111, -0.4952211447690211, -0.08917607813545339, -0.520216977196681, -0.09380521587713306, -0.5338643920695331, -0.09643785893983883, -0.5402484775344104, -0.09773840706659796, -0.542627467388829, -0.09825995446820662, -0.5431993049401228, -0.09839735017579056]","[-0.00017758445793747413, 0.0011688108173228962, 0.0005623741466549426, 0.00013537273780306336, 0.0013754970381962828, 0.0005183554206071861, 0.0009369323890167092, 0.002277934049981667, 0.0004775258810028049, 0.0023073327151375, 0.00407623924065037, 0.00042872374408098324, 0.004171209546055099, 0.006751413560534658, 0.00036454410523933944, 0.006261685011763163, 0.009981557329351354, 0.0002823074751709953, 0.008521446917587827, 0.013760262740672324, 0.00019011546009206626, 0.010903891805546628, 0.0180682173303075, 0.00010056993407570047, 0.013368845582180988, 0.022866838586216076, 2.8778349142388748e-05, 0.015878893958526596, 0.02809779915664734, -8.926271142239983e-06, 0.018396646229575264, 0.03368455220498179, 3.1057775480292094e-06]","[-0.00027740204334258944, 0.0021979600191116277, 0.0008074939250946045, -0.0002421431899070764, -0.0006813203692436209, 0.0007313936948776245, 0.0006591796875, -0.000146484375, -0.0002748613953590384, 0.0021996363997459356, 0.0008069872856140137, -0.00024230710268020872, -0.00067945772409439, 0.0007288455963134766, 0.0006591796875, -0.000146484375, -0.0002732893228530875, 0.00219763964414596, 0.0008052289485931396, -0.00024391642808914427, -0.000683071255683898, 0.0007294118404388428, 0.0006591796875, -0.000146484375, -0.0002715384364128104, 0.0021944433450698797, 0.0008142590522766113, -0.00024378231763839964, -0.0006813054680824271, 0.0007297247648239136, 0.0006591796875, -0.000146484375, -0.0002753531336784354, 0.0021991372108459417, 0.0008106231689453125, -0.00024307451248169187, -0.0006828402876853934, 0.0007293969392776489, 0.0006591796875, -0.000146484375]",0.036870479583740234
"[0.09608697891235352, 0.11608697891235352, 0.13608697891235352, 0.1560869789123535, 0.17608697891235353, 0.19608697891235352, 0.2160869789123535, 0.23608697891235353, 0.25608697891235355, 0.2760869789123535, 0.2960869789123535]","[-3.733316929256486e-05, -3.855681206811132e-05, -0.0005390131334840459, -0.0004847310995604955, 0.001054040319102517, 4.7424756780631466e-05, 5.5792661426167706e-05, -0.0001769283192209061, 0.00035094097822948065, -0.0004532596389408615, -0.0002001180483010156, 0.000992819275938214, 0.0001545485172566439, -0.0004312184611652899, -0.0005759585794378381, 0.001410886047001551, -0.00024367761324997628, 0.000496696713097412, 0.0009731100604193745, 0.00020176457545038285, -0.0018754196760308087, -0.0013194574956162507, 0.003366441092325389, 0.00011175563850708953, 0.0016667732449045674, 0.0009915727046709698, 0.00015874851817882464, -0.004298234141653931, -0.002469054362665705, 0.006383233699609344, 0.00062311107574899, 0.0033711615648940613, 0.0010267585926913541, 8.595562179102261e-06, -0.0074505700496917985, -0.004066474333794083, 0.010576610055666904, 0.0012954673127638541, 0.0057308462564029565, 0.0010373116874297706, -0.00023705566161441415, -0.010815779472820843, -0.005906985891087464, 0.015420278765973489, 0.002034436377270585, 0.008332645186062656, 0.0010412496847018063, -0.0005792326648507475, -0.01429083544163802, -0.007840824083954812, 0.02052743709823236, 0.0027649882110164633, 0.010868210129486248, 0.0010554491256851344, -0.0010099508335077896, -0.017776863902119067, -0.00976445277802403, 0.02562943238401647, 0.0034308939761817678, 0.013124466833756834, 0.001094436253632165, -0.0015143111878934158, -0.021181957359683118, -0.011611636392485865, 0.03055387797564468, 0.003993513661658987, 0.014971360057478211, 0.0011696232465253124, -0.002072474808146823, -0.024423303922519447, -0.013344740590965087, 0.03520283773040517, 0.004429905977030306, 0.01634773928205493, 0.001288924243327228, -0.0026614599882967055, -0.027427870597365157]","[-0.18423435754204837, -0.034784057710624476, -0.32143527565428187, -0.060519928475437655, -0.4194701081414311, -0.0787737323257956, -0.4861002833171468, -0.09110826061986095, -0.5286220037932042, -0.0989698021100297, -0.5536140213206311, -0.10362371539943374, -0.5667773075497127, -0.1061307502989261, -0.5726598476786655, -0.10729402549846606, -0.5747239208223202, -0.10772807175265117, -0.5751834083878677, -0.10783404113596266]","[-0.00019731317749593913, 0.0011754700598229917, 0.0005634835082624079, 0.00013902538670729214, 0.0014175642197069571, 0.000519510209489038, 0.0010139917646845298, 0.002413146667393118, 0.0004781931899513481, 0.0025123378477391878, 0.004372217710813864, 0.00042802364207839005, 0.004546755606681385, 0.007267628982190022, 0.00036197458178977016, 0.006819400240832163, 0.010746685821748425, 0.00027758096905383667, 0.009267765811145967, 0.01480169093660022, 0.00018464425584951982, 0.0118419919277164, 0.019410846156904693, 9.785367071657447e-05, 0.014499910912913805, 0.024531948484464383, 3.441646462132297e-05, 0.017202567447346162, 0.03010225035122449, 1.2594800740117762e-05, 0.019910737506048992, 0.03604008499859379, 4.9549750128718983e-05]","[-0.0002775063514709464, 0.002197743952274317, 0.00080832839012146, -0.00024332038164139036, -0.000678965985774993, 0.0007291287183761597, 0.0006591796875, -0.0012451171875, -0.0002769475579261771, 0.0022020727396011297, 0.0008038878440856934, -0.00024318627119064573, -0.0006795918345451346, 0.0007294714450836182, 0.0006591796875, -0.000146484375, -0.0002786686420440665, 0.002196842432022089, 0.000807642936706543, -0.0002433352828025842, -0.0006812905669212332, 0.0007317066192626953, 0.0006591796875, -0.000146484375, -0.00027740204334258944, 0.0021979600191116277, 0.0008074939250946045, -0.0002421431899070764, -0.0006813203692436209, 0.0007313936948776245, 0.0006591796875, -0.000146484375, -0.0002748613953590384, 0.0021996363997459356, 0.0008069872856140137, -0.00024230710268020872, -0.00067945772409439, 0.0007288455963134766, 0.0006591796875, -0.000146484375]",0.06369352340698242
"[0.11914849281311035, 0.13914849281311034, 0.15914849281311036, 0.17914849281311035, 0.19914849281311037, 0.21914849281311036, 0.23914849281311035, 0.25914849281311036, 0.2791484928131104, 0.29914849281311034, 0.31914849281311036]","[-1.2605870783585269e-05, -3.4173718854425766e-05, -0.0005190611135798679, -0.0004926456532006004, 0.001056581773043892, 1.0305586084270529e-05, 7.129616596708619e-05, -0.00016900589830405865, 0.0003831427107949385, -0.00043851671491912847, -0.00018419834527367578, 0.0009966768740294503, 0.00012298665517300938, -0.00046662615335722496, -0.0006101764721988116, 0.0015180955325021757, -0.00023096407421364584, 0.000565016592079781, 0.00098013500716909, 0.0001832367867681271, -0.002033189398601883, -0.0014281179466603313, 0.003607934653308575, 0.0001264087457416906, 0.0018183603321391332, 0.001003000899194604, 0.00015903980065859588, -0.004644514442700408, -0.002688636177645452, 0.006825262203259361, 0.0006436040924377103, 0.0036394256817080693, 0.001042166430736572, 3.00182313311063e-05, -0.008025563954348282, -0.0044355115306753375, 0.011288695512371055, 0.0013247345532693758, 0.006156899622026534, 0.001053507438286354, -0.00019636730997489978, -0.011615348317523385, -0.006440387105887177, 0.01642834263061093, 0.0020730786644864397, 0.008922460794522781, 0.001057493335214587, -0.0005229589525057612, -0.015305293172204928, -0.008538075012794154, 0.02182950826524558, 0.002812063595085627, 0.01160503084757394, 0.0010730356478200263, -0.0009426158313146346, -0.01899228612613364, -0.010616139033120482, 0.027207888907849205, 0.003484529954100533, 0.013978977594815107, 0.0011162230375549023, -0.0014404891754599978, -0.022581638489806644, -0.012604283522407025, 0.03238435655180015, 0.004051368470979501, 0.01590947185831685, 0.001199546492054736, -0.0019962363281182858, -0.025988791221870425, -0.014464068651255471, 0.037260085268114085, 0.004489491851852564, 0.01733606683911256, 0.00133154334526076, -0.0025860686847869003, -0.029139321456687472]","[-0.19820717724457435, -0.03930551420562872, -0.34441694166230863, -0.06805021172412291, -0.44772824303878744, -0.08814031031086571, -0.5169785957134383, -0.10145171402209878, -0.5603730044700073, -0.10970544601691064, -0.5852295982474603, -0.11439747845297737, -0.5978238857062548, -0.11677351795086406, -0.6031576092238606, -0.11778879995540063, -0.6048855736799015, -0.11812704163698515, -0.6052265643289004, -0.11819817755430607]","[-0.00022690719765616763, 0.0011844291988145628, 0.0005638563171981303, 0.0001273623896416165, 0.0014618667522947604, 0.0005199323994249383, 0.0010705107286685944, 0.0025482431366770086, 0.0004780000974173859, 0.0026927351887309214, 0.00466257709291007, 0.00042617752780849116, 0.004895197148349961, 0.007769474804772969, 0.0003578794992424861, 0.0073486898000274525, 0.01148649684829195, 0.0002709577713853051, 0.009985641310319204, 0.01580445859107993, 0.00017710864779507673, 0.012753062286188666, 0.02069885843402819, 9.326692712630091e-05, 0.015606921262697693, 0.026123757682189108, 3.88195577585293e-05, 0.018506821870248658, 0.03201204328256635, 3.3961426454176546e-05, 0.021411737205011105, 0.03827716305314066, 9.7302765559526e-05]","[-0.0002775063514709464, 0.002197743952274317, 0.00080832839012146, -0.00024332038164139036, -0.000678965985774993, 0.0007291287183761597, 0.0006591796875, -0.0012451171875, -0.0002769475579261771, 0.0022020727396011297, 0.0008038878440856934, -0.00024318627119064573, -0.0006795918345451346, 0.0007294714450836182, 0.0006591796875, -0.000146484375, -0.0002786686420440665, 0.002196842432022089, 0.000807642936706543, -0.0002433352828025842, -0.0006812905669212332, 0.0007317066192626953, 0.0006591796875, -0.000146484375, -0.00027740204334258944, 0.0021979600191116277, 0.0008074939250946045, -0.0002421431899070764, -0.0006813203692436209, 0.0007313936948776245, 0.0006591796875, -0.000146484375, -0.0002748613953590384, 0.0021996363997459356, 0.0008069872856140137, -0.00024230710268020872, -0.00067945772409439, 0.0007288455963134766, 0.0006591796875, -0.000146484375]",0.08571577072143555
"[0.13168048858642578, 0.15168048858642577, 0.1716804885864258, 0.19168048858642578, 0.2116804885864258, 0.2316804885864258, 0.2516804885864258, 0.2716804885864258, 0.2916804885864258, 0.3116804885864258, 0.3316804885864258]","[2.2005918703172554e-05, -2.8152606182096863e-05, -0.00048768685649376104, -0.0005040666032380417, 0.0010581690834370527, 2.1219999917167015e-05, 6.48808396531414e-05, -0.00015267447563872456, 0.0004156136578305739, -0.0004038863834772824, -0.00017660391820496207, 0.0009992191831221515, 0.00013463149973941155, -0.0005207065022443017, -0.0006356244573500751, 0.0016225939914222486, -0.00019059741027386943, 0.0006193584224557079, 0.0009853436773367378, 0.00020041399139363042, -0.002202762757691129, -0.001525392715828854, 0.0038414336831293127, 0.0001754304835419618, 0.0019493356363320016, 0.0010117751742841673, 0.0001855620670689957, -0.004992236161275474, -0.002891740076136493, 0.007251091138914807, 0.0007038593889916347, 0.003879255098845474, 0.0010536477419535125, 6.729082104637076e-05, -0.008588983561792454, -0.004780434545482986, 0.01197291328091771, 0.0013977121820829036, 0.006545074118814526, 0.0010642932680955289, -0.00014995692006759898, -0.012389266233375187, -0.006941072913765322, 0.01739436552443704, 0.0021572363929876037, 0.009464605472028318, 0.001066832694351477, -0.000470435276023457, -0.016279134222379713, -0.009194040012575436, 0.023073683440741437, 0.002904010799321828, 0.01228502053712574, 0.0010823843807124733, -0.0008875549711927698, -0.020151552459663873, -0.0114185349532734, 0.028711660710136627, 0.0035799843570801355, 0.01476885780276807, 0.0011287001909045982, -0.0013863223547455111, -0.02390948777347046, -0.013540404577880876, 0.034123104772109454, 0.004145878992999326, 0.016777014882075374, 0.0012193907997048513, -0.0019457657988397878, -0.027467122630218162, -0.015520391643058245, 0.03920887471916997, 0.004578926232525419, 0.018250033176473536, 0.0013636218559335172, -0.0025411991651613486, -0.030749122427232916]","[-0.2116998100535352, -0.043473632270227235, -0.36652878863913857, -0.0750222708738864, -0.47479520513875473, -0.09685440438006254, -0.5464005596846538, -0.11112487133493797, -0.5904551663673144, -0.11980022369043469, -0.6150172178588665, -0.12458295300982945, -0.6269352767197818, -0.12688452520148336, -0.6316589188355362, -0.12779397563099998, -0.63302298915254, -0.12805930653975273, -0.6332374283809011, -0.1281031127580673]","[-0.00020342696463382381, 0.0011790425204978305, 0.0005628242037505338, 0.0001851524494540513, 0.001486776851596261, 0.0005190649566588768, 0.0012062315776197874, 0.002658254043010899, 0.0004767010472903621, 0.002954945834370948, 0.00492103960175605, 0.0004234100242541672, 0.005321507682596316, 0.008231345953747748, 0.00035294509260541673, 0.00794709747411626, 0.012177486001488269, 0.0002633949962245197, 0.010759306526664458, 0.016748530340517043, 0.00016855629304846076, 0.013702341872706025, 0.02191704431161945, 8.77407521402418e-05, 0.016730767821926396, 0.027633235617178897, 4.254739986242484e-05, 0.019803343406706198, 0.03382563738441746, 5.506591895354518e-05, 0.022877971257597274, 0.040402922737053704, 0.00014528006945724314]","[-0.0002775063514709464, 0.002197743952274317, 0.00080832839012146, -0.00024332038164139036, -0.000678965985774993, 0.0007291287183761597, 0.0006591796875, -0.0012451171875, -0.0002769475579261771, 0.0022020727396011297, 0.0008038878440856934, -0.00024318627119064573, -0.0006795918345451346, 0.0007294714450836182, 0.0006591796875, -0.000146484375, -0.0002786686420440665, 0.002196842432022089, 0.000807642936706543, -0.0002433352828025842, -0.0006812905669212332, 0.0007317066192626953, 0.0006591796875, -0.000146484375, -0.00027740204334258944, 0.0021979600191116277, 0.0008074939250946045, -0.0002421431899070764, -0.0006813203692436209, 0.0007313936948776245, 0.0006591796875, -0.000146484375, -0.0002748613953590384, 0.0021996363997459356, 0.0008069872856140137, -0.00024230710268020872, -0.00067945772409439, 0.0007288455963134766, 0.0006591796875, -0.000146484375]",0.046437740325927734
"[0.17255806922912598, 0.19255806922912597, 0.21255806922912598, 0.23255806922912597, 0.252558069229126, 0.27255806922912595, 0.29255806922912597, 0.312558069229126, 0.332558069229126, 0.35255806922912597, 0.372558069229126]","[2.198082021856961e-05, -2.814303731982548e-05, -0.00048755283385807323, -0.0005042396989000475, 0.0010573244809151804, 2.0991952858512016e-05, 6.653142155206346e-05, -0.0001810426984584132, 0.00046438946718515753, -0.0004023511321337035, -0.00013986138695012832, 0.0010006280279491655, 0.00014642684956517628, -0.000609497221309688, -0.0007404839444963042, 0.0018013574364442546, -0.00018490245495990804, 0.0007434365238701083, 0.0009917827020556325, 0.00024019536001359225, -0.002506938939144607, -0.0017678866567753311, 0.004251490703103583, 0.0001885025131933005, 0.0022150097235870956, 0.0010250848524985892, 0.0002667577465693297, -0.005626217422618441, -0.003340792356852245, 0.008004843437529462, 0.0007265248064545068, 0.0043451198085870555, 0.0010729800607816252, 0.000196411942347386, -0.009620350193597442, -0.005508788980390015, 0.013187465442013678, 0.0014293923115115403, 0.007283279547218151, 0.0010840399289480595, 2.42010110243239e-05, -0.013806685953861133, -0.007976896719602136, 0.019110338498412975, 0.002195295647546097, 0.010484826733514769, 0.0010858321897855207, -0.0002576384301996482, -0.018062331165700395, -0.010536476749877092, 0.025283562049311998, 0.0029447656710281022, 0.013557046078094591, 0.0011031326622121932, -0.000644241480265646, -0.022273665969221784, -0.013050000593918858, 0.031381680955232666, 0.0036194149661550176, 0.016240924004799255, 0.0011565025670997229, -0.0011209071269442396, -0.0263396612253482, -0.015435671514521554, 0.03720899932481202, 0.004180098886817462, 0.018389677615810757, 0.001261490167655632, -0.0016659512279126256, -0.030172294052818644, -0.017652681616212675, 0.04266604205641647, 0.0046044435645885605, 0.019945788463683264, 0.0014283669824128376, -0.0022534068878285857, -0.033694555091785275]","[-0.23612136862429758, -0.05231058583039283, -0.4064287521571693, -0.0897624834231729, -0.5235189871088612, -0.11522930081565452, -0.5992707257125066, -0.13147231503484547, -0.6444450539710653, -0.14098630082970842, -0.6684287058508676, -0.14591508214365442, -0.6790935980079041, -0.14802316795248513, -0.6826950291488315, -0.1486858334137751, -0.6833909702831852, -0.14878572951349472, -0.6833730729427977, -0.14876832802292647]","[-0.0002039528344877084, 0.0011782372798228025, 0.000562313997442665, 0.00023929765673447179, 0.001542238675077634, 0.0005186536355936688, 0.001405620601408586, 0.002865501672218329, 0.00047533691872603256, 0.0033992640478219815, 0.00539028306637368, 0.00041987070778803925, 0.0060882620182320935, 0.009057869580435085, 0.00034728504323755516, 0.009054990746309333, 0.013405154033486966, 0.0002559774646235802, 0.012217823560002561, 0.018418772095519564, 0.00016325315840592936, 0.01551560171206745, 0.024066255491829835, 9.256281195924032e-05, 0.018899979373719233, 0.030290904145340747, 6.945446120809606e-05, 0.022327612803547225, 0.03701349085191197, 0.00011943931347069281, 0.025753632901942325, 0.04413436163909079, 0.000264944737215167]","[-0.0002775063514709464, 0.002197743952274317, 0.00080832839012146, -0.00024332038164139036, -0.000678965985774993, 0.0007291287183761597, 0.0006591796875, -0.0012451171875, -0.0002769475579261771, 0.0022020727396011297, 0.0008038878440856934, -0.00024318627119064573, -0.0006795918345451346, 0.0007294714450836182, 0.0006591796875, -0.000146484375, -0.0002786686420440665, 0.002196842432022089, 0.000807642936706543, -0.0002433352828025842, -0.0006812905669212332, 0.0007317066192626953, 0.0006591796875, -0.000146484375, -0.00027740204334258944, 0.0021979600191116277, 0.0008074939250946045, -0.0002421431899070764, -0.0006813203692436209, 0.0007313936948776245, 0.0006591796875, -0.000146484375, -0.0002748613953590384, 0.0021996363997459356, 0.0008069872856140137, -0.00024230710268020872, -0.00067945772409439, 0.0007288455963134766, 0.0006591796875, -0.000146484375]",0.0645148754119873
"[0.33901357650756836, 0.3590135765075684, 0.37901357650756834, 0.39901357650756836, 0.4190135765075684, 0.43901357650756834, 0.45901357650756835, 0.4790135765075684, 0.4990135765075684, 0.5190135765075683, 0.5390135765075683]","[2.1938983260596308e-05, -2.8191236412044744e-05, -0.0004869650198768431, -0.000503998186901264, 0.0010576070624495634, 2.3369486273686637e-05, 6.699021881599178e-05, -0.0002907899083770418, 0.0005900363435933719, -0.00042104138704072367, -3.330107538578086e-05, 0.0010018516601657066, 0.0002348393381098684, -0.0008768881108184118, -0.0011451235957408723, 0.00225642763912402, -0.0002507092191008903, 0.0010985404219371274, 0.0009930745069511762, 0.0005364258583705889, -0.0034042389324655284, -0.0027013084150382303, 0.005282606598073282, 4.308496365722955e-05, 0.002966803283995147, 0.0010212434339450856, 0.0008860366668630063, -0.007473227673799543, -0.005065118898854796, 0.009876912620676876, 0.00046075989497087756, 0.005649905226874242, 0.001051708795990942, 0.0012136808119994145, -0.012587544769033692, -0.008298957136654543, 0.01616719684258204, 0.000984681076714334, 0.009334033682464792, 0.0010223322335218942, 0.0014457540240327257, -0.017823720114935687, -0.011932648920085368, 0.023258522984419668, 0.0015465699509903555, 0.013288841286200736, 0.0009783240589951426, 0.0015516227622851084, -0.023036785271881688, -0.015644912541154007, 0.030538407467492687, 0.002091757967896267, 0.01700831847262098, 0.0009579616740922526, 0.001521696482376895, -0.02810047118273344, -0.019234942485662487, 0.03762205684172019, 0.0025786647563516615, 0.02017782334619292, 0.0009912632837456392, 0.001363315684915752, -0.03291079418220428, -0.022593939296215743, 0.04429860478392235, 0.002978083574816264, 0.02263729690216732, 0.0010995693135976042, 0.0010958697830558727, -0.03738276715582202, -0.025678107141501125, 0.05048036577475539, 0.0032719827961436806, 0.024343927455062378, 0.0012958622302895438, 0.0007458622349024041, -0.04144316826858079]","[-0.30191561097578085, -0.09136928607856382, -0.5114071223141132, -0.1546864301034186, -0.6483326212749096, -0.19583787672772152, -0.7307683070285191, -0.22033471848170805, -0.7745854889190922, -0.2330737618397521, -0.7932189359400691, -0.2382101918925506, -0.7975833313169882, -0.23911643235313504, -0.7963033947160797, -0.23846027952839016, -0.7942777933199334, -0.23771155389919046, -0.7933464214738575, -0.23738561403348146]","[-0.0002016336297785415, 0.0011755449704184961, 0.00056260711761702, 0.0004433813764994632, 0.0016807697830727442, 0.0005172915672830847, 0.00214229874156624, 0.0033775283824954982, 0.00046740689780389033, 0.005033396252557054, 0.006534599022151699, 0.00040197696061694543, 0.008904162042839836, 0.01104539743359112, 0.00032273724028897277, 0.013120281877677664, 0.01631159027291318, 0.00022886591029802617, 0.017567950248075004, 0.022312392540236647, 0.00014884577650686737, 0.022167817994707573, 0.028999724152552364, 0.00011865012694789456, 0.02686217976149141, 0.036297872112397656, 0.00017469487512133952, 0.03160099501942737, 0.04410947742048954, 0.00035078045996028706, 0.03632976552269396, 0.05231824630476556, 0.0006739337757486474]","[-0.0002780725955963126, 0.0021969094872474615, 0.0008082985877990723, -0.00024240396022796873, -0.0006806572675704947, 0.0007307231426239014, 0.0006591796875, -0.0012451171875, -0.0002775063514709464, 0.002197743952274317, 0.00080832839012146, -0.00024332038164139036, -0.000678965985774993, 0.0007291287183761597, 0.0006591796875, -0.0012451171875, -0.0002769475579261771, 0.0022020727396011297, 0.0008038878440856934, -0.00024318627119064573, -0.0006795918345451346, 0.0007294714450836182, 0.0006591796875, -0.000146484375, -0.0002786686420440665, 0.002196842432022089, 0.000807642936706543, -0.0002433352828025842, -0.0006812905669212332, 0.0007317066192626953, 0.0006591796875, -0.000146484375, -0.00027740204334258944, 0.0021979600191116277, 0.0008074939250946045, -0.0002421431899070764, -0.0006813203692436209, 0.0007313936948776245, 0.0006591796875, -0.000146484375]",0.06351852416992188
"[0.3939354419708252, 0.4139354419708252, 0.4339354419708252, 0.4539354419708252, 0.4739354419708252, 0.4939354419708252, 0.5139354419708252, 0.5339354419708252, 0.5539354419708252, 0.5739354419708251, 0.5939354419708252]","[2.1921949864355505e-05, -2.821099425747364e-05, -0.0004869054694438671, -0.0005039542062664082, 0.001058359788335758, 1.976002591447521e-05, 6.513520558841542e-05, -0.0003295075445340837, 0.0006044303954762525, -0.0004406865044196734, -1.2885201285159726e-05, 0.000999409684010093, 0.0002808730040453687, -0.0009340210309237389, -0.001287554010848598, 0.002305028778820106, -0.00031803729928247865, 0.0011647749601998165, 0.0009819224866376057, 0.000703602794831685, -0.0035870598960921866, -0.0030289409226661387, 0.00538470230472399, -0.00010429296971078671, 0.003102674906510958, 0.0009944772668979947, 0.0012444168235886007, -0.007837376799068738, -0.0056685427153184, 0.010047656822508907, 0.00019629617406756108, 0.005878562099101921, 0.0010017529646578012, 0.0018120093115137695, -0.013152262960043818, -0.009272360033079683, 0.01641578587249059, 0.0005567512102080589, 0.009684538094089791, 0.0009411071184157944, 0.002292948786458158, -0.018554913406525243, -0.013306919807312382, 0.023565490329552557, 0.000940939882988186, 0.013751746438795806, 0.0008633555785178716, 0.0026445627056580954, -0.023898846421892807, -0.017410961830241274, 0.030871361765639507, 0.0013167624014776892, 0.01755336391835852, 0.0008105050773793085, 0.002848917463727127, -0.029059255761920907, -0.02136202944772858, 0.03794693321190609, 0.0016569034223310835, 0.020767453704882824, 0.0008147368126428413, 0.0029081896682338535, -0.03393641650089799, -0.02504302300085298, 0.044586752922061705, 0.0019396346881488875, 0.023235950394277626, 0.0008983399954431807, 0.0028388498557574454, -0.038450992561794184, -0.02841052726894691, 0.050712001800036086, 0.00214919882915203, 0.02492348923796601, 0.0010743922168883297, 0.0026656650901835505, -0.04253500680897724]","[-0.31147265836233723, -0.10752000912385086, -0.5251907329201063, -0.18138551147065127, -0.6627301844776348, -0.22878609496603627, -0.7435784495805935, -0.2564177671860431, -0.7847225699372876, -0.27021078273472215, -0.800438231037259, -0.27518448904043147, -0.8022325551016887, -0.27539953711912485, -0.7991895774994308, -0.27407283815481503, -0.7962446333127081, -0.2729102647416266, -0.7950167091362993, -0.27243689763966283]","[-0.0002033190155075193, 0.0011783939974940871, 0.0005630314221667376, 0.0005063468534158844, 0.001697783642169881, 0.0005162217393346324, 0.0023776700868971545, 0.00342526571404278, 0.0004628820157539515, 0.005560423099124634, 0.006625139366625898, 0.00039358279352619263, 0.009816478518438476, 0.011179316247491577, 0.0003129270710324761, 0.01444096267499595, 0.01647222294515771, 0.00022007047949035297, 0.019311202258184723, 0.022481994974177688, 0.00014509494832726233, 0.024343084832781248, 0.029158115069230828, 0.00012569194368960979, 0.029476594451487426, 0.036423034693559675, 0.00019937049263774043, 0.034659915489736015, 0.04417933635351101, 0.0004002371318385656, 0.03983550415097925, 0.0523123058228423, 0.000754732879382658]","[-0.00027562135457992465, 0.002199196815490717, 0.0008077621459960938, -0.00024332783222198728, -0.0006794130206108084, 0.0007306337356567383, 0.0006591796875, -0.000146484375, -0.00027040594816207797, 0.0021991670131683294, 0.0008172988891601562, -0.000242865896224978, -0.0006821771860122672, 0.0007294714450836182, 0.0006591796875, -0.0012451171875, -0.0002780725955963126, 0.0021969094872474615, 0.0008082985877990723, -0.00024240396022796873, -0.0006806572675704947, 0.0007307231426239014, 0.0006591796875, -0.0012451171875, -0.0002775063514709464, 0.002197743952274317, 0.00080832839012146, -0.00024332038164139036, -0.000678965985774993, 0.0007291287183761597, 0.0006591796875, -0.0012451171875, -0.0002769475579261771, 0.0022020727396011297, 0.0008038878440856934, -0.00024318627119064573, -0.0006795918345451346, 0.0007294714450836182, 0.0006591796875, -0.000146484375]",0.06368803977966309
"[0.4543747901916504, 0.4743747901916504, 0.49437479019165037, 0.5143747901916504, 0.5343747901916504, 0.5543747901916504, 0.5743747901916504, 0.5943747901916504, 0.6143747901916504, 0.6343747901916503, 0.6543747901916503]","[2.1996258726684575e-05, -2.8155167756607438e-05, -0.0004876831130061281, -0.0005040479741211094, 0.0010560957227272007, 1.8643470494830634e-05, 6.532633422436634e-05, -0.00036613530747381823, 0.0005999831285063687, -0.0004669450572321761, -3.4694471426785203e-06, 0.0009921438585595757, 0.0003382022449898318, -0.0009627398018340175, -0.0014221691727680937, 0.0022836326463647233, -0.00040714991788008556, 0.001192917822146011, 0.0009613102715138151, 0.000903867107459552, -0.0036771115386201067, -0.0033379721861789753, 0.005324297793271515, -0.0002993654531285269, 0.003155089321180361, 0.0009509510421958696, 0.001671133085272851, -0.008007588832347028, -0.0062365192051105234, 0.009916241899576505, -0.00015325052845789467, 0.005958142558512978, 0.0009262005254622504, 0.0025241895830556806, -0.013397140297109486, -0.010186700986552819, 0.016172109043781698, -6.3925644348359046e-06, 0.009795665774351347, 0.0008258750737403765, 0.003302576543920104, -0.018837752070592118, -0.01459431449786454, 0.023167982100048872, 0.00014779544820917032, 0.013878737383051787, 0.0007056743455868865, 0.0039500136549289, -0.024185281608264865, -0.019060240442965757, 0.030284484837711883, 0.00030680140721023606, 0.017672327254263216, 0.0006104817010083658, 0.004438859061431451, -0.029319706983417917, -0.023342022378682128, 0.037144929155700494, 0.0004616638887763453, 0.020854838604624105, 0.0005738107786278586, 0.004764962441659602, -0.034148227362121225, -0.027315457998429202, 0.043555082774108946, 0.0005999472508767467, 0.023273843092401703, 0.0006182022494805027, 0.004940839087948497, -0.03859925299770824, -0.030938301704835452, 0.0494469053618742, 0.0007083445894893023, 0.0249020825414485, 0.0007563213389578528, 0.004988512818089709, -0.04261178156185889]","[-0.31229704852153817, -0.12422838308968955, -0.5243093106625727, -0.20890468192057243, -0.6587077714455235, -0.2626200487965436, -0.7358269197965019, -0.293333603586095, -0.7732747075350874, -0.30806826904917234, -0.7857493241697733, -0.3127499663560581, -0.7850130986944591, -0.31215625143300557, -0.7803495403638545, -0.31007829091249445, -0.7765964599418325, -0.3084605487871447, -0.7751155278619637, -0.30782687793251057]","[-0.00020566647535336102, 0.0011801500360313355, 0.0005614915115144115, 0.000562293329418484, 0.001689524012421284, 0.0005129739288420865, 0.0025883403349993284, 0.003383807161546848, 0.00045589115741062614, 0.006032849909600069, 0.006515026327665208, 0.00038278069375641266, 0.010635306396307609, 0.010957699907681917, 0.00030115833595356634, 0.015627921215168428, 0.01609833944025585, 0.00021016639126258951, 0.020881330301830925, 0.021915199748383962, 0.00013988307753454166, 0.02630791861311299, 0.0283576779214032, 0.0001279420133863951, 0.031845969296305565, 0.03534970816178795, 0.00021126898310885878, 0.03744220026914835, 0.04279768257544525, 0.0004227952391229195, 0.043036289996746024, 0.050592675481774485, 0.0007872459425266598]","[0.0024079585671424875, 0.00894306749105453, 0.002370685338973999, -0.00046406618356704954, -2.113187313079745e-05, 0.001369759440422058, -0.14765625, -0.03420391082763672, 0.0015711391568183908, 0.007228904962539667, 0.002132922410964966, -0.0009028904795646692, -0.0007535462975502005, 0.0012746304273605347, -0.14765625, -0.03420391082763672, 0.0009098256230354318, 0.005709008872508997, 0.001956850290298462, -0.0013445012927055383, -0.0013291781544685355, 0.00119800865650177, -0.132275390625, -0.0287109375, 0.00036296045780181974, 0.004500629007816309, 0.0018449127674102783, -0.0016003542304039026, -0.0016808381080627433, 0.001108616590499878, -0.10920391082763672, -0.0210205078125, -2.3478806018828458e-05, 0.003573583066463465, 0.0016722679138183594, -0.0014604919314384485, -0.0017100220322608939, 0.0009820163249969482, -0.10920391082763672, -0.0210205078125]",0.0632932186126709
"[0.5339517593383789, 0.5539517593383789, 0.5739517593383789, 0.593951759338379, 0.6139517593383789, 0.6339517593383789, 0.6539517593383789, 0.6739517593383789, 0.6939517593383789, 0.7139517593383788, 0.7339517593383789]","[-5.302778626818273e-07, -3.20293143023453e-05, -0.0005066893117781534, -0.0004973947620665255, 0.0010533404986853082, 5.5252952887536494e-05, 5.008594119810287e-05, -0.0006626035016023144, 0.0011788437579255738, -0.0004215215038797513, 0.00043940733419990587, 0.0010091639278043526, 0.00042344489070486304, -0.001802737545184685, -0.0021264406265538056, 0.003529784868654431, -0.0003471972044699365, 0.002083111958872811, 0.0009766646164905198, 0.001149982779323862, -0.005288603869319123, -0.004574804293805912, 0.007222712984513031, -0.00029765608655628627, 0.004487498153982206, 0.0009253906871483117, 0.002205247982266863, -0.010068960912966305, -0.008117026381051252, 0.012369261054660316, -0.00029653249901588126, 0.007767723560028087, 0.0008063229724960943, 0.003463487883471141, -0.015342762379380488, -0.012599098103692363, 0.018461444998043086, -0.0004953537702754496, 0.011608982758898337, 0.0006210111159590206, 0.0046727832482375276, -0.020508636264760162, -0.017412032326922205, 0.0247861488526648, -0.0007876232817874966, 0.015348617787318582, 0.00042796043765588654, 0.00576391167216487, -0.02543857401778974, -0.02216031426854148, 0.030897724867303807, -0.001101723250520086, 0.018568140616696666, 0.00027062758380238443, 0.006699871232558867, -0.03003512143451942, -0.026617783398058047, 0.03655859615235951, -0.0013948839498691128, 0.021049110253309116, 0.0001784270227728581, 0.007469838386299139, -0.03423371243355147, -0.030683659772282688, 0.04168151120515392, -0.0016465673616767565, 0.022725741552168274, 0.00016845319240575723, 0.008080850844708708, -0.037993087729647136, -0.03434119580767365, 0.046276185651415565, -0.0018521452707436158, 0.023639048083166074, 0.000247577631265294, 0.008549119039309942, -0.04128071141529655]","[-0.4118776573372017, -0.1678735697010146, -0.5655937496312984, -0.25912737128180546, -0.6530739772112875, -0.3148602078177658, -0.6937345394476023, -0.34463304690626306, -0.7039929171279306, -0.35679185081809944, -0.697218413120489, -0.3583213579663295, -0.6837858535696334, -0.35479655661747356, -0.6719152424715157, -0.35064585595999337, -0.6648799423350586, -0.34792274791361105, -0.6624378359655286, -0.34692546274189245]","[-0.0001769195204259777, 0.001173304483617521, 0.0005607008770933675, 0.0010442981512706062, 0.0022054749236932736, 0.0005146429136395625, 0.0036866526862890936, 0.0044662476033305865, 0.0004453255031124925, 0.0077622943253592425, 0.007950041604548375, 0.00035311108486535403, 0.012800685344074081, 0.01223356955572763, 0.0002505672673547288, 0.018195893602386493, 0.017078455469933473, 0.00015420427961387873, 0.023829596170124923, 0.02244428616502514, 9.504393938453148e-05, 0.029622369781695745, 0.028262853890007822, 0.0001065083559148583, 0.035517139005514675, 0.03445148475115989, 0.00021923909736365488, 0.04146165192513207, 0.04092106594072842, 0.000457864043149403, 0.047392725917819956, 0.04757450356744464, 0.0008364869105075279]","[0.011309949517250062, 0.028767758607864374, 0.004274934530258179, 0.002807930791378019, 0.008384754717350007, 0.0012978315353393555, -0.21796875, -0.0671630859375, 0.010067416191101075, 0.02599827349185943, 0.00383111834526062, 0.0025027103066444373, 0.007266333162784577, 0.0012444406747817993, -0.1992919921875, -0.057275390625, 0.008794879376888276, 0.02327773123979568, 0.003368586301803589, 0.002033517444133756, 0.0059905404448509225, 0.0012666583061218262, -0.1992919921875, -0.057275390625, 0.007584830582141877, 0.020523318648338312, 0.003242999315261841, 0.001460254871845243, 0.004535397350788117, 0.0013211965560913086, -0.1861083984375, -0.0495849609375, 0.006339942872524262, 0.017826595902442927, 0.003145873546600342, 0.000892148101329801, 0.0031780505776405343, 0.001410454511642456, -0.1861083984375, -0.0495849609375]",0.059961795806884766
"[0.7480974197387695, 0.7680974197387695, 0.7880974197387696, 0.8080974197387696, 0.8280974197387695, 0.8480974197387695, 0.8680974197387695, 0.8880974197387695, 0.9080974197387696, 0.9280974197387695, 0.9480974197387695]","[-2.5712954680382945e-05, -3.641779531860117e-05, -0.0005278271939584328, -0.0004896413261510503, 0.001050573805050296, 8.434128231289664e-05, 3.789849419775142e-05, -0.0011572867376416697, 0.0019020596415962056, -0.0004467821850990656, 0.0010802668933542646, 0.000988803356899056, 0.0007070699683177865, -0.002607574402597652, -0.00330716977469869, 0.0046815835487597586, -0.0006074894614117581, 0.003221920289092408, 0.0008538607546476947, 0.0021180862028241554, -0.006301937704351064, -0.006665875994555482, 0.00829498075105556, -0.0010664546527322713, 0.0059946499913709215, 0.0005928049206320405, 0.004314791936315329, -0.010383769135811313, -0.01112783595912124, 0.01214099515973172, -0.001973302271571928, 0.008986623839812129, 0.0002251775449709773, 0.007032856279336856, -0.014461680642451322, -0.01654173260693602, 0.015673734554356927, -0.00351937035058746, 0.011839411720349564, -0.00020790451084852634, 0.009780936117869057, -0.01817782271128805, -0.022182806326731582, 0.018678743175500757, -0.005300160268224888, 0.014165792670951473, -0.0006418835930482618, 0.012433139753210401, -0.0214581899031643, -0.02760112611439581, 0.021082663716278312, -0.007038546090202561, 0.015774308170275492, -0.0010354803989967212, 0.014909349796824319, -0.024265309797017534, -0.03256122209683592, 0.022913487641582263, -0.008563763017851838, 0.016625470885450997, -0.0013662000025448544, 0.01716712406799314, -0.026598311029038643, -0.036982332128306435, 0.024262066175120663, -0.009788812909836759, 0.016786040052982676, -0.0016258468366220503, 0.01918910180096015, -0.028478590451520142, -0.04088276083797338, 0.02524740079213212, -0.010688432381293482, 0.016386636497367428, -0.0018162770421361206, 0.020969508526289114, -0.029930690295350792]","[-0.4068447605272341, -0.2512130500757032, -0.4406541291905489, -0.3739564360157628, -0.43951558620266085, -0.4451321856417634, -0.4172677256071859, -0.4794246313494411, -0.38498359075800614, -0.4894628911535491, -0.35111197330305016, -0.4856561157893655, -0.32167451334430786, -0.4761707682503166, -0.301606536356504, -0.46749657025080305, -0.2911806712481782, -0.4622809650793087, -0.2878269542921148, -0.46045313343931726]","[-0.00015583964986376486, 0.0011679079932020997, 0.0005601560066859079, 0.0016168689949394022, 0.002541846186249419, 0.0005101726389273864, 0.004944672055381405, 0.004570082272389975, 0.00041189416445419624, 0.009645374042331234, 0.006779252821270898, 0.0002838425137370315, 0.015392618736820296, 0.009056653739595077, 0.00016413426922134988, 0.021519860993215678, 0.011470490050095705, 7.744343994531278e-05, 0.027915762697366286, 0.013979964046979099, 4.766581702497774e-05, 0.03450252703190526, 0.016525665551680557, 9.86720773070715e-05, 0.04122133691996677, 0.019049019900741815, 0.0002487270492430582, 0.048015266882158514, 0.021499190459759454, 0.0005075770783200539, 0.05481174088525376, 0.023829146289419345, 0.0008736441784025217]","[0.0306386256814003, 0.056123086810111994, 0.010798126459121704, 0.010402456605434415, 0.019616855144500733, 0.00147286057472229, -0.3069580078125, -0.1166015625, 0.028766577899456025, 0.054500737786293024, 0.010226815938949585, 0.009529211306571958, 0.019029749393463136, 0.0014240294694900513, -0.2970703125, -0.1111083984375, 0.026968097150325776, 0.052820184826850886, 0.009625434875488281, 0.008751162075996397, 0.018662040889263154, 0.0014161467552185059, -0.2959716796875, -0.1111083984375, 0.0253186354637146, 0.05108817815780639, 0.008911073207855225, 0.008154363119602201, 0.018210505902767182, 0.0013531595468521118, -0.2827880859375, -0.10341796875, 0.023634439170360566, 0.049199545383453364, 0.00816527009010315, 0.007633873009681699, 0.017576588153839112, 0.0012704432010650635, -0.277294921875, -0.1001220703125]",0.061419010162353516
"[0.8576996326446533, 0.8776996326446533, 0.8976996326446534, 0.9176996326446534, 0.9376996326446533, 0.9576996326446533, 0.9776996326446533, 0.9976996326446533, 1.0176996326446532, 1.0376996326446533, 1.0576996326446533]","[-0.008137128882304577, 0.020074421812348746, 0.0015924462522302072, 0.013825547781561497, 0.003015411692495099, -0.0007762620400750687, -0.015557679563549627, -0.009386154353848328, 0.021407924197416942, 0.0011764517640014023, 0.013343746108479385, 0.002904348492259441, 0.00017899843273756294, -0.019372266941427928, -0.01171612878728379, 0.023136894710600042, 0.0003253963028661496, 0.01314653003194918, 0.0026291621829270546, 0.002199041240346326, -0.02221862019338861, -0.01497473995071701, 0.024354506434347414, -0.0011381016915082774, 0.012830036833309423, 0.0021836069544958286, 0.005175168103897791, -0.023606938252989138, -0.018971581140993368, 0.024288078368079686, -0.0033845910254166013, 0.012060516686012455, 0.0016052546320185035, 0.008711276575284163, -0.02336926103762262, -0.023130428054231527, 0.02211744688212435, -0.006386279579224484, 0.010147251925197845, 0.0010175239893733003, 0.012360196754106654, -0.022138746018056016, -0.027027878540562617, 0.018478477469046798, -0.00956510337656633, 0.007417274514431567, 0.00044819478459729047, 0.015991505835262192, -0.020024626134029704, -0.030447682141672348, 0.013900291358493846, -0.012529376312220711, 0.004212279999745216, -9.294348905751827e-05, 0.019508191166802552, -0.017167178435001696, -0.03332477739811504, 0.008807672397247085, -0.015042314036839857, 0.0008607639713598672, -0.0006079266183325094, 0.022841221441573314, -0.01373245092010977, -0.03569289306710894, 0.003525991842740805, -0.01698887843973995, -0.002346098010947569, -0.0011050577447794185, 0.025939735958702734, -0.009897004918521256, -0.03763868338990937, -0.0017107136891455275, -0.018343789964641154, -0.005171749139158991, -0.001594002380497847, 0.028760469645112578, -0.005831212893218177]","[-0.3234461038493963, -0.32481423326549913, -0.14995913622581944, -0.4085038631112936, -0.006647434214978741, -0.4491129344390491, 0.10690510145054684, -0.4608689300811251, 0.19279629319316402, -0.45541525790119075, 0.254233276617121, -0.44184395174520774, 0.29509054453763006, -0.4268342619032231, 0.31835582679573077, -0.4155427885658453, 0.32894711859276965, -0.4093691524335289, 0.33203950485471956, -0.407325139898171]","[0.006335321122090232, 0.01414950923658953, 0.0015873066373846, 0.010512955086818376, 0.01891839762273273, 0.0013056023810555928, 0.015612837345960084, 0.022948986971255803, 0.0010916480017506558, 0.021261075177637867, 0.025548301603696366, 0.000920525778211001, 0.02689727209060111, 0.026462496071635755, 0.0007704525105478588, 0.032434814169095105, 0.026288407567947925, 0.0006835023817686192, 0.03776939764244336, 0.0249978955557415, 0.0006552751635715559, 0.042823984351197275, 0.022561052557387384, 0.0006779388936686281, 0.047546549237605706, 0.018961833988610177, 0.0007457503983889779, 0.051899268166868406, 0.014210369863296268, 0.0008635543961794667, 0.05584396557290394, 0.008351392503163524, 0.0010503360213620638]","[0.04222423380613327, 0.062495344877243036, 0.014058321714401245, 0.015994705939292905, 0.023184960544109345, 0.0018039345741271973, -0.33662109375, -0.162744140625, 0.04128113931417465, 0.062476167082786555, 0.013457775115966797, 0.015890248799324033, 0.02326630598306656, 0.0016784369945526123, -0.33662109375, -0.1616455078125, 0.04027334398031235, 0.062217736244201655, 0.012910008430480957, 0.015507609331607816, 0.02313389426469803, 0.001567944884300232, -0.325634765625, -0.14296875, 0.03910187429189682, 0.06177122294902801, 0.012577444314956665, 0.014730744743347166, 0.022792203187942506, 0.0014651566743850708, -0.3146484375, -0.1242919921875, 0.037644943058490754, 0.06106961667537689, 0.012271642684936523, 0.014030203902721403, 0.022349474787712098, 0.0014137327671051025, -0.3146484375, -0.1242919921875]",0.06432747840881348
"[0.9380180835723877, 0.9580180835723877, 0.9780180835723877, 0.9980180835723877, 1.0180180835723878, 1.0380180835723878, 1.0580180835723878, 1.0780180835723878, 1.0980180835723876, 1.1180180835723876, 1.1380180835723877]","[-0.013537843758572756, 0.028653172798591905, -0.000718238575856827, 0.011918918773106574, 0.006428061823271522, -0.00029153041612670245, -0.022787023733717045, -0.015131449359384338, 0.030484014164874722, -0.0011254858579414796, 0.011511322384104386, 0.006079295000516119, 0.0013444194074211733, -0.024799556813519676, -0.01757122493647296, 0.031792711447409076, -0.0020787748723835727, 0.011122803472801958, 0.005533374669650815, 0.004009334034521422, -0.025070444208357332, -0.02068170205165399, 0.03165790016689187, -0.003777852026963888, 0.01038657560003302, 0.004788672235336795, 0.0075225455371658485, -0.023327126895949155, -0.023898179272812438, 0.029158243963850562, -0.006160485977295697, 0.00860995457022858, 0.0039452581308565705, 0.011630580826383534, -0.020195423757575156, -0.027102509458782474, 0.02411371579013082, -0.009272277910996657, 0.005644178265786467, 0.0030886584550633258, 0.015798667641525183, -0.016276091112968405, -0.02999842117580074, 0.017534442781870108, -0.01247792101997306, 0.0020642849314468936, 0.0022388583123178476, 0.01988379308487, -0.011741926050142506, -0.03245183390207463, 0.01017109311402048, -0.015363652237171302, -0.0016529119830596998, 0.0014051805010418003, 0.023775549333923337, -0.006775138246021088, -0.03444264355953547, 0.002555045520890827, -0.01769596193303636, -0.00513294543042934, 0.000590999480729281, 0.027393131329244466, -0.0015626114415928565, -0.03602125910060425, -0.0049610575565655355, -0.019379399558434734, -0.008103185384254936, -0.000202050486383783, 0.03067719035465496, 0.0037132306115839424, -0.03727195707798093, -0.012163682629151988, -0.02041688161342984, -0.01038721000329286, -0.0009704832833820376, 0.03358021313417096, 0.008883128706906501]","[-0.21100100197487298, -0.33465237214318044, 0.028368283208219897, -0.4059149646465819, 0.20455986198503873, -0.43864808711813297, 0.3287922125098674, -0.44618811928510116, 0.41196433090980117, -0.43920964871030505, 0.46413764866424495, -0.42582042728454866, 0.4942331388393879, -0.4117904960499462, 0.5092505468865295, -0.401495818426831, 0.5152929850687523, -0.39596111096785697, 0.5168756710736041, -0.3941528288073202]","[0.01664377082696289, 0.03493165735059112, 0.0032639433484091818, 0.02093119334708904, 0.0387531777892125, 0.0030677515355614915, 0.02552127532644155, 0.040631955167330425, 0.0027749605032676428, 0.029975119848678622, 0.03999647936593753, 0.0023515820181421176, 0.03442204610217403, 0.03714945166871164, 0.001897628934754092, 0.03864557386352141, 0.032832574250137636, 0.0015077009470427782, 0.042563797956816085, 0.027143993347715334, 0.001193852885575275, 0.0461208766357053, 0.02015583485563166, 0.0009844715468894094, 0.04928418250292621, 0.011939207414188413, 0.0009216256806645617, 0.05203354416967154, 0.0025890555884586774, 0.0010606274555486905, 0.05434896072597639, -0.007757609204942284, 0.0014631384047021356]","[0.050690820276737214, 0.0584055870771408, 0.016006261110305786, 0.01933564313650131, 0.02119556611776352, 0.002469301223754883, -0.343212890625, -0.219873046875, 0.049824407160282136, 0.059307301044464106, 0.015752434730529785, 0.019096814775466917, 0.02154934948682785, 0.0023348629474639893, -0.343212890625, -0.219873046875, 0.04881698435544968, 0.06001473367214202, 0.015541374683380127, 0.018591821873188016, 0.02178273892402649, 0.0022628307342529297, -0.3487058639526367, -0.2044921875, 0.04772720283269882, 0.0606772094964981, 0.015460312366485596, 0.017913684928417203, 0.021929574966430665, 0.002131834626197815, -0.3498044967651367, -0.19130859375, 0.04651853984594345, 0.0612558364868164, 0.015435516834259033, 0.0171536586523056, 0.022000079810619355, 0.002065688371658325, -0.3498044967651367, -0.19130859375]",0.06691241264343262
"[1.0172312259674072, 1.0372312259674072, 1.0572312259674073, 1.0772312259674073, 1.0972312259674073, 1.1172312259674073, 1.1372312259674073, 1.1572312259674074, 1.1772312259674071, 1.1972312259674072, 1.2172312259674072]","[-0.020142510685066443, 0.03770756675243913, -0.0027480224766151732, 0.009560229796360013, 0.011675201351534444, 0.0023397841492017036, -0.02698495139043929, -0.02202647874826185, 0.03971113242665616, -0.0029159893542133114, 0.009634388830562661, 0.010929072842299643, 0.004384575636692932, -0.027163739776937305, -0.024539312445161676, 0.04050859851435655, -0.0037413545962997007, 0.009580309071852497, 0.009973385904764662, 0.007200472958603662, -0.02516906724403836, -0.027099210480843614, 0.039002630094435296, -0.005201818328050013, 0.008665465521052929, 0.008855777615750564, 0.010760777666542336, -0.021293213885102264, -0.02957845691515757, 0.0348907852026517, -0.007315099092064313, 0.006787006869862748, 0.007617725746026075, 0.014774625465717745, -0.015899517399853475, -0.03174113438646151, 0.027857333444283924, -0.010105877795762531, 0.0035840887320291613, 0.006381476582393814, 0.0187730347354746, -0.010004124826106875, -0.033482834379518336, 0.019191928424749306, -0.012969667585481738, -0.0001761592016058037, 0.005163225631822886, 0.022628468860135753, -0.003830038197383495, -0.034796909860017926, 0.009835976270633135, -0.015515085918938153, -0.003897816315525163, 0.003974214702139898, 0.02624301482340985, 0.002430642597803703, -0.035733316065666765, 0.00041471725309342804, -0.01753107042887475, -0.0071665215468367325, 0.0028251164538134655, 0.029543889776534476, 0.008600367723682988, -0.03637015997981331, -0.008691433365028745, -0.01894170186388091, -0.009725207021776842, 0.0017277248414320373, 0.03247818171638875, 0.014518450844021197, -0.036791689002373944, -0.01728073390275434, -0.019764835707433096, -0.011446937487860836, 0.0006964191156044505, 0.03500570994540056, 0.020041932968600025]","[-0.16559378951379097, -0.34593548591260487, 0.132116833339921, -0.39160153007913207, 0.3377665446250634, -0.4092767518452719, 0.47221609205730347, -0.40955495699478855, 0.5541061693818883, -0.40057186941111517, 0.5994001415000797, -0.3882292635212741, 0.6212532343252594, -0.37649570746778427, 0.6299204879067225, -0.36827066209213527, 0.6324636332322402, -0.36397557045917567, 0.6328882609268396, -0.3626012664137585]","[0.029900378183868925, 0.05356303822776187, 0.0067778504716446974, 0.033921273547095065, 0.05520191615468839, 0.006292032313010676, 0.037517696057177696, 0.05416167046500053, 0.00554625113548024, 0.04079453275584766, 0.05026122411992873, 0.004647505527999307, 0.04359018627305389, 0.04366724512497555, 0.0037021798031284803, 0.04601443010722828, 0.0354977541680368, 0.0029199828362544977, 0.048034948682982526, 0.025995743321972853, 0.002327729435385173, 0.04963052002345214, 0.01533195373095353, 0.0019790591902548726, 0.0507970508236566, 0.003652887119201864, 0.0019407132178428377, 0.051539159896818454, -0.008884775431947656, 0.0022817891163127157, 0.051862068122539906, -0.02208865852371078, 0.0030604039359456436]","[0.05780074542760849, 0.046789595484733576, 0.015864282846450806, 0.022372268819808958, 0.01530964469909668, 0.002599060535430908, -0.3157470703125, -0.2561279296875, 0.05700649863481522, 0.0484755128622055, 0.015898317098617554, 0.021909490907192228, 0.016080206096172334, 0.0026011914014816284, -0.316845703125, -0.255029296875, 0.05616614764928818, 0.05005949139595031, 0.016001731157302856, 0.021359310233592985, 0.01704258269071579, 0.0025713443756103516, -0.316845703125, -0.255029296875, 0.055223649203777314, 0.05177354216575622, 0.015819549560546875, 0.02069582858085632, 0.01804739034175873, 0.002547219395637512, -0.3333251953125, -0.2407470703125, 0.054246937692165376, 0.0533505767583847, 0.01590666174888611, 0.020179294729232786, 0.01898854023218155, 0.002526804804801941, -0.3333251953125, -0.2407470703125]",0.06223297119140625
"[1.098623514175415, 1.118623514175415, 1.138623514175415, 1.158623514175415, 1.178623514175415, 1.1986235141754151, 1.2186235141754151, 1.2386235141754152, 1.258623514175415, 1.278623514175415, 1.298623514175415]","[-0.02459332543983553, 0.042555012979240546, -0.002075320068551265, 0.0062309622826581534, 0.016540121092554032, 0.004918681442710297, -0.027601141248070324, -0.027162380349413585, 0.044119456347876986, -0.002617863042914378, 0.0069128636317475406, 0.015282656441131753, 0.0072858983781081115, -0.025723199786130007, -0.02982877299671911, 0.04359453043505638, -0.003806668730076348, 0.006946269217193738, 0.01386600916154708, 0.010365565090423837, -0.021944227151523124, -0.032430843446034086, 0.04056550372527587, -0.005678743623161939, 0.00619938598197223, 0.012298873504240455, 0.013937530245897053, -0.016307356927414574, -0.03471112349801361, 0.03464369013826202, -0.008252119652338387, 0.004366977037243492, 0.010670473150562666, 0.017620140794906168, -0.009567988180043107, -0.0362937406268356, 0.026163714424864513, -0.011136973740743053, 0.0014006639589318939, 0.009086469432024626, 0.021222887405469102, -0.0026865193801186927, -0.03728845075683921, 0.016408195454949134, -0.013876517412316857, -0.001905920782323507, 0.00755852942140519, 0.02464542202456468, 0.004098958902515527, -0.037828241984167704, 0.006298973828066816, -0.016184613356021237, -0.004963519963388092, 0.006097211864299482, 0.027810687668721756, 0.01061525509526211, -0.03804005946039331, -0.003589355186992372, -0.017927178442021557, -0.007405641087320605, 0.004715605295383395, 0.030660070381575238, 0.01671914979989319, -0.03803428382799661, -0.012941677338957494, -0.01908077418893894, -0.009046344105109424, 0.003428880278628649, 0.0331510637667733, 0.0222935828427688, -0.03789903994949632, -0.021622855914631433, -0.019695565969837535, -0.009837694229018925, 0.002254189230250156, 0.03525245166634187, 0.02724154943801001]","[-0.0406541314171968, -0.4038141235956292, 0.2513373096065058, -0.41178254334175424, 0.44174245263044837, -0.4065614608290216, 0.5567298553702374, -0.394641281700955, 0.6188028328004084, -0.3805919525358565, 0.6465245424415159, -0.3673950948454192, 0.6545796949749018, -0.3567704776227042, 0.6544427112200457, -0.34993878253600025, 0.6526326682867022, -0.34656194789948247, 0.6517098773997269, -0.3455216101832949]","[0.04371017101184105, 0.06263753660384541, 0.010348486763014364, 0.0467456348835249, 0.0615370662301129, 0.009281286947253164, 0.049256409200993945, 0.0575732165740086, 0.008011610322136598, 0.050939591585517974, 0.05056730332441983, 0.006618653730901869, 0.05176963449364158, 0.04121208012640709, 0.0053279328895849964, 0.052156397632064255, 0.03044344871621929, 0.004343918875411745, 0.052144206031307094, 0.018573725225919713, 0.003701960048938524, 0.051766654609273655, 0.0058198490611722775, 0.0034560383120294524, 0.05105957770192182, -0.00763012035913091, 0.0036639248811258796, 0.050056568283523006, -0.021581723713902434, 0.004371047635652658, 0.04878665714967889, -0.035809786800218735, 0.005595262584813021]","[0.062088018119335175, 0.03270305097103118, 0.015314191579818726, 0.02456841685771942, 0.008842458784580232, 0.0028152763843536377, -0.30146484375, -0.2693115234375, 0.061799650847911836, 0.03426335155963897, 0.015409290790557861, 0.024388589644432065, 0.009612655103206635, 0.0027893781661987305, -0.3025634765625, -0.2693115234375, 0.0614747012257576, 0.03596974313259124, 0.015436232089996338, 0.024150729858875272, 0.010573273360729218, 0.0027521103620529175, -0.3025634765625, -0.268212890625, 0.06091578847169876, 0.037786552309989924, 0.01549232006072998, 0.02385701307058334, 0.011670743882656098, 0.002725571393966675, -0.305859375, -0.263818359375, 0.06039846485853195, 0.03969606161117553, 0.01556810736656189, 0.023436926984786985, 0.013366808950901032, 0.0027339905500411987, -0.305859375, -0.263818359375]",0.06238245964050293
"[1.1772358417510986, 1.1972358417510987, 1.2172358417510987, 1.2372358417510987, 1.2572358417510987, 1.2772358417510987, 1.2972358417510987, 1.3172358417510988, 1.3372358417510986, 1.3572358417510986, 1.3772358417510986]","[-0.03411261585791517, 0.04586108330123786, -0.0048836844243509685, 0.010028200088334323, 0.018851482440300105, 0.01019117120868882, -0.02766814012110866, -0.0361377968464754, 0.04554583105658544, -0.005441367654832629, 0.00983579371727431, 0.017264154430865156, 0.01284875507299329, -0.02426746053749197, -0.038048457330715005, 0.042773314185917746, -0.006664620519345867, 0.008823569341007701, 0.01555114183820391, 0.015810408659419354, -0.018762126746702617, -0.039531646519269055, 0.03710712723099029, -0.008574988352557513, 0.006694297585175148, 0.01378760909695588, 0.01873177320416074, -0.011801801540961476, -0.04017458886619584, 0.028857720644293674, -0.010772333671212626, 0.003439251581791288, 0.012063576141663325, 0.021504709248277357, -0.004313896063764933, -0.03998498026269935, 0.01893514223030644, -0.012890593363761634, -0.00045775355275165774, 0.010423985705201245, 0.02406599689927121, 0.0030693501422741003, -0.03924778762507645, 0.008479104362829915, -0.014664094263952942, -0.004218603008758101, 0.008866126973611178, 0.02636801763106058, 0.010153443674317834, -0.0381890828592221, -0.0017849050102334355, -0.01596711580076096, -0.007344335898567278, 0.007394888684723885, 0.028371240888647314, 0.01678058905135898, -0.03697609043595364, -0.011450555745213841, -0.01677713619490583, -0.009567226955262789, 0.006020208093983732, 0.030048442640756685, 0.0228307981533666, -0.03572252226992919, -0.020341146497783066, -0.017141003428057473, -0.010799289355344516, 0.004755651931437058, 0.031384327631111306, 0.028214275964304453, -0.034497560436650136, -0.02842960289680391, -0.017146001261695257, -0.011082148057490327, 0.003617426302543776, 0.032372934609995414, 0.0328599883518403]","[0.2076864280942346, -0.38191002370545674, 0.4407399196157559, -0.3532305913024319, 0.5801927952102481, -0.32649086350081913, 0.6530259072480231, -0.30393908620425397, 0.6817813872349199, -0.2864788827437184, 0.6845330613857457, -0.27405371174137405, 0.6751309269140459, -0.2659918690411921, 0.6646410894274005, -0.2615732728950247, 0.6579561343318785, -0.2596581661207087, 0.6555717616054425, -0.2591299019715496]","[0.05307582226958374, 0.0603463129770514, 0.012180043797216378, 0.05578884706851217, 0.056847139220932874, 0.010878945900682613, 0.057421281861985474, 0.05034867081040284, 0.009422334791113762, 0.05783154523903056, 0.04138626648535659, 0.007990451007941601, 0.05739491704571442, 0.030728687669220545, 0.006781909139111253, 0.05640292626557919, 0.019010401485570316, 0.0059052207237466625, 0.05489555078403541, 0.006482595486918985, 0.005397998196357889, 0.052914865936877, -0.006659908991029084, 0.005312914095512156, 0.050502147052539303, -0.020240044575238425, 0.005697221656220108, 0.047697504964271165, -0.0340657218174476, 0.006577637293562866, 0.04454404582099558, -0.04791032517026439, 0.007946714769526686]","[0.06140742248296738, 0.024113336205482477, 0.01369735598564148, 0.023881808602809904, 0.008641397416591645, 0.002906322479248047, -0.1861083984375, -0.31875, 0.0610493922829628, 0.025731870532035822, 0.013929039239883423, 0.024180442774295804, 0.009120357990264893, 0.0029011666774749756, -0.202587890625, -0.312158203125, 0.06135541743040085, 0.027049326896667475, 0.014194697141647339, 0.02442052283287048, 0.009364275097846986, 0.0028784722089767456, -0.202587890625, -0.312158203125, 0.061579292476177216, 0.028050431609153742, 0.014301538467407227, 0.024542652750015256, 0.0092867369055748, 0.002843230962753296, -0.2322509765625, -0.2978759765625, 0.06214155799150467, 0.029000172019004816, 0.01436951756477356, 0.02457057007551193, 0.008783077657222749, 0.0028580278158187866, -0.2344482421875, -0.29677734375]",0.06300711631774902
"[1.258169412612915, 1.278169412612915, 1.298169412612915, 1.318169412612915, 1.338169412612915, 1.3581694126129151, 1.3781694126129151, 1.3981694126129152, 1.418169412612915, 1.438169412612915, 1.458169412612915]","[-0.04073049998471901, 0.04214076110320613, -0.0069863561033140925, 0.011150213251640737, 0.018196153355246988, 0.015264612135815484, -0.02468400229316922, -0.04236264663818827, 0.04032967399793618, -0.007629603649210856, 0.010437156755766522, 0.016483577937441728, 0.01765996273602951, -0.02021977374603831, -0.04356362651326642, 0.035773029378309985, -0.008964218430894056, 0.00857823062165453, 0.01475129841699507, 0.019853392053073946, -0.014155438683495796, -0.043869532014858284, 0.028728036002361734, -0.010594027966952182, 0.00557574695697496, 0.013066512668834997, 0.021779821901828457, -0.007194937192764119, -0.04325488029771845, 0.02007214188786765, -0.012142718816570572, 0.001981585587165479, 0.011444675769113167, 0.023466700037270246, 0.00020208290563634827, -0.04179689845824908, 0.010338721674446584, -0.0134500345338053, -0.001934135585743075, 0.009930834000790431, 0.02491253727204135, 0.007335823677615659, -0.03988229817782455, 0.00047339685960630053, -0.01440717678294883, -0.005480077421635655, 0.008512976972476646, 0.026110517148684724, 0.014033730355544678, -0.03778761723706841, -0.00894941598974286, -0.014990714954308, -0.00823965476643415, 0.007189205779684544, 0.02705317013633002, 0.020163032850215555, -0.035692972278559, -0.01763708760642291, -0.015235519872042353, -0.010019637762527255, 0.005964517820436007, 0.02773693934403333, 0.025632076519472156, -0.03370041965876978, -0.025494916127579977, -0.01521119647061053, -0.010795592871542118, 0.004848648918414093, 0.028164000682120924, 0.030380414995327322, -0.03185449160701996, -0.03255168093579046, -0.015002967826029083, -0.010659679682997625, 0.003854414811085331, 0.028342496605375064, 0.03436445194899271]","[0.3282770203168519, -0.34263049975147036, 0.5149129177745587, -0.29286595950973104, 0.6182381876231392, -0.2562770753756953, 0.663918575614092, -0.23137573278222395, 0.6730781777935686, -0.2160002601038131, 0.6623743383304559, -0.20770335440022378, 0.6443188702871967, -0.20405532415833594, 0.6290217520893455, -0.20290792063643662, 0.620187276371835, -0.20276273406143064, 0.6171828566330603, -0.2028148200399529]","[0.06067748656433802, 0.04990393723374309, 0.012319328014869235, 0.0625686923398594, 0.04466840079182388, 0.011029456783440583, 0.06307125865204455, 0.037215057970859444, 0.009717599498571428, 0.06240194426672341, 0.028048538984129845, 0.008515460391506746, 0.06073580047314997, 0.017475828430868035, 0.007505684037403704, 0.05845723956026205, 0.006148684805830751, 0.006813861005125155, 0.05562726157865505, -0.005714186811890176, 0.006471041534658717, 0.052303386869108515, -0.01794153424931011, 0.006516016881673359, 0.048538472092038765, -0.030374552011963374, 0.006977817565381184, 0.04438464002166631, -0.04283943106851584, 0.007863407791254495, 0.039901894501999324, -0.055132379836652756, 0.009147819253073397]","[0.0608246231675148, -0.0031863287091255243, 0.013156086206436157, 0.023983270609378812, -0.0017493685483932486, 0.00328749418258667, -0.0366943359375, -0.34072265625, 0.06073804742097855, 0.00029452294111251276, 0.012813687324523926, 0.02401664921045303, -0.00026283615827560336, 0.003196224570274353, -0.066357421875, -0.338525390625, 0.06080900675058365, 0.00372177511453628, 0.012790322303771973, 0.02398473092317581, 0.0009805465340614328, 0.00309106707572937, -0.0696533203125, -0.338525390625, 0.06092624908685684, 0.006869198381900782, 0.013018757104873657, 0.023991667413711545, 0.002163356006145478, 0.0030658692121505737, -0.09931640625, -0.336328125, 0.06109017676115036, 0.00982492566108703, 0.01295432448387146, 0.024112910711765287, 0.003731218934059144, 0.0030713528394699097, -0.1125, -0.33413066864013674]",0.061742305755615234
"[1.3578288555145264, 1.3778288555145264, 1.3978288555145264, 1.4178288555145264, 1.4378288555145264, 1.4578288555145265, 1.4778288555145265, 1.4978288555145265, 1.5178288555145263, 1.5378288555145263, 1.5578288555145263]","[-0.04397318601611164, 0.03693993391721947, -0.00472685889391481, 0.013598916324210591, 0.01591022987673306, 0.017191259798121125, -0.022257734022507462, -0.045316642346772885, 0.03335458342165992, -0.006209166437928163, 0.011745473124823852, 0.01431658660344518, 0.018522875377448105, -0.01779993171554078, -0.04580029795467059, 0.027354620503558722, -0.008128941810011343, 0.00861441089044102, 0.012789501843891939, 0.01967449813353286, -0.01210088592132571, -0.045360799377709086, 0.019713884414342228, -0.010103752044014017, 0.004781453927172736, 0.01131181500821642, 0.020714282264426488, -0.005340717508421752, -0.044053912243175314, 0.010892061384965318, -0.011956738599401297, 0.0006086593312875503, 0.009894415901148472, 0.02169103081125783, 0.0019811152494175225, -0.04196998077280786, 0.0011550901539338708, -0.013615322517163748, -0.0037836925565806357, 0.008584748469983396, 0.022628340558667765, 0.009078598407424674, -0.03954621393103441, -0.008620966529298205, -0.015003768363057696, -0.007711965458341053, 0.0073633451877488576, 0.023526165780323644, 0.01578384521584679, -0.03707405855280448, -0.017907225862981147, -0.016097451676798342, -0.010767633677759124, 0.006223851324159449, 0.024371005930454, 0.021966310504252653, -0.0347246446435506, -0.026439623943003792, -0.01690729365783919, -0.012765975103801928, 0.005169164398824907, 0.02514271678380488, 0.027534797003172823, -0.032577618959886236, -0.03414068085658824, -0.017466650451053226, -0.013691122469617449, 0.004208690181218811, 0.02582003006856154, 0.03242702338628894, -0.030650308042016603, -0.04104926183644455, -0.017820800587466035, -0.013643389994035568, 0.0033561736723272087, 0.026384550445535192, 0.03659436090694544]","[0.41481829649225604, -0.31544398112221644, 0.5893881897651315, -0.2626830258587297, 0.6844103071803973, -0.22927373215802116, 0.7244488799388673, -0.2107968150431123, 0.7297877596963928, -0.20290254261894194, 0.7164800516509178, -0.2016350314875675, 0.6966437894193773, -0.2036451455513589, 0.6802728939080921, -0.20613859780989466, 0.670914161151305, -0.20779567778803468, 0.6677458682067481, -0.2084043610278775]","[0.06678901586505814, 0.03271983343729712, 0.012077908161293838, 0.06733935254471657, 0.028321827967103808, 0.010974087801831622, 0.06660325395898559, 0.0223965124692711, 0.009849184548444967, 0.06458250551783973, 0.014860613086721042, 0.008739954921943571, 0.061495901406518394, 0.0059457888712750595, 0.0077559075860369475, 0.05783113913952631, -0.0037100526447368942, 0.007040369592098195, 0.053687204552314904, -0.01396670126051447, 0.0066356620332523875, 0.04915348772336059, -0.024722229083572245, 0.006593130338368169, 0.04430816629840706, -0.035874464377547266, 0.006959010397453724, 0.039223239676611676, -0.047291880134338715, 0.007762305888300958, 0.03397491584118928, -0.05879832573732191, 0.00900272465508678]","[0.06118316000699997, -0.0331672415137291, 0.015812218189239502, 0.024976373398303983, -0.014593014657497405, 0.004274159669876099, 0.0841552734375, -0.3418212890625, 0.06115806645154953, -0.029497562348842626, 0.01520732045173645, 0.02490592815876007, -0.013034874737262725, 0.004067510366439819, 0.0468017578125, -0.342919921875, 0.06111400371789932, -0.025803504884243017, 0.014721900224685669, 0.024704986000061033, -0.01172575557231903, 0.003920942544937134, 0.0446044921875, -0.342919921875, 0.06102911180257797, -0.022249719500541693, 0.01431584358215332, 0.024553627455234525, -0.010328876018524169, 0.0037873387336730957, 0.0072509765625, -0.342919921875, 0.06100446528196335, -0.01851887851953507, 0.013928532600402832, 0.024424575948715208, -0.008846240282058715, 0.0036351382732391357, -0.0015380859375, -0.342919921875]",0.06319427490234375
"[1.4369022846221924, 1.4569022846221924, 1.4769022846221924, 1.4969022846221924, 1.5169022846221925, 1.5369022846221925, 1.5569022846221925, 1.5769022846221925, 1.5969022846221923, 1.6169022846221923, 1.6369022846221923]","[-0.04707928699730995, 0.02342772634051947, -0.011074736082563454, 0.00888197842907825, 0.013347057885167286, 0.02027111391792356, -0.017439399992928154, -0.04779667055679902, 0.018997770111417015, -0.01258566299572275, 0.006363748080036724, 0.01193282899108295, 0.021828807862952392, -0.012746983415446375, -0.04764294396615153, 0.013125114148344826, -0.014009714418369285, 0.0032161758369778147, 0.010591211008471591, 0.022995751090878005, -0.007002538475326593, -0.04658706299242656, 0.006288056863244216, -0.015159880431301924, -0.000173280870928848, 0.009324028523054155, 0.023706102295009617, -0.0004680941275159951, -0.04465364596137431, -0.0012218767081291853, -0.01597238347882437, -0.0035966964493045488, 0.008153790390092489, 0.023947759349193732, 0.006301516322817612, -0.041795619003957944, -0.008990943489258262, -0.016220047536012798, -0.006901204494508612, 0.007108089263588306, 0.023937931557748086, 0.012637037061667434, -0.03853504117873666, -0.016402262030190542, -0.016024143123941344, -0.009556048356230754, 0.006156278995294574, 0.023718857072192387, 0.018392713122391144, -0.03522054051294188, -0.023124162210570516, -0.015512848198708823, -0.011281003179955881, 0.005282622143410204, 0.02332067259011045, 0.023466153991939145, -0.032058703830531034, -0.029036953004478054, -0.01480994658983279, -0.011995008216127433, 0.004482319855363536, 0.022766961420354625, 0.027800287357035897, -0.029148391314875403, -0.03416323945760523, -0.014026475023367672, -0.011761516770384771, 0.003758384755063162, 0.02207896357451942, 0.031371132343778925, -0.026514761032117452, -0.03860587648336646, -0.013255331100325656, -0.010736880800130978, 0.0031189438278150846, 0.021278669666657514, 0.03417026107613162]","[0.44979721903995784, -0.2947249976239531, 0.5588824374158569, -0.21212585709931214, 0.6045582427982842, -0.15779246641887243, 0.6087265641889297, -0.125323781992517, 0.5891026069144409, -0.10861987644840627, 0.5593615932371534, -0.10223896436852697, 0.5294779859719212, -0.10160190245843684, 0.5077962414229277, -0.10293257071279978, 0.496174987076764, -0.10418917495229706, 0.49238204785403816, -0.10471050870455197]","[0.06624733264681071, 0.023027191770017996, 0.01090936074709159, 0.06659702595935846, 0.018382346050401566, 0.009977510487094499, 0.06569044170913996, 0.012248388125253307, 0.009044768075456844, 0.06342045131677132, 0.004728034195576214, 0.008150177264602654, 0.05994017950979824, -0.0037667875439049148, 0.007394708583384091, 0.05586059468938309, -0.012803003307437777, 0.00690824539163426, 0.051282439799184454, -0.02220852396164874, 0.0067141584041583435, 0.04628751561934363, -0.03183045910140514, 0.006838369797170785, 0.04094354170891057, -0.04151426957596538, 0.007293692551947117, 0.03531493883530423, -0.05108943008113176, 0.00806984686002421, 0.02947690242887857, -0.06036358299553424, 0.009127282930622815]","[0.060185318648815156, -0.05967775955796242, 0.02174520492553711, 0.026228026235103605, -0.026620598673820495, 0.006473168730735779, 0.19951171875, -0.33303203582763674, 0.0605158115029335, -0.05691870898008347, 0.020924538373947144, 0.026132107460498807, -0.025518203318119048, 0.006139159202575684, 0.179736328125, -0.336328125, 0.06076792424917221, -0.053953966498374945, 0.02005988359451294, 0.02613723345994949, -0.024218509137630462, 0.005779445171356201, 0.1676513671875, -0.338525390625, 0.060944964945316316, -0.050857400894165045, 0.019330203533172607, 0.02614443072080612, -0.02271741086244583, 0.0054731667041778564, 0.144580078125, -0.34072265625, 0.06115383452177048, -0.047501365095376974, 0.01861432194709778, 0.026021868669986722, -0.021255711257457732, 0.005269065499305725, 0.13029804229736328, -0.34072265625]",0.06369352340698242
"[1.5173563957214355, 1.5373563957214356, 1.5573563957214356, 1.5773563957214356, 1.5973563957214356, 1.6173563957214356, 1.6373563957214357, 1.6573563957214357, 1.6773563957214355, 1.6973563957214355, 1.7173563957214355]","[-0.048424037296739414, 0.008840394086909377, -0.014787361364929414, 0.00594305292547563, 0.01031059897680439, 0.026626704259262904, -0.00744138731331589, -0.048400977264066565, 0.0039490134397461895, -0.015340885290446813, 0.0038165158334415457, 0.00901790418356815, 0.027514031356079202, -0.0029259806127398228, -0.04743700340155925, -0.0016533154166375867, -0.01555855833904706, 0.0013958750982468596, 0.0078734537990318, 0.02749895717817058, 0.002047002059450339, -0.04550057428068407, -0.007560787773836817, -0.015365376938412272, -0.0010917044815623063, 0.00690413283406295, 0.026502292999580124, 0.006996172284700739, -0.042507078262123466, -0.013272987464884879, -0.014542706301067906, -0.00345601116577603, 0.006118750332622339, 0.024771866641286274, 0.011388469017822573, -0.03874329250043682, -0.018102208496549664, -0.012999666188173763, -0.005213937252263008, 0.005462750075065351, 0.02266676514909758, 0.01512401766673974, -0.03473982713865794, -0.021959924952154822, -0.0111045590512218, -0.006170740310797128, 0.004892850606511285, 0.020309341915138585, 0.018143726891666823, -0.030834983930166333, -0.024886134397727418, -0.009147143612640478, -0.006293140865333718, 0.004383133339155738, 0.017801728791163693, 0.02042931110110183, -0.02721321473035112, -0.027004674933850604, -0.007341010911831857, -0.005667022033055705, 0.003920647340113385, 0.015228387254291475, 0.022003281369113364, -0.023945622304331414, -0.02848213250898817, -0.005830179971557446, -0.004454117390401529, 0.003501598922841438, 0.012660839912295562, 0.022915454279240695, -0.021029072294024644, -0.02949303937115646, -0.00469845383686547, -0.0028529734369463744, 0.003128084638792413, 0.010163232223175651, 0.023225055043180332]","[0.474955433046095, -0.20779072714400815, 0.4666537247080908, -0.10933046338319848, 0.43255127951514216, -0.048034096229030515, 0.385879338224108, -0.014484556048986736, 0.3365970576240008, -0.00015984683656229492, 0.2917255648624602, 0.0022736775529443583, 0.25572703881130127, -0.001190231181808118, 0.2323769359532341, -0.005539701274720605, 0.22067194358470782, -0.008428713855332972, 0.21700716942888398, -0.009486027380554015]","[0.06542338904354184, 0.0013899774196035608, 0.010230512804517033, 0.06534628152166677, -0.004987138865639729, 0.009700601557290689, 0.0638376307517774, -0.01195229223598826, 0.00921225408669013, 0.0608859905468182, -0.018992418397164812, 0.008771916634952248, 0.05695595737379788, -0.0257102684181163, 0.008426157145780877, 0.05242082278560467, -0.032165713461520085, 0.008206011486006304, 0.047372840237539515, -0.0382225734598598, 0.008099820742573094, 0.041888580547148724, -0.04375721423914847, 0.008093225962138462, 0.0360373234398601, -0.04865863403281301, 0.00816505605717932, 0.02989386889347112, -0.052828295014782256, 0.008288224612318817, 0.02355245223672875, -0.05618023270445427, 0.008431995861211572]","[0.05331050401926041, -0.07879299707710744, 0.027131587266921997, 0.02457928725481033, -0.0350470786690712, 0.008505567908287048, 0.27421875, -0.3220458984375, 0.05442360585927963, -0.07692854516208172, 0.026524275541305542, 0.0248532898068428, -0.03423896634578705, 0.008251100778579712, 0.2731201171875, -0.3220458984375, 0.055507143795490266, -0.0748560842126608, 0.025920867919921875, 0.025185950779914854, -0.03312894159555435, 0.007970333099365234, 0.2731201171875, -0.3220458984375, 0.05654623156785965, -0.07263397835195065, 0.0253257155418396, 0.025616124951839445, -0.0317649787068367, 0.007652655243873596, 0.245654296875, -0.3275390625, 0.057581832468509675, -0.07008788771927357, 0.0247361958026886, 0.026071415030956266, -0.030473010778427123, 0.0074387043714523315, 0.245654296875, -0.3275390625]",0.061244964599609375
"[1.5975382328033447, 1.6175382328033447, 1.6375382328033448, 1.6575382328033448, 1.6775382328033448, 1.6975382328033448, 1.7175382328033448, 1.7375382328033449, 1.7575382328033446, 1.7775382328033447, 1.7975382328033447]","[-0.04703639270660177, -0.008750938305602187, -0.014286465854611826, 0.00428366486984328, 0.00846044743930164, 0.030776940688132925, 0.000915298746512592, -0.046496566299765146, -0.013354540146038575, -0.014166341595131655, 0.0024694206534134682, 0.007358384842608787, 0.030216337154897823, 0.004483880674237315, -0.04496479140639912, -0.018142193898605944, -0.013710277120256768, 0.00045021611592384407, 0.006493314031639234, 0.02841275362421002, 0.007863595088308686, -0.04231321576920608, -0.022518724230209414, -0.012680168424039451, -0.0015523251775436064, 0.005873913176200697, 0.025528832120315318, 0.01056926027647513, -0.03880441447307759, -0.025731525469373826, -0.010997405368519462, -0.0030150474912292143, 0.005427870843412941, 0.02190790699294348, 0.01259775634994824, -0.034679938866596996, -0.027460904040090946, -0.008671900750514466, -0.0036798235870316724, 0.005080320245471423, 0.018041976907427846, 0.013984364119517702, -0.03047146634745137, -0.028020601504657117, -0.006223148435626503, -0.0035905030997191237, 0.004781436570231362, 0.014111149910450673, 0.014736516197002579, -0.026499895572373734, -0.027705245082722672, -0.004011374482754878, -0.0028665973160018426, 0.004504199809337733, 0.01025736701554319, 0.014893762910330224, -0.022921403286176055, -0.026779498540694658, -0.0022587100014960556, -0.0016754736373841182, 0.004238305275749772, 0.006586905959077444, 0.014525504845343746, -0.019774619868567718, -0.0254690866172543, -0.0010745871608381103, -0.00020465782541956098, 0.003984605809433227, 0.0031790537513447644, 0.01371808389138348, -0.01702522780326538, -0.023954878033350783, -0.0004822565873878653, 0.0013619399644045854, 0.0037503328383794027, 9.706661048424342e-05, 0.01255914022147056]","[0.4301296819836265, -0.13217590820848799, 0.34509154259147856, -0.029715820580379877, 0.26584675379528083, 0.02836012225395805, 0.19639699312428444, 0.05468309851440011, 0.13902295387695798, 0.06024551799659139, 0.09458999204807118, 0.054172803746051205, 0.06283622303411696, 0.043649924238813156, 0.04370605595231262, 0.034644986119778384, 0.03459083307573826, 0.0294020966472771, 0.03183311309595917, 0.027604889459813008]","[0.06501011034930815, -0.02849584237491687, 0.012292063691544897, 0.06424034570064263, -0.03419345494488146, 0.011986037550718365, 0.06191690574713005, -0.03927107979629341, 0.011570693698813805, 0.0583536819040551, -0.04326456053720662, 0.01104395731188168, 0.05376820814350847, -0.04624774416145705, 0.010432916493305022, 0.04858349419201424, -0.048482014257065664, 0.009815096703729154, 0.04290852512008492, -0.04990837986575558, 0.009188611322878515, 0.03684137479066285, -0.05048303075551441, 0.008561339833996762, 0.030476451569684482, -0.05018473847563687, 0.00794620396595569, 0.02391526156407231, -0.049017288552624105, 0.007359837770581024, 0.017277976320387856, -0.04700939427852768, 0.006820370771957407]","[0.04190576618909836, -0.08887080419808627, 0.029693275690078735, 0.020211138510704038, -0.039156126022338866, 0.00948341190814972, 0.342333984375, -0.28798828125, 0.043358629405498506, -0.08805810976773501, 0.02957978844642639, 0.020741709256172178, -0.03874539041519165, 0.009355679154396057, 0.337939453125, -0.2923828125, 0.04482120817899704, -0.08709192592650652, 0.02942296862602234, 0.02140499719381332, -0.03813270682096481, 0.009211450815200806, 0.3302490234375, -0.298974609375, 0.046292802155017854, -0.08600996378809214, 0.029217034578323364, 0.022224985742568967, -0.03741070830821991, 0.009080931544303894, 0.3137697219848633, -0.3099609375, 0.04786862975358963, -0.08469707742333413, 0.02893480658531189, 0.02296669849157333, -0.036811845541000365, 0.00897739827632904, 0.3126710891723633, -0.3099609375]",0.05925583839416504
"[1.676729440689087, 1.696729440689087, 1.716729440689087, 1.736729440689087, 1.756729440689087, 1.776729440689087, 1.796729440689087, 1.816729440689087, 1.8367294406890868, 1.8567294406890869, 1.8767294406890869]","[-0.04394774100342654, -0.027795005321422362, -0.012649224699938401, 0.0012590586325751086, 0.010042174664176262, 0.03289227111985726, 0.008958193300461834, -0.043059635159363424, -0.03187951268679647, -0.012229540737627604, -0.0002441097230973591, 0.0089873326898963, 0.0309167399996065, 0.011540892892391743, -0.04106199255088956, -0.035542377648750394, -0.011334483152952922, -0.0018360950174318587, 0.008240342030296437, 0.027640091912600126, 0.0132006582064138, -0.03817540598490448, -0.03787653864865651, -0.009853083985807611, -0.002960179078204938, 0.0077454495202748065, 0.023215912473758513, 0.013852871801100562, -0.034618796943419794, -0.03845264355710303, -0.007824284826567308, -0.00334507915243735, 0.007423466024807752, 0.018009423294562156, 0.013529713197203093, -0.0305430073700804, -0.036890686407144324, -0.005123887338097631, -0.002700103287487583, 0.007163208194344921, 0.012717035877009472, 0.012558409428620142, -0.0264846666596068, -0.033926464940327555, -0.002423478644037152, -0.0013237040560694397, 0.006914663399326303, 0.007563258306391412, 0.011011841876552162, -0.022752398738438137, -0.030125771379514478, -0.00015806736559216764, 0.0004976302231949082, 0.006657388178059138, 0.0027162644491305742, 0.008987598661745087, -0.01948049062605159, -0.02590752434960301, 0.0014340474788273343, 0.0025030137379687496, 0.006391301510340856, -0.0017080954224577647, 0.006602848498559245, -0.016682439348457267, -0.02156683409925005, 0.002267700062429507, 0.004469520760666537, 0.0061284282626365245, -0.005633291490459559, 0.003981842405599277, -0.0143003992766427, -0.01729803535529094, 0.0023680233407092567, 0.006220710135079225, 0.005886060913147841, -0.009006034633279234, 0.001242623031110483]","[0.37856692395833413, -0.08548411362219661, 0.2109617163994577, 0.02255508550385816, 0.08188935154465714, 0.07921166171878888, -0.013932290251120524, 0.10022851028457608, -0.08201103061654687, 0.09894326142511148, -0.12779279814068237, 0.08613396245331523, -0.15644866125458964, 0.07003785044413903, -0.17197497761992597, 0.05737939707766016, -0.17875916409070441, 0.050302626090325354, -0.18067798117703804, 0.04793317735887053]","[0.06408084421459392, -0.05770555497423935, 0.01739587320922542, 0.06229936691507021, -0.06196418603784615, 0.016834822569231633, 0.05920124954665207, -0.06459577713629105, 0.015994524148207567, 0.054857783231376356, -0.06541739956725046, 0.014872268749101636, 0.049504242960145994, -0.0644634305985039, 0.013527792635099622, 0.04363625716241759, -0.06239194348936339, 0.012154342352414638, 0.03738460798219201, -0.05919015209616596, 0.01077394033680168, 0.030873394254754327, -0.05487202839665972, 0.009430233499574392, 0.02422431110669776, -0.04948978765666201, 0.008175088494578375, 0.017563492886642162, -0.04313515789817579, 0.007061583140711036, 0.011029597245082012, -0.03593690195981836, 0.0061363723881617815]","[0.02977975255250931, -0.09039531312882901, 0.029368817806243896, 0.015409082853794095, -0.03946693444252014, 0.009632080793380737, 0.3730958938598633, -0.22646484375, 0.031104883015155793, -0.09062637984752656, 0.029584258794784546, 0.015946634793281553, -0.039631450712680816, 0.009648382663726807, 0.368701171875, -0.2539306640625, 0.032555868685245515, -0.0906712705269456, 0.02948358654975891, 0.016773358666896818, -0.03971901738643646, 0.009639367461204529, 0.368701171875, -0.2539306640625, 0.03429003602266312, -0.09069706909358502, 0.029631376266479492, 0.01771859892606735, -0.03973386266827583, 0.009650513529777527, 0.362109375, -0.266015625, 0.03603257781267166, -0.0905592268332839, 0.029754668474197388, 0.018615157091617582, -0.0396649075448513, 0.009676411747932434, 0.362109375, -0.266015625]",0.060234785079956055
"[1.757690191268921, 1.777690191268921, 1.797690191268921, 1.817690191268921, 1.837690191268921, 1.857690191268921, 1.877690191268921, 1.897690191268921, 1.9176901912689208, 1.9376901912689208, 1.9576901912689209]","[-0.03985996689087152, -0.043152319554293515, -0.011503587207229986, -0.0010879220957963134, 0.013900946904856104, 0.03172516711798809, 0.01573550187568714, -0.03851753094737493, -0.04647034952559612, -0.01097621715295854, -0.0022686376523260113, 0.012811780590318735, 0.02882108541096102, 0.016891672000454525, -0.03632494364858737, -0.04848403356427049, -0.009892942439141615, -0.0030675120634510583, 0.012031684289359459, 0.024626603305749565, 0.016779046085894207, -0.033465346122653006, -0.04861339706218911, -0.008258901489979988, -0.003187506302170664, 0.011501338657759558, 0.019284578553797203, 0.015321682297641758, -0.03006668667684055, -0.046372177048274156, -0.005981968612294523, -0.00234010293598545, 0.011110011792089149, 0.013315732323747952, 0.012820583348390967, -0.026306295319548468, -0.041737656552062526, -0.0030899745493859427, -0.00043687950010434367, 0.010743762636749017, 0.007407490198203524, 0.00972374447330231, -0.022657279607358083, -0.03571717067903422, -0.00030415430971491274, 0.0020360147296691364, 0.010364561531157977, 0.0017908302338120001, 0.006162380538392689, -0.01937888667554695, -0.029038530876522976, 0.0019273168511303987, 0.00468124166464145, 0.009966087056333457, -0.003367213824680651, 0.002282309009325223, -0.016570474320764868, -0.022198944560351676, 0.003378485470640052, 0.007190476217603636, 0.009562104175563035, -0.007958254398207694, -0.0017638803214891099, -0.014223771162637686, -0.015512757018312003, 0.0039921628248080826, 0.009341822876895835, 0.009176499503989436, -0.011917551808038055, -0.005827416555436865, -0.012269886740631399, -0.009156952983068312, 0.0038287455126534255, 0.010993527167495522, 0.00883538889381192, -0.015205945145063687, -0.009772496880687927]","[0.2652462840914652, -0.04161303808154935, 0.047216132845845436, 0.05897328719770292, -0.10847168382879939, 0.10861366638042158, -0.2144608733100428, 0.12373365785853754, -0.28238808983395114, 0.1179536536002269, -0.32262959969235805, 0.10204875678370111, -0.3441318122317975, 0.08405891686136582, -0.3539603614212516, 0.07042729122636704, -0.35753068678982924, 0.06295957084096955, -0.35836617981912094, 0.060491356115377586]","[0.058280009181396863, -0.07917668283030688, 0.022914290295886985, 0.05557892187489388, -0.08143301002425218, 0.02183706267601515, 0.051752994304856026, -0.08153773155928201, 0.0203752512059987, 0.04689753878933001, -0.0792265924971507, 0.018526160128151226, 0.041307708100155605, -0.07487220939264594, 0.016456357798452004, 0.03541434114671205, -0.06917940672918865, 0.01438938789951072, 0.0293401681552401, -0.06215577512478454, 0.012375919352676235, 0.02320837130166442, -0.053861008710369696, 0.010492001656869476, 0.017141556067307384, -0.0444116929160594, 0.008819382917591323, 0.011262724277859792, -0.03397491912731754, 0.0074340825409198175, 0.005698601388361535, -0.02276071750173614, 0.006394547881918733]","[0.018569422721862794, -0.08498130310326815, 0.02603161334991455, 0.01134219088554382, -0.03676130825281143, 0.008962675929069519, 0.3730958938598633, -0.1946044921875, 0.01979005879163742, -0.08600485268980265, 0.026479452848434448, 0.011880621993541715, -0.037430847227573394, 0.009109213948249817, 0.3752931594848633, -0.2055908203125, 0.021181804895401002, -0.08707674443721772, 0.02686893939971924, 0.012583293700218198, -0.03810672664642334, 0.009238451719284058, 0.3741945266723633, -0.2077880859375, 0.02265341377258301, -0.08797616548836232, 0.027293413877487183, 0.01336618580818176, -0.03874219411611557, 0.009397312998771667, 0.3741945266723633, -0.2099853515625, 0.024206695914268495, -0.08881466034799815, 0.027724772691726685, 0.01409562745094299, -0.03919084572792053, 0.009514853358268738, 0.3730958938598633, -0.22646484375]",0.06125950813293457
"[1.8376476764678955, 1.8576476764678955, 1.8776476764678955, 1.8976476764678956, 1.9176476764678956, 1.9376476764678956, 1.9576476764678956, 1.9776476764678956, 1.9976476764678954, 2.0176476764678957, 2.0376476764678957]","[-0.0355426033184728, -0.05325121187659184, -0.01208186427380632, -0.0012703736592003286, 0.0168000815725973, 0.029088609076126638, 0.01874354338331647, -0.033709511182341896, -0.05537876085889298, -0.011269384515888724, -0.0022420087707153372, 0.01576343167221612, 0.025569101687542155, 0.01848970164052497, -0.03116407965206796, -0.05570857715432151, -0.009827543578833104, -0.002652334482372677, 0.015023758081936612, 0.020720140130250253, 0.01679619255634534, -0.028001358046895925, -0.05362809646056802, -0.007638810683238795, -0.0021873385103963476, 0.0144900396634002, 0.014888569610147485, 0.013788663386592915, -0.024375491549666065, -0.04902638625058505, -0.004756183728058425, -0.0007784829563258454, 0.014053641014378466, 0.00863503174716219, 0.00979024648844441, -0.020620739293072128, -0.042131086079114824, -0.0014382349507781418, 0.0015905764311174115, 0.013603847459049127, 0.0025284869907909284, 0.005368128967173762, -0.017103736944004945, -0.034060675699400696, 0.0016226042117334692, 0.004344609820023894, 0.013121842730578396, -0.0032121305118896254, 0.0006829466424404378, -0.014012252319036788, -0.02559161882919284, 0.004010479540611236, 0.007051630959367939, 0.012617931267394758, -0.008430482435995926, -0.004102373069194282, -0.011402408379165252, -0.01722441138920669, 0.0055322754337308565, 0.009410386150575436, 0.012118990856925577, -0.01302784490129734, -0.008831300887005721, -0.009243814511160426, -0.00924757095679445, 0.006161735962213741, 0.011234512072089649, 0.01165817319434442, -0.016948249317553416, -0.013361040478595439, -0.007459718182387364, -0.0017976463133855215, 0.005986430313768167, 0.012433910077247111, 0.01126702477826896, -0.02016052320979302, -0.017566878490415737]","[0.13822559528596637, 0.03840699810255569, -0.09557603015120454, 0.1228111128639588, -0.25402853383391916, 0.16167469176343274, -0.3547502984825205, 0.1701887864151678, -0.4133605763328743, 0.1608149472558751, -0.44327629588331563, 0.14332001772718772, -0.45560427651580077, 0.12490828329473501, -0.4591323534682522, 0.1113324207253519, -0.45942515972710024, 0.10400381257345484, -0.45920827292023975, 0.10160346690003208]","[0.04741200485152053, -0.09120200300910142, 0.026147449735400397, 0.04443446984584254, -0.09116886992855022, 0.024599001008420274, 0.04053017827820482, -0.08860425026237095, 0.022594478098249215, 0.035912323517030664, -0.08358683002278688, 0.02023634638717864, 0.030921400099167773, -0.07650260553205523, 0.017704835984793554, 0.025759124295360314, -0.06803656544146897, 0.015218055694617316, 0.020507595713598503, -0.05822748880777784, 0.012862954093886714, 0.015260603466895617, -0.04718322197476654, 0.01074475347489301, 0.010117492693837438, -0.03507364427506143, 0.00896506660388141, 0.005179558397367945, -0.022116955228256074, 0.00760797352588094, 0.0005501279663862046, -0.008569686078633953, 0.006726064156490352]","[0.011430991649627686, -0.07655578516423703, 0.02175813913345337, 0.008934073829650876, -0.031725341618061065, 0.00749284029006958, 0.34013671875, -0.1308837890625, 0.012466532945632935, -0.07763808630406857, 0.022344589233398438, 0.00951363214254379, -0.03268721902370453, 0.007775738835334778, 0.3522216796875, -0.14296875, 0.013450210750102998, -0.07874304838478566, 0.022808164358139038, 0.01007377424240112, -0.03370823913812637, 0.008071571588516235, 0.3522216796875, -0.14296875, 0.014431400060653687, -0.07984666004776955, 0.023224204778671265, 0.010533974254131315, -0.03448237681388855, 0.008269459009170532, 0.3654052734375, -0.1594482421875, 0.015318563044071198, -0.08092362098395825, 0.023707687854766846, 0.01075453379154205, -0.035032408475875854, 0.008403778076171875, 0.3654052734375, -0.1594482421875]",0.06200098991394043
"[1.9180803298950195, 1.9380803298950195, 1.9580803298950196, 1.9780803298950196, 1.9980803298950196, 2.0180803298950196, 2.0380803298950196, 2.0580803298950197, 2.0780803298950197, 2.0980803298950197, 2.1180803298950197]","[-0.02853411941590411, -0.05926076313934647, -0.011943621492392763, -0.00263427913885512, 0.01751476600962254, 0.025263824168858265, 0.02076991534835621, -0.026570399450036118, -0.059993997648456074, -0.010852822804726374, -0.0030783345355173022, 0.01662072329720229, 0.021366322502463737, 0.0192679284190583, -0.023934921638251817, -0.058390965940118375, -0.008898046373052792, -0.0027139377179090274, 0.015977082683124744, 0.016287760992215464, 0.016291787063704214, -0.020751877494450253, -0.054211729383971216, -0.006112157057875605, -0.0014580021524931795, 0.015495804741309772, 0.010402885465058515, 0.011977056928289887, -0.01733275128046954, -0.04759429205443632, -0.002785826941506889, 0.0006719764705266908, 0.01507163463288421, 0.00413936246450623, 0.006762522721361222, -0.013905632332531096, -0.0388591499115625, 0.0008502948545814893, 0.0036049966747509596, 0.014610979017467725, -0.001954666733504501, 0.0012664586052180545, -0.010749763974371818, -0.029183197266601846, 0.004135571862207598, 0.006708168335052141, 0.014112079554461124, -0.007671533160160051, -0.00432665508741751, -0.008000867116778877, -0.019358775865892266, 0.006680415198377814, 0.009535131864931504, 0.013598527345428487, -0.012862185494820974, -0.009840553518717838, -0.00569005386689027, -0.009871596818740327, 0.008312966745735536, 0.011803063537213472, 0.013106578721988327, -0.017431826424632854, -0.015116628166436274, -0.0037807590498099082, -0.0009765035402365943, 0.009023754759124345, 0.013365719719143744, 0.01267508927202588, -0.02132606791907468, -0.020018125614667714, -0.002201427552771036, 0.007231728626663071, 0.008913081071492064, 0.014184479970915998, 0.012338058772013733, -0.024514108659285837, -0.02442998214363776]","[-0.0017414376881919624, 0.0985347639013765, -0.24071584532003956, 0.17090031517651905, -0.3955432656479312, 0.2032542397464759, -0.4875420025129924, 0.2090920154635369, -0.5353042946294204, 0.19946398878243726, -0.5545103445783401, 0.18301250123323007, -0.5578493886239971, 0.1660884830634781, -0.5553759841492292, 0.1537218940437676, -0.5525963532393158, 0.14707957239491365, -0.5514018880660236, 0.14491113176013365]","[0.034625473561126, -0.09504101006405019, 0.026296479514168247, 0.031665656334118886, -0.09324128682639898, 0.024525959124217955, 0.028109314739207303, -0.08892539699899515, 0.022334017462789735, 0.02421734069512249, -0.0821428254434724, 0.019809381761249245, 0.020093755087565723, -0.07321587809704777, 0.01711726493892307, 0.01587980816086043, -0.06284513248825485, 0.014499978701357108, 0.011624297224385405, -0.051095707982324434, 0.012071899159739274, 0.00739522844818552, -0.03811547977394447, 0.009959146520411633, 0.0032701130982530913, -0.02411651660687575, 0.008277278620013817, -0.000670920367581207, -0.009355405473462142, 0.007115630784845894, -0.004347483125581197, 0.005877669164399357, 0.006521439943301566]","[0.002686595380306245, -0.06709072217345238, 0.01663607358932495, 0.00466933169364929, -0.02722382003068924, 0.005884423851966858, 0.280810546875, -0.0759521484375, 0.0037893409132957467, -0.06843454241752625, 0.01737457513809204, 0.005323664033412931, -0.027694838285446166, 0.006058946251869202, 0.2885009765625, -0.083642578125, 0.004863401710987092, -0.06962878294289113, 0.018056213855743408, 0.005904302680492399, -0.028798857867717742, 0.006365075707435608, 0.324755859375, -0.1166015625, 0.005919961094856263, -0.07087347507476807, 0.01849415898323059, 0.006469220602512357, -0.02996572309732437, 0.006627976894378662, 0.324755859375, -0.1166015625, 0.007029576063156129, -0.0722219817340374, 0.018943220376968384, 0.007006645882129667, -0.030715020537376403, 0.00675635039806366, 0.324755859375, -0.1166015625]",0.0636146068572998
"[1.9974005222320557, 2.0174005222320557, 2.0374005222320557, 2.0574005222320557, 2.0774005222320557, 2.0974005222320558, 2.1174005222320558, 2.137400522232056, 2.157400522232056, 2.177400522232056, 2.197400522232056]","[-0.02162033099208535, -0.059855669398688874, -0.011348807956297247, -0.0033687652140052373, 0.016337643876595965, 0.02088452386007382, 0.02030350560770762, -0.019570337239972854, -0.05906472025842162, -0.009804102798648125, -0.0032505524295927467, 0.01563126809640992, 0.016928404322041294, 0.017855700197782338, -0.016903831205067128, -0.055801544584267865, -0.007295794375090538, -0.0022864025265728885, 0.015127913723018282, 0.01194962623492848, 0.01398499695585105, -0.013892073977296306, -0.0500895534247481, -0.0040984951731807455, -0.0004833608197682751, 0.014746155166262452, 0.006175138452194952, 0.008929459763358134, -0.010732709825497977, -0.04216986236094953, -0.00048202877916726295, 0.0020470538654738875, 0.014401022473797993, -1.3463103808868807e-06, 0.0031468856912168245, -0.007536098254490277, -0.03240439312979585, 0.003382796099164407, 0.0051693999620868215, 0.014018166736124322, -0.006023708865010706, -0.0027669870932669764, -0.004555842420600458, -0.021954475264494507, 0.006853090285045869, 0.008262214761015137, 0.013605447142706086, -0.011688844092565577, -0.008623911502864024, -0.0019200517371096204, -0.011580797559850989, 0.009551924882077071, 0.010910201293509747, 0.01319231803400413, -0.016849356000231405, -0.014251897862139012, 0.0003355230589506155, -0.0017276903744271666, 0.011316335476886595, 0.01287412736766499, 0.012817618348976625, -0.021409717171876817, -0.019504543218302143, 0.0022357915737810804, 0.007394758777039308, 0.0121429392352562, 0.014056749026449857, 0.012520165465467071, -0.025313328017262354, -0.02426237147554539, 0.0038380342645681687, 0.01573425387401012, 0.012135953753929668, 0.01446767796362849, 0.012331914757826933, -0.028526591951464748, -0.028429110039034543]","[-0.1285583800932358, 0.14506148218617096, -0.3557378408405029, 0.21554730016040696, -0.4966763463941019, 0.24847916301790723, -0.5745761096955201, 0.25625678230656157, -0.609431502311331, 0.24911791824099827, -0.6178682878111535, 0.23513684714757627, -0.6130978189242072, 0.2203013773457052, -0.6055589781945592, 0.20931631619312457, -0.6003011512853841, 0.2033706244539124, -0.5983424351936877, 0.20142016553934872]","[0.022886641959101173, -0.09138119806340317, 0.023874170022858188, 0.020386224330906977, -0.08829435650526918, 0.022116317202109048, 0.017597419646872225, -0.08279796597632405, 0.019983377653549184, 0.014522716869369567, -0.07486846289606497, 0.0175442754523365, 0.011195640199629597, -0.06481265459393892, 0.014973601189526953, 0.0077672255836800375, -0.05332850635077335, 0.012515210408436062, 0.0042649043449414226, -0.040514806418443516, 0.010296559696578278, 0.0007379470338690908, -0.026553174525628442, 0.008448572028154189, -0.002753027998960267, -0.011681996161849728, 0.007084680096800078, -0.00614360117455881, 0.003824878386881281, 0.006285379409463943, -0.009368309442398193, 0.01966698408328904, 0.006082521584843015]","[-0.006630616426467895, -0.05473370701074601, 0.010438233613967896, 2.7493321895596945e-05, -0.023512365460395812, 0.004079088568687439, 0.2489501953125, -0.0539794921875, -0.005519123911857604, -0.05606061071157456, 0.011133313179016113, 0.0002697787523269629, -0.022740671575069427, 0.004108503460884094, 0.2489501953125, -0.0539794921875, -0.0046006237864494315, -0.05725982636213303, 0.011696040630340576, 0.0005948699355125403, -0.022536473512649535, 0.004197269678115845, 0.2489501953125, -0.0539794921875, -0.0038269107937812796, -0.05850165188312531, 0.01247057318687439, 0.0011013380527496314, -0.023160362780094146, 0.004453986883163452, 0.2489501953125, -0.0539794921875, -0.0027716254591941825, -0.05995067432522774, 0.01321515440940857, 0.0017374760746955847, -0.024021560490131377, 0.004789769649505615, 0.2489501953125, -0.0539794921875]",0.06114459037780762
"[2.077906847000122, 2.097906847000122, 2.117906847000122, 2.137906847000122, 2.157906847000122, 2.177906847000122, 2.197906847000122, 2.217906847000122, 2.237906847000122, 2.2579068470001222, 2.2779068470001222]","[-0.013735462787504319, -0.0569189398292222, -0.009134693619988483, -0.005462536647519188, 0.013958062202748403, 0.016752706972062232, 0.01887821278860648, -0.011830543242708194, -0.054526685450050426, -0.006976486458214344, -0.004565388192075897, 0.013446428176900439, 0.012806087348193657, 0.015808706621291843, -0.0095030750897893, -0.049749409514686295, -0.004010418608314066, -0.002795936188141779, 0.01309384369067731, 0.007816139540614308, 0.011438535415358192, -0.006909554272558289, -0.04272881423136266, -0.0004997679802976519, -0.0002652743247720974, 0.012836392588389367, 0.0019911632352473275, 0.006059634112977849, -0.004132797511643523, -0.033759950306092516, 0.0033375245400609392, 0.002850268925068994, 0.012605300856601078, -0.004246807480498128, 0.0001396763184635601, -0.001205174375733979, -0.02331828376278592, 0.00733461732687348, 0.006298918269182646, 0.012349160590131438, -0.010325749538805223, -0.005831253111504503, 0.0015901340928324032, -0.01249484941692639, 0.010854381480603501, 0.009510969115490129, 0.01207947590409106, -0.01603664618238923, -0.011666993597718134, 0.004100703724245077, -0.001982089895147634, 0.013530363298713283, 0.012123748264636355, 0.011826468247883774, -0.02122839407006511, -0.017201846545468864, 0.006271914113664067, 0.007839709197952396, 0.015213802124443117, 0.013948705526264078, 0.011627682905247445, -0.02580384297857558, -0.022299765445403977, 0.008114849310751106, 0.016817637423905116, 0.015917538947046585, 0.014934525307082168, 0.011519256693515476, -0.029706199200000383, -0.026853784368684505, 0.009677239743968448, 0.024947223322426222, 0.015762132032198877, 0.015129749713000178, 0.011529584512296553, -0.032902280611247524, -0.030780065187640353]","[-0.26630305265249005, 0.18559049394801688, -0.46944452275277376, 0.25895745407947346, -0.5890327812405203, 0.2936131406575901, -0.6487589638623225, 0.3021770746723537, -0.6688841074906877, 0.2951734256890677, -0.6660873949115197, 0.28096839393704476, -0.6534274082247037, 0.2658049010627978, -0.6411890814593979, 0.25453744100083914, -0.6337088352000312, 0.2484223377810018, -0.6310808332976806, 0.24641171776919002]","[0.014683358422053816, -0.08229986785740806, 0.019869122010416795, 0.012912544771869872, -0.07862296607532926, 0.01832298831917356, 0.010770143786946296, -0.07257845806778462, 0.016427080711520325, 0.008177276022324431, -0.06414634032894773, 0.014259576767870819, 0.005168736957523068, -0.05366368566141411, 0.0120023228245838, 0.0019735807166030295, -0.041744300432480674, 0.009878665026088918, -0.0013678420897171861, -0.028519474022140834, 0.00802100330087363, -0.0047963136975290865, -0.014198789291882452, 0.006558551292933146, -0.008244439721269092, 0.0009616210164877792, 0.005599563617728176, -0.011643457951294511, 0.0166796231010915, 0.005216250610748929, -0.014924855203774179, 0.032652141328172846, 0.005428567195330913]","[-0.013599151909351348, -0.034205561876297, 0.0061973631381988525, -0.004013120448589327, -0.013929153025150298, 0.002371668815612793, 0.1083251953125, 0.02512226104736328, -0.012961024582386016, -0.03748632073402405, 0.006686657667160034, -0.003234683787822726, -0.016130151391029357, 0.002695798873901367, 0.1281005859375, 0.0141357421875, -0.011964509427547454, -0.04114639982581139, 0.007045745849609375, -0.0026080527067184472, -0.01881205493211746, 0.0029894262552261353, 0.1423828125, 0.0075439453125, -0.010911258101463317, -0.044712828844785696, 0.007635593414306641, -0.0020463087320327783, -0.021618435323238372, 0.0033906251192092896, 0.14677734375, 0.0053466796875, -0.009814771056175231, -0.04800812005996705, 0.008045583963394165, -0.001378565347194674, -0.023706289172172545, 0.0036915242671966553, 0.14677734375, 0.0053466796875]",0.06279850006103516
"[2.156751871109009, 2.176751871109009, 2.196751871109009, 2.216751871109009, 2.236751871109009, 2.256751871109009, 2.276751871109009, 2.296751871109009, 2.316751871109009, 2.336751871109009, 2.356751871109009]","[-0.008454517033648721, -0.05019178691358391, -0.007299058207596512, -0.004442552431741693, 0.010536410603017542, 0.012505661298708939, 0.017541593970083442, -0.006537241850890685, -0.046481659491532684, -0.004636833437496904, -0.002682089213796136, 0.010274643628074247, 0.008526048263022924, 0.01373439322814814, -0.004299925524071259, -0.040586293218898055, -0.001306740579688058, -0.00018973289639372663, 0.01013673645815882, 0.003510047550046624, 0.008790476083532653, -0.0017917521015842902, -0.0327213137866248, 0.0024767897368106356, 0.0028485785260005223, 0.010071630228659327, -0.002276364454559262, 0.003030681909655997, 0.0009793038838751102, -0.023314593955553582, 0.006504512777180176, 0.0061307382400494805, 0.010033429751894531, -0.008375856973149211, -0.0031678923693279157, 0.003871034308971917, -0.012820545941366586, 0.010528010465047161, 0.00946614649560662, 0.009975069796781127, -0.014283338480461018, -0.009278899168192646, 0.006624850831287113, -0.0022464284378231943, 0.01395960187482714, 0.012339425547997591, 0.009913472686307373, -0.01979909476506595, -0.015113642902263101, 0.009102391123056122, 0.007795658263032898, 0.016475671136356725, 0.014448326025340808, 0.009879824343920068, -0.024779995454871046, -0.020512550379043905, 0.011254944378645175, 0.016999551711784668, 0.01796339992554949, 0.015666306149842348, 0.009909564077793942, -0.02913578943474505, -0.025353407391465948, 0.013093854442876805, 0.02527706536791265, 0.01846437390519285, 0.01600096223898037, 0.010034785698020547, -0.032815692201797274, -0.029547754620724672, 0.01466383766429647, 0.03267633851054618, 0.018120604507747207, 0.015552706240182434, 0.010278660887052643, -0.03579179069179043, -0.03303164355364557]","[-0.3785761389848048, 0.23904465424329877, -0.5532101966543692, 0.30513519413107815, -0.6473068283159948, 0.33496519808587905, -0.6852693314887909, 0.340565028619641, -0.6877627433062115, 0.3319455348683875, -0.6715581836332206, 0.31704294030658636, -0.6495198458197252, 0.301745524112568, -0.6317163377781083, 0.2905471301028342, -0.6216136226495904, 0.2845156377024941, -0.6181983150441328, 0.2825408009383953]","[0.00618047738689409, -0.07291216107427445, 0.015581276162180302, 0.004628127527924963, -0.06883601457282928, 0.014291024602099522, 0.0026945778540383714, -0.062358631622200456, 0.012671899999324943, 0.00033277912329232606, -0.0535290786867213, 0.010822570868666226, -0.002313620889224932, -0.042643378789132935, 0.008914365092748344, -0.005116894243220482, -0.03032398328328867, 0.007164396835395159, -0.008045652274933257, -0.01676184869891406, 0.005704574793992556, -0.011053013269267886, -0.0022096645702163187, 0.004659084699290883, -0.014086511176248706, 0.013051430653505669, 0.004127062294566386, -0.017093590272128978, 0.028727998214962636, 0.004166398911745972, -0.020021898090047507, 0.04451321360777616, 0.0047772657857443335]","[-0.020595217287540435, -0.0022152200341224726, 0.003175675868988037, -0.0069191374540329, -0.0035134425163269034, 0.001603826880455017, 0.0072509765625, 0.074560546875, -0.019773909986019134, -0.007151781022548681, 0.003127485513687134, -0.006359911775588992, -0.005762757897377013, 0.001574888825416565, 0.0072509765625, 0.074560546875, -0.019711176097393035, -0.012032425403594976, 0.0031449496746063232, -0.005917391991615298, -0.007980922400951385, 0.0016229301691055298, 0.0072509765625, 0.074560546875, -0.018276417791843413, -0.01635532677173615, 0.0035191476345062256, -0.005634761667251589, -0.010213503777980804, 0.001851409673690796, 0.0314208984375, 0.0646728515625, -0.017513515591621398, -0.020563504099845892, 0.004142194986343384, -0.005474514579772952, -0.011923717498779296, 0.0021072030067443848, 0.0314208984375, 0.0646728515625]",0.06134915351867676
"[2.2370212078094482, 2.2570212078094483, 2.2770212078094483, 2.2970212078094483, 2.3170212078094483, 2.3370212078094483, 2.3570212078094483, 2.3770212078094484, 2.3970212078094484, 2.4170212078094484, 2.4370212078094484]","[-0.002158806624865509, -0.039147359718032244, -0.003566281714040528, -0.0014202242006058558, 0.00714991235851554, 0.005819594021290029, 0.013549358231152723, -0.000476428022390711, -0.034502102406378646, -0.0010285736131904898, 0.0007688208006128135, 0.007117262798158311, 0.00197160025106361, 0.009084289938299914, 0.001487385072956984, -0.0280151013876291, 0.0020519169645638303, 0.003442173850566444, 0.007170316195200641, -0.002662005624494777, 0.0038516524504810254, 0.0037525597998851767, -0.02009055844932957, 0.005470315559073155, 0.006288786552030705, 0.007279721670405255, -0.007785624168551433, -0.0018709471809394986, 0.006200754382750869, -0.011175829137426511, 0.008939410097416365, 0.009078709493536966, 0.007407432260435867, -0.013049283646295325, -0.007657920463619472, 0.00875562777400183, -0.0017773913013610532, 0.012235367060695918, 0.011573924980864308, 0.007531560320262573, -0.018044352171458587, -0.01312092519486764, 0.011207216845930412, 0.007312791893576762, 0.014902816340413795, 0.013399065766119149, 0.007669190137201725, -0.02260941004054251, -0.01810229478697941, 0.013441636670948104, 0.015652278787623774, 0.016713818488669974, 0.01437435327637142, 0.007844785091317611, -0.02663339925155289, -0.02248144206743675, 0.015415945932954147, 0.023062759943858622, 0.017618134118098226, 0.01447526258522692, 0.008083051025402624, -0.030052057838329586, -0.026180548720319288, 0.017134519841278457, 0.029546700126145863, 0.017691674500760136, 0.01378902870722545, 0.008403474597878846, -0.03283606726180754, -0.029157338049080498, 0.01862818379755149, 0.03521128689458866, 0.01708809747564789, 0.012472946127857747, 0.008816380254836139, -0.03497657298677937, -0.03139255944102512]","[-0.4534833284540109, 0.26461197463798114, -0.5719657177589839, 0.3168335297053006, -0.6227683540261307, 0.3393848862161974, -0.6287552605805385, 0.3424020368233768, -0.6088249917862656, 0.33422726221365956, -0.577868778987777, 0.32138446936659837, -0.5468799751239298, 0.3086287432202216, -0.5243962565220837, 0.29942316867533886, -0.5123282066848461, 0.29450581712977836, -0.5083796711830839, 0.29290419558577563]","[-0.0034259471085156257, -0.05961764155669469, 0.010908476306988213, -0.004889307149343214, -0.054382025159583236, 0.009802332918892098, -0.006607243202113144, -0.047014095390298216, 0.008489781774538407, -0.008533060904156065, -0.03763367126988859, 0.00707226516957693, -0.010663250355561704, -0.026613053998541858, 0.005707787632438954, -0.012876265666590392, -0.014488718568890668, 0.0045501022493228405, -0.015151067933534712, -0.0015054811405121882, 0.0036983218063015855, -0.01745935845618951, 0.012065149894169735, 0.003233516822779059, -0.019771353253467794, 0.025949502817178338, 0.003204792218959085, -0.022057985328140184, 0.03987755371588797, 0.003617911742274771, -0.024289679518590734, 0.053574840996038375, 0.004426638250451198]","[-0.025285134255886077, 0.047295847535133356, 0.00677916407585144, -0.011126942253112795, 0.017228385269641877, 0.0014183670282363892, -0.1575439453125, 0.1481691360473633, -0.02506292814016342, 0.04280067384243011, 0.005804926156997681, -0.011046677148342135, 0.01594915783405304, 0.0013412237167358398, -0.1355712890625, 0.136083984375, -0.02480953389406204, 0.03819251954555511, 0.0048070549964904785, -0.010777733540534976, 0.014553082942962647, 0.0011845827102661133, -0.1355712890625, 0.136083984375, -0.024553464889526366, 0.033502870798110956, 0.003902912139892578, -0.010406173086166384, 0.012805877089500428, 0.0010459721088409424, -0.12568359375, 0.131689453125, -0.024004349648952483, 0.028756597638130182, 0.0033763647079467773, -0.009944818234443667, 0.009853234350681306, 0.0007747113704681396, -0.09931640625, 0.1196044921875]",0.06692123413085938
"[2.336869955062866, 2.3568699550628662, 2.3768699550628662, 2.3968699550628663, 2.4168699550628663, 2.4368699550628663, 2.4568699550628663, 2.4768699550628663, 2.4968699550628664, 2.5168699550628664, 2.5368699550628664]","[0.004673761100690831, -0.020225829372871144, 0.0016349189727799527, 0.003911076195548108, 0.0031940320094273073, -0.00479027924329419, 0.002675266728717453, 0.006065916768584119, -0.015476533827938458, 0.003185526946505125, 0.005188391393773632, 0.003466968341040058, -0.008027142625398146, -0.0016840663963226517, 0.007788581131875331, -0.009562405006737572, 0.005168856544290096, 0.006568845754093304, 0.0037854120798019985, -0.011535828083527457, -0.006037303949412584, 0.009749053847788826, -0.0029941170709690515, 0.007307956114102368, 0.007829759426183627, 0.0041244395485149, -0.015109360856993484, -0.010061810289646792, 0.011895343920234941, 0.0036740175935158865, 0.009358474721409528, 0.008713899975541459, 0.004475367158216288, -0.018515875032425383, -0.013557290018178646, 0.014157282138111404, 0.009973193092626616, 0.011121177562581982, 0.009026152699249773, 0.004838572466096581, -0.02154729395353355, -0.016418466902360495, 0.01637603758614818, 0.015544513783555598, 0.012373879174109079, 0.00867776353212069, 0.005218110326847411, -0.024121741176052147, -0.018591939757412846, 0.018459449778634982, 0.020248953787148433, 0.013040897687764593, 0.007699627873762287, 0.005618328478058464, -0.026195097213243198, -0.020060318308836773, 0.020364269035540877, 0.024102282266718362, 0.013153992869151693, 0.006207075427610523, 0.006041247423272329, -0.027757123113509377, -0.02084312550254893, 0.02208037359457322, 0.027214578858592926, 0.012814378892578806, 0.004364794754133168, 0.006484640527217675, -0.028822406332569335, -0.020987270265157686, 0.023617357097692162, 0.029738043238049464, 0.01215899434332161, 0.00235582690924355, 0.006940895042668009, -0.029419841310533393, -0.02055418115663466]","[-0.43521122446310656, 0.2771285083501632, -0.4585913265860407, 0.31092241929272846, -0.44562389436832217, 0.32525795844910893, -0.4123089266581021, 0.327084398686429, -0.37100911932408015, 0.3219576436191711, -0.3306933540268703, 0.31408978363810536, -0.2972803059894657, 0.30644477986185736, -0.27524724160794095, 0.3009874054729784, -0.2641040013361919, 0.2980930365058729, -0.260599516596155, 0.2971548865836438]","[-0.013636234258952662, -0.03383782404428448, 0.004739734182414246, -0.01486805823614823, -0.026254902500639332, 0.003973179546280292, -0.016177958635111178, -0.017487866256357787, 0.003261615506527704, -0.017647601943111102, -0.007893990370404502, 0.002679465220136734, -0.019248252512401365, 0.0021795804203579294, 0.002276023084167633, -0.020886416538995256, 0.012410335197325928, 0.002074174279847796, -0.022556709476633685, 0.022565884155183014, 0.0020832509880763794, -0.02425433933473009, 0.032428449706958684, 0.002288618833246936, -0.025973373120314447, 0.04180205028681572, 0.0026517609953895516, -0.02770483370940746, 0.05050926330183936, 0.0031138895660456356, -0.02943504893579796, 0.0583834401717751, 0.003602062846657539]","[-0.025236496865749358, 0.07752061784267425, 0.013757199048995972, -0.01276865533590317, 0.03162840551137924, 0.0031735748052597046, -0.2520263671875, 0.1855224609375, -0.025271000504493712, 0.07494043707847595, 0.012506157159805298, -0.012678808784484866, 0.031027396976947785, 0.002843007445335388, -0.2520263671875, 0.1855224609375, -0.025349805295467376, 0.07210935056209564, 0.01142624020576477, -0.012415423309803011, 0.029833694756031037, 0.0026352405548095703, -0.22236328125, 0.1734375, -0.025373825967311858, 0.0688452661037445, 0.010663390159606934, -0.012238919055461886, 0.027858769357204438, 0.0020217299461364746, -0.198193359375, 0.162451171875, -0.025389598846435546, 0.06498927772045135, 0.009923011064529419, -0.0119601108789444, 0.025569831788539887, 0.0018031895160675049, -0.198193359375, 0.162451171875]",0.06679081916809082
"[2.417968273162842, 2.437968273162842, 2.457968273162842, 2.477968273162842, 2.497968273162842, 2.517968273162842, 2.537968273162842, 2.557968273162842, 2.577968273162842, 2.597968273162842, 2.617968273162842]","[0.010152865349117019, -0.0015480369923261664, 0.004239387142377311, 0.00516515658075421, 0.00294335689281548, -0.012004073824582346, -0.005263316772808127, 0.011407798995537488, 0.0031784007457844494, 0.005499031465040053, 0.006055818946087793, 0.003313965093266712, -0.01437814441397886, -0.008721044661466152, 0.012929768838181335, 0.008507002961310675, 0.007070566567448734, 0.00691849297477109, 0.0036939682991818175, -0.016773367976388915, -0.011633665829614885, 0.014687601208350453, 0.013814864382931927, 0.008697028295204124, 0.007478906815795426, 0.004067708533759801, -0.019013227366688108, -0.013781646944713557, 0.016630191992247467, 0.018584237924848, 0.010160173875317513, 0.007531018648789096, 0.004431718075724383, -0.02095464608538958, -0.015097403877553416, 0.018699263683721656, 0.022316043012208926, 0.01123301335679258, 0.006828087295687922, 0.004806962861907385, -0.022558798027152827, -0.015766208868429995, 0.020768276822238498, 0.025043218514228697, 0.011870094859801028, 0.00550403275952155, 0.005186514815629992, -0.023794705934716602, -0.01580502941210553, 0.022757151240853934, 0.02688344185445465, 0.012099498099799828, 0.0037341755167642782, 0.00556268043362584, -0.024656224242115776, -0.015256735866287738, 0.02462065665337538, 0.02800240177958402, 0.011997959060589323, 0.001712278187352265, 0.005927054973108505, -0.025158783168454206, -0.01418902660365043, 0.0263383875780572, 0.028581353065591616, 0.011667948495048961, -0.0003707402268038564, 0.006270448719496781, -0.025333103405915436, -0.012685987081067681, 0.027906301501632994, 0.028791093950303392, 0.011218425809239319, -0.002343864194492786, 0.006582910440585108, -0.025218176561718823, -0.010837877932929799]","[-0.43406738088003005, 0.29540128412410893, -0.3812424025907599, 0.31536054278966125, -0.32170948401515104, 0.32392160330172515, -0.26336190039487156, 0.3252491838335999, -0.21155373824438162, 0.3226103256410767, -0.16945810544321643, 0.3184356412056437, -0.1384407127984141, 0.3144038509154697, -0.11943140717604889, 0.31152686027659743, -0.11029123410159226, 0.3099991650086356, -0.1075163649882519, 0.3095029120602753]","[-0.020221839501549876, -0.0028018114746166667, 0.0021307408816819695, -0.021087187288768572, 0.004728139286500621, 0.001887770072309003, -0.022069962731074533, 0.012528035499125068, 0.0017351453839515862, -0.023222876069957987, 0.020207547734742537, 0.0016776313470638904, -0.0245295414607678, 0.027471493339426, 0.001703535386109234, -0.02588856418551666, 0.03432499893765906, 0.0018026841102791735, -0.027301760979728584, 0.040626298714205866, 0.001956150122108813, -0.02877351779073911, 0.046249802080869706, 0.0021350699590056976, -0.030305924381098137, 0.05108939515005728, 0.0023052920729202953, -0.03189597361436336, 0.055057289193688685, 0.0024329113771921484, -0.033534533858309956, 0.05808180115268424, 0.0024897343571730346]","[-0.025561401784420013, 0.09211156666278839, 0.02009493112564087, -0.013398519968986514, 0.03705056554079056, 0.0043477267026901245, -0.3333251953125, 0.2250732421875, -0.02542121911048889, 0.09185127317905425, 0.019607067108154297, -0.013346313750743868, 0.03750478273630142, 0.0043894946575164795, -0.3333251953125, 0.2250732421875, -0.0252821689248085, 0.09133050739765167, 0.01913398504257202, -0.013281508600711825, 0.03749430721998215, 0.004299342632293701, -0.32783203125, 0.22177734375, -0.025238031685352325, 0.09046980142593383, 0.01870948076248169, -0.013246572828292849, 0.03694803065061569, 0.0041107237339019775, -0.3157470703125, 0.215185546875, -0.02525995874404907, 0.0892484426498413, 0.018252640962600708, -0.01325962624549866, 0.03594807332754135, 0.0038763433694839478, -0.308056640625, 0.2107912063598633]",0.07104682922363281
"[2.5183210372924805, 2.5383210372924805, 2.5583210372924805, 2.5783210372924805, 2.5983210372924805, 2.6183210372924806, 2.6383210372924806, 2.6583210372924806, 2.6783210372924806, 2.6983210372924806, 2.7183210372924806]","[0.015539435865656308, 0.02202416060124944, 0.003804607733252369, 0.001396250621396714, 0.009748625062633694, -0.019812779487463367, -0.014191681927296296, 0.01665519919013942, 0.02611552798650698, 0.004650079723700404, 0.0017736438103421427, 0.009850718682531172, -0.02038985487526387, -0.01492418921710179, 0.01804620854017763, 0.03019139462129772, 0.005892497282689819, 0.002219200487954499, 0.009911411436730579, -0.02079828277286295, -0.014732641175295132, 0.019681431162245473, 0.033658538598518827, 0.007295351300660445, 0.002497234069301199, 0.009906991397829964, -0.020942125125157234, -0.013539518095835392, 0.021522982781284002, 0.035983855044534475, 0.008621522671899471, 0.00234960708801393, 0.009849562311472134, -0.02083793276326649, -0.011585375987275898, 0.0234968838023105, 0.03678356693775597, 0.009622399570075421, 0.0015243448764475293, 0.00978158553689426, -0.02065001273278907, -0.00935542712164307, 0.025513833838903287, 0.03654125993006491, 0.01042103009879419, 0.00035537937811262515, 0.009695114405310757, -0.02040642959130476, -0.006939772867876141, 0.02750648369084197, 0.03563157755422142, 0.011111687913918797, -0.0008958586339924415, 0.00958388782872796, -0.020134937736678064, -0.004426700569352332, 0.029426107247076914, 0.03433319017541364, 0.01176105276884928, -0.002036853425831428, 0.009444211204038594, -0.019861609252535384, -0.0019012865545618195, 0.031239882120635092, 0.03284335497358372, 0.012411169469232397, -0.0029381154180021622, 0.009275274346337882, -0.01961002003355387, 0.0005572237088164134, 0.03292839381021509, 0.03129331080647406, 0.013083515184815887, -0.003525249779919513, 0.00907912744352172, -0.01940079742443523, 0.002877622711820962]","[-0.3989375249097897, 0.3154338243398159, -0.2801545165775832, 0.3238470423863542, -0.1921636326831557, 0.33070218481149954, -0.1297856115304423, 0.33620262863824885, -0.08781275139068138, 0.3404836492446732, -0.061337140455675225, 0.34366158067220715, -0.04595912334035276, 0.3458691532134619, -0.03823096725730876, 0.34715340443035514, -0.0350986816498608, 0.3477430249262157, -0.03427271328082004, 0.34791505400145484]","[-0.025778877299277525, 0.047623049341371626, 0.0052528919297127885, -0.026528523780827484, 0.052942936293518095, 0.0051511507960526615, -0.027418569360778466, 0.05705952945269788, 0.004930182714476317, -0.028499084523879725, 0.05965910814577979, 0.004587010350110443, -0.029717299494241622, 0.06080079182360665, 0.004173658564331717, -0.030985616575124997, 0.06098500524747852, 0.0037858379800810305, -0.03231576785951917, 0.06030225900018671, 0.00341387081951261, -0.03372157049540481, 0.05883814854101033, 0.0030620878387424, -0.035213777215568065, 0.05667846824152578, 0.0027436085037453317, -0.036798020552894384, 0.053914494920206835, 0.002476303795677648, -0.038474199993904, 0.05064693520902974, 0.002278999805832349]","[-0.027515033423900603, 0.08869140744209289, 0.01991412043571472, -0.014127603983879092, 0.03551412171125412, 0.004650980234146118, -0.3552978515625, 0.2426513671875, -0.02720068597793579, 0.08971425294876098, 0.019897639751434326, -0.014279893851280215, 0.03623430973291397, 0.004585862159729004, -0.3552978515625, 0.2426513671875, -0.026933329343795775, 0.09060572981834411, 0.01989668607711792, -0.014240599489212039, 0.03658909147977829, 0.004478663206100464, -0.3552978515625, 0.2426513671875, -0.02670828455686569, 0.09130797684192657, 0.019989699125289917, -0.014082647180557253, 0.03680906242132187, 0.004372358322143555, -0.3454099655151367, 0.2338623046875, -0.02645150774717331, 0.09179219007492065, 0.02019476890563965, -0.0136858069062233, 0.036823293030261994, 0.004378363490104675, -0.3454099655151367, 0.2338623046875]",0.06194949150085449
"[2.5976462364196777, 2.6176462364196778, 2.6376462364196778, 2.657646236419678, 2.677646236419678, 2.697646236419678, 2.717646236419678, 2.737646236419678, 2.757646236419678, 2.777646236419678, 2.797646236419678]","[0.018755525019672103, 0.03706228967264743, 0.003996969960964142, -0.002312373090190894, 0.02000697572636406, -0.0227947104807258, -0.01742911875560895, 0.01984589311442822, 0.04082010819916613, 0.0050483292842401425, -0.0017460261143633846, 0.01950127549218261, -0.02235844157801675, -0.016084906927536745, 0.02119334987919651, 0.04409561084523887, 0.0064695896385797, -0.0010382354762716053, 0.01891516621783011, -0.021707988823249598, -0.013720532522209304, 0.022778273101355204, 0.04628972818292572, 0.008004255388290086, -0.00047258795640969396, 0.01824070262959228, -0.020850789699245465, -0.010457358803972548, 0.024541009959963597, 0.04698505935934685, 0.009399702111659834, -0.00028611131615863554, 0.017507732424132772, -0.019932906206010723, -0.0067009136379292825, 0.026497712496172353, 0.04606783513190679, 0.010558118330462923, -0.0006639731693524351, 0.016773957509232024, -0.01911595008797062, -0.0030473770753676245, 0.02853550421002127, 0.04422681108921305, 0.011642061250148559, -0.0011961928163175257, 0.016038663080702415, -0.01844021033565354, 0.0003924151310687287, 0.030568940031791756, 0.041937730618394495, 0.01274447689693188, -0.0016114114174882444, 0.015304477533043736, -0.017935128249783747, 0.0035293155924704645, 0.03253683176899426, 0.03950681620483713, 0.013903207633827276, -0.0017542175983860883, 0.014577042773318106, -0.01761890789285357, 0.006296024629925666, 0.03439896902539794, 0.03711285806656948, 0.015116131107707506, -0.0015607903438205435, 0.013864403051051095, -0.017499880654276604, 0.008644736754141825, 0.03613261492660679, 0.034845715549767016, 0.01635544403524854, -0.0010348582033052605, 0.013176294736359121, -0.017578553725194013, 0.010543351062686715]","[-0.3656197672635041, 0.32519927606401033, -0.22331786509245674, 0.3346362815676081, -0.13085765606745162, 0.3441031846586563, -0.0753427799487623, 0.3527857273883552, -0.045615451895871406, 0.3601169852538865, -0.032465879673579015, 0.3657826093725202, -0.028658703633350255, 0.36971875575034174, -0.02871886229243723, 0.3720167580817644, -0.029563115386868982, 0.3730775120078433, -0.029992416897511746, 0.37338941691187627]","[-0.026430448471445933, 0.0789940200845769, 0.012013977241596585, -0.02725307968789048, 0.08144718722850675, 0.011095105673240901, -0.02832043591828093, 0.08183616073129985, 0.00994899881725786, -0.029661284897315454, 0.08012189476338438, 0.00869482898498708, -0.03125784375991669, 0.07669289199214191, 0.007509863129914862, -0.03293042947872782, 0.07225903624725172, 0.00653021135503673, -0.034678232524062436, 0.0670613907087243, 0.005744921541485315, -0.03650479924719807, 0.06131833530616415, 0.005158784878484202, -0.03841298460476161, 0.05523111468375319, 0.004777100963154091, -0.040402323888214964, 0.048990547203422, 0.004597000687120989, -0.042467072770632885, 0.04278178828960266, 0.004603031288554327]","[-0.030188175082206725, 0.07694328725337982, 0.018028229475021362, -0.014840497887134554, 0.030429890215396882, 0.004968464374542236, -0.3684814453125, 0.2624267578125, -0.03000495785474777, 0.07815543711185455, 0.018262624740600586, -0.014932728624343874, 0.031059583485126496, 0.005006656050682068, -0.3684814453125, 0.2624267578125, -0.029851975083351134, 0.07936484515666961, 0.018455982208251953, -0.014967090702056887, 0.0315967852473259, 0.004984185099601746, -0.3684814453125, 0.2624267578125, -0.029616067349910735, 0.08054573237895965, 0.01856255531311035, -0.01496659896373749, 0.0320952290892601, 0.004955217242240906, -0.3684814453125, 0.2624267578125, -0.029337624251842498, 0.08170365691184997, 0.018663346767425537, -0.014851249074935916, 0.03254490143060684, 0.004869356751441956, -0.3684814453125, 0.2624267578125]",0.0627439022064209
"[2.677804946899414, 2.697804946899414, 2.717804946899414, 2.737804946899414, 2.757804946899414, 2.777804946899414, 2.797804946899414, 2.817804946899414, 2.837804946899414, 2.8578049468994142, 2.8778049468994142]","[0.021692201328493064, 0.05015368416809891, 0.007910914991010421, -0.0008433546522322769, 0.02838298914405594, -0.024781168034249724, -0.017809252660500634, 0.022737776813734, 0.05286550304768769, 0.008847984214860053, -0.00024301067313376506, 0.027250568666408195, -0.02388121571710861, -0.015176290224702346, 0.024004414184184465, 0.054513871699052606, 0.009912093733619716, 0.0002837421734891991, 0.02603641621919062, -0.022666703253184907, -0.011516343866776864, 0.025437142843730068, 0.054613086082087293, 0.010844066227330522, 0.0004884209440792341, 0.02475552208181179, -0.021281144424389303, -0.007147782806068612, 0.02705526489156784, 0.05300786496868436, 0.011546627808004056, 0.0002016912556229428, 0.02345738169309581, -0.019904349186853507, -0.0026278104112620695, 0.028852549775653935, 0.05006028168520703, 0.012117784332769431, -0.0004602260190456854, 0.02218131663155569, -0.01865501334437254, 0.0016003910639396236, 0.030715547846033624, 0.046485059797135846, 0.012734271749545896, -0.0010871874979655482, 0.020930279509370476, -0.01758411847669292, 0.005427775697147061, 0.0325617744867232, 0.042747943978292076, 0.013487883435948991, -0.0014326638668989667, 0.019711133125557195, -0.016729240036589675, 0.008774002587978676, 0.0343350477909481, 0.03912252739617807, 0.014404656130863584, -0.0013817412823267426, 0.018533255075701256, -0.016113847279622312, 0.011587202935306101, 0.03600085188586231, 0.03574387020610445, 0.015464301401258594, -0.0009182360373038606, 0.017407412841750357, -0.01574901799087286, 0.013839242156145477, 0.03754177906155525, 0.03265624686485731, 0.016618149506673164, -9.368180308961271e-05, 0.01634488065071456, -0.015636147869712045, 0.015519077532095985]","[-0.24674736587776308, 0.3163462920573995, -0.10857442280224122, 0.3237590974928496, -0.025669520052506695, 0.3319193191805931, 0.018042883392246977, 0.33982972287829977, 0.035985407102762317, 0.3467557036738013, 0.03885376778528786, 0.3522357368677232, 0.03471925876035793, 0.35608486363705116, 0.02964373728460457, 0.35836389588137263, 0.026336997087452504, 0.3594329524256178, 0.025148848197405507, 0.35975278282929557]","[-0.027022833317221995, 0.09289531786386007, 0.01693780869628725, -0.028267497290915378, 0.09283165928972892, 0.015341529321560188, -0.029784725335448847, 0.09041047569169125, 0.013582839356867105, -0.031603567009921285, 0.08589452915459939, 0.011858101541527333, -0.033600216359894075, 0.07990031183997548, 0.01034482805464787, -0.035619438941491, 0.0730122700736211, 0.009114093627951014, -0.03765059948305205, 0.06550307408111866, 0.008162217295688556, -0.039687561545959094, 0.057616773060558124, 0.00749387784082689, -0.04172600358000467, 0.049577188133779426, 0.007105626461282544, -0.043761500824067934, 0.04159599501419953, 0.006977667456049996, -0.04578722152723591, 0.03387776189843272, 0.007071139239875457]","[-0.03087704086303711, 0.07012552917003631, 0.0171128511428833, -0.015067755496501925, 0.0273684019446373, 0.0051767826080322266, -0.360791015625, 0.2876953125, -0.030984731554985045, 0.07128841578960418, 0.017177671194076538, -0.01514939150810242, 0.027889942586421967, 0.005152985453605652, -0.3662841796875, 0.2843994140625, -0.030944289803504943, 0.07065818607807159, 0.017123669385910034, -0.01517017117738724, 0.027635251939296723, 0.005182594060897827, -0.3662841796875, 0.2843994140625, -0.030950049102306365, 0.07202065885066986, 0.017280369997024536, -0.015092111444473269, 0.028177281677722932, 0.0051359087228775024, -0.3684814453125, 0.2734130859375, -0.030853429973125457, 0.07280387878417968, 0.01740536093711853, -0.015031866049766543, 0.028479715645313264, 0.005096867680549622, -0.3684814453125, 0.2734130859375]",0.06283044815063477
"[2.7773549556732178, 2.797354955673218, 2.817354955673218, 2.837354955673218, 2.857354955673218, 2.877354955673218, 2.897354955673218, 2.917354955673218, 2.937354955673218, 2.957354955673218, 2.977354955673218]","[0.024492163610776184, 0.05698646421735034, 0.012250605836475383, 0.002636129437699782, 0.030517603800637696, -0.0248036062551834, -0.014229218999609322, 0.025486648130707792, 0.05863241512758225, 0.013162084505149047, 0.0035268625455814823, 0.02907708311165006, -0.023922713323924958, -0.011472629766605517, 0.026628541806515024, 0.058755017484193206, 0.013854935345196301, 0.003976035337947602, 0.027590086449678804, -0.022752591356291325, -0.007851588628742011, 0.027936374945081433, 0.057090499100180686, 0.014213854245342024, 0.0037972102828952824, 0.026082470228695344, -0.021402231568127185, -0.003727540492014132, 0.02940225323312097, 0.053918116873693814, 0.014338361210786832, 0.0031334256098026606, 0.02457344068816143, -0.019944005419340004, 0.000591654587983888, 0.03099185079586861, 0.04943902715967051, 0.01424848003074586, 0.002012194588289603, 0.023108556878869774, -0.018536046767420565, 0.004630733499360551, 0.032606842929377836, 0.04438146040576958, 0.014152768789387237, 0.0008557157164414729, 0.021690166912125462, -0.017233221926103773, 0.008300440355974648, 0.03418013977983075, 0.03922261305364147, 0.014174823296939929, -7.540536593268315e-05, 0.020323912731547423, -0.016080592209006334, 0.011535824058135382, 0.03566956757170727, 0.03424638874444773, 0.014370770347602367, -0.0006497959387373372, 0.019017254985206896, -0.0151119958152192, 0.014295467375461012, 0.03705213673644957, 0.029596773258775636, 0.014747004043234337, -0.0008330328224503831, 0.01777845084482276, -0.014350608262601098, 0.016557196791601624, 0.03831893851385266, 0.025324798551277224, 0.01527676464438244, -0.0006577044026902612, 0.0166158866288335, -0.013810511019097207, 0.018312353642936915]","[-0.15938935484403505, 0.31250981505415854, -0.012507572466374184, 0.3122040979452305, 0.07802695595325822, 0.3135887644295514, 0.1283393441678302, 0.3158839389296943, 0.15181982480042783, 0.3184302137564767, 0.1591036286465235, 0.3207283609427811, 0.15822195626800406, 0.3224681128123932, 0.15515651572628927, 0.32355521464382303, 0.1528276854235029, 0.32408744567228687, 0.15194005878526884, 0.32425234455020696]","[-0.029442019977057088, 0.09050337370119843, 0.017094727051634617, -0.031053772978002936, 0.08842506421222263, 0.01548819639426835, -0.03292859412836502, 0.08440496251172558, 0.013889284622623954, -0.03498975584868136, 0.07877827425574413, 0.012408962040936888, -0.037137564711226645, 0.07185288193746953, 0.011098488359225112, -0.039223832504962086, 0.06425187321883774, 0.010027690214205798, -0.04123706726301668, 0.05620999157306361, 0.009191111671007501, -0.043170104863395675, 0.047925817699356, 0.008591490030580573, -0.04501883617598201, 0.03957525515113769, 0.00822585187486169, -0.04678134954580604, 0.031323507065036615, 0.00807887810144825, -0.048456321475039754, 0.02333276130933548, 0.008120420298575404]","[-0.031066687941551208, 0.06872915625572204, 0.017057806253433228, -0.014908491885662081, 0.026498427450656892, 0.005179017782211304, -0.3333251953125, 0.2953857421875, -0.0310139080286026, 0.06854649782180786, 0.017036646604537964, -0.014961040830612185, 0.02649857646226883, 0.005171597003936768, -0.3333251953125, 0.2953857421875, -0.03092908316850662, 0.0684950590133667, 0.016981899738311768, -0.014878808772563937, 0.02646372264623642, 0.00518392026424408, -0.341015625, 0.294287109375, -0.03087018632888794, 0.06852948069572448, 0.01694631576538086, -0.014807700431346896, 0.026455571711063386, 0.005165427923202515, -0.356396484375, 0.29208984375, -0.030792566180229186, 0.06866487264633178, 0.01697218418121338, -0.01476302675008774, 0.02649455314874649, 0.005159154534339905, -0.356396484375, 0.2909912109375]",0.06403756141662598
"[2.8585917949676514, 2.8785917949676514, 2.8985917949676514, 2.9185917949676514, 2.9385917949676514, 2.9585917949676515, 2.9785917949676515, 2.9985917949676515, 3.0185917949676515, 3.0385917949676515, 3.0585917949676515]","[0.026863196714690632, 0.059434634028134585, 0.016748759813053182, 0.007358487548148928, 0.028806901128953576, -0.02597028972198477, -0.013442059594866792, 0.02781961528320973, 0.059821996446112455, 0.01705321938290067, 0.007555955139232166, 0.02741973902399671, -0.0253308878004685, -0.010888566403589199, 0.02891645308421498, 0.05832276641284725, 0.0168687791215561, 0.0069304022971296494, 0.02600813383029917, -0.024239244090482438, -0.0074327215298347436, 0.03013432056055708, 0.0550792343307181, 0.016284563919939016, 0.005628248513027091, 0.024560032973226804, -0.022678441425079562, -0.0032115544438165128, 0.031429445345483094, 0.05018897243092427, 0.015333919012403874, 0.0037177551540742526, 0.023099093713195275, -0.020767918055984824, 0.0013812563207354015, 0.03272538494187116, 0.04389144941490167, 0.0140481777529211, 0.001303508889317357, 0.02166662672578712, -0.01873320857001121, 0.005879021220133095, 0.03397385887984421, 0.03698599328294716, 0.012731045443877605, -0.0011303501003714768, 0.02026515301049339, -0.01666023622982635, 0.01017751871452089, 0.0351459151140795, 0.03000515599071882, 0.011584115578822567, -0.0032685052209910728, 0.01890092145819309, -0.014627365446328054, 0.014190176637677302, 0.036226539028160476, 0.023272706785307233, 0.010723256998780427, -0.004934022464882181, 0.017582365201395053, -0.012702442668838937, 0.017848611869726156, 0.03721040157028354, 0.016958159119614007, 0.010196511497903873, -0.006057328121075693, 0.016319229403557234, -0.010942185324663768, 0.021099800288867585, 0.03809861840675173, 0.011125740373510053, 0.010001927745289765, -0.006646802264241851, 0.015122136848341487, -0.009393081507589066, 0.023901672342079853]","[-0.03151713024355385, 0.30024442167859816, 0.1369001041157943, 0.28374731210676346, 0.24399746468642217, 0.27310137914757393, 0.3063960990406953, 0.2669564815774286, 0.33813242610971506, 0.2639904106399893, 0.3505829663149294, 0.2630123458945586, 0.35256708221750926, 0.263040500402532, 0.3508404079408395, 0.26338442858949274, 0.3489998813902235, 0.26367182161854963, 0.34822459517069354, 0.2637883604365522]","[-0.032013467044786914, 0.08210481143175308, 0.01580718072817433, -0.03388995563674335, 0.08029256250485961, 0.014561253334204771, -0.03592824792876592, 0.07678636315045129, 0.013286301164686432, -0.03804842301263367, 0.07154220582451254, 0.011990762672822619, -0.0401258266093798, 0.06488268468146074, 0.01074791642744799, -0.04207782395333903, 0.05738837696166499, 0.009645821750669192, -0.04389650549338464, 0.04923440387986133, 0.008710675413624802, -0.045574887826611565, 0.04056078302029542, 0.007977259078858268, -0.047108686616286644, 0.031494753149995613, 0.007477324540932528, -0.04849787567883035, 0.02216973475936035, 0.007232412748939154, -0.049746567955397, 0.012737355380405102, 0.007248031424335721]","[-0.03251233899593353, 0.06958142817020416, 0.016610831022262573, -0.01464219323396683, 0.027902221143245698, 0.005163535475730896, -0.268505859375, 0.2975830078125, -0.03232342952489853, 0.06963142156600952, 0.016883164644241333, -0.014946169471740725, 0.027634402573108674, 0.005207628011703491, -0.2783935546875, 0.2975830078125, -0.032160626888275146, 0.06961437463760375, 0.01704922318458557, -0.015110343015193942, 0.027584692299365998, 0.005255967378616333, -0.294873046875, 0.2975830078125, -0.03192635083198547, 0.06959801316261291, 0.017071664333343506, -0.015051349318027499, 0.02772605961561203, 0.005276381969451904, -0.2981689453125, 0.296484375, -0.031624848186969756, 0.06960491240024566, 0.017070621252059937, -0.01492380282878876, 0.027724524796009065, 0.005274981260299683, -0.3135498046875, 0.296484375]",0.06089138984680176
"[2.927652597427368, 2.947652597427368, 2.967652597427368, 2.987652597427368, 3.0076525974273682, 3.0276525974273683, 3.0476525974273683, 3.0676525974273683, 3.0876525974273683, 3.1076525974273683, 3.1276525974273683]","[0.028533066637312865, 0.05945612109168862, 0.019726144587450384, 0.010105801950791624, 0.027161510638752114, -0.02653781805284227, -0.01358942442091314, 0.0295439264995616, 0.05862493827784857, 0.019476261264114666, 0.009280805344457068, 0.025882473607603616, -0.026176302528070294, -0.01119478776267177, 0.030673893222065426, 0.05600025452706416, 0.018693622597308463, 0.007639307006384467, 0.02455806723144392, -0.025125886558875606, -0.007599458435785513, 0.03186731777919088, 0.05151691641264956, 0.017390483510303933, 0.005252470097654106, 0.023172367709764625, -0.023355908916334902, -0.0029714259904580556, 0.03303562697910007, 0.04529282618090412, 0.015616562252440576, 0.002279690345952673, 0.021736658753620925, -0.020982704425192122, 0.0023466321714284218, 0.03410702573564775, 0.03737242950232069, 0.013338673090691106, -0.001284157109267054, 0.020310787938638317, -0.01832786608600748, 0.0077219175900788825, 0.03506501577680708, 0.028703778819763534, 0.010968390243253003, -0.004849230959819998, 0.018899610109853096, -0.015507759760519602, 0.013021673413186474, 0.0359072207690392, 0.019927025453277004, 0.008793004044606348, -0.008019826747474423, 0.017512657399423807, -0.012633232200415507, 0.018128277873874648, 0.03664003721128521, 0.011438126499558854, 0.0069923300631821025, -0.010562555048818811, 0.0161622334886005, -0.00980518283901062, 0.022940982082503295, 0.03727452405727762, 0.0034498370332774523, 0.005658010615909088, -0.012372913579874434, 0.01486247666160922, -0.007112582191995331, 0.027373651466421327, 0.03782347570729803, -0.003952466196000955, 0.004813591303222134, -0.013442810600381013, 0.013629021415016773, -0.004632415663535672, 0.031350506485223646]","[0.07377334581961634, 0.2915612214222049, 0.2778487449863094, 0.2594765953157457, 0.40990827785908707, 0.23682380792918437, 0.48870710542891155, 0.2218225148321623, 0.5303263834851474, 0.21264827162322858, 0.5480077285903887, 0.20758100081013267, 0.5522142074729488, 0.20512025249559085, 0.5511445033493743, 0.20416351377964204, 0.5493646101229335, 0.20390747804832215, 0.5485502746890129, 0.20387803589481002]","[-0.0330083564302297, 0.07523562733815847, 0.014833866846961197, -0.03486491648570578, 0.07414272440877401, 0.01380896860793035, -0.0368945329135455, 0.07120620767053865, 0.01266818350353116, -0.03898806655119991, 0.066304215725979, 0.011421527940171483, -0.041057713390581174, 0.059597355831435106, 0.010139863920885617, -0.04301192515165253, 0.051802643262284676, 0.00895519325238281, -0.044840124666157166, 0.043068993230384045, 0.007919087920153167, -0.04652798885751808, 0.033504372947539274, 0.0070944238439185625, -0.04806251492061042, 0.023208741076079065, 0.006545558014351194, -0.04943618815702511, 0.012302427833434493, 0.0063306003610734685, -0.05064817276374356, 0.0009443262989146106, 0.006491648336600875]","[-0.03774239698052406, 0.06459746658802032, 0.01477012038230896, -0.014961629426479342, 0.02655898576974869, 0.004591003060340881, -0.1970947265625, 0.2975830078125, -0.037182392716407775, 0.06548073291778564, 0.015144139528274536, -0.015205002641677859, 0.026842197239398957, 0.004726588726043701, -0.2036865234375, 0.2975830078125, -0.0366596599817276, 0.06628570854663848, 0.01558193564414978, -0.01545650444030762, 0.02694759315252304, 0.004896759986877441, -0.2036865234375, 0.2975830078125, -0.03611942583322525, 0.06696667671203613, 0.01596313714981079, -0.015491581773757937, 0.02725807374715805, 0.005018487572669983, -0.22675762176513672, 0.2975830078125, -0.03544263371825218, 0.06760389506816863, 0.01615956425666809, -0.015265240585803988, 0.027678822934627534, 0.00509604811668396, -0.2432373046875, 0.2975830078125]",0.06295943260192871
"[3.018582582473755, 3.038582582473755, 3.058582582473755, 3.078582582473755, 3.098582582473755, 3.118582582473755, 3.138582582473755, 3.158582582473755, 3.178582582473755, 3.198582582473755, 3.218582582473755]","[0.031176927925589154, 0.05775833473126576, 0.022343949188393802, 0.009836283975450033, 0.02633685259984846, -0.0282355105541323, -0.013390647716025482, 0.03211437120755525, 0.05583353169477457, 0.021327329471527146, 0.008143566406132405, 0.025088979835826843, -0.02778823561462618, -0.01052958385432033, 0.03307821736135291, 0.05200479010982463, 0.01965729430185068, 0.005640784014837515, 0.023763258733084328, -0.026336445561841507, -0.00630901054426158, 0.033952450970990665, 0.04624972655326277, 0.017367913941155822, 0.0024887748625015563, 0.022335078836218953, -0.023864321927516696, -0.0008775793929897195, 0.03464241768023974, 0.03851330804858743, 0.014447227066639227, -0.0012676230449634597, 0.02083826494318598, -0.020616314326074296, 0.00524685550583526, 0.03510374784542984, 0.029042335125311902, 0.010987425587012285, -0.005504083849001645, 0.019334707606069954, -0.0169711964994206, 0.011446422414669548, 0.03538459330196923, 0.01888181412931573, 0.007506721521428947, -0.009586111844735118, 0.017837400503152058, -0.013090170663258087, 0.017565742001851424, 0.03552975999949644, 0.008726565374821037, 0.004364671590703445, -0.01309687779365393, 0.01636317923333163, -0.009124872686705131, 0.02346586496520887, 0.035577603030956174, -0.001005559500568685, 0.001783200782217146, -0.015801048451960155, 0.014930610055341709, -0.005211855524463889, 0.029027421542850547, 0.03555856068021925, -0.01010290604370886, -0.00012877482709361727, -0.01760642249430065, 0.013559383797805082, -0.0014707986386471356, 0.034148004691172656, 0.03549514063086861, -0.01849496888156427, -0.001349523543738681, -0.018526701985522507, 0.012270491401242315, 0.0019945408097774217, 0.03873680814666442]","[0.21422548750349968, 0.2549646874366361, 0.43262142983476704, 0.20440353503450742, 0.5707532415386553, 0.16926919884228062, 0.6501041551548805, 0.14650079484119255, 0.6890106956282754, 0.13304222701640406, 0.7025003664013585, 0.12604856138327292, 0.7023915386766547, 0.12304327333162056, 0.698149278634598, 0.12214200270699535, 0.6946550261741578, 0.12205881361257402, 0.6932788312308575, 0.12211651886125409]","[-0.03363146996275468, 0.07147834009650378, 0.014422596381440833, -0.035822304620906964, 0.0706726962844737, 0.013441000962599148, -0.03810249572444846, 0.06771932788384438, 0.012280635033626197, -0.040365725091510596, 0.062386850446327635, 0.010947601568411791, -0.04250924597331451, 0.05502478359180474, 0.009557228649965666, -0.04447281569214634, 0.04633526074579564, 0.008264339067505233, -0.046230783662454034, 0.03645668210561981, 0.00714547426931933, -0.047753051180983164, 0.025487274620859424, 0.006291294458105945, -0.04901482436388771, 0.013527554498216077, 0.005798205754314445, -0.05000352088463922, 0.0007152958000569143, 0.005758138992674411, -0.050720866114885244, -0.012753500474642188, 0.0062427368090540725]","[-0.04639861190319061, 0.04957326650619506, 0.012782782316207886, -0.018030866301059725, 0.020204482436180116, 0.003954291343688965, -0.0960205078125, 0.2953857421875, -0.04577078500390053, 0.05146957337856292, 0.01334330439567566, -0.018036461687088015, 0.020970446825027467, 0.003999605774879456, -0.1037109375, 0.2953857421875, -0.04496661776304245, 0.053200611472129816, 0.013655632734298706, -0.017782553350925448, 0.021861692726612092, 0.004074543714523315, -0.1267822265625, 0.296484375, -0.0439724979698658, 0.054998272657394404, 0.013755381107330322, -0.017415940082073214, 0.02261180227994919, 0.004100784659385681, -0.16083984375, 0.2975830078125, -0.04290943795442581, 0.05686443448066711, 0.01390230655670166, -0.016833587801456454, 0.023289223968982697, 0.0044097900390625, -0.16853008270263672, 0.2975830078125]",0.06350064277648926
"[3.0985047817230225, 3.1185047817230225, 3.1385047817230225, 3.1585047817230225, 3.1785047817230225, 3.1985047817230225, 3.2185047817230226, 3.2385047817230226, 3.2585047817230226, 3.2785047817230226, 3.2985047817230226]","[0.032989832252491226, 0.051725017562739145, 0.020471124199146987, 0.004759271707575958, 0.02654239273775181, -0.028363507379088486, -0.010715920980338084, 0.033921395102741995, 0.04915201106412296, 0.019115862571263874, 0.0027883029314804686, 0.02521334720940957, -0.027303176618851403, -0.0069137692744209965, 0.03474095995521328, 0.04474832107762704, 0.01714750332400468, 0.000257098891898847, 0.0237721939353615, -0.025119105325719305, -0.0018306416455379103, 0.035329094434198655, 0.038362900372693076, 0.014533187172181512, -0.002796756132229089, 0.02221734685245489, -0.021904959309776713, 0.004222083556788989, 0.0356222150414352, 0.030181418731223732, 0.011390394877582501, -0.0062009604132411324, 0.02058127316925165, -0.017911663657839857, 0.010795168536317413, 0.03558078215843432, 0.02041408101389316, 0.00778308248879012, -0.00988068108018728, 0.018939820758351746, -0.0135986448666564, 0.017251663360661865, 0.03531760279944018, 0.010126845379860343, 0.004270564601531936, -0.013239308705748612, 0.017317812616431862, -0.009153094671623067, 0.02343566435634282, 0.0349200804624534, 5.386078956333225e-06, 0.0012230339315403157, -0.01591034586945811, 0.015740747362373683, -0.004741649713543295, 0.029214353204411042, 0.03445159815310612, -0.009560631334342833, -0.0011492908563506645, -0.017714852316450626, 0.014232912719613744, -0.0005058487389737863, 0.03448183743438246, 0.0339545425406412, -0.018396749093756992, -0.002763471451503246, -0.018617059331520705, 0.012817240688230569, 0.0034371790458820745, 0.03915503668070167, 0.03345454482533863, -0.026470408796945136, -0.0036307975693289896, -0.01868224084354432, 0.011515886337607705, 0.006990798179022391, 0.04316604923205681]","[0.3055879418198424, 0.22495468186313636, 0.5130328192179128, 0.16329287997832145, 0.6372253296776779, 0.12248132131945462, 0.7020842464311926, 0.09775079742526392, 0.7276340456260053, 0.08460511962686078, 0.7299442125835891, 0.07904787807077508, 0.7213516651198165, 0.07773637952062584, 0.711823814377581, 0.07815038846911836, 0.705765460052287, 0.07880117036023844, 0.7036083245088968, 0.07910520833062537]","[-0.034999448742609296, 0.07145905730666291, 0.014467641539201548, -0.03742222206847101, 0.06963954787339599, 0.013310211714316011, -0.0398335767749578, 0.0653268777421534, 0.011942726290327776, -0.04210110671308431, 0.058532907489514674, 0.010437195077544814, -0.04412899929695846, 0.049568121419969025, 0.00893362741383985, -0.0458993013536968, 0.039241442775654, 0.007634520102006714, -0.04737779874002079, 0.02773740774318778, 0.006627823595659166, -0.048530382522140814, 0.015207573711933264, 0.006012883154911108, -0.04933412430634032, 0.001810806046357527, 0.005884693389723417, -0.04978376782950367, -0.01225582617115828, 0.006318523310871349, -0.04989262983469489, -0.026740821498562717, 0.0073520494467227415]","[-0.05357951873540878, 0.028731623291969294, 0.011286109685897827, -0.0193545662522316, 0.010895645081996919, 0.0038584917783737183, 0.017138671875, 0.281103515625, -0.052632162511348723, 0.031702527403831476, 0.011445701122283936, -0.019130013203620913, 0.012286593973636628, 0.003860980272293091, 0.0050537109375, 0.28330078125, -0.05165559256076813, 0.034598940610885615, 0.01156875491142273, -0.018804683601856234, 0.013599445879459382, 0.0038199126720428467, -0.0147216796875, 0.2865966796875, -0.050652442663908004, 0.03741965591907501, 0.011698871850967407, -0.018355078315734866, 0.014934805989265443, 0.003769919276237488, -0.0520751953125, 0.29208984375, -0.0496078340113163, 0.04018124341964721, 0.011821776628494263, -0.017881787633895876, 0.01629793441295624, 0.0037857741117477417, -0.0520751953125, 0.29208984375]",0.06150031089782715
"[3.1960973739624023, 3.2160973739624024, 3.2360973739624024, 3.2560973739624024, 3.2760973739624024, 3.2960973739624024, 3.3160973739624025, 3.3360973739624025, 3.3560973739624025, 3.3760973739624025, 3.3960973739624025]","[0.03520659426005724, 0.04036045032089983, 0.016215226922943547, -0.0020537230485730114, 0.025028569344599592, -0.026324111642127317, -0.00315769119512836, 0.03600318848279826, 0.03742562447644529, 0.014879686490247403, -0.003446411801338398, 0.02361047684540535, -0.024348870707927316, 0.001401232915127884, 0.036530728982951524, 0.03262790048062707, 0.012936274489276959, -0.00529243856223468, 0.022081710362727526, -0.021334770006607898, 0.006741785261906467, 0.03669646337604485, 0.026123151876974587, 0.010484042600252081, -0.007433563109418206, 0.020453570736888416, -0.017417162420050723, 0.012569149894307994, 0.03644266275309888, 0.018110582743336184, 0.007607394113408902, -0.00976724621689984, 0.018781716780815583, -0.012953813113310229, 0.01841227150420564, 0.03575995004397772, 0.009053170317684668, 0.0044712826878549996, -0.012087330340003519, 0.017131799263226596, -0.00839213651916269, 0.02386847854460974, 0.03484832653470243, -0.00014183512234659457, 0.0015984726553860049, -0.013961857704251455, 0.01553819244404577, -0.003921041881170531, 0.02882140977659665, 0.03384609877840102, -0.008925719417858182, -0.0006943316126542191, -0.015161981996173874, 0.014029234839178659, 0.0003060991088498014, 0.03318170693325687, 0.03284006546758383, -0.017021088709541922, -0.002258135283733553, -0.01561765875888133, 0.012626774862282348, 0.0041730045513938396, 0.03689080660317703, 0.03187708178797438, -0.024340060574445706, -0.0030708351816251863, -0.015373096700876825, 0.011347317512704428, 0.007595282474623903, 0.039915773245880186, 0.03097600148581338, -0.03091192870214904, -0.003197860930954485, -0.014546036115767597, 0.010203703120683002, 0.010511910208856723, 0.04224040035273152]","[0.3933878706476842, 0.18320234865950627, 0.5495287981667959, 0.11657373362363782, 0.6328495607948584, 0.07630981459159797, 0.6666371327248037, 0.05532268138107527, 0.6697733921788722, 0.047310431592371714, 0.6568973421683633, 0.046958634714700326, 0.6387943493954958, 0.05004234562946499, 0.6241696550602159, 0.05338252492269833, 0.6159279105714275, 0.05552036792003584, 0.6131689744115093, 0.05629293393909104]","[-0.03971172046320959, 0.0652686985480484, 0.013199276242583657, -0.04224629290500914, 0.061057153281090404, 0.011873999983607497, -0.04449960991091828, 0.054485716673371876, 0.010452561304552965, -0.04632640666414667, 0.045677878048432596, 0.009038017050526204, -0.047674541662025005, 0.03517496380483065, 0.007804524795568035, -0.048632198722705855, 0.023653509096432934, 0.0069125657520627826, -0.049179112186095164, 0.011340924472999614, 0.006426464528175746, -0.049301407812205156, -0.0015580857818635607, 0.006404199018736012, -0.04900036196463664, -0.014834360330439278, 0.006880545987955955, -0.04829643219411084, -0.028255851389932474, 0.007855337890050329, -0.04722901592295581, -0.04155986605960926, 0.009284431761615863]","[-0.058697940945625304, 0.0049864366650581304, 0.011564791202545166, -0.021080970084667208, 0.0007551217675209054, 0.004373759031295776, 0.045703125, 0.276708984375, -0.05824812704324722, 0.007742361724376673, 0.011492431163787842, -0.020804449236392977, 0.0017007569074630746, 0.004259273409843445, 0.045703125, 0.276708984375, -0.058192027896642684, 0.010577262938022608, 0.011378496885299683, -0.02069438180923462, 0.002761518418788911, 0.0042478591203689575, 0.045703125, 0.276708984375, -0.05757287719845772, 0.01341796070337295, 0.011332005262374878, -0.020642585372924807, 0.004005988895893098, 0.004189789295196533, 0.045703125, 0.276708984375, -0.05696768143773079, 0.016436816751956934, 0.011153340339660645, -0.020560271358489993, 0.005225619137287141, 0.004131004214286804, 0.045703125, 0.276708984375]",0.0625152587890625
"[3.267228364944458, 3.287228364944458, 3.307228364944458, 3.327228364944458, 3.347228364944458, 3.367228364944458, 3.387228364944458, 3.407228364944458, 3.427228364944458, 3.447228364944458, 3.467228364944458]","[0.03675778149121059, 0.03211408433989806, 0.013922308317256986, -0.003962682874691241, 0.02247114427399723, -0.02524931042224555, 0.003069201928279566, 0.037421964947878826, 0.028270774028236054, 0.012161744751330836, -0.005305979043017443, 0.021099532450975414, -0.022616720805443937, 0.007640000291717393, 0.037688797639202146, 0.022787899589758336, 0.009881423033525898, -0.00698371467099465, 0.01962932157370959, -0.018928328332776904, 0.012645725755818418, 0.03745850990052773, 0.01582742432576331, 0.00716325862187168, -0.008892459474664096, 0.01809152455715449, -0.014419530823336784, 0.01771548829927039, 0.03669652747849136, 0.007833479248841894, 0.004209769467231749, -0.010799218093268987, 0.016531968847619455, -0.009453114343416447, 0.022548940247514304, 0.03538525127700861, -0.0007280929242950488, 0.0011636295742954385, -0.012480459490600226, 0.01500579636600073, -0.0045267497118674825, 0.026916831093633038, 0.03383243678982029, -0.009114831533898094, -0.0014621105332154557, -0.013648722306991316, 0.013551206574872262, 0.0001599108824384705, 0.030736283312755453, 0.03223883206871514, -0.016906648810741175, -0.0033787200712777476, -0.014181242259630699, 0.012195306858351518, 0.0044555047396513765, 0.03394845305532496, 0.030719083022665076, -0.023922160515185153, -0.004476364283743096, -0.014079529244239674, 0.010955289175974879, 0.008256404606403143, 0.03652270633008163, 0.02932399127009422, -0.030141204353307655, -0.004776484846369548, -0.013429811441076005, 0.009841102021530582, 0.011497507163804281, 0.03845211363219974, 0.02806227517298314, -0.035637380743753985, -0.00438673853420031, -0.012367854234975106, 0.008858340776334498, 0.014139382871547137, 0.039745352417898325]","[0.4755020376943294, 0.1404821630633186, 0.5867332893514858, 0.0655143797648147, 0.6371758580681913, 0.02388467749120289, 0.6480100956644204, 0.005842858730650984, 0.6360020732399767, 0.0029411765707551703, 0.6138086231827194, 0.008233106867716616, 0.5904551537660551, 0.0163360793361697, 0.5732983939820558, 0.023108959785784103, 0.5640832310963865, 0.027019997345578365, 0.5610831435869347, 0.028356677291913043]","[-0.04585236027283446, 0.05506642723599775, 0.011736553121639126, -0.04849733397669076, 0.04964367071047615, 0.010563738207160611, -0.050500451636819044, 0.042090184287950194, 0.009339392072124753, -0.05170753910303505, 0.03274408219601366, 0.008180548706416602, -0.052120384049597845, 0.022041033645173957, 0.007228510648317865, -0.05197576045763164, 0.010557890744369747, 0.006638213828527917, -0.05128591740666666, -0.0014806317038975614, 0.00645748774178978, -0.050070825653017126, -0.013864564228786236, 0.006719188910766061, -0.04836565143398586, -0.026379253455140805, 0.007428069137953575, -0.046224424478580994, -0.03879368673118888, 0.008552988472799505, -0.04372076199293384, -0.050856777766732364, 0.010022554932910488]","[-0.060260122805833816, -0.018249048292636877, 0.013967007398605347, -0.02145836434364319, -0.008613163769245147, 0.005174770951271057, 0.1456787109375, 0.2525390625, -0.06029905581474304, -0.015667869150638586, 0.013611078262329102, -0.021521813488006594, -0.0076747780442237845, 0.005134657025337219, 0.1456787109375, 0.2525390625, -0.06025225871801376, -0.01293968260288239, 0.0132998526096344, -0.02158275923728943, -0.006142990827560424, 0.004973098635673523, 0.1456787109375, 0.2525390625, -0.0601809566617012, -0.009943647682666784, 0.012934565544128418, -0.02165261588096619, -0.0043939446806907645, 0.004793718457221985, 0.1456787109375, 0.2525390625, -0.060016149818897246, -0.006836852431297308, 0.012652188539505005, -0.02171759239435196, -0.0028358718156814566, 0.0047103166580200195, 0.1456787109375, 0.2525390625]",0.06157541275024414
"[3.3574378490448, 3.3774378490448, 3.3974378490448, 3.4174378490448, 3.4374378490448, 3.4574378490448, 3.4774378490448, 3.4974378490448, 3.5174378490448, 3.5374378490448, 3.5574378490448]","[0.038819489890385646, 0.01612189928597936, 0.010494362525549056, -0.00636508449022185, 0.017926236384560597, -0.020703600878450804, 0.012142595386752879, 0.039156966241379355, 0.011957829861950167, 0.008862871368296875, -0.007197335539431617, 0.016710457361914725, -0.017625944942689663, 0.016017124894192398, 0.03900856963076491, 0.006414903043397886, 0.006771012132564019, -0.008363821039682246, 0.015457957475229846, -0.013773712944775285, 0.0197451582665813, 0.03831157321129803, -3.178966731222219e-05, 0.004422538329842667, -0.009625497444179443, 0.014200270717922082, -0.009412868196474048, 0.023078811744088306, 0.03703352696850299, -0.006891507834090077, 0.0019900077408046136, -0.010743363544882764, 0.012973895772932755, -0.004946292067717037, 0.025885087480758153, 0.03527420707593092, -0.013584483774492645, -0.00025960104695492393, -0.011437491425948581, 0.011802561387561555, -0.0007278203924786882, 0.028207592320602732, 0.03336809945856066, -0.019720065523128612, -0.0019623681410364936, -0.011641353207175109, 0.01071451149842312, 0.0030847769326294698, 0.030017475773708828, 0.03152078831923968, -0.025121118492331528, -0.002947048814040657, -0.011377437242314476, 0.009725203837463127, 0.006385727765925585, 0.03130359133793065, 0.029837274133003685, -0.02976148871286845, -0.0031907696354980357, -0.010729122304716223, 0.0088399825869793, 0.009118105119523847, 0.03207594790397194, 0.02835085034710629, -0.033709378272304816, -0.0027737996974396637, -0.00981441713357055, 0.00805762702415306, 0.011261949990249698, 0.03236235544011871, 0.027050284253127267, -0.03707939106201217, -0.0018379543049457515, -0.008763793556792535, 0.0073737446031223374, 0.012819349160566672, 0.03220231852288751]","[0.5216652246409127, 0.09866326452975156, 0.5579083275315959, 0.03709389422365031, 0.559624179990677, 0.00786360441260025, 0.5412885152460496, 0.0005190850096688858, 0.5138469474570408, 0.006270495583087376, 0.48512191745422095, 0.01810225833116715, 0.46028440292153944, 0.030760051376109123, 0.4436025776214955, 0.04019863407399217, 0.43509776368064146, 0.045340647304137796, 0.43241767302987766, 0.04703796840396033]","[-0.0530267170207539, 0.03261308151472342, 0.009512556860929777, -0.054941314774956895, 0.025990172152802415, 0.008748085030309216, -0.05593183816631053, 0.018060577387359444, 0.008031595746635034, -0.05591092846728585, 0.00918562344933882, 0.007431559254555076, -0.05503187216987726, -0.00021257345744984946, 0.007043955003926516, -0.05357012432854713, -0.009883930401084484, 0.006946122016730172, -0.051578056200992206, -0.01964189099734126, 0.007141186553356604, -0.04911378138482769, -0.02930579014329293, 0.007613413131227542, -0.04624508435722374, -0.038696131528428435, 0.008324724046099075, -0.04305208579373909, -0.047632807304187175, 0.009215161796192639, -0.039629146527278225, -0.055935493921459134, 0.010205869428814296]","[-0.058038419276475905, -0.03791376054286957, 0.017491459846496582, -0.0210189887046814, -0.01621224933862686, 0.006193637847900391, 0.2643310546875, 0.2107912063598633, -0.058512823820114135, -0.035678802430629736, 0.016945183277130127, -0.02132471582889557, -0.01513621413707733, 0.005979061126708984, 0.2643310546875, 0.2107912063598633, -0.05893150547146797, -0.03321198225021363, 0.01652553677558899, -0.021593160247802737, -0.013867782592773437, 0.005826577544212341, 0.2643310546875, 0.2107912063598633, -0.05929728055000305, -0.03067248165607453, 0.01616424322128296, -0.021858915007114413, -0.011977443635463714, 0.005692705512046814, 0.2390625, 0.2206787109375, -0.05957896092534065, -0.027948623895645147, 0.015746593475341797, -0.02202206782102585, -0.01035389506816864, 0.00545915961265564, 0.2390625, 0.2206787109375]",0.060426950454711914
"[3.4377176761627197, 3.4577176761627197, 3.4777176761627198, 3.49771767616272, 3.51771767616272, 3.53771767616272, 3.55771767616272, 3.57771767616272, 3.59771767616272, 3.61771767616272, 3.63771767616272]","[0.03931594803094489, 0.001313745994300248, 0.007872288335199725, -0.005427991915978714, 0.014859644967508773, -0.017056818851339025, 0.017141585817570696, 0.03939355711692261, -0.0031796141046134723, 0.006069498645350815, -0.006546934426825289, 0.013861774426459908, -0.013847778555902874, 0.019747564986220864, 0.0389325240749993, -0.008602757619344538, 0.003941142885654437, -0.007940916039580505, 0.012869737329121457, -0.010043940661839137, 0.022010214652439332, 0.03787327785472564, -0.014464350170398332, 0.0016696435815425838, -0.009349499638739732, 0.01190375224057989, -0.005959511801846451, 0.023810814181622345, 0.03630245122953272, -0.020183598002912886, -0.0004420234392933314, -0.010472685426703609, 0.010974384027859524, -0.001882538094675509, 0.025215206480423222, 0.034326579068752354, -0.02543533254933181, -0.0022355366803614193, -0.011152324255500026, 0.010093888068545822, 0.0018531769233634892, 0.026324301122875902, 0.0322932176008035, -0.030031218603413994, -0.003429679530526208, -0.011419374527748535, 0.009283284878758088, 0.005115139132022028, 0.02712758599477152, 0.03040443029714296, -0.0339196230404579, -0.003914559699123637, -0.011341281267931302, 0.008551630066635521, 0.007823378822514885, 0.027622687856099844, 0.028751382574230527, -0.03714233631704859, -0.0037097818011134725, -0.011007038215030487, 0.007899236278591109, 0.009946094014688954, 0.027819245394266817, 0.027348720782979962, -0.039795406714623914, -0.0029219526843030914, -0.010513609381126724, 0.007321392780869705, 0.01148644963487802, 0.02773787812897673, 0.02616614706889943, -0.04199617724404878, -0.0017059908174393683, -0.009954931969749455, 0.006811706104286014, 0.012466685652474862, 0.027406953502555734]","[0.5433007982397425, 0.06699326154064765, 0.5435321925812925, 0.015161184153084446, 0.5256420211739714, -0.004912988168097196, 0.4987795140974337, -0.004249631611601168, 0.4696284842461722, 0.008051518325143626, 0.44276049127139944, 0.02487593448359175, 0.4210076816335856, 0.04103324438366428, 0.40691289926258783, 0.05252499616004235, 0.3998886865683217, 0.0586155473881764, 0.39770837862169484, 0.060590577116559054]","[-0.059103464304145925, 0.008726552965993228, 0.00951429224027267, -0.05996265405462098, 0.0030295960007813427, 0.009011919662622603, -0.0596984586683702, -0.003374004420075405, 0.00850618090679589, -0.0583723245579022, -0.010175645550120738, 0.008064405870868097, -0.05616371871387793, -0.01725588985927784, 0.007761847510805442, -0.053415914356773175, -0.024460985806347146, 0.0076733496208003515, -0.050225359647731116, -0.03166306975928279, 0.00779283014510046, -0.04668822023471364, -0.03873171904689787, 0.008101890487985486, -0.042902698962864694, -0.04553473564847099, 0.008568058169512227, -0.038971896273443996, -0.05193942369082283, 0.009145364698031955, -0.035006855144370075, -0.057814030331289956, 0.009776519155255237]","[-0.052783729672431945, -0.05499588176608086, 0.021083742380142212, -0.01893376491069794, -0.023491354823112487, 0.00735880434513092, 0.35771484375, 0.166845703125, -0.0536693280339241, -0.05303193479776383, 0.020618051290512085, -0.019433900034427645, -0.022045189678668975, 0.0070905983448028564, 0.35771484375, 0.166845703125, -0.0550372918844223, -0.05088768750429154, 0.020404726266860962, -0.01988901129961014, -0.020868079900741576, 0.006854161620140076, 0.3357421875, 0.1767333984375, -0.05577426606416702, -0.04862213730812073, 0.020128518342971802, -0.020453653550148013, -0.018934326410293578, 0.006665170192718506, 0.320361328125, 0.184423828125, -0.05642218717932701, -0.046256708353757864, 0.019807368516921997, -0.020761459386348727, -0.017784821033477782, 0.006554216146469116, 0.320361328125, 0.184423828125]",0.0619349479675293
"[3.517707109451294, 3.537707109451294, 3.557707109451294, 3.577707109451294, 3.597707109451294, 3.617707109451294, 3.637707109451294, 3.657707109451294, 3.677707109451294, 3.697707109451294, 3.717707109451294]","[0.03858185032856794, -0.014149231637157493, 0.005120231512175936, -0.005894367828727675, 0.013639359472185072, -0.012240946729178925, 0.02258553994879171, 0.03838872596928974, -0.018532941584491574, 0.00342724553633611, -0.006900224784526764, 0.012761940779716756, -0.009184683889608691, 0.023890125437857106, 0.03759401465113234, -0.023301420233638997, 0.0015207696115954615, -0.00803077129147205, 0.011935032411743537, -0.005837408597430234, 0.024586962926673925, 0.0362591866702499, -0.027834939263575838, -0.0002837237102426856, -0.008972543021014634, 0.011157331334357961, -0.00241468825239697, 0.024744902360030255, 0.0344773279751777, -0.0317813989287462, -0.0017965568002852484, -0.009557881551636612, 0.01042741821595418, 0.0008164369440986994, 0.02451237100228332, 0.03241175892954044, -0.03494280976964855, -0.002870915780225368, -0.009705761638024783, 0.00974153542992056, 0.0036288054199552773, 0.024086770283475743, 0.030380706980167368, -0.03736365341348573, -0.0033493293781597868, -0.009563768508610588, 0.009112521913258866, 0.00593225341358843, 0.023491419620794127, 0.028559835318707216, -0.039137108762794144, -0.003204475191145185, -0.009260988271619976, 0.008543820407868457, 0.00768421401393831, 0.022751028734246805, 0.02701789328408225, -0.0403829380522953, -0.002503990231099739, -0.008904995644939078, 0.008032341138005342, 0.008884652082347014, 0.021894194974420994, 0.02575165948560029, -0.04122791035918518, -0.0013750736769765485, -0.008580192484555629, 0.007571596329480862, 0.009562975266040965, 0.020953422539501148, 0.02471756829706803, -0.04179008554190668, 2.716971934508093e-05, -0.008347706597653298, 0.007154460271922427, 0.00976286075133637, 0.019964008781819403]","[0.5124065027620877, 0.04131108434818886, 0.47064515252346306, 0.00524022268318239, 0.4293071869895651, -0.0035687339021242045, 0.39176231382015464, 0.0047061706253713545, 0.3600056634332476, 0.021803407188911415, 0.33495728709789835, 0.04139039580595229, 0.3167343113561801, 0.0589686013138521, 0.3057025079123836, 0.07105974326229002, 0.3004603944590559, 0.07733728224340873, 0.2988870715458415, 0.0793451923367007]","[-0.061383131064903784, -0.014834166712689445, 0.010926709553322755, -0.0613303975573698, -0.019762961690830583, 0.010556480463335127, -0.06012541250101355, -0.024687450470775474, 0.010156996895309245, -0.05785116206911489, -0.029525581417400026, 0.009778418076757944, -0.054761656616020726, -0.03421289975639841, 0.009482487339925072, -0.05118941456802295, -0.03874928751146367, 0.009317490594116684, -0.04725805548680273, -0.04304836053135519, 0.009261310412020052, -0.043086651448375424, -0.047022838534862554, 0.00928857241033798, -0.03879041918042314, -0.05059058854698284, 0.009369865934633737, -0.034483457458551525, -0.05367801452511056, 0.009472680299389857, -0.03028247756544733, -0.05622144392454009, 0.00956323282754612]","[-0.043550467282533645, -0.07046740725636483, 0.024615466594696045, -0.01554612002372742, -0.028908180236816405, 0.008520573377609253, 0.425830078125, 0.1196044921875, -0.043820643961429595, -0.06908786520361901, 0.024533122777938843, -0.0159191631436348, -0.02869256043434143, 0.008445754647254944, 0.4181396484375, 0.1261962890625, -0.04493495652079582, -0.06779631823301316, 0.02417007088661194, -0.01639213345050812, -0.028159195721149444, 0.008342579007148743, 0.41484375, 0.1294921875, -0.04602926427125931, -0.06638042852282525, 0.023855596780776978, -0.01684858582019806, -0.02776974642276764, 0.008102506399154663, 0.41484375, 0.1294921875, -0.047159364610910415, -0.06484507620334626, 0.02356898784637451, -0.017369016325473788, -0.026719072997570037, 0.007982268929481506, 0.399462890625, 0.140478515625]",0.0684049129486084
"[3.6166701316833496, 3.6366701316833496, 3.6566701316833496, 3.6766701316833497, 3.6966701316833497, 3.7166701316833497, 3.7366701316833497, 3.7566701316833497, 3.7766701316833498, 3.7966701316833498, 3.81667013168335]","[0.036014871046347124, -0.031130414733291083, 0.002527156087068702, -0.00639903165695561, 0.01437205539147808, -0.006026113032034651, 0.027758577850429594, 0.035573550933772013, -0.03495869363503547, 0.0011858485709455686, -0.007088565590088744, 0.01352101868559117, -0.003558523598259282, 0.02765928518820528, 0.034569673158663494, -0.038483545262030364, -0.00016431466839166356, -0.007674035185177751, 0.012758593163011391, -0.0010697302442562332, 0.026734615324157905, 0.033073154801992626, -0.0412587594742123, -0.0013147530946358325, -0.007971218363318308, 0.012079478399646307, 0.001205177438393585, 0.02506889024595466, 0.031232600008831452, -0.04302128326361187, -0.0020967256805697054, -0.007902455965979095, 0.011468844734124246, 0.003079132352528031, 0.022876852320118903, 0.029230207362883086, -0.043535958625642274, -0.002320078839929384, -0.0073400765084873955, 0.010889713669320825, 0.004500997175616337, 0.02056516887399557, 0.027325021357122035, -0.043157593516859875, -0.00199705983793926, -0.00658649046885872, 0.010346402721693945, 0.005438875480067478, 0.01820413252541231, 0.025653599573163235, -0.04217689971329192, -0.0012057091988844466, -0.00586145085047385, 0.009839301458044944, 0.005896859044559431, 0.01585914135305491, 0.024261839314761065, -0.040824554089020866, -6.655581197896889e-05, -0.005311535159386552, 0.009366086205445004, 0.005910020381206646, 0.01359068706034829, 0.023135785370483067, -0.039276029409187084, 0.0012803138477331165, -0.005021238136937799, 0.00892318421204383, 0.005533234814532362, 0.011454511426375191, 0.02222917557063252, -0.03765758905016149, 0.002694935955243058, -0.005024863505259696, 0.008507115017322169, 0.004828782619993384, 0.009502090133960783]","[0.4596645338702097, 0.021177058174796776, 0.36002207144615667, 0.0052669025153859374, 0.28460082557121735, 0.008367395550150048, 0.22972731305938854, 0.022602214589057736, 0.19160761653604721, 0.041714714991499646, 0.16657810770145642, 0.06103597487660696, 0.1512701700841799, 0.07737633714255651, 0.14321642782225483, 0.0882611620699302, 0.1398158776391883, 0.09379633487409389, 0.1388889143419162, 0.09554178765293461]","[-0.05950130133545195, -0.04140472705018361, 0.014425775735201984, -0.05864976515240028, -0.045243439572475896, 0.014050574612266331, -0.056687862156249436, -0.04844926667465943, 0.013585738214326515, -0.053766343802669425, -0.05086731940487965, 0.013059085946580673, -0.05013193865512933, -0.0524707490467069, 0.01250356873753855, -0.04609552811996309, -0.053556734286505314, 0.011982551976917666, -0.04179633366797675, -0.054085503990982, 0.01146875216300014, -0.0373642045876843, -0.05402494550493531, 0.01094614074145106, -0.03291951657645287, -0.05336018613291049, 0.01040638758579071, -0.028575976258796043, -0.052096969979862795, 0.00984702567284046, -0.024444712966915194, -0.05026159557810583, 0.009270136571211118]","[-0.03524528646469116, -0.07809313796460629, 0.0264815092086792, -0.012233711099624636, -0.03253843092918396, 0.009033367037773132, 0.4379150390625, 0.1020263671875, -0.03599493408203125, -0.0775890875607729, 0.026372045278549194, -0.012634008443355563, -0.032158980309963225, 0.008958443999290466, 0.4379150390625, 0.1020263671875, -0.03691715204715729, -0.07686147876083851, 0.026253312826156616, -0.013128823852539065, -0.03167093002796173, 0.008888080716133118, 0.4379150390625, 0.1086181640625, -0.037964971899986266, -0.07597232088446618, 0.026115626096725464, -0.013626351273059847, -0.031106392085552215, 0.008800551295280457, 0.4335206985473633, 0.1130126953125, -0.039076181292533874, -0.07495668195188046, 0.02593052387237549, -0.014105460858345034, -0.030471021473407744, 0.008728131651878357, 0.4335206985473633, 0.1130126953125]",0.06314659118652344
"[3.6973178386688232, 3.7173178386688233, 3.7373178386688233, 3.7573178386688233, 3.7773178386688233, 3.7973178386688233, 3.8173178386688233, 3.8373178386688234, 3.8573178386688234, 3.8773178386688234, 3.8973178386688234]","[0.03269142408059601, -0.04415062325535696, 7.419996704673902e-05, -0.00810095678101849, 0.015915466074586226, -0.00042501076165227556, 0.031185472998938327, 0.032076816088354596, -0.047124787574103585, -0.0007422275465056583, -0.008282527188704782, 0.015040146472983703, 0.0013930468174642328, 0.030160969411432554, 0.03096144545428358, -0.04927361032290181, -0.0014271115529534133, -0.008158089854214885, 0.014288199840284763, 0.0028926433136678004, 0.028045906024981453, 0.029474067796010032, -0.05022246339708847, -0.0017944002287688125, -0.007642108149978836, 0.013645766228754795, 0.003897583498595604, 0.024938089650410344, 0.027781625704990806, -0.04965700890550294, -0.0016406791894248316, -0.006628357409913998, 0.013067855148186812, 0.004386580943602824, 0.021216602975532354, 0.026019770795169855, -0.04755644416572015, -0.0008952519287123107, -0.0051050030534212365, 0.012503001844489723, 0.004416349594734896, 0.017362592405012547, 0.02437564234589901, -0.04451040545377995, 0.0002801524091052045, -0.003495991212978563, 0.011951951551711661, 0.004009736919726426, 0.013490763809199394, 0.02294403235832713, -0.0409568368128455, 0.0017197729807896158, -0.0020960964367288614, 0.011417350311726788, 0.003212748948006325, 0.00970849955226811, 0.02175228430107858, -0.037205760268587254, 0.003265447735500351, -0.001088102522499855, 0.01090273241153694, 0.002089923568133673, 0.00611263824152676, 0.020784015024506976, -0.03346297377557419, 0.0047770786681179496, -0.0005622342646583811, 0.010411945270109281, 0.000715957120469513, 0.002788784741390697, 0.02000000298743332, -0.02985326871445943, 0.006140289856568085, -0.0005362901749459368, 0.00994882542782524, -0.0008329427129028918, -0.00018757229698090295]","[0.362680770972925, 0.02224375267615142, 0.21928104612752655, 0.02373908246799749, 0.11833329507843796, 0.03533447000917006, 0.05086606147437419, 0.0519642346692249, 0.008671572765432397, 0.06975323639669305, -0.015481932897540445, 0.08595958528377273, -0.027741468774708396, 0.09886342905380853, -0.03292402977864207, 0.10715241066267844, -0.0345925677933426, 0.11126239939390305, -0.034917153947563694, 0.11253503682436006]","[-0.054481700041834946, -0.05945698551239342, 0.017733536097261027, -0.0531048888816974, -0.06259434060962477, 0.017316445476377673, -0.050804452488177665, -0.06452108206986207, 0.01673603684437719, -0.047711801970163004, -0.06503615935206586, 0.01597583850339035, -0.04403060799774794, -0.06431934122441518, 0.015083620782049945, -0.04003984688483864, -0.06274069917866498, 0.014137172758729832, -0.035878086771389706, -0.06027142987960499, 0.013122479882154536, -0.0316700183647276, -0.056911824151069546, 0.012049300274077801, -0.027527041987893908, -0.05269822522612433, 0.01094354397014774, -0.023550619596058198, -0.047702378226058606, 0.009841271848082922, -0.019836460117779176, -0.04202818872463654, 0.008782584041717278]","[-0.03132375532388687, -0.07898042015731335, 0.026703983545303345, -0.011571481144428256, -0.03235989266633987, 0.00908571481704712, 0.452197265625, 0.0668701171875, -0.03159038180112839, -0.07901950962841511, 0.02678021788597107, -0.011748380279541018, -0.03235406631231308, 0.009087786078453064, 0.4532958984375, 0.074560546875, -0.03196751528978348, -0.07896038554608822, 0.026847034692764282, -0.012014760887622836, -0.032242106437683105, 0.009088799357414246, 0.4532958984375, 0.0767578125, -0.03238541090488434, -0.07887373343110085, 0.026867538690567017, -0.012249692595005038, -0.03219010883569717, 0.009081944823265076, 0.4532958984375, 0.083349609375, -0.03279335254430771, -0.07879631444811822, 0.026804953813552856, -0.012325815176963809, -0.03222937339544296, 0.00908459722995758, 0.4532958984375, 0.083349609375]",0.060309410095214844
"[3.777277946472168, 3.797277946472168, 3.817277946472168, 3.837277946472168, 3.857277946472168, 3.877277946472168, 3.897277946472168, 3.917277946472168, 3.937277946472168, 3.957277946472168, 3.977277946472168]","[0.028953439228565952, -0.054332915631564456, -0.0011999433934721108, -0.01005173993254017, 0.0173743417169706, 0.003010603975760839, 0.03236015197465367, 0.028208039447134, -0.056421746292085254, -0.001820318165355111, -0.009894308236074291, 0.016474519583864443, 0.004114179202315509, 0.030844216274507282, 0.027041136692302365, -0.05734602169015563, -0.002225069760292629, -0.009279996199483444, 0.015720085378245804, 0.004745127441016519, 0.028006167769637325, 0.025588011661922483, -0.056656001090486845, -0.0021830530823770096, -0.008090543207172349, 0.015078663777867348, 0.004830613320165543, 0.02399534982710615, 0.023959139705469833, -0.05423049630439733, -0.0016171780295878466, -0.0063543558117067685, 0.014500990055068963, 0.00437193049338551, 0.01915881541161784, 0.022244826691243183, -0.04997256227003008, -0.0004383373661934288, -0.003986883279587356, 0.013911605324444196, 0.0035266202752825366, 0.01414851658922532, 0.020600235198066037, -0.044676608817598364, 0.0010942460515435898, -0.0015320830838700744, 0.01331209823966791, 0.0023446188005603543, 0.009112936578116147, 0.019110136521262686, -0.03891406626008271, 0.002763611895168773, 0.0006320840227815237, 0.012710948731725501, 0.0008881427701282055, 0.004192357936127741, 0.017806745804671172, -0.03307269607317955, 0.004396043178898431, 0.002271577257434961, 0.012120225586879484, -0.0007716043336684257, -0.00048676570243754065, 0.016686977908734635, -0.02739492516669938, 0.0058610062823066566, 0.0032713138312098575, 0.011553087598161555, -0.0025598538644237, -0.004813520675645694, 0.015727893013949792, -0.022014397159732742, 0.007069239357483828, 0.003609239776037481, 0.011021981155602626, -0.004403610999864496, -0.008691336238031387]","[0.2857782439021823, 0.015770014495036927, 0.10012712667883933, 0.023987450923683585, -0.027550886431418935, 0.036439079469290814, -0.11036172739814365, 0.05041435957465801, -0.16002516980781328, 0.0638830157402322, -0.18667169802096034, 0.07546560294469488, -0.19876151226104605, 0.0843669168531824, -0.2030056003023774, 0.08996101221703712, -0.2039308424190203, 0.09269284113263698, -0.20396594625612138, 0.09352957707029205]","[-0.04707444000415251, -0.07207256182867727, 0.02036907022366652, -0.04583206800235118, -0.07408894606444161, 0.01983751736247452, -0.04380620715698691, -0.07453828183810618, 0.019060719280329153, -0.04104502761550699, -0.07331355713713794, 0.01802047801083173, -0.037706576687189575, -0.07049264193729154, 0.016747124802035884, -0.034056913086515817, -0.0666372396386592, 0.015374679623409548, -0.03022236894742969, -0.06171772707464518, 0.013910787636220334, -0.026312797546943045, -0.0557525726914152, 0.012395501879390203, -0.02242413763131812, -0.04881137551834769, 0.01088849526089275, -0.018643319966107352, -0.041009031817205166, 0.009458619667875645, -0.015053246800988962, -0.03249879208587103, 0.008173200591753194]","[-0.030729884445667266, -0.07744315303862095, 0.026104509830474854, -0.011356882071495059, -0.03143213891983032, 0.00889924168586731, 0.4412109375, 0.05478515625, -0.030660355627536773, -0.0776841513812542, 0.026178568601608276, -0.011425263500213625, -0.03159983658790588, 0.008958250284194946, 0.4412109375, 0.05478515625, -0.030639114022254943, -0.0779247846454382, 0.02626165747642517, -0.011484585022926333, -0.03171619230508804, 0.008983567357063293, 0.4412109375, 0.05478515625, -0.030662911176681518, -0.07815950401127339, 0.02636602520942688, -0.011499016797542574, -0.03182255679368973, 0.009004905819892883, 0.443408203125, 0.05478515625, -0.03073498809337616, -0.07836890630424023, 0.02646133303642273, -0.01151598176956177, -0.03191378170251846, 0.009021997451782227, 0.45, 0.0591796875]",0.06263089179992676
"[3.8578360080718994, 3.8778360080718994, 3.8978360080718994, 3.9178360080718995, 3.9378360080718995, 3.9578360080718995, 3.9778360080718995, 3.9978360080718995, 4.0178360080719, 4.037836008071899, 4.0578360080719]","[0.025863814540140605, -0.059882696753292185, -0.000670922130549234, -0.01086996355092214, 0.018546826999392006, 0.004417610556545444, 0.03208694908752152, 0.024966005462096142, -0.061118557707369014, -0.0013161630640921877, -0.010403443492026576, 0.017620801194917428, 0.0047175509336032685, 0.029951516099950126, 0.023711893315209783, -0.060791211872445926, -0.0016402153330765026, -0.009293006134760676, 0.01684089192467503, 0.004584744131816833, 0.026354545893962956, 0.022169994775307178, -0.05866178724584371, -0.001539180303779902, -0.00755619314219921, 0.01617097186982326, 0.003966757377671406, 0.021411166329958563, 0.020397492112784854, -0.05454773422414184, -0.0009198530667682904, -0.005150800791049626, 0.015539877710303728, 0.0029460014843757814, 0.01563102400065593, 0.018456800778730766, -0.048553501980995145, 0.00022015860888023185, -0.0021086925804902627, 0.014875412826866306, 0.0016840040377774123, 0.009691697858470875, 0.01651122508621551, -0.041584894847618355, 0.001599699835962483, 0.0009528900511373696, 0.01418646501445623, 0.00023458201760234457, 0.0037692482406068927, 0.014662577478042662, -0.03427632597645825, 0.0030070207122403787, 0.003611572649996358, 0.013490552162559134, -0.00134460275597968, -0.0019725156491708015, 0.012963887402933432, -0.027042043797809008, 0.004291880502857999, 0.005613150397057325, 0.012808943020268557, -0.002993733385385229, -0.007389384378094705, 0.011432578633572898, -0.02012577837224915, 0.005357272628237273, 0.0068413141328171655, 0.012162934258997431, -0.004653638564741525, -0.012358195559538755, 0.01006307878676797, -0.013647477531421386, 0.006150597275138034, 0.00728629727870703, 0.011571200917873201, -0.006268518927136295, -0.016774237986095175]","[0.1789552586386315, 0.004828748078283012, -0.026997596323365503, 0.008135197188264253, -0.16503749788217134, 0.013783588659673544, -0.25140901849984015, 0.02054230001663007, -0.30042528975118044, 0.02738870176221223, -0.32429185886746736, 0.0335428034496991, -0.33304808548135184, 0.03847045139285239, -0.33470674083982693, 0.041659309770688456, -0.3341954798740707, 0.043253149726682774, -0.33375119819952453, 0.043750510972801145]","[-0.03956958983363146, -0.08016386424324118, 0.022232148623912096, -0.03877653542567505, -0.08069978695224922, 0.021450222550120746, -0.037222803314655994, -0.07948058636040045, 0.02036667961916283, -0.03489693150566464, -0.07631627142284136, 0.01894856108345966, -0.03194275002763636, -0.07147884750318845, 0.017285477992508014, -0.028617524324944466, -0.06552321835937835, 0.015528646650303735, -0.025028353942912585, -0.05844048217477926, 0.013713978421940887, -0.021265811005156454, -0.0502848851264015, 0.011911074784686448, -0.01740916314928942, -0.04116867780054312, 0.01020565257698447, -0.013533218351355458, -0.03125023294477014, 0.00868518138638752, -0.009714364528423669, -0.02072431027945143, 0.007424917568963796]","[-0.03177182579040527, -0.07556022182106972, 0.024507910013198853, -0.011208242988586428, -0.03065089339017868, 0.008372217416763306, 0.3851806640625, 0.0405029296875, -0.03177209401130676, -0.07575137577950955, 0.02490982413291931, -0.011273785746097567, -0.03076930546760559, 0.00854666531085968, 0.386279296875, 0.0405029296875, -0.031237231731414794, -0.07606923058629037, 0.024968206882476807, -0.01142074844837189, -0.031107934355735778, 0.008692413568496704, 0.4005615234375, 0.0427001953125, -0.031223403453826903, -0.07639327496290207, 0.02514079213142395, -0.011519401586055758, -0.031337866723537444, 0.008765295147895813, 0.4049560546875, 0.043798828125, -0.031177180051803588, -0.07669177129864693, 0.025338947772979736, -0.011535606598854067, -0.03136886113882065, 0.008786290884017944, 0.4137451171875, 0.04599609375]",0.06164288520812988
"[3.937869071960449, 3.9578690719604492, 3.9778690719604493, 3.9978690719604493, 4.017869071960449, 4.037869071960449, 4.057869071960449, 4.077869071960449, 4.097869071960449, 4.117869071960449, 4.137869071960449]","[0.022974922651123685, -0.062337027948415474, -0.0008583681797565874, -0.011481433198067093, 0.018901349610501963, 0.004667716695504354, 0.03142752274608038, 0.02200011212711165, -0.06249755007470656, -0.0014163773162989383, -0.01045071835814794, 0.0179866273912367, 0.004442961660975697, 0.028656680142318865, 0.020665732149797934, -0.06087687881380479, -0.0016202096438306163, -0.008698152972426472, 0.01721442306947037, 0.0038290801546106345, 0.024196774911342162, 0.018984139935437263, -0.057174737040322575, -0.001354096688659129, -0.006177935851601547, 0.016525196969277237, 0.0028565197651992734, 0.018326212802792556, 0.01698479622810322, -0.05141132160897184, -0.0006136358603379504, -0.002972489152563195, 0.015849696740868603, 0.0016134656106663583, 0.011589384775553315, 0.0147032929528056, -0.043824818402597554, 0.0005335588728870239, 0.0008098848792564301, 0.015121951860546634, 0.00022935196739557536, 0.004717505379510086, 0.012348997646886972, -0.03539140375484989, 0.0018186867081089054, 0.004488374011766187, 0.014362400925781865, -0.0012497191151110566, -0.0020842086396504014, 0.010060466772366609, -0.026778967487738056, 0.0030519733889545863, 0.0076069789968191475, 0.013599406310902092, -0.0027760017284521156, -0.008628654953248261, 0.007917726014877273, -0.018407495155763835, 0.004110249499108607, 0.00990272346924509, 0.012863496058052449, -0.004301072864669921, -0.014755642265455095, 0.005955994023496346, -0.010507867713237438, 0.0049247134058658095, 0.011269320116048174, 0.01218308306957386, -0.0057776932591654655, -0.020332142127103377, 0.004179643053621787, -0.0031771483962914817, 0.005468956610012762, 0.011719618411969024, 0.01158152631940178, -0.0071617670269901335, -0.025247291542658645]","[0.04559877073347946, -0.006595305486003032, -0.17209982604047094, -0.013430671790420482, -0.31403102478108413, -0.01617947142336229, -0.3991369936429889, -0.015925545407354347, -0.4439910125502555, -0.01376349598118212, -0.46261624983303046, -0.01070307402414668, -0.4664234707915443, -0.007609292553147519, -0.4645713427933912, -0.005338438783696376, -0.4621941244102196, -0.004104693784643136, -0.46114151615402516, -0.0036962109301685816]","[-0.03442883446504297, -0.0827131055250021, 0.022735975989168544, -0.03407176126974054, -0.08213243424075856, 0.02177467457183191, -0.032838970797485434, -0.07954467617734506, 0.020446051752026406, -0.030698843062204162, -0.07494023519027637, 0.018764326852461988, -0.027785288786934537, -0.06857542871101652, 0.016830159044816106, -0.024402229505372297, -0.06099163914059558, 0.014817750881377378, -0.02065300084991284, -0.05219974517731929, 0.012790917048310924, -0.016623623749635996, -0.042289379363047, 0.010845638716267203, -0.012390770871301804, -0.03141325596559286, 0.009089376414483041, -0.008030809816117923, -0.019768924441200042, 0.007623629264787546, -0.0036272612209287125, -0.0075870211348045835, 0.0065271396807871085]","[-0.02913109415769577, -0.07014652937650681, 0.020543783903121948, -0.00998683205842972, -0.028455862939357757, 0.00722348690032959, 0.333544921875, 0.0328125, -0.029670925974845885, -0.0711343701928854, 0.020918041467666626, -0.010356351053714755, -0.02915780448913574, 0.007442876696586609, 0.3368408203125, 0.0339111328125, -0.030216047704219817, -0.07214459255337716, 0.021305471658706665, -0.010667643761634829, -0.029893221497535705, 0.007620528340339661, 0.355517578125, 0.03720703125, -0.03071142190694809, -0.07314497083425522, 0.021619051694869995, -0.010960637843608859, -0.030604953110218047, 0.0077733248472213745, 0.35771484375, 0.0361083984375, -0.03111076557636261, -0.07399668209254742, 0.022057801485061646, -0.011166251516342166, -0.031049283385276794, 0.007938936352729797, 0.3851806640625, 0.0405029296875]",0.06153464317321777
"[4.017550468444824, 4.037550468444824, 4.057550468444824, 4.077550468444824, 4.097550468444824, 4.117550468444824, 4.137550468444824, 4.157550468444824, 4.177550468444824, 4.197550468444824, 4.217550468444824]","[0.018762642095723096, -0.06326555578969634, -0.004059683572098067, -0.01112615585136616, 0.018439653874141957, 0.005404665289815815, 0.02996443262368875, 0.017970101121969145, -0.06210994592736425, -0.00412225258854121, -0.009505664028923973, 0.01762375768621252, 0.004964773376941075, 0.026385120042758732, 0.016802749855811004, -0.05886723041036702, -0.0036720041418163737, -0.007021697373123198, 0.016919684580634496, 0.004130943154568668, 0.021057958359416977, 0.015257532527244922, -0.05343943722462711, -0.0026900154721512903, -0.0037570967241521433, 0.016267349129339987, 0.0029592216348522872, 0.014292535316254849, 0.01334927044655883, -0.04598197328010438, -0.0012421516825420985, 0.00012193353338901888, 0.015602058498690912, 0.001546772898407029, 0.006680007584069001, 0.011068087778406793, -0.03684996349964076, 0.0005019269726831834, 0.004453218364461312, 0.01486726365698661, -2.591975979710275e-05, -0.0009945331724556805, 0.008674330005823155, -0.02705923758821277, 0.0022794085183709765, 0.008515368616380022, 0.014097568760773043, -0.0017137178145160948, -0.008503106008164896, 0.006338089301241856, -0.01728773109906515, 0.003907668749271156, 0.011841210068990946, 0.013333235536519217, -0.00346644446230179, -0.01564349250240639, 0.004155963716930933, -0.007943498179763378, 0.005271947813134796, 0.014179438017868038, 0.012613994984050811, -0.005230866391612846, -0.022248766597006718, 0.0021692294792389198, 0.0007684560134126762, 0.006312879576593557, 0.015451004667274833, 0.011974664398055852, -0.006953386105487429, -0.028185402189649142, 0.00038186299791012526, 0.008783177396884315, 0.007014042207250165, 0.015704573693585803, 0.01144226674319331, -0.008582622402517184, -0.03334513005738868]","[-0.10789085446599872, 0.0015779985684277265, -0.3292453192176951, -0.011848432659032172, -0.4686503699412401, -0.018410050624660272, -0.5475444233584776, -0.020025964764954992, -0.5845697007269928, -0.01849235393255381, -0.595378956123001, -0.015370616187563458, -0.5925655030275486, -0.011931425735786214, -0.5862623225743896, -0.009328258280551746, -0.5815926053253799, -0.007892350757393059, -0.5798065982949671, -0.007412498990686838]","[-0.032773143667976345, -0.08116947503332295, 0.02224356415577411, -0.03225096699484631, -0.07967149208770818, 0.02116338937432971, -0.030690063728705752, -0.07612104422238541, 0.019688765778238526, -0.02806271131549387, -0.07048089614881059, 0.017836619034876655, -0.024529779805325003, -0.06299760827265555, 0.01572949953484759, -0.02050621978943279, -0.05417662039156923, 0.013569187215888512, -0.016125325578463467, -0.0440456676097547, 0.011448226343040435, -0.011496389784445782, -0.03272460287953294, 0.009486225364048195, -0.00671474204111977, -0.02039885687706189, 0.007807762515334105, -0.0018725703414257389, -0.007296195574450159, 0.006523002079191542, 0.0029324494940374812, 0.006325153000230177, 0.00570882097997627]","[-0.02300052547454834, -0.06151059120893479, 0.014892429113388062, -0.007466159081459048, -0.024964915752410888, 0.0051988959312438965, 0.2489501953125, 0.0207275390625, -0.02381430023908615, -0.06292001754045487, 0.015493243932723999, -0.008172116494178774, -0.026280017733573913, 0.00572417676448822, 0.2489501953125, 0.0207275390625, -0.024754913687705993, -0.06447768807411194, 0.01604512333869934, -0.008937045252323153, -0.027208881616592406, 0.006034910678863525, 0.2731201171875, 0.0240234375, -0.02563176506757736, -0.06581867337226868, 0.016554415225982666, -0.00946810773611069, -0.027842031955718993, 0.006205469369888306, 0.2863037109375, 0.02622089385986328, -0.026405738830566405, -0.06690205857157708, 0.01712396740913391, -0.009705594992637637, -0.027967827558517455, 0.00627937912940979, 0.2863037109375, 0.02622089385986328]",0.06112074851989746
"[4.097704887390137, 4.117704887390136, 4.137704887390137, 4.157704887390136, 4.177704887390137, 4.197704887390136, 4.217704887390137, 4.237704887390136, 4.257704887390137, 4.277704887390136, 4.297704887390137]","[0.016615142564453705, -0.05924033192251481, -0.004467443336917736, -0.008111100634198684, 0.017541348320234188, 0.00530444850695907, 0.027090667214615304, 0.015778575622146056, -0.05697669485639848, -0.004112699397425929, -0.006007469999923027, 0.016779006510173732, 0.0046804992298867835, 0.022539677066107187, 0.014548535479866667, -0.05257474938510977, -0.0032256656363043082, -0.003104130653591164, 0.016099653000534335, 0.0037249316259898237, 0.016306104443046896, 0.012906424653775188, -0.04608659701832463, -0.001859719046285354, 0.0004334912401548079, 0.01545153015738331, 0.0024891595984154343, 0.008728786108912123, 0.010822034713022448, -0.037799041068174284, -0.0001892665974929337, 0.004379334438918976, 0.014784458346323828, 0.000994956387534427, 0.00042030117450988895, 0.00834628253984164, -0.027999463425691477, 0.0016836373919220133, 0.008614722565681363, 0.014050019793040729, -0.00066028340168128, -0.007765866683895325, 0.005776792143773233, -0.01772206519736803, 0.0035115010202278747, 0.01241579132535774, 0.013294325279645015, -0.002429711740816616, -0.015593386615506586, 0.0033019085004585874, -0.007637145718730903, 0.0051266812196808665, 0.015338048017937513, 0.012565626970276815, -0.004259622033183848, -0.022862931630285667, 0.0010228910061508105, 0.0018724756312936412, 0.006429121269060133, 0.017169700547921538, 0.011908198768997942, -0.006092471558870064, -0.02942095391162923, -0.0010229177773028995, 0.01063626371932954, 0.007373547045378556, 0.017879685405903286, 0.01135813893560123, -0.007870410718496104, -0.03515440543591384, -0.002839804246592645, 0.018625497601163474, 0.007956481834130566, 0.01756578082307995, 0.010940816765413957, -0.009538451894493713, -0.03997856710289431]","[-0.2287604471919977, -0.006335856022926505, -0.4444835933990054, -0.02418665080748033, -0.5739450903016532, -0.03259592398910153, -0.6410641951802996, -0.03443111489106692, -0.6663994265513671, -0.0322244702417375, -0.6669629855704331, -0.028080617697219624, -0.6561850872067448, -0.023640578880218407, -0.6448106135586965, -0.020325109512415777, -0.6376283526441547, -0.018511690920218673, -0.6350609512156515, -0.01790869601479662]","[-0.03231626807712962, -0.07862567228256401, 0.02123354717278758, -0.03122216749488338, -0.07616973018170947, 0.019946144877725835, -0.02894528288813425, -0.07157028881114069, 0.018245445809706773, -0.02548838153690114, -0.06478756209811243, 0.01618251671926485, -0.021130364926003953, -0.056008148314199424, 0.013916241956301256, -0.016328468490855563, -0.0458411561685339, 0.011688083524629356, -0.01124080266634686, -0.03437819871572323, 0.009609855601255823, -0.00599618867591345, -0.021796191952850208, 0.007811409705103856, -0.0007048477830051691, -0.008324702156638608, 0.006414697165073591, 0.004530089431949769, 0.00577724378587785, 0.005512808824463811, 0.009603367354840353, 0.02022931543943285, 0.005151822232766001]","[-0.01583603972196579, -0.04591145589947701, 0.008635073900222778, -0.004770322954654696, -0.019734943449497222, 0.003365457057952881, 0.19182147979736328, 0.015234375, -0.01686450296640396, -0.04852228090167046, 0.009173840284347534, -0.005567870354652407, -0.021730983793735503, 0.0037907063961029053, 0.19182147979736328, 0.015234375, -0.01806386762857437, -0.051204404234886175, 0.009718596935272217, -0.006534367120265963, -0.023865172803401946, 0.0041625648736953735, 0.19182147979736328, 0.015234375, -0.01932843232154846, -0.053681606799364096, 0.010376155376434326, -0.007320947265625002, -0.025179678738117217, 0.004433661699295044, 0.19182147979736328, 0.015234375, -0.020496571600437163, -0.05596263930201531, 0.011257588863372803, -0.007706634020805361, -0.025402696967124938, 0.004568278789520264, 0.1984130859375, 0.015234375]",0.06196117401123047
"[4.178280830383301, 4.1982808303833, 4.218280830383301, 4.2382808303833, 4.258280830383301, 4.2782808303833, 4.298280830383301, 4.3182808303833005, 4.338280830383301, 4.3582808303833005, 4.378280830383301]","[0.014586743822711318, -0.05362130341347423, -0.004110096785759383, -0.00456123702328159, 0.014662206734450244, 0.004962618206415842, 0.02298239983190829, 0.013630028209961691, -0.05024010204250405, -0.0033566555986230115, -0.00205860799253797, 0.014058545017686216, 0.004209036938165747, 0.01748667778430431, 0.012241129970777297, -0.04483977253719084, -0.002144017271435935, 0.0010814582600485096, 0.013504842187780173, 0.0031995337946894168, 0.01044802572248059, 0.010360252569759691, -0.037620154673369405, -0.0006366838472241012, 0.004630833336277186, 0.012964335748659418, 0.0019066906941205186, 0.002246762767402065, 0.008021249782179734, -0.028815049954884348, 0.0010546040798368162, 0.00840705925775725, 0.012396515490549638, 0.0003621361255366549, -0.006425877609616093, 0.005347076354138044, -0.01875946374820164, 0.0028597027142351203, 0.012257507116464419, 0.011770800244231721, -0.001326580382719186, -0.01474621082365821, 0.002643583167365376, -0.008460677294092167, 0.004550415485727423, 0.015499773411242946, 0.011141479120568124, -0.0031094031707204544, -0.022485158034828534, 9.650926020552825e-05, 0.001452581298035971, 0.005978730148868547, 0.017744938262798333, 0.010560661338008566, -0.004929430807097703, -0.029461880835123837, -0.002202270519733511, 0.010646413770696868, 0.007063898981468239, 0.01884306915187124, 0.010072663148920854, -0.006726778578096939, -0.035550877921676445, -0.004228048729452098, 0.018999683176886425, 0.007778684163835013, 0.01882396342199616, 0.009710395988253694, -0.008442614867031628, -0.04067285916076234, -0.005998156396996037, 0.026527888898319606, 0.008135430586920464, 0.017839406564049046, 0.009493452816286866, -0.01002250092501104, -0.04477849582870333]","[-0.3410342591308553, -0.024937635484136137, -0.5386832651239872, -0.04348018184614864, -0.649314618457866, -0.05132663480581899, -0.6987070809125855, -0.05195179988381968, -0.7086923295839178, -0.04832800127113299, -0.697017521750228, -0.04285793810171049, -0.6773757257822346, -0.03735842491445218, -0.6606252367455662, -0.03336141364203985, -0.6508741036291664, -0.031207676235210854, -0.6475289444616007, -0.030497426367903483]","[-0.031021166780819787, -0.07471507716040993, 0.018474712331834287, -0.029147721064857413, -0.07117714727210966, 0.017052808695779298, -0.025994109020213596, -0.06542419236776187, 0.015230093442221815, -0.021699464563669224, -0.057380639093832286, 0.013102742872751705, -0.01660672106502914, -0.04735389708702442, 0.010881713898140077, -0.01116830010445824, -0.0359877398553321, 0.008812837650514993, -0.0055559582686521836, -0.02344978927319108, 0.007013877842237282, 9.134338765726113e-05, -0.009973920877353493, 0.00560647751742227, 0.005656921713879548, 0.0041741458085735594, 0.004688784480505248, 0.01103494795474358, 0.018715865521420127, 0.004315974396197575, 0.01612117115748335, 0.03336185979337891, 0.0044861825353956775]","[-0.005114222109317779, -0.011476865410804754, 0.0020797550678253174, -0.0020175345897674585, -0.00787390226125717, 0.0013126879930496216, 0.0599853515625, 0.008642578125, -0.006261648774147033, -0.01572501510381699, 0.0026046037673950195, -0.002151697194576266, -0.009381028056144713, 0.0014214813709259033, 0.0599853515625, 0.008642578125, -0.007204244077205657, -0.019816173613071447, 0.0031049251556396484, -0.0024360858559608484, -0.01096281611919403, 0.0014642775058746338, 0.0599853515625, 0.008642578125, -0.0084267800450325, -0.024013271927833563, 0.0032307207584381104, -0.0028139346003532434, -0.012562358915805816, 0.0015941858291625977, 0.0599853515625, 0.008642578125, -0.009381080210208892, -0.027710711956024175, 0.0037180185317993164, -0.003327786242961886, -0.013838702976703643, 0.0019892603158950806, 0.0599853515625, 0.008642578125]",0.06214737892150879
"[4.257348299026489, 4.277348299026489, 4.297348299026489, 4.317348299026489, 4.337348299026489, 4.357348299026489, 4.377348299026489, 4.397348299026489, 4.417348299026489, 4.437348299026489, 4.457348299026489]","[0.011022346927538026, -0.0424182650919273, -0.002173266918372024, 0.00040557095236187643, 0.010571916203313674, 0.004750750499507052, 0.016449298133120016, 0.0100007948329368, -0.03836431485471104, -0.0010727806186568707, 0.002942173278293605, 0.010149426734723386, 0.0037446431398809846, 0.010250532025432212, 0.008477821893427101, -0.03256433903558069, 0.00026317835391375153, 0.005894220849501578, 0.00975794271425546, 0.0024855412076195973, 0.0028119924679131164, 0.006464067937484994, -0.02520626991520183, 0.001725125488225907, 0.00907306437729276, 0.009367950784147736, 0.0009835032567095429, -0.005373475376285391, 0.0040665826178886725, -0.016603290071274417, 0.0032304695834478813, 0.01226661296406854, 0.008955995579634791, -0.0006927069035258923, -0.013643372320297309, 0.001443891452728016, -0.007196610643365073, 0.0046979605355057345, 0.015257111849511555, 0.008513620828911508, -0.002432273740378073, -0.021323711812538285, -0.0011424798897855038, 0.002137734370446281, 0.0059353426492613, 0.01748769485980394, 0.008093381733744987, -0.0041789230214872835, -0.028217058181225857, -0.003538921945716594, 0.010884299104014962, 0.006833988505598111, 0.018679211891769635, 0.007741380859869122, -0.005874994008882012, -0.03418198169703336, -0.005675005210201761, 0.01880296325047852, 0.007353102482523199, 0.018772478894328367, 0.0074930688108338075, -0.00746547883208018, -0.03913736779246216, -0.007538797191581351, 0.02584598425149841, 0.007502939209345787, 0.01786705765693949, 0.00737080561323361, -0.008900961777405497, -0.04305006119174603, -0.009153983781905989, 0.032082160995376946, 0.00732833443601919, 0.01616310153972656, 0.007382866459234048, -0.010139290916645725, -0.04591601565539243]","[-0.4362268600480774, -0.041974831154893755, -0.5917446257031788, -0.0583448121477605, -0.6681621054446083, -0.06577101696670788, -0.6909588773283573, -0.0671400876831091, -0.6813091134298579, -0.06490021261201592, -0.656032107916779, -0.061019291570953316, -0.6277163985289412, -0.056976646319219025, -0.606221969000939, -0.05399469957707009, -0.5943939083010314, -0.052371648236496336, -0.5904636480196691, -0.05183117357708147]","[-0.02504319669941335, -0.06623203407295719, 0.014166056078170897, -0.02237598268364671, -0.06161628338732683, 0.012714026902958864, -0.018605082374694604, -0.05472364518242756, 0.010948523766799667, -0.013949315289173425, -0.04567400319661363, 0.009023395270218337, -0.008740105026291634, -0.03487226157722789, 0.007150649393933506, -0.003353659254852648, -0.022920687605185286, 0.005530852830831989, 0.002055959556408471, -0.010065640865195569, 0.00426410445208969, 0.007365713693418652, 0.003413395007043629, 0.003437332279926153, 0.012474444172251076, 0.01723186056557191, 0.003100963072780516, 0.017293297795391016, 0.03110976617081107, 0.003255213499021359, 0.021738023638434356, 0.04476622625211579, 0.0038436169708644385]","[0.004321304917335511, 0.022286811470985407, 0.0008733868598937988, 0.0010745383143424964, 0.007900735199451447, -5.714595317840576e-05, -0.10920391082763672, -0.004541015625, 0.003196550369262696, 0.01780282855033874, 0.0006218254566192627, 0.0007261342644691443, 0.005776991903781892, 1.8805265426635742e-05, -0.0784423828125, -0.000146484375, 0.0019150728583335885, 0.013012760877609247, 0.0005779266357421875, 0.00019493021965026613, 0.002909576356410981, 0.00013434886932373047, -0.0410888671875, 0.0031494140625, 0.0003257373571395883, 0.007965230941772455, 0.0006885826587677002, -0.0005097456932067895, 0.00032800233364105313, 0.00020517408847808838, -0.0410888671875, 0.0031494140625, -0.0011901950240135184, 0.0029262989759445135, 0.0008308887481689453, -0.0011318244695663476, -0.0021119510531425467, 0.00040352344512939453, -0.0388916015625, 0.0031494140625]",0.06100106239318848
"[4.357502698898315, 4.377502698898315, 4.3975026988983155, 4.417502698898315, 4.4375026988983155, 4.457502698898315, 4.4775026988983155, 4.497502698898315, 4.517502698898316, 4.537502698898315, 4.557502698898316]","[0.00686400760731757, -0.028341160442617957, -7.183706801917347e-05, 0.003398875658711812, 0.004714852287101796, 0.002228537052102982, 0.006379031260575148, 0.005775365212416615, -0.02380708702548356, 0.0008782465277836461, 0.005473481047599989, 0.004634934116425875, 0.001036929917175287, 0.00029451192253905303, 0.004144413325410512, -0.01780000073200723, 0.0018999674722090147, 0.007905949203082843, 0.00454975123211558, -0.00020278739126371835, -0.006527084287475199, 0.0020334942252215903, -0.01062950371484813, 0.0029096606400247534, 0.010478208463618563, 0.004439927932994381, -0.0014058804813568328, -0.013599547641410168, -0.0004317493633334084, -0.0027411393317841606, 0.003823481347607424, 0.012923541251282313, 0.0043010311735361415, -0.0024915945387976018, -0.020404772885878553, -0.00318063245184343, 0.005320128845635376, 0.00445715372188813, 0.014992010529589227, 0.004143183668157035, -0.003482975458841965, -0.026468841021875845, -0.005935446371030689, 0.012941941084750663, 0.004757414369914269, 0.016295144409203717, 0.004012814090405873, -0.004358061287736956, -0.03165859191475738, -0.008527945160908839, 0.019803063009720987, 0.004724545248916407, 0.016675947110402396, 0.003944514338098547, -0.005093872124860407, -0.03589567803559985, -0.010874940683839086, 0.02579755080884771, 0.004397812113137307, 0.016154483031325495, 0.003959794071108906, -0.005670069570272445, -0.03915738171849418, -0.012953985026274175, 0.03096247725908108, 0.003841015535760929, 0.014871987865036263, 0.00406695662499659, -0.006071153945253645, -0.04146265117522403, -0.014780748524238366, 0.03541350374552254, 0.0031293810465735854, 0.01303935957015339, 0.004261892909425438, -0.006287464491466917, -0.04285308803567666]","[-0.510971403729841, -0.06033125349459376, -0.6057179389582806, -0.0925227572801096, -0.6395011772733001, -0.11205225738159326, -0.6342283732843862, -0.12229509987960582, -0.6076038526447096, -0.1262411144709797, -0.5732328999916272, -0.12641288425768937, -0.5408715044402567, -0.12482731449181281, -0.518035456340576, -0.12312147275472754, -0.5059733089973025, -0.1220277207196173, -0.5020653123796287, -0.12162831408421365]","[-0.015840625886525572, -0.04751362052164465, 0.007291817818694035, -0.01296683873278548, -0.04130583122139786, 0.00616152675385262, -0.00923364641647062, -0.03330840249344291, 0.004934262280912094, -0.004804702659298776, -0.023827800280776135, 0.003741555618046455, 9.74304606038423e-05, -0.013299019986681593, 0.00271586177483929, 0.005095551689847211, -0.002148903373908606, 0.0019554050548808988, 0.010070017318564162, 0.009365025762220203, 0.0015065814984667192, 0.01492750287702238, 0.02098275848505482, 0.0013928196875414578, 0.019592912383851857, 0.03245942332935936, 0.0016032983878080387, 0.024001260368086808, 0.04356693256068089, 0.0020896896088240524, 0.028090690869379875, 0.05408555249345648, 0.002768774923505468]","[0.01398966258764267, 0.05573175251483917, 0.005653828382492065, 0.0035390935182571387, 0.022075695753097535, 0.0002608299255371094, -0.22236328125, -0.01552734375, 0.012858850717544557, 0.05193066000938415, 0.004783421754837036, 0.0031757361531257605, 0.019727801740169526, 8.033215999603271e-05, -0.2036865234375, -0.013330078125, 0.011620824992656709, 0.04789032936096191, 0.00414690375328064, 0.0025527931094169592, 0.017047611832618714, -5.455315113067627e-05, -0.193798828125, -0.0122314453125, 0.010249523282051087, 0.043582999706268305, 0.0034967660903930664, 0.0018479234814643836, 0.014585038483142854, -6.125867366790771e-05, -0.171826171875, -0.008935546875, 0.008837258279323579, 0.039217510819435114, 0.002884209156036377, 0.0011998496294021582, 0.012628642678260804, -5.412101745605469e-05, -0.154248046875, -0.0078369140625]",0.06033802032470703
"[4.437775373458862, 4.457775373458862, 4.477775373458862, 4.497775373458862, 4.517775373458862, 4.537775373458862, 4.557775373458862, 4.577775373458862, 4.5977753734588624, 4.617775373458862, 4.6377753734588625]","[0.003228736542040078, -0.01158282816266434, 0.0015639356911034204, 0.004599852058621318, 0.0013680074053503525, -0.0016432278552661074, -0.004314618521326697, 0.001987506001334069, -0.006909862449352194, 0.002054581821093451, 0.006141228594815117, 0.0014974590232708785, -0.002565933133730711, -0.009373664027840947, 0.00022411128253113692, -0.001200411974959613, 0.0025196246128325883, 0.008007048013837465, 0.0015867501148223702, -0.0032118505369086183, -0.014597237517615809, -0.0019780907983985864, 0.005074892372177548, 0.0028718405755808357, 0.009916737482967425, 0.001629232368021283, -0.0034813778611934867, -0.01963355350380142, -0.004579224294130928, 0.011354783207445355, 0.002928300996813465, 0.01157188574940849, 0.0016371383591910987, -0.003434408102291411, -0.024184426832052023, -0.00748893053497938, 0.017216864682880313, 0.0025737275200938946, 0.012768878520115302, 0.0016311230008996178, -0.0032005029392082334, -0.02800173357209606, -0.010418129753889354, 0.02239051452991558, 0.0019162968308028933, 0.013315575124350599, 0.001643804608240267, -0.0028067424298216185, -0.031028253232488295, -0.013190052187070624, 0.026779886763519573, 0.001064147369085386, 0.013175664791606232, 0.0016942910759356613, -0.002274286481016417, -0.033250012645350546, -0.015715471218000824, 0.030411312216043505, 0.00011847285542736413, 0.012426314600861778, 0.0017897925072345988, -0.0016213878529252955, -0.03469454548260726, -0.017968001153441795, 0.03338471068891471, -0.0008320051431060062, 0.011216153849733786, 0.001927551105011171, -0.0008659427839042222, -0.0354182416208215, -0.0199610721990436, 0.03583183548277576, -0.001714843722673148, 0.009727883030503391, 0.00209701676672596, -2.746136894309047e-05, -0.03549051825296706]","[-0.5258191279177097, -0.09359225776832965, -0.5542448475199951, -0.14030545603306363, -0.5479633392380172, -0.1692689483187582, -0.5217600935314366, -0.18509814613200037, -0.4871064302162633, -0.1919004198022319, -0.45238483514003, -0.1931652410750762, -0.42320015207867995, -0.19170754974639678, -0.403774200322427, -0.18979016373226956, -0.39387681700879, -0.18849149595458664, -0.39074444262561986, -0.1880072919735804]","[-0.006775690534636114, -0.02037831776975363, 0.002188489255827708, -0.0041056533789392, -0.013385617902665903, 0.0016216320309321297, -0.0007715871570010968, -0.00553341891479997, 0.0011047330442206515, 0.003169973939827875, 0.0028085199276111084, 0.0006865767258759092, 0.0075020429455685544, 0.011375170949140756, 0.00040750408577228114, 0.011916694001550265, 0.019939279483097927, 0.0002883306405880859, 0.016329142634859295, 0.028306434470452224, 0.00032912869572321313, 0.02067340457495881, 0.036295093363192255, 0.0005131990678712839, 0.0248964937634224, 0.04374560413462447, 0.0008064308716875246, 0.028951785474289338, 0.05051952558906603, 0.0011607280447964996, 0.032792278905099614, 0.05649402362358247, 0.0015196864294555468]","[0.022898902952671052, 0.0793241798877716, 0.013011842966079712, 0.007171631538867948, 0.031810512602329255, 0.0013057887554168701, -0.2739990234375, -0.022119140625, 0.02213703638315201, 0.07757025361061096, 0.01223766803741455, 0.006855779075622556, 0.030769517481327058, 0.0010898709297180176, -0.2739990234375, -0.022119140625, 0.02130690759420395, 0.07557272315025329, 0.011507898569107056, 0.006211706185340879, 0.029811775147914887, 0.0009803175926208496, -0.2739990234375, -0.022119140625, 0.020350342452526093, 0.0733831763267517, 0.010892659425735474, 0.005624488675594327, 0.028309171855449677, 0.0007713884115219116, -0.2739990234375, -0.022119140625, 0.019251031637191773, 0.07093786597251892, 0.01015898585319519, 0.004876934671401975, 0.02721779590845108, 0.0006881207227706909, -0.2696044921875, -0.022119140625]",0.06121468544006348
"[4.518210411071777, 4.538210411071777, 4.558210411071777, 4.578210411071777, 4.598210411071777, 4.618210411071777, 4.6382104110717775, 4.658210411071777, 4.6782104110717775, 4.698210411071777, 4.7182104110717775]","[-0.0006701432873188972, 0.006458875788055381, 0.0007478863735424196, 0.002117972347037989, 0.0016740898885689423, -0.004953654815055419, -0.01584083987587863, -0.002026822074013703, 0.011079155280732597, 0.0009334863798213474, 0.0030320552617696026, 0.0018547888124123698, -0.00502854362014475, -0.018647183354586573, -0.0038246345541165187, 0.016188002966888427, 0.0011067281186018796, 0.004343429226679222, 0.001957195421870141, -0.004590508368710251, -0.021146146571429065, -0.0060537012084978786, 0.021186868776736544, 0.0010727705246056977, 0.005738680965733955, 0.0019811403801739736, -0.0036588745585481855, -0.02318325354236605, -0.008647588475036432, 0.025640523002847616, 0.0007206198581726734, 0.006979485403117729, 0.001943529321841408, -0.002359422931684095, -0.024682533686662594, -0.011506108677315016, 0.029205004779528372, -4.4185564858698116e-05, 0.007843396682347101, 0.001878678166230544, -0.0009292540254878121, -0.025705991830714776, -0.014369247363241563, 0.03198227565005621, -0.0009916355901151718, 0.008330851355160693, 0.0018061506104455035, 0.0005638815347585635, -0.026277789049450155, -0.01707957862290199, 0.03409820529543853, -0.001951671033380704, 0.00849572550991364, 0.0017352124998405178, 0.002066531873312185, -0.026440029244495025, -0.019558221423202647, 0.035685949720744826, -0.0028076432191411313, 0.008424609311840189, 0.0016678360166449493, 0.0035371451076425657, -0.026250290156326597, -0.021781839025048013, 0.03687244948275558, -0.003488278726519643, 0.008217922737478312, 0.0016013376133604638, 0.004942696591111752, -0.025774278914499384, -0.023761892015728203, 0.037768566043451766, -0.003958962878344637, 0.007974546763931141, 0.0015306414873739096, 0.006255152936629169, -0.025077516226513094]","[-0.5172440452556168, -0.12270399671543043, -0.4859875669116563, -0.17495242178433942, -0.4513119359492168, -0.20661078169353142, -0.41775497949884566, -0.2233996790058266, -0.38827666178588355, -0.2302259000123305, -0.3645421324945251, -0.23111550441424522, -0.3471867860352982, -0.2292098251389605, -0.3365881898296455, -0.22696964174357387, -0.3314963091223958, -0.2255111270367241, -0.3299481954357131, -0.22498171628668506]","[0.0036463244810560624, 0.01748820806289375, 0.00046127164813203336, 0.006255982616950373, 0.023907237095684764, 0.00044969599348432254, 0.009293073911876615, 0.02990377284814949, 0.00042711184476917907, 0.0126783452244692, 0.035256082670148015, 0.00039453337679518086, 0.016267303639452946, 0.039865172023766604, 0.00035993284506918855, 0.019860657976904506, 0.04386263052049477, 0.00034667319658332474, 0.02341242189088355, 0.047214407958154236, 0.0003441954138310166, 0.026888710904248603, 0.049895549323422994, 0.00034286960159146673, 0.030263538959232728, 0.05189536813710083, 0.0003348262660982648, 0.033513528883720056, 0.053218901164486354, 0.0003150406725129784, 0.03661233502310335, 0.053886041214683544, 0.0002817928502003575]","[0.027540309190750123, 0.08538135290145873, 0.016806811094284058, 0.009194926106929777, 0.033625772058963777, 0.0019439160823822021, -0.38935546875, -0.055078125, 0.027172690093517304, 0.08517522513866424, 0.016503244638442993, 0.009007469499111173, 0.03358245438337326, 0.0018607527017593384, -0.376171875, -0.048486328125, 0.026746703147888184, 0.08481482565402984, 0.016186505556106567, 0.00877607681751251, 0.03318158334493637, 0.0017156004905700684, -0.3750732421875, -0.0473876953125, 0.026278255343437196, 0.08435578048229217, 0.01588466763496399, 0.008427032017707822, 0.03273016756772995, 0.0015561580657958984, -0.3662841796875, -0.0429931640625, 0.025679481983184815, 0.08365778028964996, 0.015552014112472534, 0.008176781916618345, 0.03252758628129959, 0.0015214383602142334, -0.35419921875, -0.039697265625]",0.06102299690246582
"[4.598838806152344, 4.618838806152343, 4.638838806152344, 4.658838806152343, 4.678838806152344, 4.698838806152343, 4.718838806152344, 4.738838806152343, 4.758838806152344, 4.7788388061523435, 4.798838806152344]","[-0.005391949409356128, 0.02514231654599722, -0.0003740135381769649, 0.0005189884254280149, 0.007566738436915565, -0.006178379311683371, -0.023511698831149102, -0.006694302040674028, 0.02932374360274274, -0.0001507569039156511, 0.0012335485677959588, 0.0074192164185592395, -0.005385119897554811, -0.024082692315186675, -0.008418418453133928, 0.0334398021504762, -1.0093375423501067e-05, 0.0023696695511184816, 0.0071695364954635025, -0.004057597227220154, -0.024160611072933685, -0.010523140829927608, 0.03701133447028925, -8.203579312972376e-05, 0.003668923379474634, 0.006816234640969565, -0.002237890330275117, -0.023732317838089448, -0.012929359822318855, 0.03967705722080098, -0.0004518759200322064, 0.004888047433584217, 0.006386172268236745, -9.909952640634724e-05, -0.022947317076376917, -0.015580122369255378, 0.04124649919463026, -0.0012071738733885479, 0.005851288076901412, 0.00592141297946291, 0.0020536991269542587, -0.022033674670110748, -0.018244651325140984, 0.042080619978845865, -0.0020527073044331306, 0.006674347459282151, 0.0054401746300101195, 0.004132640451607856, -0.021056608118361485, -0.02078279662043669, 0.04244556208496654, -0.002796009042913203, 0.007446694019104119, 0.004953920388678493, 0.006071621767777714, -0.020076530033693148, -0.02312261650681557, 0.042528024750644655, -0.003328796462067973, 0.008231210647029821, 0.004469802734839376, 0.007824114371540064, -0.019147627706357005, -0.025239876831068302, 0.0424515233653439, -0.0036076502064781384, 0.009065779417375444, 0.003992615570837743, 0.009358939731944791, -0.018316135078754254, -0.027140223188800428, 0.04229234863722009, -0.0036355494307700937, 0.009966406418160047, 0.0035262914699456986, 0.010655354712553316, -0.01761895737888732]","[-0.5014056444618032, -0.14161932116046802, -0.4346481081816945, -0.19576416139832994, -0.38762209454417357, -0.22811401671447623, -0.356307961657728, -0.2450333360624851, -0.33684982470785035, -0.2518168358915592, -0.3257843681734743, -0.2526773305122549, -0.32017741661379845, -0.25080356687880145, -0.3177758101706006, -0.24863175211496136, -0.31697167963870915, -0.24723623017828517, -0.3168010756981191, -0.24673688001345198]","[0.01369709210847736, 0.05199388870718202, 0.00408279531846123, 0.01606634400979612, 0.056280715368439704, 0.00385394968478181, 0.0186219436547701, 0.0592660950686108, 0.0034836326479168456, 0.021337644381306253, 0.06083514012030067, 0.0030079152666839803, 0.024169328317056316, 0.06113813537891799, 0.0025034478749534905, 0.02696827280550007, 0.06058208205712523, 0.0020537724607025964, 0.029713436293269835, 0.05928732316637797, 0.0016583412950748055, 0.03239082848143049, 0.05737044891301801, 0.001324057805977663, 0.034990338799291365, 0.05494817269961416, 0.0010597380025854086, 0.0375019331441957, 0.05214015537368866, 0.000872523572063244, 0.03991191921563786, 0.04907014267641063, 0.000765229227926767]","[0.03036718612909317, 0.08281000852584838, 0.01785343885421753, 0.010687210345268247, 0.03159078007936478, 0.0022893697023391724, -0.4256103515625, -0.0759521484375, 0.030096461832523347, 0.08336191773414611, 0.01774519681930542, 0.010586679661273954, 0.03192796355485916, 0.002208217978477478, -0.4201171875, -0.07265625, 0.02980442887544632, 0.08386080861091613, 0.017680823802947998, 0.010338858449459074, 0.03200455552339554, 0.0021143555641174316, -0.3970458984375, -0.0583740234375, 0.029512172400951386, 0.08429362773895263, 0.017701327800750732, 0.010063946926593778, 0.0320605987906456, 0.0019909441471099854, -0.3970458984375, -0.0583740234375, 0.02910635417699814, 0.08463265895843505, 0.01773086190223694, 0.009819158101081846, 0.032313456594944, 0.001978158950805664, -0.3970458984375, -0.0583740234375]",0.06043720245361328
"[4.678172826766968, 4.698172826766967, 4.718172826766968, 4.738172826766967, 4.758172826766968, 4.778172826766967, 4.798172826766968, 4.8181728267669675, 4.838172826766968, 4.8581728267669675, 4.878172826766968]","[-0.009250862288409633, 0.03856483730740216, -0.0013087603180392498, -0.0016638353943615235, 0.01626779594138534, -0.0052712101764524405, -0.024801591414784663, -0.010638434567021487, 0.04229106460283869, -0.0008806884229288906, -0.00030748554164956773, 0.015485541987476596, -0.0037815845209846826, -0.02368949535324536, -0.012431441853321372, 0.0456242160874885, -0.0005622802557303021, 0.0015089698792528877, 0.01459557107660223, -0.0018206635456491274, -0.022265055326212875, -0.014574874353513304, 0.04818070837279726, -0.0004592936846918236, 0.003513335115582414, 0.01361213594424091, 0.0005191227471338616, -0.020652969356706026, -0.01703071475872467, 0.049763892912524005, -0.0006534570602426552, 0.00551684037277396, 0.012570560804467442, 0.0030060395200023522, -0.019045443897862495, -0.019697006255226992, 0.05035549146438543, -0.0011477670823317999, 0.007371786324446246, 0.011521319125205393, 0.005360432464079669, -0.01768894680382667, -0.02236511116863348, 0.05038579836182443, -0.0016567847225201068, 0.009187138361261915, 0.010488933845227588, 0.007496777370363294, -0.016634747522360428, -0.024907861177957437, 0.05013884672082433, -0.00201284264085848, 0.011013754636062141, 0.009491478855671814, 0.009356762797548367, -0.015914655443579614, -0.027259175952033015, 0.049786698864649315, -0.0021401526613025667, 0.012857675573965445, 0.008542040102046454, 0.01090676062529269, -0.015542287731252833, -0.02939575817771363, 0.049421441791408616, -0.00202941029346037, 0.01469367669877005, 0.007650006081432679, 0.012132616367740493, -0.015515499233456506, -0.03132135788403541, 0.04908318087941714, -0.0017147723321570992, 0.016477887552127087, 0.006822177995272972, 0.013033504407770773, -0.015819113167712624]","[-0.5010879152058714, -0.17295182870236753, -0.4337070364049563, -0.2243882835177677, -0.39402619343550926, -0.25446085919484557, -0.3736970604587513, -0.2696483302010614, -0.365795884211015, -0.2752324930897105, -0.36489799257560585, -0.27533882397648296, -0.3670339149090241, -0.2730357930029694, -0.3694372117979854, -0.2706635947968053, -0.37094820307659215, -0.26919864460034804, -0.37147838051429927, -0.26868588348836697]","[0.021946104246778564, 0.07504910418664856, 0.009650244348181403, 0.023777857433500138, 0.07600412708221604, 0.008589933717452869, 0.02572387795085973, 0.0753038555013501, 0.007429346206401455, 0.027819823147824163, 0.07308425594796697, 0.00628848652263736, 0.030003520207851686, 0.06970056589151552, 0.005283208762855374, 0.032191686665669295, 0.06567877327481764, 0.004495175375356375, 0.03438112835295426, 0.06124993484733654, 0.003908023255251081, 0.0365705428434866, 0.0566228349476825, 0.003506983712536993, 0.03875843815993063, 0.05198583305338822, 0.003271796819931616, 0.04094052558426098, 0.04750893432385128, 0.0031746690656691, 0.04310702422985857, 0.04334506094587187, 0.0031811490420112776]","[0.03276750987768173, 0.0758037507534027, 0.01744493842124939, 0.011681028389930723, 0.0274517143368721, 0.0025652796030044556, -0.4453857421875, -0.1045166015625, 0.032519971787929536, 0.07652520537376403, 0.01751813292503357, 0.011552148246765134, 0.0279329771399498, 0.002553790807723999, -0.444287109375, -0.1001220703125, 0.03226160055398941, 0.07724734544754028, 0.017581164836883545, 0.011502296411991117, 0.028428992092609406, 0.002556160092353821, -0.4431884765625, -0.0990234375, 0.03202315217256546, 0.07794284224510192, 0.017576903104782104, 0.011496641421318052, 0.028788467705249787, 0.0026892870664596558, -0.44208984375, -0.0979248046875, 0.03179055994749069, 0.07866832017898559, 0.01757514476776123, 0.01124666699171066, 0.029051383793354035, 0.002402663230895996, -0.42890625, -0.0814453125]",0.06630134582519531
"[4.758347272872925, 4.778347272872924, 4.798347272872925, 4.818347272872924, 4.838347272872925, 4.8583472728729244, 4.878347272872925, 4.8983472728729245, 4.918347272872925, 4.9383472728729245, 4.958347272872925]","[-0.013913399041439999, 0.05085990740746601, -0.00022093414382203381, 0.002038967175995542, 0.02252777668932113, -0.0040824400429423854, -0.02701404006648038, -0.015320434470798984, 0.05358978802185603, 8.48067882627532e-05, 0.0032814742321923217, 0.02125888032175031, -0.0022512725355803218, -0.02508087286713359, -0.017084787013638043, 0.05551102298122746, 0.0001530346437129253, 0.0047675442500501545, 0.019894485756056696, 5.516829842732324e-05, -0.022771203816698424, -0.019176912711502764, 0.056362747433696375, -0.00010800088433294728, 0.00630241162779969, 0.018455493309111858, 0.0026679716433021293, -0.020269856430830943, -0.021501666796152948, 0.056086524629586236, -0.000691481797062723, 0.007739582870238133, 0.016987170526520844, 0.005344753426910207, -0.017865926719686856, -0.023941155395270072, 0.05489093621031858, -0.001486228046549159, 0.009060252685819427, 0.015534914026538843, 0.007851929799927907, -0.015800639309016356, -0.02633279433356367, 0.053268938735542, -0.0022116362860420454, 0.0104226683009207, 0.014121055811194086, 0.010106363760853639, -0.014134051704319283, -0.028581544458558285, 0.051532375986553275, -0.0027112263799487697, 0.011899852651752082, 0.012762910056693872, 0.01205154573349007, -0.012901828806125174, -0.030641983304915864, 0.04985672054191765, -0.0029239294026441815, 0.013499779939506476, 0.011473515069605367, 0.013655749736842906, -0.012116952410379188, -0.03250258773717756, 0.04832223963839211, -0.0028563240728182505, 0.015185493346520355, 0.010262491131717606, 0.014907002389589816, -0.011773599963292677, -0.034172519307200756, 0.046949599087189646, -0.002557805232993889, 0.016893487325335563, 0.009136900897783733, 0.015806877642018036, -0.011851572092189535]","[-0.4276824481665308, -0.21094071930517083, -0.34899064453553563, -0.2548197138077889, -0.30521537274545135, -0.27934000201341225, -0.2852686850973519, -0.2906637415649399, -0.2801137806347396, -0.2937229427962302, -0.28277623551322173, -0.29229816640554107, -0.2882305018374949, -0.28914433717252336, -0.2929535947512753, -0.2863707984669276, -0.2956799196929192, -0.28475743736995635, -0.2966012950514352, -0.28421038274680865]","[0.028610662458598224, 0.08549464895207093, 0.013451085956283304, 0.030256664221485874, 0.08463300560444065, 0.011925837034297615, 0.031956184271819454, 0.08196187554267009, 0.0103623206441954, 0.033692439011719255, 0.0777276932761044, 0.008892754334951736, 0.03545236458143042, 0.07239552760526058, 0.007638478920028113, 0.037200485207236955, 0.06646599131528186, 0.006656066852487541, 0.038941398272384964, 0.060191426504166756, 0.005927262939971367, 0.04067991596164999, 0.05379853263708334, 0.00543313375482235, 0.04241946438602762, 0.04749157948491822, 0.005146084547766883, 0.04416013514605255, 0.04145550318694813, 0.005027900594960499, 0.04589675728956677, 0.035857828701129524, 0.005031355996764297]","[0.034594317734241486, 0.07155525088310241, 0.017203837633132935, 0.012481310153007505, 0.025527795612812043, 0.0028011351823806763, -0.45087890625, -0.1330810546875, 0.03431420570611954, 0.0720110923051834, 0.017205417156219482, 0.01235242255926132, 0.025754814803600312, 0.002772003412246704, -0.45087890625, -0.1308837890625, 0.034062465488910676, 0.07243753373622894, 0.01720881462097168, 0.012210667812824247, 0.026019831955432893, 0.0027535855770111084, -0.4453857421875, -0.1089111328125, 0.033845638692379, 0.07291581630706787, 0.017178505659103394, 0.012150951409339902, 0.02623956447839737, 0.0027316510677337646, -0.4453857421875, -0.1089111328125, 0.033670415937900544, 0.0733996421098709, 0.01715371012687683, 0.012088195168972013, 0.026387145578861237, 0.0026893913745880127, -0.4453857421875, -0.1089111328125]",0.06344461441040039
"[4.85870361328125, 4.87870361328125, 4.89870361328125, 4.91870361328125, 4.93870361328125, 4.95870361328125, 4.97870361328125, 4.99870361328125, 5.01870361328125, 5.03870361328125, 5.05870361328125]","[-0.018396561382614834, 0.05743722452766819, 0.0008979685085987445, 0.007307544755870613, 0.024536231544627217, -0.002136233860727386, -0.028000992487371878, -0.019783268375366668, 0.05914994414082316, 0.0010122675886802969, 0.008202527085617719, 0.023036789630055232, -0.00023985894918092702, -0.02592323412476953, -0.02150689544181705, 0.05967015329693414, 0.0006918055564532976, 0.009035468687068105, 0.02145972091709415, 0.0021269871890416884, -0.023306876885712167, -0.023479284216678407, 0.0588383669870728, -6.884453931245008e-05, 0.009658181135237925, 0.019829371276453824, 0.004806667183156523, -0.020387376296648736, -0.025586526867105143, 0.05679027433624494, -0.0011464720683956903, 0.010062440246202144, 0.018180993238536107, 0.007610648297685837, -0.017430975166351736, -0.027762463673820764, 0.05375063493920769, -0.0024510935042021077, 0.010276504830756173, 0.01655759982300998, 0.01028275001824166, -0.014714521473995682, -0.029862977221739577, 0.050285821845803075, -0.003672936127915923, 0.010531582452328346, 0.014978064472520248, 0.012736933338483272, -0.012315072781494869, -0.03180838595502777, 0.04675956772055468, -0.004633831333905124, 0.01095824298351037, 0.013457267291124998, 0.01491166589659321, -0.010287775286452023, -0.03356544072680006, 0.04338122377591013, -0.005257693815517327, 0.011607239802952037, 0.012006657828333461, 0.016768747342360633, -0.008666775821388868, -0.03513167310413321, 0.040250328769101014, -0.005541862577995911, 0.012470637422577978, 0.010635035372168462, 0.01828870616433926, -0.007468272480052923, -0.03652240246927959, 0.03739555993219161, -0.0055313279397825165, 0.013501594333033233, 0.00934935725106027, 0.019464875749019117, -0.00669429700386494]","[-0.3297806592988941, -0.2438469828566332, -0.22886676665322703, -0.28591507183072784, -0.1690446111629575, -0.308728574441059, -0.1380457793645308, -0.3185582702518882, -0.1257361908209266, -0.32039304228024434, -0.12414264830535224, -0.31802846300726234, -0.127349293603059, -0.31420604695503657, -0.13106999177053075, -0.31103253760005367, -0.13344787352664886, -0.30923011689493435, -0.13429314028661626, -0.30862630534085617]","[0.03317835990810725, 0.08418083927906883, 0.014446019480771177, 0.034846341467437814, 0.08250964491177237, 0.012909685012233219, 0.036483036355964504, 0.079073443260401, 0.011364533703479118, 0.038107260589002934, 0.0741241358021254, 0.009915545553345506, 0.039741343970772336, 0.06801832175513223, 0.008646463665086479, 0.04133428936436068, 0.061263964716324004, 0.0076194122212185356, 0.042887312625422336, 0.054085794478309523, 0.006827390745510087, 0.044404187332483414, 0.046684396909525194, 0.006264682228067642, 0.04588890974362503, 0.03924405930469188, 0.005917746589859441, 0.04734310456293889, 0.03193901604160132, 0.005761486055506637, 0.048763809011116654, 0.024936885934145003, 0.005758618968624951]","[0.03752169555425644, 0.06924425959587097, 0.01747608184814453, 0.01374889233112335, 0.024650698363780976, 0.0028929710388183594, -0.4431884765625, -0.160546875, 0.037235980689525605, 0.06939961910247802, 0.01731818914413452, 0.013734557414054868, 0.02464037185907364, 0.002883315086364746, -0.4453857421875, -0.15615234375, 0.036904429852962495, 0.0695919781923294, 0.01721125841140747, 0.01362740316390991, 0.02462050861120224, 0.0028654485940933228, -0.448681640625, -0.14736328125, 0.03655259853601456, 0.06982524096965789, 0.01717132329940796, 0.013388075613975522, 0.02473351901769638, 0.00287841260433197, -0.4497802734375, -0.13857421875, 0.03614967113733292, 0.07010706663131713, 0.017163187265396118, 0.01322999664545059, 0.02488749271631241, 0.002866968512535095, -0.4497802734375, -0.13857421875]",0.06400585174560547
"[4.938787460327148, 4.958787460327148, 4.9787874603271485, 4.998787460327148, 5.0187874603271485, 5.038787460327148, 5.0587874603271485, 5.078787460327148, 5.098787460327149, 5.118787460327148, 5.138787460327149]","[-0.02221260767598674, 0.060466817207616055, 0.0014839416290384308, 0.012546818699186267, 0.023718258560832567, -0.0006124155185138714, -0.028964420343149087, -0.023585176506448303, 0.06119465762985154, 0.0012246350822384927, 0.01284740062071655, 0.02221234410259419, 0.0012349224017250548, -0.027053927594747493, -0.02519945760176168, 0.060467659271496776, 0.00043335296748439427, 0.012776048662679012, 0.020647714298221452, 0.00356712440899493, -0.024421594528456957, -0.02694465109876694, 0.05829599056309774, -0.0007785142569255291, 0.012327554431385723, 0.019030334660133374, 0.006310099177993097, -0.021216139217337917, -0.02875464630633306, 0.054811362119026784, -0.002299733415786555, 0.011558060651087696, 0.017384578012240335, 0.009285871845316363, -0.017688997204200058, -0.030594549905595073, 0.050131331452384215, -0.004100403814499297, 0.010462408593596071, 0.015759703489750542, 0.012188399907334998, -0.014226096317948458, -0.032333532916197026, 0.04493053881981334, -0.005822316396166538, 0.009373907570666707, 0.014170990277730259, 0.014923181643771943, -0.010930311452616701, -0.03390523953212841, 0.03965379340314817, -0.0072510557980602465, 0.008507206662773012, 0.012630905915562426, 0.017418395431356988, -0.00788662047958747, -0.03528863486429075, 0.03456739055706806, -0.008285440958870374, 0.00797844561773164, 0.011149645053964617, 0.019624461216248695, -0.005161773962520401, -0.03649144431524871, 0.029807237376181673, -0.008907439361324392, 0.00782659070891063, 0.00973594158555517, 0.021509871102505043, -0.00280603481177938, -0.03753660549270606, 0.025421785877683407, -0.009154761317420457, 0.008034312089697744, 0.008397891923562842, 0.023055514034686624, -0.0008559406760508281]","[-0.23797895866916047, -0.26532118979771646, -0.10583264898297813, -0.30695714926067336, -0.022855051921112392, -0.32869459860329814, 0.024492081258712068, -0.33716780497006216, 0.047650657175093675, -0.33763559732393, 0.05587402335336765, -0.33407306854810226, 0.05628520200267756, -0.32932273414672886, 0.05424016278422793, -0.32556341533774114, 0.05247322752541132, -0.32347383651593314, 0.05176984488855499, -0.3227816673215194]","[0.03550109692531023, 0.07890908244515504, 0.013872056963199153, 0.03724258213100473, 0.0773313846353707, 0.01254198633031578, 0.038932423671678595, 0.07407720877269419, 0.011186631529453983, 0.04060710799719658, 0.06919171025819226, 0.009854822502841643, 0.04226441597023345, 0.06292414750237718, 0.00862360457383815, 0.0438475255384585, 0.05584919144307143, 0.007585771305225197, 0.04534486367917978, 0.04815889934476569, 0.00675014522643913, 0.04675167334096875, 0.04002162602369186, 0.006130641078450516, 0.048066694416042166, 0.03159639520147772, 0.005736340937733342, 0.04928847727531238, 0.023044289172060584, 0.005565678542397201, 0.05041254829481101, 0.014534922638188785, 0.005602433294992437]","[0.04105628079175949, 0.06706703603267669, 0.017885178327560425, 0.014799580657482145, 0.0237033868432045, 0.0028649568557739258, -0.4069334030151367, -0.1924072265625, 0.0406847203373909, 0.06738498210906982, 0.017878413200378418, 0.014775194907188413, 0.023904627025127412, 0.0028998106718063354, -0.4168212890625, -0.1858154296875, 0.040310581982135774, 0.06765238344669341, 0.01783129572868347, 0.01466209509372711, 0.024074306547641755, 0.0029056817293167114, -0.4190185546875, -0.184716796875, 0.03990538960695267, 0.06793872416019439, 0.01772773265838623, 0.014498361134529111, 0.024238502442836762, 0.0029137879610061646, -0.4278076171875, -0.1792236328125, 0.03946219927072525, 0.06819433867931365, 0.01766836643218994, 0.014201492750644681, 0.024375965654850007, 0.0029043108224868774, -0.431103515625, -0.175927734375]",0.08251714706420898
"[5.038839340209961, 5.0588393402099605, 5.078839340209961, 5.0988393402099605, 5.118839340209961, 5.138839340209961, 5.158839340209961, 5.178839340209961, 5.198839340209961, 5.218839340209961, 5.238839340209961]","[-0.02649211701463351, 0.06139778745461126, 0.001045383077737682, 0.01681679479512442, 0.0224388202949724, 0.0013955973211387082, -0.030543818191826683, -0.027792827995170168, 0.06128418163703893, 0.0004951785837021416, 0.016342545281416387, 0.021000251636186025, 0.0031451567871311264, -0.028928515093290492, -0.02922380945979993, 0.059625098451661286, -0.0005737025462944775, 0.015316106021854299, 0.01949630007408936, 0.0054664281808104185, -0.026192538313952685, -0.030704922089463772, 0.056370840475492, -0.002073376236782688, 0.01379178081753687, 0.017911391150788474, 0.00831993927498655, -0.022354466888146834, -0.03218855667916165, 0.051504515583594104, -0.003955660195349125, 0.011814193314761953, 0.016265882231484907, 0.011505297843390744, -0.017697765347329694, -0.03356632981451323, 0.04492001693782136, -0.00622746655967075, 0.009212960542781354, 0.014636456308947735, 0.014675625516958137, -0.012904979468239356, -0.03476233185421713, 0.03753095585481049, -0.008458377497517107, 0.006516169869401104, 0.013033433210177454, 0.01772954015454473, -0.008123609945750806, -0.03575415040933638, 0.02995607916720131, -0.010381390584945801, 0.004089264902952374, 0.011467067025821799, 0.020584727164129294, -0.0034840409435496138, -0.036553551782175266, 0.022580751042816753, -0.011859558028915466, 0.0021578917874523697, 0.009947673125444768, 0.023178731846672646, 0.0009017067934742124, -0.03719064367658079, 0.015615567603492834, -0.012853009394018644, 0.0008333628134497233, 0.00848613986946517, 0.02546589337337746, 0.004938838114569972, -0.03770178193752725, 0.009149719782444301, -0.013388727262116549, 0.00013870661343979494, 0.007094516772347352, 0.027412574037547068, 0.008547131243169614]","[-0.15506780360849526, -0.2891689283215204, 0.03790671619719635, -0.3262873381708461, 0.16411690595239517, -0.3441511184463932, 0.24061164147526368, -0.34957922296740634, 0.28213038607355556, -0.3478567103749598, 0.30089148452901865, -0.34287175973957873, 0.30659681510053616, -0.3373060607813682, 0.3067565228149042, -0.33315515943263985, 0.305682000863937, -0.33091909411524906, 0.3051078397337051, -0.3301923751150192]","[0.038539034201068745, 0.07347015611787944, 0.013316815538797044, 0.04063812745878859, 0.07245853857965523, 0.01220239411690649, 0.04262975758528054, 0.06960356328890649, 0.010995748964132357, 0.04445235132604708, 0.06470031796353215, 0.009710471533015408, 0.046033638140140276, 0.057914648057581175, 0.008434468541345108, 0.047432608608385385, 0.05003566590723452, 0.007327635596165116, 0.0486277649889677, 0.041253734016772015, 0.006412585959771455, 0.049610072469627564, 0.03172371328950563, 0.00572526022826203, 0.050378775249775964, 0.021590056214541686, 0.005303064395315804, 0.050936239351214496, 0.011008557373757277, 0.005176523325188143, 0.0512844468590401, 0.00016014054009350076, 0.005360600006987237]","[0.04572088068723679, 0.06047896444797515, 0.016307413578033447, 0.016819619321823118, 0.021509384572505952, 0.002697080373764038, -0.3377197265625, -0.2209716796875, 0.04518737441301346, 0.06133095324039459, 0.016644835472106934, 0.01666673340797424, 0.021465180277824403, 0.0027058273553848267, -0.3509033203125, -0.2165771484375, 0.04473829811811447, 0.06215899586677551, 0.01698201894760132, 0.016364768826961515, 0.021469941198825837, 0.002703726291656494, -0.35419921875, -0.215478515625, 0.044334029614925385, 0.06291165351867675, 0.017226308584213257, 0.01618523963689804, 0.021814068615436555, 0.0027317851781845093, -0.3728759765625, -0.20888671875, 0.04389460927248001, 0.0636052131652832, 0.017328351736068726, 0.016021013939380643, 0.022473951637744904, 0.0027947425842285156, -0.3882568359375, -0.2011962890625]",0.0622711181640625
"[5.118623495101929, 5.138623495101928, 5.158623495101929, 5.178623495101928, 5.198623495101929, 5.218623495101928, 5.238623495101929, 5.258623495101928, 5.278623495101929, 5.298623495101928, 5.318623495101929]","[-0.03055747831618493, 0.060653889701903795, -0.0007237231488303877, 0.01835728555415236, 0.021923470428484054, 0.003507819589126256, -0.031476905194180275, -0.031698311667601065, 0.05973185615055115, -0.001463707182410206, 0.017183186793363527, 0.020482796119663662, 0.005413209590686326, -0.029527396389180737, -0.03288248214161997, 0.05720243113417465, -0.002659062146480776, 0.015429969211748181, 0.018955276778436954, 0.007913254879649088, -0.026096252307623656, -0.03404382540279934, 0.052913060943140466, -0.004279672309666083, 0.013141627335247081, 0.017327637942493222, 0.010922218104114931, -0.02125249580619632, -0.03505884210395192, 0.046661080350009244, -0.006314010210959515, 0.010197978766239341, 0.015649438819455287, 0.014197690852621403, -0.015561602084668145, -0.0358507888832575, 0.03861974323405836, -0.008668149467276832, 0.006625609362354901, 0.013989434184216734, 0.017433988521352525, -0.009708204602137524, -0.03641063982883219, 0.029803981649631966, -0.010916489479247102, 0.0030497102335096276, 0.012355807841248442, 0.02053116837157708, -0.003867933614602763, -0.03676308266206354, 0.020892146341985142, -0.012802337388352427, -0.0001026794837667729, 0.010758988775215755, 0.02340679971538704, 0.0018042861652094863, -0.036949698319111886, 0.012297142679565314, -0.014202068068351354, -0.0025743064350775796, 0.00921117119323626, 0.025997761719817974, 0.007176137013147946, -0.03701639459662165, 0.0042344905537488224, -0.015090074686034727, -0.004245896825495012, 0.00772642832744118, 0.028257870230063827, 0.012135675888782697, -0.03700498496268764, -0.0032156593796720976, -0.01550698854728019, -0.005103752479068231, 0.006320955324926339, 0.03015358354769743, 0.016586813178139787]","[-0.03586553519349979, -0.3047280427658746, 0.1783270312966881, -0.33064355443217625, 0.31591810705138124, -0.3405745448419386, 0.3969465239811016, -0.3408067213381086, 0.4386478621417677, -0.33602781914776214, 0.4552495731200683, -0.3295190420971878, 0.4580059608835427, -0.3233919120841711, 0.455775226920865, -0.3191459662619131, 0.4533410230689746, -0.316957802567367, 0.45230689017834913, -0.3162679405589385]","[0.041939653396387166, 0.07092281319179028, 0.013289225384965242, 0.0442554092193197, 0.06974496343643644, 0.012199460868725254, 0.04631749224155168, 0.06636984008434244, 0.010962352721027191, 0.04798639502869473, 0.06059080319291654, 0.00960504064243306, 0.04929607747874831, 0.05283012919820118, 0.008278134938349613, 0.05032109632220072, 0.04385087233528706, 0.007134266025938807, 0.05103732795994276, 0.03385338893275147, 0.006208668376110893, 0.051436197375555937, 0.022996564569233158, 0.005553183505519144, 0.051519233052889746, 0.011429933338801046, 0.005223003522385916, 0.05129271483737763, -0.0006788317030808066, 0.0052657431320199954, 0.050765234889939004, -0.01312684946523568, 0.005709102641806574]","[0.04945739156007767, 0.0477893590927124, 0.013989239931106567, 0.018746488475799558, 0.015789439737796784, 0.0024204999208450317, -0.3245361328125, -0.224267578125, 0.04905675894021988, 0.04990158379077911, 0.0143604576587677, 0.01853104748725891, 0.017065068542957307, 0.002485215663909912, -0.3245361328125, -0.224267578125, 0.04846454209089279, 0.052103677392005915, 0.014553368091583252, 0.018330291593074796, 0.018374157905578614, 0.0025123804807662964, -0.3245361328125, -0.224267578125, 0.04795677012205124, 0.05428546071052551, 0.014842450618743896, 0.018092327499389646, 0.019660083413124085, 0.0025679320096969604, -0.3245361328125, -0.224267578125, 0.04734567350149155, 0.0562141478061676, 0.015218406915664673, 0.017758474433422086, 0.020728779792785645, 0.002617195248603821, -0.325634765625, -0.224267578125]",0.06149148941040039
"[5.191040515899658, 5.211040515899658, 5.231040515899658, 5.251040515899658, 5.271040515899658, 5.291040515899658, 5.311040515899658, 5.331040515899658, 5.351040515899658, 5.371040515899658, 5.391040515899658]","[-0.033887806606309655, 0.057958981651431506, -0.0033729057445607414, 0.017782558417447074, 0.021871608862219272, 0.006038640884852936, -0.030686042827395052, -0.03489029895613, 0.056281419963221495, -0.00418624874691487, 0.016195511471491474, 0.020338923940054487, 0.008313813190974415, -0.02800314739301394, -0.03587590928302774, 0.052884654787537386, -0.005408029183252015, 0.014037276071008695, 0.01870643593883805, 0.011096693656288277, -0.02366118957906153, -0.036696500378819503, 0.047462163754884705, -0.007042060753834579, 0.011185616927228895, 0.016995867226243556, 0.014225491992501584, -0.018008867077571756, -0.037255025700766185, 0.04011726603810658, -0.008980207973709168, 0.007718468285081019, 0.015251313418986374, 0.017477783879201163, -0.011588090501006726, -0.037482576987503624, 0.031158876977787082, -0.011079841972596045, 0.003747608466946818, 0.013539997800904776, 0.020596510151816124, -0.00509092906443289, -0.03743466748858164, 0.021613711162072613, -0.012966308970356713, -7.48687642912006e-05, 0.011869850130907711, 0.023491913639642394, 0.0012963896998396817, -0.037180398780850346, 0.012149238174643497, -0.01443104086565144, -0.0033189592477914326, 0.010251978342914823, 0.026092630712958302, 0.007413408500132985, -0.03678860575969323, 0.0031530125054409514, -0.01539311124633719, -0.005742241891051774, 0.008699751406162273, 0.028347776517362033, 0.013127786888111809, -0.03631886888210584, -0.005191822374975642, -0.01586238704209845, -0.00725174193667759, 0.007228641925928316, 0.030224410825791425, 0.018331394342388636, -0.03581692673493211, -0.012838287663215828, -0.015906825608365267, -0.007865788131461203, 0.005856202202914659, 0.0317029388832317, 0.022933351131575356]","[0.08787045973856072, -0.3166689768111275, 0.29880884049896284, -0.32813154844716624, 0.42914398683769894, -0.32774360604590186, 0.5011342915027274, -0.32109076342951925, 0.5336487288611205, -0.3121063920364259, 0.5420372769207518, -0.30332939207264753, 0.5382506510130214, -0.2961895798680871, 0.5317974510327628, -0.291610037988537, 0.5272559749208907, -0.2893673705998921, 0.5255649195980553, -0.28868573542217835]","[0.04473945568528892, 0.0685941874231566, 0.013436111158601882, 0.04714667622184132, 0.06638072990043575, 0.012242848334790057, 0.04912488251228564, 0.06168929640237497, 0.010893064666958274, 0.05061236670136027, 0.05462952593000292, 0.00948683051397392, 0.05161722505639754, 0.045631032820302675, 0.008161293429836292, 0.052250353438296315, 0.03544724833627644, 0.007069077841751259, 0.05248937860802094, 0.02429404255046208, 0.00625166539740718, 0.05232728614850046, 0.012345603098441238, 0.005765652911572605, 0.05176658343123086, -0.00023117148771634177, 0.005667143188864188, 0.05081521301908776, -0.01324859475226603, 0.005998528962287253, 0.04948632427017996, -0.026481858430273064, 0.006774859879668416]","[0.05371204560995102, 0.02431012094020843, 0.010998815298080444, 0.02085275270938873, 0.008177948951721192, 0.002202332019805908, -0.193798828125, -0.2627197265625, 0.052713891327381135, 0.026811504364013666, 0.011360615491867065, 0.020576537334918973, 0.008586814463138581, 0.002199321985244751, -0.193798828125, -0.2627197265625, 0.05259718543291092, 0.02935341894626617, 0.011654973030090332, 0.020342827522754667, 0.009285701274871827, 0.0022142380475997925, -0.20478515625, -0.2605224609375, 0.05249466544389725, 0.031978347897529596, 0.012047141790390015, 0.020277843558788297, 0.009644811809062959, 0.0022318214178085327, -0.23005352020263672, -0.255029296875, 0.05212115293741226, 0.0344742476940155, 0.012427598237991333, 0.020104937934875486, 0.011067462921142579, 0.002307713031768799, -0.235546875, -0.2539306640625]",0.0696566104888916
"[5.298565149307251, 5.3185651493072506, 5.338565149307251, 5.358565149307251, 5.378565149307251, 5.398565149307251, 5.418565149307251, 5.438565149307251, 5.458565149307251, 5.478565149307251, 5.498565149307251]","[-0.03703376264498916, 0.04889715211804312, -0.006889286946747978, 0.013567827453491655, 0.02040949084202027, 0.010315820471904807, -0.026306897933016694, -0.03787430807781102, 0.046875535739459975, -0.007442620622025156, 0.012187437252587864, 0.018795548445654536, 0.01270341823013433, -0.022703538859880804, -0.038555841044117745, 0.04290830173516319, -0.008401932363733284, 0.010119575766421127, 0.0171145273241839, 0.015353855094174185, -0.017725339521696613, -0.038957361597213185, 0.037030483091313966, -0.009674858350026771, 0.007433236561097562, 0.015388154369177448, 0.018123986020492085, -0.011694951843515426, -0.03899312288769605, 0.029508074391674258, -0.01110787236865702, 0.0042867470993176, 0.013659604566519386, 0.020855647853719367, -0.0051303590407571565, -0.03863086793837364, 0.02068499247851554, -0.012576095549195525, 0.0008061208549343209, 0.011993079900666696, 0.02336297913346853, 0.0013050616031902399, -0.03799803618306682, 0.011510263949197765, -0.013801172965819711, -0.00240182283125114, 0.010395127259447618, 0.025584032466143474, 0.007441383167912712, -0.03720485993211821, 0.002580359327961643, -0.014645562577312154, -0.004959675583823737, 0.008875438283223128, 0.027473127923062297, 0.013140447763171612, -0.03633784911835734, -0.0057786839686467025, -0.01507634289167282, -0.006679205013378536, 0.007445549290806917, 0.02900269693989706, 0.01829781588385876, -0.03545810546704537, -0.013433954537560338, -0.015131570514106836, -0.007518072340236895, 0.006118316635403504, 0.030161134764390835, 0.022836605652057376, -0.03460341457002857, -0.020376714073657917, -0.014891252393332825, -0.007537739570954452, 0.0049075986429370335, 0.03094886592007401, 0.026697792346733928]","[0.18537011094206127, -0.3138790906031438, 0.37250050238419435, -0.3101434144144839, 0.48195094522699544, -0.3011223580458079, 0.5366045577385445, -0.2905108031061535, 0.5555069273966433, -0.2806054905509409, 0.5538516107246749, -0.27260159427553454, 0.5432020088279652, -0.2668863361053792, 0.5327690949050684, -0.2635368012569112, 0.5263939593238652, -0.2620112678913974, 0.5241637906792007, -0.261575228340475]","[0.04962876624574797, 0.060327682566725827, 0.012743911270224118, 0.05164458856546705, 0.05637765309593146, 0.011448990962528605, 0.053090062348528866, 0.050158935855089126, 0.010110545897541456, 0.05388692418659824, 0.04184179161634827, 0.008816356401749825, 0.05408587156950295, 0.03185867415327559, 0.007692068952030784, 0.053854732321300336, 0.020940052777682183, 0.006867652716620931, 0.05319375512395608, 0.009317222034505246, 0.006373067907599506, 0.052112387729180254, -0.002817308196600088, 0.006245752608494026, 0.050625350027419636, -0.015280396615138692, 0.006513801074133685, 0.04875178621877385, -0.02787528175147269, 0.007184157186464368, 0.04651824316703079, -0.04037903673783649, 0.008233209264466801]","[0.05598705059289932, -0.0037128314375877436, 0.010664373636245728, 0.02260753580331802, -0.0030736645460128775, 0.002502426505088806, -0.075146484375, -0.2802978515625, 0.05610642379522324, -0.001627041399478918, 0.01052132248878479, 0.02289011397361755, -0.003458218812942504, 0.0025918930768966675, -0.0861328125, -0.27919921875, 0.056010177195072175, 0.0006330028176307623, 0.010865926742553711, 0.02290885963439941, -0.003428088665008544, 0.002692893147468567, -0.101513671875, -0.2781005859375, 0.055714523255825044, 0.0030014231801032965, 0.011027753353118896, 0.022798702800273893, -0.00226608121395111, 0.0027535557746887207, -0.1388671875, -0.27260723114013674, 0.055433830082416535, 0.005833254754543299, 0.010936439037322998, 0.022469647908210752, -0.0007001777887344351, 0.0026256442070007324, -0.1465576171875, -0.27150859832763674]",0.07535934448242188
"[5.389340400695801, 5.4093404006958, 5.429340400695801, 5.4493404006958, 5.469340400695801, 5.4893404006958, 5.509340400695801, 5.5293404006958005, 5.549340400695801, 5.5693404006958005, 5.589340400695801]","[-0.038330286062706755, 0.04131358442304251, -0.006444824284559765, 0.012306471920175295, 0.016572127739325697, 0.013641213709926594, -0.02197385929730272, -0.0391076865386661, 0.038327883205279134, -0.007159141118708872, 0.010671660140647583, 0.015064092299647744, 0.01561283602842888, -0.0180761379268002, -0.03961044570187633, 0.03345720120978125, -0.008291755047962254, 0.008316235812699796, 0.013522680945718492, 0.017725044731808394, -0.012948224916670664, -0.03973353824607359, 0.026894385111371807, -0.009694455183539532, 0.005402857177816693, 0.011969441791282823, 0.01987997802575381, -0.006913342943048503, -0.03943383901186454, 0.018933979122142754, -0.011230408827787806, 0.0021099873701950498, 0.010446224236468906, 0.02195570967871483, -0.0004957566309378476, -0.03870527779954084, 0.010005491184813423, -0.01273592689372142, -0.001367171578627334, 0.009003481509424769, 0.023856167512581766, 0.0057162481134671395, -0.037735524051858205, 0.0009520158860081517, -0.014006023837564151, -0.0044654209070273745, 0.007641512328615367, 0.02554280125298416, 0.011568935922744453, -0.03666447325643973, -0.007711630790067448, -0.014944680327690484, -0.0068482542810695875, 0.0063648813900169824, 0.02698519796576909, 0.016940854683525332, -0.03558622970115728, -0.01572029660116311, -0.015535373652475617, -0.008363829345826202, 0.005180867194312009, 0.02816367331183769, 0.021744980426057377, -0.034555461583041854, -0.022984719019095365, -0.01581439124503332, -0.009000142523206708, 0.004098691291989769, 0.029068973257068052, 0.02592138758832102, -0.033596489711743414, -0.029525979347146788, -0.01584826444997817, -0.008841977066110725, 0.003128992203902956, 0.029700457810192003, 0.029426006468762273]","[0.29893473566194856, -0.3141268214317987, 0.46204619876894965, -0.30027566203101835, 0.5530064717913687, -0.2874453676557188, 0.5939196893690631, -0.2770616448955093, 0.603002450021634, -0.2695868536202863, 0.5946456012880825, -0.26482183351494315, 0.579683488918618, -0.26217416144472994, 0.566849183379394, -0.2609765547874764, 0.5593967412998042, -0.26057696794272467, 0.5568547915551163, -0.2605019995059635]","[0.054190382743184884, 0.045885119662854024, 0.010743423525834572, 0.05566679970993382, 0.041198906506425104, 0.009695600570847507, 0.056382985411735476, 0.03460074023907689, 0.008639414144624435, 0.05630460138394544, 0.02625578229226111, 0.0076463779031437085, 0.05552776593724196, 0.01660218354506071, 0.006823439728668834, 0.05428382128063647, 0.0062291396003644195, 0.006271642095553531, 0.05260809007913192, -0.00467846259924265, 0.006022273556975488, 0.050539253167424913, -0.015968271907238485, 0.0061083911714292505, 0.04811586267285639, -0.02749209147242615, 0.0065522056155327135, 0.04537737379295148, -0.03908477014563427, 0.007355941730651239, 0.04236923830697137, -0.05055319525934143, 0.008494295013650177]","[0.05624895340204239, -0.020875720679759985, 0.011761009693145752, 0.022927396678924558, -0.010209122836589812, 0.0029339492321014404, -0.0037353515625, -0.2890869140625, 0.05632970279455185, -0.018676346540451055, 0.011766761541366577, 0.02285894819498062, -0.009372020304203033, 0.0029134750366210938, -0.01142578125, -0.28798828125, 0.05620101636648178, -0.016272841393947607, 0.01173710823059082, 0.022661276841163633, -0.007799508213996886, 0.002808019518852234, -0.0333984375, -0.285791015625, 0.05615725165605545, -0.013538113236427313, 0.011653006076812744, 0.02235615321397781, -0.006062450051307677, 0.002630457282066345, -0.04548320770263672, -0.285791015625, 0.056154599249362946, -0.010770595073699957, 0.01151987910270691, 0.02218957313299179, -0.004426205694675445, 0.0025502294301986694, -0.061962890625, -0.28359375]",0.06958842277526855
"[5.457557678222656, 5.477557678222656, 5.497557678222656, 5.517557678222656, 5.537557678222656, 5.557557678222656, 5.577557678222656, 5.597557678222656, 5.617557678222656, 5.637557678222656, 5.657557678222656]","[-0.0402363284099068, 0.028764152388496007, -0.008573378009725532, 0.009532482111608502, 0.012745329819382185, 0.018248191740085244, -0.015237678254053741, -0.04075360330380216, 0.025230410752921133, -0.009074101791531841, 0.007995076839990305, 0.011362452519621528, 0.019789657722351937, -0.011319488907797397, -0.040896292699538574, 0.02017847701510131, -0.009858854935355574, 0.005862227459190962, 0.010004001489124713, 0.02120250771317559, -0.006594151671522155, -0.04059532181764226, 0.013905668147911, -0.010792403025896576, 0.0033211425029078053, 0.008697398222870259, 0.022400749717015448, -0.001408460490367454, -0.03982819263834703, 0.006844055713052788, -0.011703624682162607, 0.0006174131820465867, 0.007468238654308071, 0.023367771330188077, 0.0038358290670901874, -0.0386456977965878, -0.000556262907775019, -0.012453208650687853, -0.0020095170518669467, 0.006337553252860659, 0.02412837262062503, 0.008751812732746467, -0.03727672487317821, -0.007744266402861737, -0.012989653372206885, -0.0041694592381853095, 0.005296065560273183, 0.02468811000530883, 0.013229555590974598, -0.03587770791886092, -0.014408661024316137, -0.013313776745296102, -0.00565404112949396, 0.004339486949325691, 0.0250534756374444, 0.017189901957496926, -0.03454239333064141, -0.02041650070535269, -0.013459912657164832, -0.00639937955409558, 0.003467101586011113, 0.02523376085438218, 0.02058609104107183, -0.03331509917218702, -0.025756146174477166, -0.013480228448695997, -0.006446890014349412, 0.00268083744042881, 0.02524184442779088, 0.023395890952533246, -0.03220550637841817, -0.030487206579422683, -0.013432509599695497, -0.005906382700223665, 0.001984477122448017, 0.025094315755124618, 0.025610070510902257]","[0.35077253971525674, -0.29401382544863897, 0.4508792260674743, -0.2662811517177075, 0.4991861840977487, -0.24705671528691017, 0.5129683589323185, -0.2351741277649945, 0.5061870329601423, -0.22902819445742864, 0.4896359751839278, -0.22685283474859474, 0.47121871126414067, -0.22694008361221038, 0.45732634669492694, -0.22775328065659842, 0.44972885650323, -0.22843431205288717, 0.4472202719534314, -0.2287115470276295]","[0.05691177306215445, 0.027551094111611274, 0.009146543278202746, 0.057883737073614494, 0.021989514550892153, 0.00838914964325399, 0.058009970196981175, 0.01514893019733421, 0.007689112858429326, 0.057287325561873104, 0.007315482118655847, 0.00709215902872895, 0.055857309201714056, -0.0011775247780878573, 0.00665512634737464, 0.053955392397772695, -0.009980393986463554, 0.006427242466239047, 0.05163626690294443, -0.01895111744484268, 0.006418288742378486, 0.048952095723350464, -0.027966201934080726, 0.006634022638269066, 0.04595226726138657, -0.0369049154360237, 0.007069443213318483, 0.042687512068610545, -0.045638487530291094, 0.007705031306787902, 0.03921674120327712, -0.05402495882634417, 0.008504738016695157]","[0.054748734295368195, -0.04301640242338181, 0.014919102191925049, 0.022477627480030057, -0.018951075315475463, 0.003887578845024109, 0.0643798828125, -0.2923828125, 0.0549160892367363, -0.04160411134362221, 0.014612257480621338, 0.02251964130401611, -0.0183992480635643, 0.0037971585988998413, 0.061083984375, -0.2923828125, 0.055118387401103974, -0.03992862477898598, 0.01435205340385437, 0.02256173708438873, -0.017748559057712554, 0.003726065158843994, 0.061083984375, -0.2923828125, 0.05530232733488083, -0.03807091563940049, 0.014064103364944458, 0.022600822830200193, -0.016939433455467223, 0.00366973876953125, 0.0599853515625, -0.2923828125, 0.0555053705573082, -0.03604372441768647, 0.013761311769485474, 0.022631802344322202, -0.01592257821559906, 0.003564000129699707, 0.0599853515625, -0.2923828125]",0.06970071792602539
"[5.538043022155762, 5.558043022155761, 5.578043022155762, 5.598043022155761, 5.618043022155762, 5.638043022155761, 5.658043022155762, 5.678043022155761, 5.698043022155762, 5.718043022155761, 5.738043022155762]","[-0.04081044435333152, 0.018768274498121965, -0.006841167069893942, 0.010397359960223892, 0.009212599086284282, 0.02144045455593039, -0.009988343835781038, -0.04111135419052974, 0.014428716116717212, -0.007438080446409764, 0.008530258632638128, 0.008012616432080328, 0.022051850625624148, -0.006625772731897785, -0.04095609111019076, 0.008905262905868518, -0.008319914320545308, 0.006074351107932909, 0.0068945659297103105, 0.022401260157939275, -0.0026924829630082534, -0.04029867537593271, 0.0026122116634847738, -0.00930975333847607, 0.0032934649611081543, 0.005872475403378494, 0.02248907480047118, 0.001531484823355356, -0.03917809759829181, -0.0040158419630522075, -0.010263145961070485, 0.00047193788160441715, 0.004950811705051937, 0.022377925077162523, 0.005757362626345943, -0.03766894362803901, -0.010593335930848055, -0.011053131725702109, -0.002153567383532087, 0.004129219090840176, 0.022190071938226197, 0.009708349046823475, -0.03603806236919494, -0.016776853313296623, -0.011716360178192282, -0.004288082190468861, 0.0033885614695505803, 0.021962489669245785, 0.013303090203969898, -0.03445460933629813, -0.022389422408245062, -0.012291784698494217, -0.005783275734427024, 0.002717367945766922, 0.02171994882834872, 0.01648474540103355, -0.03300808450448807, -0.027376543354207528, -0.012814652524343401, -0.0066066016854385975, 0.0021100430241241374, 0.02147769977399462, 0.01922259011635138, -0.03172895444502094, -0.031765219136639426, -0.013313232200582783, -0.006808755598611248, 0.0015653675342461057, 0.021245107512804215, 0.021504595095589763, -0.030609501744663346, -0.035627902476544904, -0.01380755157898547, -0.006493120394347989, 0.0010851430182690692, 0.02102923579578218, 0.023326665704050554]","[0.41344005504892534, -0.27457493373398373, 0.4757212530087513, -0.23959549737014663, 0.5011274168103552, -0.21954090690280248, 0.5025609396025649, -0.21059999784414277, 0.4903770148076435, -0.2091338699168325, 0.47253070390005614, -0.21191183178661935, 0.45480302152995145, -0.21626337504716603, 0.4419863146416738, -0.21992771519013907, 0.43512240418683557, -0.22205587434932064, 0.43288087645039613, -0.22278738677848176]","[0.059477922364424174, 0.004836816059665239, 0.00878477199697425, 0.05986931791628303, -0.0003176079944426924, 0.008305246805954347, 0.05929026176052998, -0.006031470915975223, 0.007834008946574045, 0.05779270783630608, -0.012116508467867604, 0.007402545639646707, 0.055534859446269014, -0.018400121868908936, 0.007052293831295131, 0.05279723340109088, -0.024744856570948492, 0.006829632917529693, 0.04966318907459888, -0.03110157276236647, 0.006746030355030186, 0.04620977489979183, -0.037428037475927045, 0.006810061355109198, 0.042508278272421984, -0.04367733239963156, 0.007024183697689423, 0.038629281595025544, -0.04979007564910365, 0.007382449898504007, 0.03465009596149349, -0.05569061514383167, 0.007868608056064375]","[0.05354552513360977, -0.04994452223181725, 0.017537027597427368, 0.02331346341371536, -0.021571928799152373, 0.005349785089492798, 0.1698486328125, -0.29677734375, 0.053809350192546845, -0.04923893362283707, 0.017199277877807617, 0.023143500769138334, -0.02132866734266281, 0.00513128936290741, 0.1698486328125, -0.29677734375, 0.053981920540332795, -0.048507737368345266, 0.016858160495758057, 0.02289622344970703, -0.021237010300159453, 0.004960685968399048, 0.1698486328125, -0.29677734375, 0.05411902612447739, -0.04775227084755898, 0.016405969858169556, 0.022718042814731595, -0.02117661589384079, 0.004766181111335754, 0.1412841796875, -0.2956787109375, 0.0541955286860466, -0.04703586399555207, 0.015944331884384155, 0.022611588919162748, -0.02080662006139755, 0.004483461380004883, 0.1412841796875, -0.2956787109375]",0.06311869621276855
"[5.60735559463501, 5.627355594635009, 5.64735559463501, 5.667355594635009, 5.68735559463501, 5.707355594635009, 5.72735559463501, 5.7473555946350094, 5.76735559463501, 5.7873555946350095, 5.80735559463501]","[-0.040554475989738645, 0.0031327312898795346, -0.008790787701194139, 0.006143961958150633, 0.007396077292130245, 0.022258011428364862, -0.00654708211617991, -0.04072113335239673, -0.00046350076835610253, -0.009439783339980601, 0.0043140614684792165, 0.0064365090286605435, 0.02224504295989351, -0.004046141534775738, -0.0404165504305111, -0.004659746718871094, -0.010179089047898344, 0.002162176306852777, 0.005577206478706408, 0.021907185813336387, -0.0011458646381498024, -0.03963848328292103, -0.00908643187537144, -0.01086556631350546, -1.2274181879588279e-05, 0.004794040331946924, 0.02133710912333519, 0.0021784085325409503, -0.03843319186449082, -0.013407693498363356, -0.011363081372485043, -0.0018846953243651292, 0.004053512525265581, 0.020724962237129524, 0.005934694818490107, -0.036778998969419684, -0.018061434485131617, -0.011824745024841205, -0.0038087519618271604, 0.0034024305385286506, 0.020128125713428976, 0.009471977159383067, -0.0349799144652412, -0.022664253142422874, -0.012289406054248483, -0.005459430339156391, 0.0028190948405050326, 0.01959080191354299, 0.01271208171869397, -0.03322733129755298, -0.026988907626351005, -0.012781442586195698, -0.006652993887604605, 0.0022906299722353874, 0.019138819798523016, 0.015600162318787936, -0.03162254974256177, -0.030927123579394585, -0.013311280197286973, -0.007319363215457474, 0.0018109123370848228, 0.01878312709255611, 0.018105259585833085, -0.030201105092346185, -0.03445410465070609, -0.013877774252353467, -0.007472465281202506, 0.0013786716719307907, 0.018524984504847394, 0.02021342045975674, -0.028956476368123943, -0.037596501370649474, -0.014471393436859572, -0.0071819015997942005, 0.000995788139564924, 0.01836121673216134, 0.021918069405381286]","[0.3136115933055677, -0.2523749417121687, 0.3911694947843841, -0.21381264166795513, 0.4316302660720681, -0.1929607137774784, 0.44667588465922753, -0.18478959781109958, 0.4459657819147974, -0.1847780467240666, 0.4371354345833239, -0.1891102521789946, 0.4259290346188982, -0.1947730534272587, 0.4170605653488603, -0.19929126657657756, 0.412079497419307, -0.20183971652845029, 0.4104064380111322, -0.2026988174783506]","[0.05944167126907418, -0.010955916210449779, 0.009018692476822743, 0.059413593711043156, -0.014079468452068866, 0.008536555181983818, 0.05845157092046538, -0.017428520047058527, 0.008045016642899583, 0.05651531249153874, -0.021165942678787797, 0.007563181316547762, 0.053681866771974285, -0.02558695320391946, 0.007143537572457781, 0.050393005601168106, -0.0301707182422577, 0.006840409954440574, 0.04675261080632653, -0.0348638880847969, 0.006663327466690738, 0.0428529002584801, -0.03962508980503365, 0.006621515725424132, 0.03877696258573282, -0.04441393642141378, 0.0067195344512609445, 0.03460445092600084, -0.049182412347477555, 0.006954735587188843, 0.03041891507808936, -0.05386969172162015, 0.007315426317299867]","[0.04799651151895523, -0.05767014473676682, 0.019404172897338867, 0.021818944001197813, -0.02436998689174652, 0.0063237398862838745, 0.267626953125, -0.290185546875, 0.04882211035490036, -0.05678206905722619, 0.019020438194274902, 0.02202249386310577, -0.02403487467765808, 0.006164416670799255, 0.2577392578125, -0.2912841796875, 0.04964107817411423, -0.055855648964643484, 0.018754243850708008, 0.022340015256404874, -0.023609558284282683, 0.005974248051643372, 0.236865234375, -0.294580078125, 0.050513377249240876, -0.05489176362752915, 0.018605977296829224, 0.022740998053550718, -0.023188414216041564, 0.005853623151779175, 0.2203857421875, -0.29677734375, 0.05133882707357407, -0.053821409493684774, 0.018433213233947754, 0.023067422890663145, -0.02287987822294235, 0.005814805626869202, 0.2203857421875, -0.29677734375]",0.0688791275024414
"[5.7400336265563965, 5.760033626556396, 5.7800336265563965, 5.800033626556396, 5.8200336265563966, 5.840033626556396, 5.860033626556397, 5.880033626556396, 5.900033626556397, 5.920033626556396, 5.940033626556397]","[-0.039325452643069136, -0.013835926526174646, -0.009375225035033576, 0.003411236116735402, 0.006687288647283889, 0.027771957840346456, 0.005534479750542436, -0.03929035825119689, -0.017031367455148258, -0.009195175500714794, 0.0028802476848610423, 0.005750558158768722, 0.026725272856772134, 0.007020677586312293, -0.03867579239340821, -0.020167919973417135, -0.008942490168447352, 0.002213789383201916, 0.004984971445985475, 0.024914083887118715, 0.008377116318805274, -0.037475039133833495, -0.022746774384640765, -0.008460336692443565, 0.0017407857653692906, 0.004362610022893445, 0.022467920146522612, 0.009640683739561572, -0.03563328098797743, -0.02509425418970891, -0.00790727213405846, 0.0011128529970473864, 0.003910355736938362, 0.0195021520569198, 0.010293990503456751, -0.033265524986695744, -0.026520200529680092, -0.007020487496243138, 0.0007904802197215596, 0.003552833132811028, 0.016484655652952485, 0.010558116160680864, -0.03076192436190358, -0.027242439348774065, -0.006146893166814853, 0.0007557980678697722, 0.0032521358739536323, 0.013557116962205837, 0.01046581983843241, -0.028360478409468603, -0.027450546764577862, -0.005509851003084185, 0.0009522504721605505, 0.0029864572339666894, 0.010825970358888527, 0.01006576952460555, -0.02618120856485007, -0.027303256112573015, -0.005228733414439488, 0.0013006063760815615, 0.002745830020922618, 0.008365215885997533, 0.009419615006881139, -0.024260514548544755, -0.026927734427990544, -0.005341342045270529, 0.001714031009322258, 0.0025280727362381257, 0.006223853420872399, 0.008594230179809873, -0.022583043312797018, -0.026420741630354808, -0.005826486897456858, 0.0021103655345934007, 0.0023352178715291237, 0.00443482393791607, 0.007653022846096607]","[0.32147272949914046, -0.19611959938241305, 0.2733557117441009, -0.1244052671752345, 0.23070206813236704, -0.08461766272184272, 0.19491839340485417, -0.06735912167989062, 0.16649720892019132, -0.06455241800669177, 0.14526652320685973, -0.06960223774632031, 0.13058143118959745, -0.07742538179852201, 0.1219451261920037, -0.08393205671728202, 0.11790428900887373, -0.08766299421739601, 0.11669752161350203, -0.08892894675999592]","[0.058019822829044054, -0.0400690688342622, 0.011887433967428862, 0.05726871593143601, -0.0442643547436532, 0.011624031886573238, 0.05541181938779882, -0.04767001954867256, 0.01121456854963565, 0.05242289876448991, -0.05037327939691982, 0.010693659698429503, 0.04866591079042548, -0.05181852548353705, 0.010030938026841518, 0.04449896747824522, -0.0524696434204337, 0.009354094654701495, 0.040038212405713924, -0.052353617488341, 0.008669051774811365, 0.03538700134765982, -0.0515127751251403, 0.007992072907445191, 0.03064014810944604, -0.05000642038980807, 0.0073437295863545415, 0.025890217307012797, -0.04790995567979017, 0.006744629415178949, 0.021234420865196224, -0.045312924544489874, 0.006211577931976464]","[0.03638963943719864, -0.06795670688152314, 0.02148309350013733, 0.017300889575481412, -0.02841751480102539, 0.007096797227859497, 0.298388671875, -0.277001953125, 0.03737436777353287, -0.06712491288781167, 0.02136051654815674, 0.01770643957853317, -0.02802911603450775, 0.007022187113761902, 0.2972900390625, -0.2781005859375, 0.03847326880693436, -0.06623491868376732, 0.021200835704803467, 0.018239811742305753, -0.02760543131828308, 0.006971448659896851, 0.2928955078125, -0.28359375, 0.03966397589445114, -0.06516574919223786, 0.020955055952072144, 0.01882290163040161, -0.027154775500297545, 0.006910726428031921, 0.2906982421875, -0.2846923828125, 0.04098289257287979, -0.06408961340785027, 0.020779043436050415, 0.019489847803115842, -0.02667377346754074, 0.006862178444862366, 0.28740234375, -0.28798828125]",0.061133623123168945
"[5.818328619003296, 5.8383286190032955, 5.858328619003296, 5.8783286190032955, 5.898328619003296, 5.9183286190032955, 5.938328619003296, 5.958328619003296, 5.978328619003296, 5.998328619003296, 6.018328619003296]","[-0.037898010026265326, -0.026336924708764645, -0.009883707225941176, 0.001460812632083056, 0.008026543650534792, 0.026490740438016858, 0.0050401278084052665, -0.03757921213476001, -0.029077136724354878, -0.00999046517073522, 0.0001680449063650093, 0.00714707871119474, 0.02497585139298362, 0.006584047595911264, -0.03665092531612182, -0.03144099813798336, -0.009883536818049318, -0.0009760343329461876, 0.0064229503156102525, 0.02279184882281014, 0.008201626241606736, -0.035029092977228414, -0.03368278288390272, -0.009695187683477838, -0.002279826262595813, 0.005900673657428561, 0.0199146407997371, 0.009235467937139575, -0.03281197746101133, -0.035052724567550875, -0.009175547522864938, -0.0032714014957402632, 0.005516789829111032, 0.016694688921632547, 0.00976575437900625, -0.030207513810610022, -0.03523926675213384, -0.008275757905267536, -0.003669010951054956, 0.005198647583846653, 0.01353271712816081, 0.009965406953175177, -0.027582707818742985, -0.03459760196474791, -0.007369823210706823, -0.003570025881735055, 0.004911263479993939, 0.010561012340915, 0.009852806726424327, -0.025150592753060506, -0.033410567248518146, -0.006691350682875375, -0.003091632615028104, 0.004637259343435683, 0.007872883045979419, 0.009462279921748402, -0.02300674368857123, -0.0318978579681808, -0.006359428936589217, -0.002359447371831629, 0.004371545599403609, 0.005526651171567802, 0.008842410654114393, -0.02116549128132029, -0.03022442504707304, -0.006406080140177814, -0.0014959096081578313, 0.004116513856563286, 0.0035545096867891663, 0.008048272151061705, -0.019593111616298904, -0.02850839401775622, -0.0068025432729874385, -0.00061055413475004, 0.0038780087527326107, 0.001972755149041109, 0.0071323588775191816]","[0.354050422003621, -0.15326353475333626, 0.27327176994639224, -0.0847670177297408, 0.20779913622933355, -0.04918017859311402, 0.15640132204326057, -0.03625137281380096, 0.11755548984182217, -0.03735306220801678, 0.08957981842665001, -0.04557924666850105, 0.07072333596469371, -0.05572416545620308, 0.059815478139393696, -0.06363506226164335, 0.054764913164495894, -0.06803134648910827, 0.05326584019354113, -0.06949659580965915]","[0.056247547505999584, -0.05231042162262867, 0.014123902238262875, 0.05507318477712175, -0.05411294019154367, 0.013435880082230955, 0.05265163469521994, -0.0554686056167073, 0.012658687527217882, 0.049259655947879066, -0.05563946694288857, 0.011750010283240186, 0.04517953678757647, -0.05486919469979368, 0.010802142240783574, 0.040721529188737726, -0.05357616845809243, 0.0099023230574673, 0.03600385371835957, -0.05179684955867714, 0.009059181972094876, 0.03113460917045252, -0.0495690071830488, 0.00828748934809953, 0.02621463750066777, -0.046938225681295354, 0.007600581727171374, 0.02134306760808391, -0.04396010517921756, 0.007006719547750784, 0.01662382952836472, -0.04070019270102909, 0.006507020657986473]","[0.03216729110479355, -0.07110552713274956, 0.021829158067703247, 0.015509553933143613, -0.029924871563911437, 0.007278695702552795, 0.3038818359375, -0.250634765625, 0.0323311442732811, -0.07099162638187409, 0.02189713716506958, 0.015550859951972959, -0.029918367207050323, 0.00728018581867218, 0.30498046875, -0.2583251953125, 0.03266162222623825, -0.07077776677906514, 0.02190178632736206, 0.015772626483440397, -0.02985455298423767, 0.007293090224266052, 0.302783203125, -0.2693115234375, 0.03321402317285538, -0.07047361917793751, 0.02186405658721924, 0.016073205256462095, -0.029704952776432036, 0.007278859615325928, 0.302783203125, -0.2693115234375, 0.03387985175848007, -0.06998649463057519, 0.021787524223327637, 0.016356029295921323, -0.029461199581623077, 0.007232099771499634, 0.3005859375, -0.27370586395263674]",0.06096625328063965
"[5.898184537887573, 5.918184537887573, 5.938184537887573, 5.958184537887573, 5.978184537887573, 5.998184537887573, 6.018184537887573, 6.038184537887573, 6.058184537887573, 6.078184537887573, 6.098184537887573]","[-0.036107390179970264, -0.03763096481992458, -0.012715198809973537, -0.003692979266680283, 0.009863458693306197, 0.027071520009483645, 0.01106620929631258, -0.035524493364228034, -0.039609270588264696, -0.012418740889036462, -0.004130483881150183, 0.008920838095453541, 0.02548682177244565, 0.012849791206239676, -0.03423131216107444, -0.041365495658386646, -0.011911140578688903, -0.004645571677056313, 0.008234271847415486, 0.022869986734752854, 0.013643539796098045, -0.03228015378340595, -0.04198398206116842, -0.010917878015890507, -0.004755295141984209, 0.007758995298437682, 0.019390186566903264, 0.013421384308727372, -0.029846755866364327, -0.041026707244913, -0.009413970010918515, -0.00418850887461753, 0.007420081085331626, 0.015345303482405488, 0.012341467046184478, -0.02704035380003693, -0.038291770121149, -0.0073312585726404735, -0.0027879632235755653, 0.007129717673233586, 0.011251278424443036, 0.010716440257847133, -0.02423156769433034, -0.03444587470265886, -0.005193618385373295, -0.0008730174001278971, 0.006852401412275981, 0.007273608728133199, 0.00862497614058934, -0.021633517896463863, -0.029991706968062453, -0.0033432385195755285, 0.0012749138003790772, 0.006574643754658599, 0.003537193065570683, 0.006163982326237109, -0.019340455730430823, -0.02529265318691126, -0.001972046710648802, 0.0034191350748390757, 0.006297585713804687, 0.00012979954757865497, 0.0034434966882750054, -0.017365161825757855, -0.020596964188495968, -0.0011549716879837263, 0.005372705091440616, 0.006030654108265307, -0.0028891368603240044, 0.0005773363344068715, -0.015672648274924827, -0.016061319718284235, -0.0008821671038874371, 0.007000288719599421, 0.005786486611950733, -0.0054779795598011004, -0.002326113234129508]","[0.2778918511778267, -0.10844114588778404, 0.12440715472079057, -0.027324729746267738, 0.009198649219006575, 0.016731737185580475, -0.07398895751755394, 0.03508421013567362, -0.13128647051443185, 0.03724480473203072, -0.16847632035788201, 0.030814973940170413, -0.19083162632278644, 0.021540151252617434, -0.20247652449106288, 0.013978775653590462, -0.2073744988421594, 0.009688217189807034, -0.2087129720763227, 0.0082419269148705]","[0.05212179315427656, -0.06028079371903061, 0.016079159239916763, 0.05011163196143986, -0.06285844648838967, 0.015471312587405084, 0.04716297958182425, -0.0639549160674493, 0.014675644685433475, 0.04343941518977812, -0.06348545721868604, 0.013701924271952048, 0.03910772619074976, -0.06158827803278921, 0.012590667642228937, 0.03451746141222456, -0.058780294121574705, 0.011452136689229953, 0.029770856567884696, -0.055034904342362356, 0.010300679270359048, 0.02496524075935902, -0.05035400688672986, 0.009163912126842533, 0.020194868400416066, -0.044778310554347556, 0.008075333751709657, 0.015553868638868984, -0.03838791812457387, 0.007070982090617406, 0.01113987278790085, -0.03129895580444986, 0.0061851983494563]","[0.03209092265367508, -0.06875973977148533, 0.02068832516670227, 0.016359173440933225, -0.029071809887886046, 0.007105126976966858, 0.3104738235473633, -0.2165771484375, 0.03207569366693497, -0.06917515993118287, 0.020917117595672607, 0.01615837284326553, -0.029158355832099914, 0.007124036550521851, 0.3104738235473633, -0.21767578125, 0.032005851924419404, -0.06963718347251416, 0.021141469478607178, 0.016047865831851957, -0.02937486970424652, 0.007171452045440674, 0.3038818359375, -0.2407470703125, 0.03197876161336899, -0.07004595771431923, 0.021307528018951416, 0.016114421868324277, -0.029700139701366424, 0.007239699363708496, 0.3038818359375, -0.2407470703125, 0.03209199553728104, -0.07051393054425717, 0.021153271198272705, 0.01623272963762283, -0.02994290941953659, 0.007273092865943909, 0.3038818359375, -0.2407470703125]",0.06244611740112305
"[5.998059511184692, 6.018059511184692, 6.038059511184692, 6.058059511184692, 6.0780595111846925, 6.098059511184692, 6.1180595111846925, 6.138059511184692, 6.1580595111846925, 6.178059511184692, 6.198059511184693]","[-0.03284225861487123, -0.047922112742922456, -0.015723495764114935, -0.0053107881357020575, 0.01129273843200452, 0.02657690758514913, 0.016216753274446348, -0.03204908600259214, -0.04928018675374754, -0.01522441484711015, -0.0053754958939776585, 0.0104580142030564, 0.0249139626517464, 0.016586775840985776, -0.030566298327988496, -0.04939520415166325, -0.01404038461866607, -0.005050456922195116, 0.00988636299830878, 0.022010986454438497, 0.015670378387031832, -0.02849254138248933, -0.04768037086024637, -0.012115613961201513, -0.0040441853010083914, 0.009519202858869225, 0.017938026811540282, 0.013579409767139615, -0.025875495372231137, -0.04382664506739656, -0.009408011334447835, -0.002193741408319903, 0.009263955286921437, 0.013076600013279524, 0.010655214506609861, -0.022729425415914304, -0.03798002966067429, -0.005943777856298293, 0.00040055956278208746, 0.009037488392629946, 0.008018564984570176, 0.007222840707643599, -0.0194584311126953, -0.031040300063080152, -0.002390525714963426, 0.0032860074000961993, 0.00880738081760597, 0.0029681262568167104, 0.003410663117773704, -0.016311464335987853, -0.02365375256250102, 0.0008026500048370409, 0.006109557778026462, 0.008567223592216145, -0.0019117701746157146, -0.0006415514403380235, -0.013418082088155085, -0.01625687135615633, 0.003370217535774247, 0.008613491571807876, 0.008327029409316617, -0.006497045158041373, -0.004790948477003294, -0.01082296965853846, -0.009119525566385702, 0.005192620046910073, 0.01062790243206159, 0.008105372768321089, -0.010694490256077271, -0.008899590446599681, -0.00851732202941675, -0.002386720541452407, 0.006259033863328321, 0.012060092751719377, 0.00792332470895314, -0.014431448916802439, -0.012840267844917387]","[0.12474011368189196, -0.05621519565853338, -0.07104317277430426, 0.04683114787222828, -0.20890910610634372, 0.10848509329388092, -0.30094801914428426, 0.140405355632024, -0.3582691809643426, 0.15252450445551005, -0.39076695220330915, 0.15296517868557333, -0.4069463696333409, 0.14806533031850275, -0.41362341082741394, 0.142885651923523, -0.4156984798592174, 0.13963166154294243, -0.4160797287091967, 0.1384758871510196]","[0.04101413807728371, -0.07033471996386664, 0.01802079107022525, 0.039215337676761886, -0.07185786731074728, 0.01741153139283025, 0.03679282723877986, -0.07152997835337072, 0.016535348117023396, 0.033680079437881316, -0.06920283401421923, 0.015352358661675503, 0.029970438760891005, -0.065160381293766, 0.013927683934386703, 0.02603253597908073, -0.05987849230086573, 0.0123915489882922, 0.021920862963361598, -0.05330783618515422, 0.010794676405476267, 0.017694864247446374, -0.04546468722467889, 0.009207724504090908, 0.013419324016178846, -0.036431596952776424, 0.007712960189400597, 0.009164254801257155, -0.026348169687140377, 0.006398155376678538, 0.005005700860158946, -0.015401457689760978, 0.005346265145590223]","[0.029696484863758088, -0.06584730222821236, 0.01880812644958496, 0.015854955399036405, -0.027635881841182708, 0.006724953651428223, 0.29619140625, -0.1726318359375, 0.030152072966098786, -0.06603549271821976, 0.01933380961418152, 0.01586063274145126, -0.027799057006835937, 0.0068111419677734375, 0.302783203125, -0.18251953125, 0.030579468071460725, -0.06634680405259133, 0.019572079181671143, 0.015941180968284605, -0.027934471309185027, 0.0068711936473846436, 0.30498046875, -0.1858154296875, 0.031035130679607392, -0.06676139160990716, 0.019579201936721802, 0.01613805510997772, -0.028116347432136535, 0.006939366459846497, 0.3104738235473633, -0.20009765625, 0.03137766367197037, -0.0670400731265545, 0.019977539777755737, 0.016339839184284208, -0.02834037148952484, 0.006990686058998108, 0.3104738235473633, -0.20009765625]",0.06141042709350586
"[6.078171253204346, 6.098171253204345, 6.118171253204346, 6.138171253204345, 6.158171253204346, 6.178171253204345, 6.198171253204346, 6.218171253204345, 6.238171253204346, 6.258171253204345, 6.278171253204346]","[-0.029830401656072727, -0.05036853380894163, -0.015543815176450551, -0.003477648949227877, 0.011847759007234651, 0.025793603135264277, 0.015152601877833672, -0.02867583654928268, -0.050935941842833496, -0.014479022886477162, -0.003798183190740944, 0.011157713297190034, 0.023450272357787436, 0.014293149745470952, -0.026817699420250838, -0.049745452541744506, -0.012576780189518886, -0.003528641015430823, 0.010707791670639243, 0.019656663769630604, 0.012383672103083889, -0.024243936437283762, -0.04640824364281188, -0.00977932088723059, -0.0024770427892254142, 0.010425013787830856, 0.014647501454428256, 0.009633594048948688, -0.020928292704241742, -0.04101522654823616, -0.006140018060977484, -0.0007484033139859834, 0.010233547040273662, 0.008934441440887252, 0.0062364361754085945, -0.01709358810971367, -0.03388710639231744, -0.001921061056295083, 0.001548945801209729, 0.010052395524437789, 0.00307372237918332, 0.0025308545916168253, -0.013176787033492053, -0.025936243406433527, 0.0021781997473126176, 0.003991053290282766, 0.009857731114545718, -0.0027054868871481696, -0.0013559363202642744, -0.009445928477986146, -0.017791334158730913, 0.005703824985582663, 0.00626850102376191, 0.009651561624832564, -0.00822339978751976, -0.005293649813131289, -0.006037343878442283, -0.0098517963094301, 0.0084066463841604, 0.008174673145226642, 0.009451255752708868, -0.013347488197958139, -0.009157070990948039, -0.0029928342870051126, -0.002341035179903281, 0.010197985259767879, 0.009591524558977733, 0.009281059641688605, -0.017982264124852338, -0.01283196162183078, -0.0002944339918496325, 0.004643127106007183, 0.011105730798753578, 0.010473542313504952, 0.009165588470610966, -0.02205575617487651, -0.016218293429558755]","[0.009924553568953495, 0.04284567027241597, -0.17603770380281933, 0.15039037737394714, -0.30057001522379595, 0.2126543709372608, -0.37829998201167153, 0.24252158927019843, -0.42218375504685973, 0.2510642497410435, -0.443337031563123, 0.24742307935747843, -0.45093205430689526, 0.2387796926844025, -0.45225759721129, 0.23096402610122105, -0.4517290414395851, 0.22630934265593694, -0.45131330146862786, 0.22469591914522485]","[0.03452327268621125, -0.07475519077837323, 0.018830769537292902, 0.03350274327169478, -0.07430440693732976, 0.017922517984466424, 0.03161963653430622, -0.07185111906803643, 0.01667893007604304, 0.028824614932530856, -0.06747088806242818, 0.015127288918046045, 0.02538802251572836, -0.061396634626801116, 0.0133675847612027, 0.021566040742751147, -0.05407053030791742, 0.011550117255594294, 0.017400363251764528, -0.04549659087170577, 0.00976214594940128, 0.012945147788050004, -0.03574937208415907, 0.00810258212422621, 0.00826538000260335, -0.02496368763964618, 0.0066714483463998775, 0.003436379172942594, -0.013320964742860486, 0.005561027768327342, -0.0014544531380020764, -0.0010401664723609372, 0.004843241527629161]","[0.020617483019828797, -0.06394170820713044, 0.016029268503189087, 0.011913583362102506, -0.025995763182640075, 0.00560896098613739, 0.241259765625, -0.127587890625, 0.02206955647468567, -0.06407169476151467, 0.016646355390548706, 0.01266096600294113, -0.025968665421009063, 0.005838066339492798, 0.2533449172973633, -0.136376953125, 0.023385381162166596, -0.06416320651769639, 0.017150789499282837, 0.013347224080562589, -0.02626665139198303, 0.006054222583770752, 0.263232421875, -0.14296875, 0.024708231747150422, -0.06449019387364388, 0.017528891563415527, 0.014016263866424558, -0.026668751776218413, 0.006269127130508423, 0.2906982421875, -0.1616455078125, 0.025942085146903993, -0.06469108387827874, 0.01771983504295349, 0.014602974736690519, -0.026912154793739318, 0.006360307335853577, 0.2906982421875, -0.1616455078125]",0.06101870536804199
"[6.158545255661011, 6.17854525566101, 6.198545255661011, 6.21854525566101, 6.238545255661011, 6.25854525566101, 6.278545255661011, 6.29854525566101, 6.318545255661011, 6.3385452556610105, 6.358545255661011]","[-0.026016492567893592, -0.04997263874989368, -0.012679743158298782, -0.004500607084061602, 0.011773631449924866, 0.024093582193718915, 0.013338629267668642, -0.02471650059589081, -0.04989237040882206, -0.011278514955826005, -0.004897752226801355, 0.01114176702437025, 0.021020758567829388, 0.012448807716019044, -0.022630502873211243, -0.04782989810000389, -0.00897018681903957, -0.004509849107209117, 0.010724802376735202, 0.01650135020374116, 0.010723204042771342, -0.01967889071210223, -0.04373558616472493, -0.005782381586954704, -0.0034150930233760738, 0.010483699669303605, 0.010800585706810462, 0.008079580768174447, -0.016054535436767405, -0.037824650714535765, -0.002025204523479158, -0.001755647938622437, 0.010354719735143061, 0.0042849333055225884, 0.004608249054739981, -0.011879422856673972, -0.029966276849739962, 0.002335601197196501, 0.0006225653698703382, 0.010233944743559308, -0.002281638427464155, 0.0008161658303140931, -0.007666640623170334, -0.021192773524650998, 0.0065122060898208075, 0.0032517524720950463, 0.010097086094871621, -0.008644071315840015, -0.0031676004020738907, -0.00372141363663027, -0.012211923167422943, 0.01000681983407294, 0.005786557248553693, 0.00994930498747429, -0.014610759772290741, -0.00721029373959139, -0.00018808047350140272, -0.003470338994918153, 0.012561003117532348, 0.007991419008022815, 0.009812835572311442, -0.02004958112704044, -0.011183815309299412, 0.0029027259660103118, 0.00478477337513203, 0.014100789549672178, 0.009725591389367428, 0.009716959982945599, -0.024873429898470092, -0.014971378688838965, 0.005589984017922093, 0.012447513659625896, 0.014682824661366663, 0.010926333825190962, 0.009690382673729432, -0.029021937215103984, -0.018471495553703247]","[-0.02269317874494386, 0.10455661207148097, -0.231133834206931, 0.2224244511974487, -0.37038669506841837, 0.2867548937594985, -0.45710687627007707, 0.3134689465843951, -0.5059824870284485, 0.31616319761032624, -0.5295430219493017, 0.30594899415518284, -0.5380645161519156, 0.291430607486333, -0.5396240978956794, 0.27957622331469156, -0.5390980844787159, 0.27282162675184324, -0.5386606514979422, 0.2705345488813442]","[0.03430067000612835, -0.07329600751647192, 0.01820014777950174, 0.03319932063973585, -0.0718526200673093, 0.017097297479752527, 0.0309187463327123, -0.06860005119820656, 0.015684862418112733, 0.027610990951565384, -0.06335289476354822, 0.013984768458487284, 0.02342176887689673, -0.05604931763322485, 0.01207713307107916, 0.018752933038300945, -0.04747032332639822, 0.010188173261777678, 0.013677433202620382, -0.03764083097707793, 0.008418796404876971, 0.0082799484152829, -0.026656653934258312, 0.006877739372838754, 0.0026542413242487406, -0.014672323423589262, 0.005667191546737449, -0.003097144864022683, -0.0018859175153611574, 0.004873152538607428, -0.008859960105432219, 0.011469898126561517, 0.004552536754731218]","[0.009269824087619782, -0.05798595249652863, 0.01164233684539795, 0.005233862185478208, -0.02349289709329605, 0.0039072185754776, 0.16435546875, -0.0693603515625, 0.010454563260078431, -0.058926711231470114, 0.012276053428649902, 0.00586678155660629, -0.02359144592285156, 0.00410856306552887, 0.1764404296875, -0.0781494140625, 0.011735720396041871, -0.05985067635774613, 0.012942403554916382, 0.006585412406921384, -0.02431084418296814, 0.004365637898445129, 0.2006103515625, -0.096826171875, 0.01305432415008545, -0.060819501429796224, 0.0134352445602417, 0.0074068240165710425, -0.02536948227882385, 0.004741773009300232, 0.219287109375, -0.1111083984375, 0.01449964737892151, -0.06182297915220261, 0.013755947351455688, 0.00820253857374191, -0.026120396494865417, 0.004963025450706482, 0.219287109375, -0.1111083984375]",0.06138920783996582
"[6.238837957382202, 6.258837957382202, 6.278837957382202, 6.298837957382202, 6.318837957382202, 6.338837957382202, 6.358837957382202, 6.378837957382202, 6.398837957382202, 6.418837957382202, 6.438837957382202]","[-0.02087173632186612, -0.04981448154237389, -0.009701405319479188, -0.007755063645867985, 0.011234707894236756, 0.0201309327858472, 0.014858032194948679, -0.01955262794748031, -0.04833140427681802, -0.008027651781475534, -0.007034016550604529, 0.010675981214371424, 0.01646490029557288, 0.013678012388492714, -0.017411793039586915, -0.04481891446115819, -0.0054401853587253204, -0.005525065849692261, 0.010329045714149433, 0.011500930551010135, 0.011313140733066902, -0.014608788879127636, -0.03938075783946012, -0.0022311013055592954, -0.003370246684001729, 0.010152722990751244, 0.005380514616229137, 0.007750782778588311, -0.011246347795223793, -0.03180928922979075, 0.0015860135517651473, -0.00043917099787288443, 0.010047578814786863, -0.0013191693170056056, 0.003460699951881976, -0.0074442097749777055, -0.022510769205047704, 0.005825449888605202, 0.003048260171914245, 0.009944446714532016, -0.007915741624429923, -0.0011945431879539698, -0.0036876555436658976, -0.012539043819498533, 0.009723737617177318, 0.006580757706672524, 0.00983051511592313, -0.01416599700530743, -0.006052227605126488, -0.0002518332837485938, -0.002595425952723495, 0.012821869797266723, 0.009792597587254459, 0.009720015418340212, -0.0198957340495855, -0.01095074834554286, 0.002746864527254217, 0.006900420441851897, 0.014907605748293085, 0.012448095946765585, 0.009641555713965645, -0.024994040573177435, -0.015739304974438213, 0.00530070505490813, 0.015740342297859682, 0.015954133581380647, 0.014422216014207819, 0.009628099784125895, -0.029396435360737043, -0.02028315695689681, 0.007465142700254571, 0.023861408910176254, 0.016060996274279454, 0.0156787798260754, 0.00970945958284945, -0.03306446388460181, -0.024465100590613516]","[-0.17719999430459243, 0.15085891500463036, -0.38390658937575467, 0.256666614384471, -0.5164943825319648, 0.3094605726316106, -0.5938027313540369, 0.32611331313513026, -0.6323851108243796, 0.3207345135121021, -0.6462901612078417, 0.30458497000561574, -0.6469152962193664, 0.2861318385043751, -0.6432570612622993, 0.27207464565343453, -0.6400678661386067, 0.26434455994627654, -0.6387822980889086, 0.2617823059033173]","[0.03154822116137179, -0.06965518370294665, 0.01664785916417255, 0.029348902651508357, -0.06785276494977, 0.015505964317814147, 0.026194098824241285, -0.06400772228727991, 0.014068344156703105, 0.02209052728651706, -0.05774747436003924, 0.012336217317580278, 0.017235633310201504, -0.04953445839783255, 0.010483056293012716, 0.012063997602297372, -0.039897880267901975, 0.008700738370050143, 0.006677454027177454, -0.02888887356899028, 0.007096118287065245, 0.0011842817562517371, -0.016639436825776066, 0.005778811751826929, -0.0043067614467469095, -0.003340634315046387, 0.004849284646878171, -0.009688720918142213, 0.010776010249957224, 0.004388629540312827, -0.014854248496831701, 0.025446451534311798, 0.004443577973503032]","[-0.000547113060951232, -0.040809316933155065, 0.006620258092880249, 0.0012731111884117102, -0.01836017721891403, 0.0026416629552841187, 0.1215087890625, -0.03420391082763672, 0.0006440857648849496, -0.04393715634942055, 0.007089793682098389, 0.0015402294039726233, -0.019601317286491393, 0.002787664532661438, 0.1215087890625, -0.03420391082763672, 0.0017665306329727182, -0.04683695584535599, 0.007681548595428467, 0.002172910356521604, -0.02143518829345703, 0.0030793994665145874, 0.1215087890625, -0.03420391082763672, 0.0030265355706214914, -0.049465896934270864, 0.008143305778503418, 0.0030458203792571997, -0.023480782449245452, 0.0034047961235046387, 0.1390869140625, -0.0495849609375, 0.004359362483024598, -0.0520055577158928, 0.008632630109786987, 0.0037992752432823157, -0.024729887187480926, 0.0036427080631256104, 0.1390869140625, -0.0495849609375]",0.06384873390197754
"[6.318465232849121, 6.338465232849121, 6.358465232849121, 6.378465232849121, 6.398465232849121, 6.418465232849121, 6.438465232849121, 6.458465232849121, 6.478465232849121, 6.498465232849121, 6.518465232849121]","[-0.0157756955199265, -0.04564635205203603, -0.00636013962969744, -0.006660670979128649, 0.009803793147650508, 0.015230938044498337, 0.015242247471727385, -0.014302240595090762, -0.042826137800464466, -0.00436918922076325, -0.005009942499472818, 0.00940507350197784, 0.01107298290786517, 0.012889838001311943, -0.012190601099150765, -0.038089251986109955, -0.0017131520888867015, -0.002743554772797125, 0.00920349827780584, 0.005668906621047373, 0.009228878453509842, -0.009508467910760956, -0.031174884457988095, 0.0016017847712098323, 0.0002656540158189122, 0.009114466066078433, -0.0005777800325558206, 0.004697322456808753, -0.006352031219134323, -0.022463115080892927, 0.005345537596857128, 0.0037807155243409236, 0.0090712499432188, -0.007127786163194243, -0.0003422804709014132, -0.002883536668116546, -0.012579902802783205, 0.009210003388168396, 0.00745654828208422, 0.00903062542863024, -0.013406771199774417, -0.0055730413877523735, 0.00047474899848386687, -0.0024838274581695592, 0.012529830205176777, 0.010828292222413539, 0.008992166342868127, -0.0191977068883722, -0.01081572836754467, 0.0034932121428643786, 0.007225827332555906, 0.014936970211979613, 0.013594858816434888, 0.008976159245460262, -0.02435344053099464, -0.01590540270691291, 0.006084771023405394, 0.016231028375607862, 0.01629903109645046, 0.015596208951928215, 0.009012358182359032, -0.02879015224961504, -0.02070052808443164, 0.008257303871480782, 0.02441752110712717, 0.016654965180734543, 0.016786129460650428, 0.009131173051595195, -0.03246970018027067, -0.025083919838494895, 0.010071545773971239, 0.03180222087941959, 0.0161543083431732, 0.017203369002513867, 0.00935702017010157, -0.035378778285616336, -0.028959061696639532]","[-0.33800426807643374, 0.20093298295232503, -0.5093789396135011, 0.2877519633770935, -0.6083562153250862, 0.3263461881978957, -0.6555820022174834, 0.33303869621880683, -0.6688405679159705, 0.3212309867076322, -0.6628505303795955, 0.30139032036645086, -0.6491560391822023, 0.28116740747397756, -0.6368187780359602, 0.26644396633175693, -0.629472385923157, 0.2585503046903999, -0.6269232509486564, 0.2559755967093449]","[0.024467668631170003, -0.06639742224000278, 0.014507804105008404, 0.021732293322112906, -0.06350546762651899, 0.013331057111694022, 0.018178046807123538, -0.058109482880510654, 0.011834835204334482, 0.013850994252620374, -0.050494065785362086, 0.010146770220440526, 0.008989314089228762, -0.04100240251074094, 0.008430201051885966, 0.003967884861844739, -0.030081374634701064, 0.006854771337844845, -0.001104878448523472, -0.017871849396921213, 0.0055290075878566824, -0.0061209292424986295, -0.0045810949804838685, 0.004557614575569691, -0.010979874101116227, 0.009546344554085096, 0.004028514369081471, -0.01559118549331684, 0.02424475435720197, 0.003999690980887927, -0.019871281355734016, 0.039228544871533266, 0.00448330312949885]","[-0.012128086924552917, -0.009692622721195226, 0.0022994577884674072, -0.0036325969457626367, -0.00616981291770935, 0.0010777264833450317, 0.00615234375, 0.0514892578125, -0.010627152562141418, -0.014064407348632818, 0.0024118125438690186, -0.0029927112817764306, -0.007842274546623229, 0.001142650842666626, 0.0160400390625, 0.0448974609375, -0.009097354650497436, -0.018292433023452764, 0.002815842628479004, -0.002136118030548098, -0.009749243199825286, 0.0012546777725219727, 0.0336181640625, 0.035009765625, -0.007729249238967895, -0.022642111778259283, 0.0029187798500061035, -0.0011677064657211328, -0.011440532445907592, 0.001589551568031311, 0.06328125, 0.015234375, -0.00600853019952774, -0.026814399659633642, 0.003438591957092285, -0.0002009936332702661, -0.013365933835506438, 0.0018290281295776367, 0.06328125, 0.015234375]",0.0609893798828125
"[6.398406505584717, 6.418406505584716, 6.438406505584717, 6.458406505584716, 6.478406505584717, 6.498406505584716, 6.518406505584717, 6.5384065055847165, 6.558406505584717, 6.5784065055847165, 6.598406505584717]","[-0.010535548391705648, -0.03543045343347345, -0.002628464770361796, 0.00027367303814049846, 0.00662843034700747, 0.008958957986097046, 0.011711850107547632, -0.008828738790784937, -0.032057422740736516, -0.0006805531385806469, 0.0018279564918192556, 0.006531825065068306, 0.004439624743635856, 0.007954838156252432, -0.006501352534728024, -0.02666334183839627, 0.001981257479406255, 0.003918716732221715, 0.0065619035832389025, -0.0009526870042864308, 0.003523897257469661, -0.0036211110474670557, -0.019615401201598423, 0.0051312729815561784, 0.006316098452414391, 0.006669556544533311, -0.0068085589325986235, -0.0013297968737698773, -0.00032799692882601555, -0.011543938751205754, 0.00842749077168399, 0.008645562386756664, 0.006823510953913217, -0.012673477361817172, -0.006422535957433571, 0.0030576772638034465, -0.0028464868277672598, 0.011542126063147081, 0.010825194167433034, 0.006976780099567253, -0.01812187044527679, -0.011316055167208598, 0.0062327572685868604, 0.005682902894572585, 0.013975537442901089, 0.012503907016799355, 0.007137437121870289, -0.02298185587814252, -0.015858305001891154, 0.009043270675375626, 0.01358914614696995, 0.015487449786392595, 0.013497721568571814, 0.007325554080068373, -0.02714513430813451, -0.019927510499752915, 0.011443518856527519, 0.020674171557417038, 0.016037507754004802, 0.013757699851078081, 0.00756470517365714, -0.03056092846053872, -0.023437825298012745, 0.013458001066988745, 0.02691716119847187, 0.015724684690730777, 0.013334737959235078, 0.007875264496388335, -0.03321983178486625, -0.026334874010208644, 0.015148267589618214, 0.03240188320788174, 0.014731321479258897, 0.012345134405944808, 0.008269409280230408, -0.035134890774746214, -0.028586822934681753]","[-0.3869665984547963, 0.2649611424303855, -0.5087489592276424, 0.32505118642707165, -0.565924863012582, 0.3469687109449981, -0.5796842169776997, 0.3444617168249997, -0.5676361359307918, 0.32863524226836155, -0.5437334060971788, 0.30800365845207034, -0.5183524448711784, 0.28863117482349904, -0.49950873789202016, 0.2750261145192934, -0.48927464254298897, 0.267879869545309, -0.48590457907904483, 0.26557818494717156]","[0.012061475196475158, -0.06077940599023579, 0.011050608918184768, 0.009406655233668904, -0.05570868345980928, 0.009800395719969046, 0.006116234612795424, -0.04849737122863518, 0.0083760910797408, 0.002343294757946257, -0.039369399463939025, 0.006900766118870472, -0.0016187311347901634, -0.028566182355817205, 0.005505536591086546, -0.005636643194927959, -0.016675472496709975, 0.004352055638598529, -0.009641373297680111, -0.003944684437053869, 0.0035289470229553643, -0.013565566792767214, 0.009355119358037456, 0.003105811641780143, -0.017348189898522826, 0.022951108774936557, 0.003119300673018799, -0.02093445284769979, 0.03657414664590597, 0.003562902033347193, -0.024271886792879505, 0.049951675623820524, 0.004379679496481437]","[-0.022987993597984313, 0.02765327095985412, 0.003094583749771118, -0.009262121534347537, 0.008862508296966554, 0.0006019920110702515, -0.1037109375, 0.10751953125, -0.0216958692073822, 0.023078800737857813, 0.0021744072437286377, -0.008510164237022402, 0.0074127445220947275, 0.00044405460357666016, -0.0806396484375, 0.0954345703125, -0.02044455164670944, 0.018510574102401728, 0.0015207231044769287, -0.007616765117645266, 0.00569590723514557, 0.00030003488063812256, -0.07294921875, 0.092138671875, -0.01916639709472656, 0.014010475575923914, 0.0012881159782409668, -0.006747938013076785, 0.003423673868179322, 0.00038523972034454346, -0.0344970703125, 0.0734619140625, -0.017809668719768523, 0.009178975224494929, 0.0015620291233062744, -0.005999035453796389, 0.001127822160720826, 0.0004749596118927002, -0.0344970703125, 0.0734619140625]",0.062068939208984375
"[6.478063344955444, 6.498063344955444, 6.518063344955444, 6.538063344955444, 6.558063344955444, 6.578063344955444, 6.598063344955444, 6.618063344955444, 6.6380633449554445, 6.658063344955444, 6.6780633449554445]","[-0.003985213158882743, -0.022673066988749137, 0.002235796344205414, 0.005542550371687365, 0.0032620766528289324, 0.00169744264572632, 0.005555645580462415, -0.0021666011689480008, -0.018808928383018453, 0.004071212608072498, 0.006765677906565206, 0.003431120472290356, -0.0028554314935448836, 0.0015235594822923628, 0.00027342181274469184, -0.013489385236315342, 0.006428743954663446, 0.00815055577341882, 0.00368337964396857, -0.007850986248097868, -0.002674533936869659, 0.0032132569159174927, -0.00734697361751156, 0.008968141852225619, 0.009327573355938104, 0.004004495161907102, -0.012945953157518912, -0.006995893166093131, 0.006345265094939027, -0.0007900936201295244, 0.011330140201062556, 0.010180410141289507, 0.004360966042826727, -0.017829442000597454, -0.011179790853245282, 0.009434911926794638, 0.0059218385402534475, 0.013317407629045888, 0.010721206555305096, 0.004718576362044642, -0.02216337562013827, -0.014871635798642526, 0.012262810786490622, 0.01220955013639182, 0.01459712051685906, 0.010743875318957432, 0.005083849983286741, -0.025825556000931196, -0.017974132991966176, 0.014727333927706587, 0.017778914045418367, 0.015049564165253913, 0.010183295221078002, 0.005468770299603832, -0.028751467559226928, -0.02042634404646295, 0.016810654397965922, 0.022544142683902983, 0.014713151164893919, 0.009080888397192078, 0.0058851903638394215, -0.03092812681247171, -0.022205827135726598, 0.01854759926394585, 0.026555098077181327, 0.013729956400126073, 0.007549137358561412, 0.006340389097836446, -0.03237916238023762, -0.02332123282962243, 0.019998902880508748, 0.029933276670444656, 0.01229682749145501, 0.005738930231932167, 0.006833921822657138, -0.033147720258580884, -0.02380131783115425]","[-0.3738235298319669, 0.303469864726406, -0.44329664368109734, 0.3411817890120637, -0.4623133578214893, 0.3493857836555472, -0.4498923278960324, 0.339549866208728, -0.4212312080997834, 0.3207697760018006, -0.3878151498275664, 0.2998538253012943, -0.35768272360575903, 0.2814867229302236, -0.3369202065942402, 0.2690055164558241, -0.3261329672524503, 0.26257785242084564, -0.32268186448489156, 0.26053327463396614]","[0.0019108584580997956, -0.04771706399051823, 0.006675210029233547, -0.0005985300980066999, -0.04105366912481223, 0.0055736248341222705, -0.0035764427504041407, -0.03274454845806307, 0.004469521984511893, -0.006773119509425385, -0.022915023703110826, 0.003443230999333302, -0.010089677843434064, -0.011916118360773442, 0.0026141762683664638, -0.013430696978394163, -0.00034146264405432447, 0.0020834654958972187, -0.01674561447879297, 0.011515933249409027, 0.0018845231898132475, -0.019987464994179582, 0.023374535950996922, 0.0020222538425476166, -0.023113819316415096, 0.03497469842774903, 0.0024657177571896227, -0.026084463529335578, 0.04607598659853496, 0.003147175945026781, -0.02885729342114618, 0.05644746635615272, 0.003966182742850322]","[-0.0288408567905426, 0.06191741824150085, 0.00928717851638794, -0.013860664582252505, 0.025075649678707124, 0.001672118902206421, -0.2036865234375, 0.1613525390625, -0.028525741934776305, 0.05828078985214233, 0.00811678171157837, -0.01357579908370972, 0.023895179688930512, 0.001398727297782898, -0.1839111328125, 0.1503664016723633, -0.028120147228240966, 0.054420182108879084, 0.0070344507694244385, -0.013055696403980258, 0.022132782101631165, 0.00109003484249115, -0.1740234375, 0.1448732376098633, -0.027647080063819884, 0.05040838718414306, 0.006330341100692749, -0.01235201886892319, 0.019663406372070313, 0.000870242714881897, -0.1597412109375, 0.1349853515625, -0.02702106738090515, 0.04593954384326934, 0.005805850028991699, -0.011694400823116305, 0.017133308410644532, 0.0007901042699813843, -0.13447265625, 0.1218017578125]",0.062030792236328125
"[6.558837652206421, 6.5788376522064205, 6.598837652206421, 6.6188376522064205, 6.638837652206421, 6.6588376522064205, 6.678837652206421, 6.698837652206421, 6.718837652206421, 6.738837652206421, 6.758837652206421]","[0.003234018710002954, -0.009922028992823934, 0.0034371144385670505, 0.004217600270928791, 0.0014283569979954651, -0.007918410426874736, -0.0016340311839827914, 0.004999774865289827, -0.0053828441842287324, 0.0048343455442567485, 0.005235789945357215, 0.0018299565487174048, -0.011332072577565369, -0.0048462613870800175, 0.0072438048604073465, -0.0001177947630797048, 0.0066042866272129856, 0.006169789850615536, 0.0022809294750280353, -0.014749561318431628, -0.008019991367309855, 0.009681070092423772, 0.005422390797207667, 0.008383687393855624, 0.006890649850560981, 0.002748023305143072, -0.017985505625350704, -0.01088951568614167, 0.012100052830989933, 0.010949781841057682, 0.009948878219268513, 0.007400870434542435, 0.0031966133465566476, -0.020841623661493752, -0.01313159928179069, 0.014474853501312319, 0.015859451259213803, 0.011080569527499027, 0.00737494067970188, 0.003644751631690399, -0.023196192261660944, -0.014842503105189657, 0.016671702481068383, 0.019972351476699905, 0.01166154131734718, 0.0068102169114921535, 0.004091204816571352, -0.02500383435975225, -0.01599713267350881, 0.01862864382513701, 0.0232620452742394, 0.011694984991219433, 0.005778370664904301, 0.004535444646544837, -0.0262560187638362, -0.016597983835579463, 0.020333360297860134, 0.025804267659326793, 0.011266857328387767, 0.004400132188446035, 0.0049758933148223135, -0.026975958579590262, -0.01667521622612279, 0.021803968299081287, 0.027731059185851094, 0.010510581340396787, 0.002820619651787341, 0.005408496279337237, -0.027208619844047, -0.016279137179576023, 0.023073341436641047, 0.029192290533880803, 0.009576959958141115, 0.0011880804033667495, 0.005825832003833798, -0.02700981850105061, -0.01547036053346923]","[-0.4132513252201929, 0.2995542851383926, -0.406050062300939, 0.3170619823579459, -0.3769616321452359, 0.3179757556362603, -0.3375278675273479, 0.3093440933034171, -0.29634868385880087, 0.29654845016355275, -0.25936911887762565, 0.28343066919302157, -0.23021612771879074, 0.27247032936873355, -0.21156052080967072, 0.26523492357561684, -0.2023156876553197, 0.2615828709377897, -0.19944927069465493, 0.2604379124809302]","[-0.009062305973006168, -0.01828486121952544, 0.0021599775510794395, -0.01148102102233528, -0.010919165026777033, 0.001778096301355614, -0.013918785921014809, -0.0027363382880953857, 0.0014707776446134524, -0.016398671008135857, 0.0059370380677656875, 0.001281313607975676, -0.01898203086307082, 0.014605123920352181, 0.0012345974602530063, -0.021500173777018627, 0.023146839230054894, 0.0013190533056230969, -0.023920651082606437, 0.0313698563503122, 0.0015224883329798544, -0.026217762667140043, 0.03910018903939161, 0.0018161824715652308, -0.02837012641713077, 0.0461865204702141, 0.002157940602546482, -0.03035809228657138, 0.05249733734525153, 0.0024970385775247017, -0.03216174539712191, 0.0579155478681983, 0.0027804076279447365]","[-0.028823511838912963, 0.08395636975765228, 0.015962660312652588, -0.013974911785125735, 0.03449325805902481, 0.0034317821264266968, -0.259716796875, 0.2009033203125, -0.029043184757232665, 0.08205899000167846, 0.015214025974273682, -0.014137774026393893, 0.033724641263484956, 0.003251969814300537, -0.2564208984375, 0.1987060546875, -0.02920051121711731, 0.07988859117031097, 0.014453619718551636, -0.014120816504955294, 0.03264031356573105, 0.002977430820465088, -0.2454345703125, 0.1899169921875, -0.029294381082057952, 0.0773749440908432, 0.013824164867401123, -0.014026738023757937, 0.030865153133869172, 0.0027441084384918213, -0.242138671875, 0.1877197265625, -0.029332863330841064, 0.07455218732357025, 0.013191670179367065, -0.013804010367393496, 0.029114311397075654, 0.002564564347267151, -0.22895488739013672, 0.1767333984375]",0.061136722564697266
"[6.638913869857788, 6.658913869857788, 6.678913869857788, 6.698913869857788, 6.718913869857788, 6.738913869857788, 6.758913869857788, 6.778913869857788, 6.798913869857788, 6.818913869857788, 6.838913869857788]","[0.009236305289497593, 0.005996472730864266, 0.001841771447694588, 0.0021265760079742938, 0.0032465823508069365, -0.015258454334228974, -0.008713465464249016, 0.01100907848974762, 0.010611028651642714, 0.00312246062063892, 0.0027533639843601203, 0.0037075589093668753, -0.016953179157381197, -0.010724889448346861, 0.012999395008714236, 0.015503500495541729, 0.004726293200206677, 0.003378965166705336, 0.004156381596350732, -0.018519878731365867, -0.012268949147630541, 0.015032433802561383, 0.020324638268105676, 0.006412957925254048, 0.00398744974869805, 0.004546313055081113, -0.01983614498866948, -0.012961525522895378, 0.017117946900754015, 0.024434208273519862, 0.007944039183794058, 0.004255018157237279, 0.00488766308982856, -0.020848032308030416, -0.012889754794740532, 0.019251208849507196, 0.027316835960200077, 0.009098286721602887, 0.003855671498691647, 0.005217322574732576, -0.02160900505269572, -0.01240073669271742, 0.021339743948188675, 0.02918846992200171, 0.00990950576085379, 0.0029845478520703047, 0.005528805901979028, -0.022123168672118262, -0.01153757381543295, 0.023326125437872623, 0.030267430659045844, 0.010440175215724644, 0.001830246566010866, 0.0058157594921692335, -0.022407391935167113, -0.010355263922155154, 0.02517860219016544, 0.03075933999604275, 0.010767043833421391, 0.000564570320520797, 0.006072534113125858, -0.02248865472888441, -0.008919734996353939, 0.026883459233242278, 0.030845271926287884, 0.010969045363162844, -0.0006660011206981424, 0.006294389832483773, -0.02240005814588949, -0.007302498308539451, 0.028438911192965103, 0.03067384363655869, 0.011118139582120748, -0.0017459257088811436, 0.006477555027247342, -0.022176743417629572, -0.005574495364190514]","[-0.429638179582781, 0.30828955440074557, -0.35449544512209674, 0.31899494649549237, -0.2879077911716376, 0.32319832937474363, -0.2320698670138492, 0.3234870625610271, -0.18778719544375028, 0.3217801813085532, -0.1548147668148918, 0.3194204605594477, -0.1321458537920078, 0.3172735826598528, -0.11891692821157344, 0.315789085051845, -0.11278253341301517, 0.3150171136818008, -0.11096808892398659, 0.3147699520172044]","[-0.020076279866808378, 0.018803839318333626, 0.0016584086367252837, -0.021554681906801765, 0.025445544735458903, 0.0017204257083038854, -0.02295136007989207, 0.031808340839624805, 0.0017796115885966302, -0.02447450392676309, 0.0373639749811141, 0.0018198328701002353, -0.02609529811275335, 0.042000759952168565, 0.0018424196235384827, -0.027686334168048, 0.0459737092412742, 0.001872402501696513, -0.02924932734123953, 0.049254792010267945, 0.0018941842810402676, -0.030790366898131527, 0.051823305738955217, 0.001895091906190416, -0.03231514302979521, 0.053669024768770335, 0.0018668126549066244, -0.03382656690957875, 0.05479319077329459, 0.0018064593025339803, -0.03532401910340699, 0.05520855666674951, 0.0017169855872634088]","[-0.028356241226196288, 0.08625639379024505, 0.018406391143798828, -0.013538605785369875, 0.03423117643594742, 0.0039591193199157715, -0.3146484375, 0.2426513671875, -0.028192715883255004, 0.08724098801612853, 0.018249064683914185, -0.01379021934270859, 0.03529930657148361, 0.003974616527557373, -0.3113525390625, 0.2404541015625, -0.028096163809299468, 0.08807469308376312, 0.017950236797332764, -0.013724497771263125, 0.03620739823579788, 0.003941148519515991, -0.3025634765625, 0.232763671875, -0.028127754271030425, 0.08866720795631408, 0.017758101224899292, -0.013734570956230166, 0.036602428019046784, 0.00386163592338562, -0.3003662109375, 0.23056640625, -0.02824196422100067, 0.08899987637996673, 0.017736613750457764, -0.01371104202270508, 0.03648134118318558, 0.0037800222635269165, -0.2860837936401367, 0.22177734375]",0.06258869171142578
"[6.738568544387817, 6.758568544387817, 6.778568544387817, 6.798568544387817, 6.8185685443878175, 6.838568544387817, 6.8585685443878175, 6.878568544387817, 6.8985685443878175, 6.918568544387817, 6.938568544387818]","[0.015880131802949345, 0.028314741478980863, 0.001391087368682268, 0.00031303092372911035, 0.013605321403725544, -0.021747211940184336, -0.015628222435721224, 0.01745170361295523, 0.03191335951086108, 0.0023565372244984074, 0.00034282941591167067, 0.01353833579605164, -0.021475608956303988, -0.015354594428252927, 0.019132432358723098, 0.03542514789485783, 0.003754318301220478, 0.0006282082295213495, 0.013385043872648493, -0.020989313112322393, -0.014048482432826455, 0.020956824370211707, 0.0381529233613261, 0.005330982320540931, 0.0008245149083682915, 0.01314176420862857, -0.020292224109786376, -0.011816862193911296, 0.02294680714374705, 0.03956118029391069, 0.006856906469168731, 0.0005939200782896242, 0.012844830729477502, -0.019499453791073776, -0.009090102711357358, 0.025020941561527982, 0.03959077700380001, 0.008188796874600794, -0.00012161821779482612, 0.01252868769980238, -0.018795666217054606, -0.006263869080927919, 0.027128765394863946, 0.03877111032630169, 0.009467843421683959, -0.0009960865247570238, 0.01219258894637582, -0.018224905033734338, -0.0034384886899991914, 0.029222371013634407, 0.03748060371206918, 0.01077323025174333, -0.0017974694410490184, 0.011837045655611585, -0.01781784937574211, -0.0007036778790023144, 0.031258962952369296, 0.035974123114362495, 0.012134388696820837, -0.002376493689129752, 0.011464499956262546, -0.017592086863178005, 0.00186285111270733, 0.03320343123651167, 0.034410656261240506, 0.013544455319461942, -0.0026533351184068726, 0.01107959698079335, -0.01755454987491144, 0.0041959395751231185, 0.03503026216000597, 0.03287958142832069, 0.014973284841267526, -0.002603377802067501, 0.010689154961024855, -0.017704615497677295, 0.006242487870101206]","[-0.3497549317166791, 0.3265927673333766, -0.2360786295837955, 0.33277683233603006, -0.1588325982169756, 0.3415663744009295, -0.10956123203461308, 0.3512365741401109, -0.08065488797760184, 0.36044266964212857, -0.06558905494996985, 0.3682540031516397, -0.0590304005928821, 0.37415158317344677, -0.056868804647483465, 0.37780721833620984, -0.05646546400479417, 0.3795737113340787, -0.05647834282248156, 0.38011090644056367]","[-0.02963767170125653, 0.06325690943126405, 0.008203092989443661, -0.030334150935857007, 0.0672984005867665, 0.0077645737171581075, -0.031088672080379354, 0.06955308703128171, 0.007100306101562204, -0.03194410105848311, 0.06993375979734973, 0.006291625381302346, -0.03282011005404373, 0.06880226302340464, 0.00547603783131434, -0.03371594717972459, 0.06666481032755733, 0.004761327233299806, -0.03466951742739921, 0.06369499923185673, 0.0041474113471089424, -0.03571691491543838, 0.06005554024453774, 0.0036463596715838875, -0.03688823431125843, 0.0559026627777679, 0.003272959711372092, -0.03820600587275824, 0.05139092700914771, 0.003038518942011237, -0.039684597505138086, 0.046676558560654335, 0.0029467837517551665]","[-0.030367667019367217, 0.07763954401016235, 0.016748875379562378, -0.014460458672046664, 0.03075422888994217, 0.004150450229644775, -0.3289306640625, 0.2525390625, -0.030153298914432525, 0.07894957959651946, 0.016988307237625122, -0.014358631587028506, 0.031415840446949006, 0.0041184574365615845, -0.321240234375, 0.2470458984375, -0.02983505481481552, 0.08017899990081787, 0.017208397388458252, -0.014170765197277072, 0.03190057522058487, 0.0040713101625442505, -0.321240234375, 0.2470458984375, -0.029491359531879424, 0.0813206672668457, 0.017383575439453125, -0.013956762170791628, 0.032502895057201386, 0.004063233733177185, -0.3201416015625, 0.2470458984375, -0.029171133577823638, 0.08236765265464782, 0.01758328080177307, -0.013786702668666842, 0.032745441257953645, 0.004033938050270081, -0.3146484375, 0.2426513671875]",0.06152963638305664
"[6.819330453872681, 6.83933045387268, 6.859330453872681, 6.87933045387268, 6.899330453872681, 6.91933045387268, 6.939330453872681, 6.95933045387268, 6.979330453872681, 6.99933045387268, 7.019330453872681]","[0.020642220673858718, 0.04099948217387647, 0.003962290549003651, -0.0021835013086108543, 0.023552138826205535, -0.02319776578449765, -0.01629945060599149, 0.021997490352672393, 0.04403610228525133, 0.005179327783225831, -0.0017706282039156116, 0.022766136309222026, -0.022318897499539216, -0.014092772911999943, 0.02354077135937655, 0.046371803364106, 0.006688231245374221, -0.0012456774501287827, 0.021896072439119275, -0.021258948995620534, -0.010987483305570938, 0.025292260269514658, 0.04743555114068728, 0.008245776023954446, -0.0009666160920032182, 0.0209673531838711, -0.020103284181395113, -0.007375014951617237, 0.02716738614811234, 0.047153843655329354, 0.009709532217583658, -0.0009924647262950464, 0.020009415319491537, -0.019006470681799604, -0.0036342865030554333, 0.029113726852998047, 0.045730669693121166, 0.011055490525758613, -0.0012694121190384715, 0.01905775733612092, -0.018115776757937414, -0.0001341094744530976, 0.031069728714906736, 0.04373979579614568, 0.012419590813417966, -0.001484895039696144, 0.0181184905713243, -0.017471760569180324, 0.0030274576815160488, 0.03298474062521682, 0.041555619155369615, 0.013861486798534165, -0.0014541013020401667, 0.017199453542012244, -0.01709746973335232, 0.005777042138465975, 0.03481994211325974, 0.039398865658363286, 0.015383899274606117, -0.0010953909230616435, 0.016309698298848308, -0.016999587317475487, 0.008066246297454928, 0.03654859916636855, 0.03737982757253515, 0.016951704179105888, -0.00040470809392484684, 0.015458975348243545, -0.017171596509470036, 0.009868156172446314, 0.03815545439866924, 0.03553684426333481, 0.018509057032710358, 0.000568794565931543, 0.01465724057540259, -0.01759746706645454, 0.01117213933834]","[-0.27796012726601194, 0.3418860436996197, -0.17062299480481677, 0.3473080212091958, -0.10675029243925198, 0.3551873913675091, -0.07361345784684749, 0.363730410240709, -0.060572030651124355, 0.3716354748856852, -0.05915399297882834, 0.37808387783501113, -0.06298729462053655, 0.3827043695775524, -0.06731472962037517, 0.38545979789627255, -0.07006678386527637, 0.38675099669063895, -0.0710442214227309, 0.38713469766031067]","[-0.030142239886950417, 0.08455132829089385, 0.014155778941389308, -0.03098435900593488, 0.0852549741057742, 0.012810733539507346, -0.0320313371385077, 0.08379102751621037, 0.011305530837185884, -0.03319906031315978, 0.08048811956519497, 0.009831837538139432, -0.034468618355179226, 0.07581118460261926, 0.008534208268423882, -0.035799105517741125, 0.07030941909340438, 0.007497376854126436, -0.037207767994997365, 0.06424383974396575, 0.006714996012764374, -0.03871066915845933, 0.057852890358915054, 0.006184403839936792, -0.04032004043769177, 0.05135612767566089, 0.0058945271713302105, -0.042042450030872924, 0.04495814816621113, 0.005820564284087837, -0.0438769700705115, 0.03885100606023384, 0.0059233470106869746]","[-0.03167211467027664, 0.06820573806762695, 0.016245096921920776, -0.014750055289268496, 0.026401167571544648, 0.004767864942550659, -0.3443115234375, 0.281103515625, -0.031603390514850616, 0.06905170679092407, 0.01622241735458374, -0.014827824449539187, 0.026643773376941682, 0.0047031790018081665, -0.3443115234375, 0.2800048828125, -0.03153977000713348, 0.06998492181301116, 0.016259849071502686, -0.014917104756832125, 0.026947265326976777, 0.004633411765098572, -0.3454099655151367, 0.276708984375, -0.03141339325904846, 0.07105971276760101, 0.016430318355560303, -0.014840028500556948, 0.027405133306980134, 0.004567503929138184, -0.3454099655151367, 0.26901874542236326, -0.03125163370370865, 0.0723281443119049, 0.016644209623336792, -0.014715141868591311, 0.02808781510591507, 0.004523470997810364, -0.3454099655151367, 0.26901874542236326]",0.071380615234375
"[6.898355960845947, 6.918355960845947, 6.938355960845947, 6.958355960845947, 6.978355960845947, 6.998355960845947, 7.018355960845947, 7.038355960845947, 7.058355960845947, 7.078355960845947, 7.098355960845947]","[0.023512570513178933, 0.04725942685406186, 0.007043001863808657, -0.0028340550760518656, 0.02805028408566429, -0.02332307151254467, -0.013351404464919052, 0.024723788862354094, 0.049726087436645895, 0.008390332532352583, -0.0018222551064431664, 0.02681957695372287, -0.022245923538790624, -0.010412897537367408, 0.026105762474186583, 0.05100147485228626, 0.009778396944365176, -0.0009913166182627805, 0.0255407916112276, -0.02102657286109693, -0.006969080309305518, 0.027581908022595872, 0.05095120847273332, 0.011053316575433889, -0.00041815385682013827, 0.024229585956301383, -0.019804975212074794, -0.0032392066470499988, 0.029104353697939612, 0.0497372414074693, 0.012186824681531, -2.6020728984780104e-05, 0.02290839845066044, -0.018719566462705683, 0.0005409501122597428, 0.030776333663105896, 0.04748927476574663, 0.013245674806660097, 9.92847393750939e-05, 0.021629565044508112, -0.017847493227792367, 0.003914761407640113, 0.03249678564726375, 0.04477754225890046, 0.014341087900013195, 0.0002592083166686245, 0.020398870387977695, -0.017219699390163445, 0.006805964594413577, 0.03419248223761128, 0.041966130765122296, 0.015517086572737706, 0.0006209169866732975, 0.01922371939060788, -0.016853116747253736, 0.009166558929392665, 0.03581425545036856, 0.03926324536867534, 0.01676869240624762, 0.0012467769248119829, 0.018112104165871577, -0.016751261706302242, 0.010975577943992617, 0.037332913487916834, 0.03676728505416244, 0.018059256947887813, 0.002123606835439094, 0.017071820641540184, -0.01690637259445214, 0.012234199410898738, 0.038734963803371956, 0.034506717413753406, 0.019335638111724562, 0.003189473814423055, 0.016109914477458853, -0.01730198905751094, 0.012959471412447365]","[-0.23941051719454923, 0.32573840313611635, -0.13325082487023784, 0.3352711947662827, -0.07159760346811567, 0.34454118481533985, -0.040792140047161175, 0.35275027875357745, -0.029674284034490295, 0.359410335618107, -0.02957410468189924, 0.3643167882311817, -0.0341492847764741, 0.3675232840920901, -0.03880689372157662, 0.3693031021859613, -0.041663799659275844, 0.37008933865119925, -0.04265918239554177, 0.3703123494352575]","[-0.029896540572280417, 0.0896442680830365, 0.01604398972774801, -0.031165327961877987, 0.08781503616266662, 0.014286191379533353, -0.032547884440959685, 0.08414488530765762, 0.012578478263938653, -0.034100846004033514, 0.07894205534760079, 0.01105156077065228, -0.03587859746052913, 0.07257454102716654, 0.009791012614474681, -0.037674320673771966, 0.06564812079198923, 0.008846074475377108, -0.03948078932071253, 0.05843731331160962, 0.008190534436163688, -0.04129523647334077, 0.05118535202904262, 0.007798859306875183, -0.04311636148660969, 0.0441082192618123, 0.007636166812422296, -0.044941904373246855, 0.03739879882826935, 0.007655603234399511, -0.0467662085884033, 0.03122956882275041, 0.007800377395689395]","[-0.03285229408740997, 0.06365917026996612, 0.016080141067504883, -0.015136732971668246, 0.024231349885463715, 0.004613012075424194, -0.31904296875, 0.2997802734375, -0.03268103504180908, 0.06371810436248779, 0.01604318618774414, -0.015080503439903262, 0.024310430347919465, 0.0046112388372421265, -0.3201416015625, 0.298681640625, -0.032547841012477874, 0.0638568490743637, 0.015986472368240356, -0.015079378402233126, 0.02443665808439255, 0.004599452018737793, -0.341015625, 0.2887939453125, -0.03244139456748962, 0.06406352818012237, 0.015935570001602173, -0.0151460461974144, 0.024539088666439057, 0.004596248269081116, -0.341015625, 0.2887939453125, -0.032376894891262054, 0.06434617340564727, 0.01588323712348938, -0.01516242257356644, 0.024635007441043855, 0.004595443606376648, -0.341015625, 0.2887939453125]",0.06692934036254883
"[6.999022960662842, 7.019022960662841, 7.039022960662842, 7.059022960662841, 7.079022960662842, 7.099022960662841, 7.119022960662842, 7.1390229606628415, 7.159022960662842, 7.1790229606628415, 7.199022960662842]","[0.026295914443930125, 0.052631173618058524, 0.01350829225929211, 0.003514325819915159, 0.02691520867917299, -0.024259989571926106, -0.01122015981537839, 0.027407206817885693, 0.053893433589803544, 0.014408091703102019, 0.004254000366638316, 0.025660635928534403, -0.023648533673090024, -0.009086165686060984, 0.02857591689906698, 0.05372458151096939, 0.014992470208935238, 0.00447848344860005, 0.024381887762657976, -0.022744572245733435, -0.006272129106680652, 0.02974705974898714, 0.052135513422195114, 0.015220297765199422, 0.004258497736443055, 0.023070467417379156, -0.02160822654781643, -0.002814203801946717, 0.03101717674578552, 0.04913710101532876, 0.015164087452282598, 0.003543276130704054, 0.021756324973889515, -0.020292268965131647, 0.0009342832740409028, 0.032370012623313855, 0.04482612429182352, 0.014822740225048855, 0.002304649171210905, 0.020484149801287783, -0.01895351084478113, 0.004512171799286856, 0.033726942934686935, 0.03988070227989602, 0.014409220249482817, 0.0009430106088313091, 0.01925405367642672, -0.017645713527512506, 0.00783992516296349, 0.035036122045268916, 0.03475870838353284, 0.01406223781033932, -0.00028115157348037635, 0.01806901904625845, -0.016416564106327608, 0.01085581328506295, 0.03626639285554908, 0.029746037842467387, 0.013859433647027405, -0.001221029315487257, 0.016933858429541662, -0.015305895894179224, 0.013515293281168485, 0.037401983416777515, 0.025001254639714327, 0.013831121564485231, -0.0018172888347507896, 0.015854431782996267, -0.014345282905265995, 0.01578838555850134, 0.038438005583885354, 0.020595132381641536, 0.013973560226251592, -0.0020735234272277795, 0.01483710998859488, -0.013558507832884818, 0.017656062672243903]","[-0.14350089508436817, 0.31110782240489593, 0.0008162371598459011, 0.3058830919355692, 0.09407681481690766, 0.3028030827219472, 0.14998590208138143, 0.3013084239476714, 0.18008074414504482, 0.3008513982444914, 0.19367324056380314, 0.30095182508875634, 0.19794483564550477, 0.30124232918860167, 0.19824540709171456, 0.3015096645665239, 0.1976070331661862, 0.30167048166079197, 0.19724830010253303, 0.301727047789]","[-0.03201980450213249, 0.07952984024228371, 0.014493816505295243, -0.033573322866101485, 0.07774898871284597, 0.013272353999149722, -0.035250144370414294, 0.0744854412097089, 0.01207451473962129, -0.03714471675357145, 0.069735968457457, 0.01093352846540352, -0.03910231203329895, 0.06379071943299541, 0.009898225945989658, -0.04097848676659632, 0.057223071093636335, 0.009024986211074726, -0.0427618737817439, 0.05022073998044396, 0.008313400373122448, -0.04444573301162502, 0.04293917206350262, 0.0077714883346029495, -0.046026524735945706, 0.03551508976590467, 0.007404713908091942, -0.04750333368588966, 0.028078427416862617, 0.007210458156524879, -0.048876858308218196, 0.020760171276857253, 0.007175282439373376]","[-0.03425722026824951, 0.06521768271923065, 0.01629886031150818, -0.015218957579135897, 0.025275757372379304, 0.0050062984228134155, -0.2871824264526367, 0.3063720703125, -0.03420653396844864, 0.0649019569158554, 0.01637852191925049, -0.015367626464366915, 0.024917146027088166, 0.005020812153816223, -0.2981689453125, 0.3052734375, -0.03410688990354538, 0.06459791362285613, 0.016390979290008545, -0.015692583537101748, 0.024796729743480683, 0.004738733172416687, -0.299267578125, 0.3041748046875, -0.03398685359954834, 0.06434496641159057, 0.016332566738128662, -0.015647760844230654, 0.02478525584936142, 0.0047273188829422, -0.312451171875, 0.303076171875, -0.03376293385028839, 0.06416883468627929, 0.01625993847846985, -0.01553134552240372, 0.0247240269780159, 0.004721462726593018, -0.312451171875, 0.303076171875]",0.06182551383972168
"[7.077976703643799, 7.097976703643798, 7.117976703643799, 7.137976703643798, 7.157976703643799, 7.1779767036437985, 7.197976703643799, 7.2179767036437985, 7.237976703643799, 7.2579767036437985, 7.277976703643799]","[0.02927907799191758, 0.05613376521188139, 0.01952734481811941, 0.009114900363306302, 0.025583031898515848, -0.026366818187560027, -0.011824657800714886, 0.03025706469636728, 0.05597091195768629, 0.01953473462903355, 0.00883447776016174, 0.02439964892436348, -0.026136821938425963, -0.009994426880442556, 0.031219390258087915, 0.05422401437023666, 0.018976629502210945, 0.007875682872201797, 0.023173304080306757, -0.025314075738147673, -0.007044537969340776, 0.032236943281312075, 0.050755498030631285, 0.017916830605434045, 0.006193399203454717, 0.02190376666806715, -0.023846121122596018, -0.003198124566361528, 0.03327232525301687, 0.04554954599500209, 0.016371316135929258, 0.0037927673609035885, 0.02061797888734119, -0.021854139437913284, 0.0011137575548569997, 0.034206401801496276, 0.0388773235837691, 0.014373657769504212, 0.0008446866401029721, 0.019348412305003858, -0.019594613889687317, 0.005486163047016968, 0.035034283383890065, 0.031531075623410905, 0.012278019675893644, -0.0021614144673465087, 0.018097044153014732, -0.01716817638852523, 0.009812520290320828, 0.035760428483097566, 0.02405203138986264, 0.010335751494914981, -0.004892287627494205, 0.01686921439126038, -0.014671544552554917, 0.013997159054545797, 0.036393965182280226, 0.01678146672636343, 0.008708087401032905, -0.007145638143457539, 0.015672357655133678, -0.012193663442962688, 0.017956571825434715, 0.036945554020881864, 0.009909422071771314, 0.007481246293205142, -0.008823892192422633, 0.014515415241814274, -0.009813892503509175, 0.021618266978854963, 0.037425568664684564, 0.0035193013400616905, 0.006682525665992137, -0.009908726810832205, 0.01340869468542284, -0.007601823296542833, 0.024918260815763746]","[0.014184296014570351, 0.29428076669214326, 0.1882701122304958, 0.26541354088037206, 0.302972933960025, 0.24495418858582743, 0.37335263106932426, 0.2314103866005895, 0.4123799679146878, 0.22319127436026365, 0.4307993920278218, 0.21875621255570507, 0.43715810938969, 0.2167282661855077, 0.43808352033997916, 0.21602230870838326, 0.4375012024791838, 0.2158805599057837, 0.4371026902287998, 0.21588369150069792]","[-0.034036685346524376, 0.07113433299030891, 0.01381254241190355, -0.03587459985285979, 0.07031966549981794, 0.012909375315101279, -0.037931154081139784, 0.06786761953920273, 0.011929586957423854, -0.040021465527835476, 0.06371101233136933, 0.01087562865426639, -0.041974528022699076, 0.05815373533133883, 0.009803937955183084, -0.04376879264198008, 0.051689195886504447, 0.008797979735021055, -0.045392952058390446, 0.044437166035725895, 0.007893631622769348, -0.04683531124305684, 0.03648593766938424, 0.007134704718001483, -0.04808684298641763, 0.02791767901086395, 0.006566275388872889, -0.04914415261675997, 0.01883020613744746, 0.0062298135957705725, -0.05001068903095818, 0.00935127580245343, 0.0061568982175712605]","[-0.03649364987015724, 0.06451911628246307, 0.01614934206008911, -0.01580500534772873, 0.025555228650569917, 0.005033671855926514, -0.2674072265625, 0.307470703125, -0.03618879073858261, 0.06481903195381164, 0.016171962022781372, -0.015698715364933016, 0.025614624679088593, 0.0050238072872161865, -0.2761962890625, 0.307470703125, -0.035881595849990844, 0.06506911814212799, 0.016229629516601562, -0.015646039760112765, 0.025652965366840363, 0.005017533898353577, -0.2761962890625, 0.307470703125, -0.035556508392095565, 0.06530275344848632, 0.016281098127365112, -0.01558610728979111, 0.02572611516714096, 0.005020856857299805, -0.2827880859375, 0.3063720703125, -0.03521042892336845, 0.06552309691905975, 0.016300827264785767, -0.015450432217121127, 0.025865768849849702, 0.005025878548622131, -0.2827880859375, 0.3063720703125]",0.06811380386352539
"[7.158022403717041, 7.178022403717041, 7.198022403717041, 7.218022403717041, 7.238022403717041, 7.258022403717041, 7.278022403717041, 7.298022403717041, 7.318022403717041, 7.338022403717041, 7.358022403717041]","[0.0312185047970905, 0.0556568336842994, 0.02204923291236199, 0.010409991366687313, 0.024780866508579996, -0.027650135633363878, -0.012697531194257306, 0.03214275653455302, 0.05456868430698652, 0.02142205319567168, 0.009250993575452065, 0.0236499724625883, -0.027555819704148627, -0.010533374835338965, 0.03312878857545739, 0.051701655500647384, 0.02017166968921877, 0.007267191041588103, 0.022461606876576078, -0.02657380220022128, -0.007070884027547748, 0.034114292856758884, 0.04688322927141574, 0.018292873795321758, 0.004464272007168697, 0.02120448967033208, -0.024656307047565187, -0.002549216977901164, 0.034957964103190624, 0.04026953930200818, 0.01584257953814092, 0.0010593841319689213, 0.01988389712778953, -0.02193844049756407, 0.002723571053227, 0.0355534670034124, 0.031916206923680315, 0.012782807073238457, -0.0029100231114029375, 0.018556359742296417, -0.01880554786842647, 0.008155162920444136, 0.035952531486482676, 0.022783326901894562, 0.009598215108913698, -0.006854311373441788, 0.017229900841581554, -0.015400650003181048, 0.013606116134928674, 0.036203052445161206, 0.013525339755579019, 0.006636170702007078, -0.010371850590942026, 0.01591613878439942, -0.011861267984747884, 0.018948076619573987, 0.036345928956733844, 0.004551988539577326, 0.0041226195535453945, -0.013220028450066364, 0.014628677578496598, -0.008314311088193891, 0.02406637042179483, 0.036413622593812076, -0.003912515743420142, 0.0021814935065658774, -0.015284266473439381, 0.013382609835673904, -0.004873648637773741, 0.028858827918594825, 0.03643017055943037, -0.011774592413888531, 0.0008557714126077035, -0.01654746219897755, 0.01219468087028401, -0.0016399359342666102, 0.0332326032268566]","[0.12982527179796632, 0.2818136050326819, 0.3382315562574034, 0.23260945445824055, 0.47474103099979525, 0.19750511268171178, 0.5575476894388142, 0.17396340269879848, 0.6024185560143931, 0.15935567602613265, 0.6224801351015771, 0.15116933310064262, 0.628235589810542, 0.14716422385790615, 0.6280115304081518, 0.14558641245823406, 0.6265960033716388, 0.14514989784210894, 0.62588194137993, 0.14509243076790376]","[-0.0347488540445835, 0.06723793051601312, 0.013494170479521728, -0.036820948017885824, 0.06701103230437111, 0.012663649182436565, -0.03902285486533441, 0.0649063735179154, 0.011695190674135603, -0.041148886884251334, 0.06080522449106551, 0.010583373758770165, -0.04311926059509741, 0.0548062774396314, 0.009384906573058238, -0.04491445903991842, 0.04758680716977537, 0.008236551774363221, -0.04651796341748193, 0.03926018719724711, 0.007197449917933696, -0.047908246224157125, 0.029902045349297968, 0.0063387831860337585, -0.049066126517411046, 0.019586902245494198, 0.005738798328153827, -0.04998088291468861, 0.008419732694721738, 0.005476823836239042, -0.05065296537212438, -0.003443689003522099, 0.005621978099775049]","[-0.037588035851716994, 0.061690413951873774, 0.014448672533035278, -0.01467966220378876, 0.02508253401517868, 0.004484847187995911, -0.163037109375, 0.3041748046875, -0.037451720029115676, 0.06244798898696899, 0.01494377851486206, -0.015023506498336794, 0.025383462965488435, 0.004629209637641907, -0.176220703125, 0.3052734375, -0.03721244090795517, 0.06303217411041259, 0.015219181776046753, -0.015073492443561556, 0.02566786652803421, 0.004780411720275879, -0.20478515625, 0.3063720703125, -0.03693142735958099, 0.06340503096580505, 0.015272468328475952, -0.015051729297637942, 0.0258328372836113, 0.004889130592346191, -0.22785625457763672, 0.307470703125, -0.03677162730693817, 0.06369345784187316, 0.015396654605865479, -0.015297404742240908, 0.025742506444454194, 0.004906505346298218, -0.22785625457763672, 0.307470703125]",0.0634775161743164
"[7.238337516784668, 7.2583375167846675, 7.278337516784668, 7.298337516784668, 7.318337516784668, 7.338337516784668, 7.358337516784668, 7.378337516784668, 7.398337516784668, 7.418337516784668, 7.438337516784668]","[0.03374761861182398, 0.05204106968924742, 0.021959953980869064, 0.007359074503906496, 0.025165909702476914, -0.028905149227494754, -0.011062052028069131, 0.03458605611091257, 0.050384231969503555, 0.020856893115131572, 0.005885349977435111, 0.023986174911081366, -0.028401545581029287, -0.008376168608088026, 0.0353869180765789, 0.046868091982617835, 0.019095023349412803, 0.0036272034706034836, 0.02272634027842357, -0.026786827779392706, -0.004474457240696177, 0.03598381028998321, 0.04150977407885655, 0.01670588652593444, 0.0007905818861229925, 0.02134933865195846, -0.024028500720948306, 0.0006102778897411399, 0.03625171967616716, 0.03426643358538495, 0.013675996269089219, -0.002530725646729119, 0.0198766152418958, -0.020379282225231662, 0.006503250551199419, 0.036190205343325635, 0.02511141918155721, 0.01000302861834201, -0.006414306651767918, 0.018390905788884665, -0.01631151223136653, 0.012482971477859778, 0.0359173318688599, 0.015136194525087746, 0.006272774655647157, -0.010227959920514906, 0.016910479697727448, -0.01200625654932479, 0.018398266835570807, 0.03552258407454311, 0.00507322968223004, 0.0028915295210226464, -0.013551186996622352, 0.015455222821888671, -0.0076300591258794005, 0.02411303448323386, 0.03506880385103662, -0.004629746392072585, 0.00011019159525430418, -0.016140432963703617, 0.0140450365935547, -0.003329925726705305, 0.029509141498307273, 0.034596014103682494, -0.01373802095790788, -0.0019475667242122333, -0.017892367995638987, 0.012699711498638269, 0.0007673123691899583, 0.03448449723205967, 0.034126504100081306, -0.022163957937564625, -0.0032558794661165886, -0.01880822171970278, 0.011439583472351841, 0.004552644457866685, 0.03894872343462911]","[0.20011027589745353, 0.2447401261255477, 0.42758048524987535, 0.1797583823301272, 0.5732817242782388, 0.1358843140037697, 0.6587564013022796, 0.10853934114599643, 0.7024474718485558, 0.0933295790905482, 0.719507504200718, 0.08628570685099031, 0.7218918477317339, 0.08403134340217805, 0.719135226152743, 0.0839186750443571, 0.7163465812027879, 0.08432932999224156, 0.715184225466908, 0.08456173974852962]","[-0.036850415607066145, 0.06697168027180744, 0.013771198122438655, -0.03917200771794849, 0.06640855269917223, 0.012866768379797389, -0.04138792605590891, 0.06375785794472488, 0.011778594728764524, -0.0434113336841464, 0.05867775023789834, 0.010497593381638026, -0.045220405988390944, 0.051359900448442186, 0.009134372278775338, -0.04676997336571165, 0.0426605230396917, 0.007871413523758974, -0.04803787615582977, 0.032732997147166376, 0.006784365816071336, -0.04899878056193119, 0.021687657247730918, 0.005964847920570726, -0.0496336563159776, 0.009633443164882571, 0.005510657195655355, -0.049937440815728484, -0.0032865857939401444, 0.005515454622544436, -0.049922405932786074, -0.016873322350599462, 0.006052964975936881]","[-0.04472472348809242, 0.0480492353439331, 0.012420058250427246, -0.016562803900241854, 0.018739370465278626, 0.0038453340530395508, -0.0685546875, 0.296484375, -0.04359919407963753, 0.05037237107753753, 0.012647122144699097, -0.01616339317560196, 0.01997191256284714, 0.003897354006767273, -0.07294921875, 0.296484375, -0.04243144595623016, 0.052563959360122675, 0.012909293174743652, -0.015755801713466647, 0.020984953105449677, 0.003907814621925354, -0.0960205078125, 0.2997802734375, -0.04130894148349762, 0.05458445250988006, 0.013140320777893066, -0.01531299880743027, 0.021949684083461762, 0.003942251205444336, -0.1311767578125, 0.3019775390625, -0.04021897369623184, 0.05642207860946655, 0.013340413570404053, -0.014744422650337222, 0.02287643200159073, 0.003958940505981445, -0.1311767578125, 0.3019775390625]",0.06609225273132324
"[7.318620681762695, 7.338620681762695, 7.358620681762695, 7.378620681762695, 7.398620681762695, 7.418620681762695, 7.438620681762695, 7.458620681762695, 7.4786206817626955, 7.498620681762695, 7.5186206817626955]","[0.03502150687722116, 0.048016178315998526, 0.020298761946205328, 0.003797721702474816, 0.025441518060904042, -0.028516114182784682, -0.00871433511701093, 0.035864811789431246, 0.045478143918046006, 0.01890162160010122, 0.0019340815260379023, 0.024167679444067145, -0.027334495387345625, -0.005211898816716205, 0.036503019289550014, 0.041181727460359384, 0.016878449083367473, -0.00045112609234774646, 0.022769530662084717, -0.024936518537938605, -0.00043716410944059995, 0.03678982788996518, 0.03499501584348249, 0.014195927601348383, -0.003270199984316136, 0.021237017969508713, -0.021426309372712858, 0.005410435022502606, 0.03670853652404094, 0.026835137431704983, 0.010877138827089624, -0.0065595716695438675, 0.019627627612881775, -0.017147309857445548, 0.011744137668724852, 0.036262251258205924, 0.017052193933897043, 0.00707414174174879, -0.010166688385389007, 0.018014614937774228, -0.012561675034694677, 0.01799169508978197, 0.035606704381078526, 0.0067226663226682215, 0.0033798637456219902, -0.013501113150969392, 0.016425565524554955, -0.00786592694501637, 0.024002087444817296, 0.03485310086216222, -0.003459328792286973, 0.00018380560880669933, -0.016195705586425954, 0.014886896480573217, -0.003232110416613852, 0.029644974260262445, 0.03407422237611237, -0.013097215617858744, -0.002295637333626566, -0.01806565784903621, 0.013422500636031703, 0.0011961706389358017, 0.03481462214937591, 0.03331205707308383, -0.022010881914301988, -0.003975293816641477, -0.019065894416563076, 0.01205410813593423, 0.005301882106417588, 0.03942654532710011, 0.03258620946158036, -0.030163308015338057, -0.004871291833010104, -0.01925067174817528, 0.01080236484851201, 0.008989305465322523, 0.04341081465704776]","[0.32069367447772185, 0.206758622223692, 0.5301480539560689, 0.13839074374241217, 0.6564379851626034, 0.09458392007759607, 0.7233431494311878, 0.06931849673270335, 0.7507525220980731, 0.05707439432753043, 0.7546223278091114, 0.053056649711583775, 0.7472121177708618, 0.05333620026104394, 0.7384328446586423, 0.05491281619794953, 0.7327469109572343, 0.056187212448712685, 0.7307067289420145, 0.05669436524042212]","[-0.03825942264250948, 0.06715588219040391, 0.013826171902530326, -0.04052199238043497, 0.06539443475397899, 0.012741679268319928, -0.04263283299489529, 0.0611355731765757, 0.01143723344285652, -0.04453398351207638, 0.05426657102335053, 0.009980474229901226, -0.046126952334675675, 0.04529709225205192, 0.008541650760888864, -0.04742750839543097, 0.034984852834829994, 0.007305708768506669, -0.04840965610676329, 0.023511258029710103, 0.006361383382536889, -0.04904734814114131, 0.011022518594109076, 0.005807772021813484, -0.049325485480689046, -0.002329332576337162, 0.005739623349565015, -0.049246959438201676, -0.016354587839800594, 0.006232852090067631, -0.04883444181622787, -0.030808731274436063, 0.007327021481507323]","[-0.05328746715188026, 0.025637009739875788, 0.01097843050956726, -0.019068054175376895, 0.009588358759880067, 0.003820359706878662, 0.03251953125, 0.2756103515625, -0.052341731429100036, 0.0286754161119461, 0.011272251605987549, -0.01884434304237366, 0.010785152971744538, 0.00383797287940979, 0.0226318359375, 0.27890625, -0.05141427198052406, 0.031586149334907526, 0.011432737112045288, -0.018649212336540225, 0.011783009231090547, 0.0038339197635650635, -0.000439453125, 0.2843994140625, -0.05042305791378021, 0.03431261479854583, 0.011534124612808228, -0.018413014030456545, 0.012699952185153962, 0.0037851035594940186, -0.0301025390625, 0.2909912109375, -0.049363361835479735, 0.037191772460937494, 0.011614471673965454, -0.018101572310924532, 0.013648530304431916, 0.003766283392906189, -0.0301025390625, 0.2909912109375]",0.06138157844543457
"[7.398703098297119, 7.418703098297119, 7.438703098297119, 7.458703098297119, 7.478703098297119, 7.498703098297119, 7.518703098297119, 7.538703098297119, 7.558703098297119, 7.578703098297119, 7.598703098297119]","[0.03633852992602104, 0.04120983486563948, 0.01810751925592116, -0.0003870845504535649, 0.024517145892785322, -0.026760784610538192, -0.005294191145399555, 0.03704507594673404, 0.03783088016867673, 0.016512336305825992, -0.002483514452533024, 0.023154399332922116, -0.024813371190436282, -0.0007744152214023789, 0.037417795751957576, 0.03261850779377351, 0.014252784467736052, -0.004966896770604439, 0.021655295789415656, -0.021727761142156996, 0.004860780722237476, 0.03741796009622767, 0.025447180029077844, 0.011340426944062905, -0.007869892229063931, 0.020055964350416924, -0.017725721838419337, 0.011114448827522144, 0.03703158282720384, 0.01664807329169926, 0.007953181084735913, -0.011007533434598432, 0.018412623878748865, -0.013160784478752073, 0.017482694819425777, 0.03626896539875937, 0.006813228917778341, 0.004341827218233269, -0.014077543931135762, 0.01678600903430314, -0.008451671109061764, 0.023559945072918736, 0.03530841453788266, -0.0031242732732526886, 0.0010375033587970766, -0.016605106405705127, 0.015208897294232417, -0.0037912909166022022, 0.02920546352077561, 0.03427308097726155, -0.012599982696621546, -0.0016362771168445143, -0.018331296493497788, 0.013709647199224538, 0.0006604809716966932, 0.03430458862014875, 0.03324042970969785, -0.021329773976576715, -0.0035255850301564493, -0.019168534637057703, 0.01231151192082956, 0.004779092803812344, 0.03877412477486487, 0.0322526226693386, -0.0292262104827706, -0.0046054670212522025, -0.01915479165937466, 0.011033647268003877, 0.008470857694378501, 0.04255752719049741, 0.03132707827729743, -0.036323930477823285, -0.004940639509555803, -0.018411066444212906, 0.009892607471150217, 0.011665083102056087, 0.04561565694627849]","[0.4552384233992478, 0.16833503050251256, 0.6182256070856913, 0.10397478141473156, 0.7054250479199382, 0.06500173591231831, 0.7408111026250739, 0.044571965065554824, 0.7439339702269689, 0.03661835495440058, 0.7300577479647153, 0.03603291147470624, 0.7105362928479522, 0.038762601395956754, 0.694737254749036, 0.04181466917622292, 0.6858178412545228, 0.04379177213421755, 0.6828278252980099, 0.04451174178459083]","[-0.03946016361503957, 0.06358960489832288, 0.013003371009289388, -0.04151102997166656, 0.060135593903163365, 0.011731410374578033, -0.043434199804640805, 0.054050694167390834, 0.010297037623232086, -0.04507196130304525, 0.045653348471163646, 0.008840088975725635, -0.046358094435200226, 0.03547339109509018, 0.0075302793124256695, -0.04735201572473624, 0.024113508675002393, 0.006534387218200877, -0.04802396904063988, 0.011768138719974619, 0.005940738725239925, -0.048348671476973415, -0.0013838755923130108, 0.005834152038726614, -0.0483160089190231, -0.015146929063887704, 0.006279334814181858, -0.04793570687679005, -0.029287491978143176, 0.007305942617476635, -0.047236625379926345, -0.04352594704953461, 0.00889440355068416]","[-0.05856799164414406, 0.00016272217035293024, 0.011526554822921753, -0.0210102640748024, -0.001270922064781188, 0.004366278648376465, 0.13029804229736328, 0.24814453125, -0.058185851365327834, 0.0030361279845237676, 0.011340945959091187, -0.020793258464336398, -0.0003871341943740836, 0.004270002245903015, 0.1039306640625, 0.25693359375, -0.05769729444384575, 0.005965211987495417, 0.011245101690292358, -0.020703017032146456, 0.0007230544686317453, 0.004231855273246765, 0.0984375, 0.259130859375, -0.057178476989269256, 0.008990646898746485, 0.011093348264694214, -0.02062065831422806, 0.002072876155376435, 0.0041658878326416016, 0.065478515625, 0.26792011260986326, -0.05691013315320015, 0.012286910414695734, 0.010944962501525879, -0.02054843238592148, 0.003476133406162263, 0.004092395305633545, 0.065478515625, 0.26792011260986326]",0.06180310249328613
"[7.478661060333252, 7.4986610603332515, 7.518661060333252, 7.538661060333252, 7.558661060333252, 7.578661060333252, 7.598661060333252, 7.618661060333252, 7.638661060333252, 7.658661060333252, 7.678661060333252]","[0.038078111713662086, 0.02714027407333292, 0.013973608810512659, -0.007341241529869049, 0.021292342607814582, -0.024344490711572426, 0.005304280035686081, 0.03851387408976319, 0.023427109086382333, 0.012223248213255437, -0.008353567225104228, 0.019918001703770106, -0.02161557836896475, 0.010275116804515885, 0.03850856705939679, 0.01795598336587531, 0.009849275851462239, -0.009706350975670783, 0.018463603399296254, -0.017935647873380072, 0.01542084973871752, 0.038000460836745055, 0.01108938086462193, 0.0070285028973123016, -0.011228189073377796, 0.016969495271927246, -0.01355604914028101, 0.02034376612408069, 0.03697001715814292, 0.0034511400766625636, 0.0040443934392358, -0.012601766834908169, 0.015475271615513009, -0.008807552227412871, 0.02481566653802873, 0.03541810752682399, -0.0044288902149135475, 0.0010883316424280727, -0.013577727464506634, 0.014024721788618102, -0.004123675964587308, 0.028695679604924567, 0.03363757024554083, -0.011938299684249606, -0.0013905971719866317, -0.013960280904474598, 0.012652843278788172, 0.0003088540890225583, 0.031917178801037824, 0.03182210998917108, -0.01875343850423964, -0.0031487029858620307, -0.013701428335244169, 0.01138335363694819, 0.004349681578015071, 0.034440928137779395, 0.030084733290059725, -0.02476115711940593, -0.004105295778472038, -0.012860912984728778, 0.010229992968917882, 0.007904226935307354, 0.03625870978255534, 0.02847773936011973, -0.029986603546954215, -0.004298269502279462, -0.011567463092657672, 0.009199226126791216, 0.010914757640036542, 0.03738775379912653, 0.027012602553279894, -0.034530799037504764, -0.003842141611529247, -0.00998487083647914, 0.008293130171360897, 0.013347960212704816, 0.03786159272814889]","[0.4937982475008072, 0.12254582617502457, 0.5731842537159496, 0.053015544220759526, 0.6003725048281878, 0.014275690822296986, 0.5949194331069777, -0.0025989409098964977, 0.5720789755864487, -0.005377397181854885, 0.5431530288265214, -0.00048283871298937926, 0.5159820635817656, 0.007074746474913768, 0.49695632258360967, 0.013416686515173842, 0.4870045713142248, 0.017089300763306645, 0.4838153810792939, 0.01834722973014318]","[-0.04440102080706021, 0.05149774298430243, 0.010697698866834138, -0.04717971509246488, 0.04539014406132447, 0.009547236138781834, -0.04937835913116029, 0.03734271784423848, 0.008441523641793847, -0.05081261680879989, 0.027792694740337076, 0.007479135252845381, -0.05146968152416265, 0.017132983338975283, 0.006765102332054518, -0.05155065709327378, 0.005831886838330469, 0.006415967162420433, -0.05104890923641858, -0.005878626182342028, 0.0064600485916961325, -0.04997001826414671, -0.017774380419607994, 0.006905538470626915, -0.048338012724563395, -0.02962766993300514, 0.007731108064463754, -0.046197940187016284, -0.041201720898374816, 0.008881912691709903, -0.04361614018048021, -0.05225021606965097, 0.010269402853516407]","[-0.05957511642575264, -0.023187837004661566, 0.014524221420288086, -0.02148362926244736, -0.010450059711933135, 0.0052725523710250854, 0.2357666015625, 0.2184814453125, -0.05960998886823654, -0.017841181159019476, 0.013393253087997437, -0.02140561423301697, -0.009544493794441222, 0.005104079842567444, 0.214892578125, 0.2250732421875, -0.05960998886823654, -0.017841181159019476, 0.013393253087997437, -0.02139774641990662, -0.008011872112751006, 0.004935801029205322, 0.2028076171875, 0.2294677734375, -0.05981158295273781, -0.015034607052803045, 0.013195574283599854, -0.021458356893062594, -0.006167592644691466, 0.004760950803756714, 0.1599609375, 0.2404541015625, -0.05971961671113968, -0.011907300353050237, 0.012811213731765747, -0.021568320012092593, -0.004602099001407622, 0.004663974046707153, 0.1599609375, 0.2404541015625]",0.06168246269226074
"[7.558486461639404, 7.578486461639404, 7.598486461639404, 7.618486461639404, 7.638486461639404, 7.658486461639404, 7.678486461639404, 7.698486461639404, 7.718486461639404, 7.738486461639404, 7.7584864616394045]","[0.03920685687210028, 0.012118650453920363, 0.009928421570634574, -0.008075344887131512, 0.017500156862216006, -0.020243458191437188, 0.013247083062613501, 0.03931530844186907, 0.007972565480212166, 0.008104283020062372, -0.008848313650503477, 0.016296329163126302, -0.017021320837542295, 0.017094408666447177, 0.03891932780395023, 0.0025030805799980188, 0.005827596826167265, -0.009924982196123032, 0.015074084588708948, -0.013114812504782454, 0.02064141706306664, 0.03798346917531889, -0.0036630845241384298, 0.0033831263990689547, -0.010976938462612279, 0.013853687427273519, -0.008769604108863497, 0.02375045957403701, 0.036505122149494376, -0.009992219578997525, 0.0009918722472061906, -0.011726533779226906, 0.012658642464502498, -0.0043392547437955875, 0.026390981552474973, 0.034616477662363185, -0.016124378872539466, -0.0011494998058184439, -0.012056365887993784, 0.011522149183695997, -0.0001814583979725283, 0.028522286108994252, 0.03263300713130438, -0.02169963369550916, -0.002705003240907324, -0.011919240662955239, 0.010470221097152094, 0.0035506665542795355, 0.03011892510952958, 0.030745154369955695, -0.026560497330834088, -0.003524669456230776, -0.01135101838359805, 0.009516458778309866, 0.0067557557022982625, 0.03117423702612844, 0.02904600429195148, -0.03069204030834461, -0.0036013153789380276, -0.010443416027125655, 0.008664735176932148, 0.009381182905785667, 0.03170340932595076, 0.027559652108237312, -0.03416756126227533, -0.0030262579581027136, -0.009318667969353498, 0.007912701002042714, 0.011411103272117296, 0.03173998931136556, 0.026267984880249045, -0.037102582462446125, -0.00194856405867936, -0.008108210214486652, 0.00725510507029986, 0.01285139880320552, 0.03132977661978753]","[0.5069312511962675, 0.08114974180331459, 0.5366660317564635, 0.025078983430032387, 0.5342522662096326, -1.2530066466008738e-05, 0.5135000496902659, -0.004320216997357083, 0.484820828637322, 0.003595361446220183, 0.4556118961267327, 0.016914096443131257, 0.43071215025862186, 0.03054300076034684, 0.4141164104618165, 0.04052779774612802, 0.405697056638686, 0.04591616795394741, 0.4030526371836543, 0.04768476046895853]","[-0.05286840757020217, 0.029417333296683612, 0.009343906485855591, -0.05471864508457447, 0.022859340074198542, 0.008603692951806519, -0.055634388697913595, 0.01516650230424954, 0.007932086916029313, -0.055563974936505556, 0.006596922334460409, 0.0073852619553620436, -0.05467493016281111, -0.0025787563229409116, 0.007054491436194077, -0.05319448168027052, -0.012021093764594593, 0.007007575253700438, -0.05117122254370643, -0.021532912770777735, 0.0072423875373268665, -0.048661734858348904, -0.03092223174455322, 0.007738162161435191, -0.04573349733039289, -0.0400000663739859, 0.008452227014355884, -0.04246712200259317, -0.04858026089296441, 0.009320956006961367, -0.038958230806152905, -0.056480633154973425, 0.010263486645927244]","[-0.0567918216586113, -0.043507626652717596, 0.01870390772819519, -0.02042333713769913, -0.01861527019739151, 0.006432175636291504, 0.3214599609375, 0.184423828125, -0.057278001844882964, -0.04115060195326806, 0.01815745234489441, -0.020696669137477877, -0.0174621661901474, 0.006269872188568115, 0.309375, 0.1899169921875, -0.05776915156841278, -0.03866851553320885, 0.017700523138046265, -0.02108193866014481, -0.015639135777950286, 0.006044715642929077, 0.2863037109375, 0.2009033203125, -0.05828284302353859, -0.03595194071531296, 0.017318516969680786, -0.021369002079963687, -0.014027619898319243, 0.005843460559844971, 0.2643310546875, 0.2107912063598633, -0.05868870595097542, -0.033089017868042, 0.016840338706970215, -0.021705723619461062, -0.012403572142124175, 0.005708843469619751, 0.2643310546875, 0.2107912063598633]",0.06123065948486328
"[7.638991355895996, 7.658991355895996, 7.678991355895996, 7.698991355895996, 7.718991355895996, 7.738991355895996, 7.758991355895996, 7.778991355895996, 7.798991355895996, 7.818991355895996, 7.838991355895996]","[0.03864112810376484, -0.0024115106407786653, 0.006785837173422772, -0.006145247752008986, 0.01403318409313916, -0.01490069862133772, 0.019666168492267603, 0.0385488146208879, -0.006995847358721648, 0.005045260946015447, -0.007012857821246733, 0.013058980740563933, -0.011685081384046985, 0.021967710454354715, 0.03794363387798472, -0.012272889142129982, 0.0030716047059865933, -0.00807023402352247, 0.012111501076986804, -0.00805497619590849, 0.023799843886735145, 0.03680618941853776, -0.01768192139935401, 0.00109430874180931, -0.00902139264870489, 0.011203433236871802, -0.004289259720142564, 0.025127380114493576, 0.03526270391028729, -0.02284501599320538, -0.0006610761082209558, -0.009738268902139746, 0.010356273335898511, -0.0006751067899300154, 0.025926511821958535, 0.03341328844708775, -0.02734592324926445, -0.0020016897438826253, -0.010001794006083036, 0.009566135617469879, 0.002535707490416949, 0.02639583403594889, 0.03156249286896216, -0.03110414745102532, -0.002727740055760306, -0.009897783358323083, 0.008848112379885647, 0.005236945569750123, 0.026545355934673515, 0.029882056181985098, -0.03414020756455288, -0.002785903669670198, -0.00952945650040413, 0.008206893783727983, 0.007371705684160936, 0.02639280422341576, 0.028443250875860346, -0.03653947792341493, -0.0022309454611075755, -0.009005119868033424, 0.007639740491812714, 0.008927784529766163, 0.025966351218333735, 0.027248953327320233, -0.03842012359924661, -0.0011871826642401203, -0.00842765659180516, 0.007139836240833016, 0.009924802781821767, 0.025303279264666415, 0.0262629817941024, -0.039906848624387294, 0.00018611762027655296, -0.007886705276767698, 0.006699275559076323, 0.01039900906047391, 0.024446922564314622]","[0.5297762887346984, 0.05987183847117171, 0.5093766606729887, 0.020562151023857236, 0.47858785565787654, 0.008796665817911314, 0.44451762495314506, 0.014553938036943295, 0.41208612781791026, 0.02963916479246744, 0.38439989854849627, 0.047719320704800734, 0.36311531939084424, 0.06424817910971639, 0.3497562964951753, 0.07573245374669392, 0.34324313415916446, 0.08173517469096322, 0.34125203605601806, 0.08366457073497059]","[-0.05878639566736532, 0.002986780930749333, 0.009270748185160826, -0.05943509650087142, -0.003126905839260452, 0.008892287012331135, -0.0590069869251173, -0.009671273278404335, 0.00853363623714154, -0.05759297722691192, -0.01642256795453667, 0.008251735212986944, -0.05533067125298796, -0.02312339458070367, 0.008085829565962932, -0.052548305829348774, -0.029741556050794316, 0.00809495282997208, -0.049347273618953746, -0.03615402134740897, 0.00825900254807177, -0.045828812460859014, -0.042237774199492595, 0.008547798355827307, -0.04209502074981919, -0.047874382902857615, 0.008921291555291422, -0.03825106404863776, -0.05295320673182813, 0.009331943442974833, -0.03440799273337003, -0.05737319671068253, 0.009728283100572277]","[-0.048226753413677215, -0.06437883004546166, 0.023222684860229492, -0.017258747732639315, -0.026961254119873046, 0.007877960801124573, 0.3763917922973633, 0.1525634765625, -0.04932641068100929, -0.06279269829392434, 0.02280023694038391, -0.017501100218296053, -0.026700550854206084, 0.00784824788570404, 0.3763917922973633, 0.1525634765625, -0.050335714757442473, -0.061048383265733724, 0.02238178253173828, -0.017979397690296176, -0.025718631386756896, 0.007732510566711426, 0.3763917922973633, 0.1525634765625, -0.05135925689339638, -0.05911619439721108, 0.02194744348526001, -0.018498487091064456, -0.024693461298942565, 0.007517978549003601, 0.3752931594848633, 0.153662109375, -0.05234936827421188, -0.05700493454933167, 0.021641075611114502, -0.01899872652292252, -0.023601556360721587, 0.007285848259925842, 0.359912109375, 0.162451171875]",0.058858633041381836
"[7.738753318786621, 7.758753318786621, 7.778753318786621, 7.798753318786621, 7.818753318786621, 7.838753318786621, 7.858753318786621, 7.878753318786621, 7.898753318786621, 7.918753318786621, 7.938753318786621]","[0.036865444051828004, -0.021603919623318826, 0.003244340561935201, -0.0061898618060806, 0.012947919460049888, -0.008576604024240486, 0.02599620752870328, 0.036642131792283775, -0.02581698010659106, 0.0018914703680993157, -0.006862844437818468, 0.012115727702651683, -0.005757463874121068, 0.026895521062647986, 0.03588507265794061, -0.030157941513263252, 0.0004341029376911376, -0.0075830809734231544, 0.011357347431107757, -0.0028417239039915175, 0.02707359851771965, 0.03469259091426106, -0.034161944964539434, -0.0008853762827103512, -0.008203270038816204, 0.010690301166086028, -7.049619467256734e-05, 0.026422139786570785, 0.0331483431277599, -0.03735171577233045, -0.0018489255207498377, -0.008510729362983747, 0.010101314317410464, 0.002350885588941369, 0.02512361513892635, 0.03134176367351643, -0.039332925804231825, -0.0022769282252006347, -0.008251009751544938, 0.00954990292010452, 0.0043021518992111835, 0.023611341633855334, 0.02956317158784136, -0.04036378608120886, -0.002125902707966981, -0.007688872632094592, 0.009042595943545898, 0.005729890691911306, 0.021940743082393913, 0.027972415822696377, -0.040682358073420834, -0.0014431962591098357, -0.007032343720854893, 0.00857985544598104, 0.006622544564724597, 0.020166653620886103, 0.026631921729663374, -0.0404986148786565, -0.0003381800278431162, -0.006435492840543143, 0.008158053403383513, 0.007004988777347993, 0.01834439429570657, 0.025538850525996536, -0.03998852359764735, 0.0010461347546465913, -0.006003082485475104, 0.007771654985006855, 0.006926361008816286, 0.016529279856284523, 0.024654002525689635, -0.03929087247901041, 0.002557792857837852, -0.005796770730196767, 0.007415146146681203, 0.006446427652332419, 0.014775681329741447]","[0.5177814277223958, 0.04680628313103573, 0.4326147619250175, 0.022279625120529535, 0.36328264595741927, 0.020019571332136818, 0.309140314237401, 0.03126515074372607, 0.26874878768017335, 0.04898970111434962, 0.24020101668412663, 0.06789148515089553, 0.22136533935475428, 0.08428864472261824, 0.21076823231921787, 0.09536488319901952, 0.2060146831805235, 0.1010484773260357, 0.20464947194998542, 0.10285183650942675]","[-0.060707428382928086, -0.02693474705292065, 0.011743039561868951, -0.06041064493636461, -0.03212325291105955, 0.011534377614790259, -0.0590465257796724, -0.037010452569102625, 0.011288238705536635, -0.05662918950480833, -0.041256330198400804, 0.010996833610710244, -0.053369342175143775, -0.044792412793201564, 0.010698742435452324, -0.049653901829532554, -0.04788816062753565, 0.010472719209215775, -0.045620587057531914, -0.05047592228370146, 0.010283066943784114, -0.041398868525877486, -0.052490472598464955, 0.010099741889311176, -0.03711023242065048, -0.053880272519990946, 0.009897328859557408, -0.032870861985949906, -0.05461258092686894, 0.009655591847500311, -0.02879543883670488, -0.05467461790613726, 0.00936036269662166]","[-0.03989995101094246, -0.07494699060916901, 0.025021731853485107, -0.01359803161621094, -0.032168375492095946, 0.008589103817939758, 0.41044921875, 0.1261962890625, -0.04086330735683441, -0.07429616004228592, 0.02475598454475403, -0.014060653066635134, -0.03153422677516937, 0.008558645844459534, 0.41044921875, 0.1261962890625, -0.041137399315834045, -0.07323221899569035, 0.024906963109970093, -0.014630644834041598, -0.030828463077545165, 0.008436113595962524, 0.41044921875, 0.1261962890625, -0.042314576148986816, -0.07206949628889561, 0.024797439575195312, -0.015300288116931918, -0.02993063086271286, 0.008309423923492432, 0.3983642578125, 0.13388671875, -0.04448795148730278, -0.0708024300634861, 0.024410218000411987, -0.015832311725616457, -0.029479028820991515, 0.008079558610916138, 0.3983642578125, 0.13388671875]",0.061826467514038086
"[7.818573713302612, 7.838573713302612, 7.858573713302612, 7.878573713302612, 7.898573713302612, 7.918573713302612, 7.938573713302612, 7.958573713302612, 7.9785737133026124, 7.998573713302612, 8.018573713302612]","[0.03483869146944763, -0.03623460902488895, 0.001098693195871274, -0.007582358363736473, 0.01467262285991647, -0.0032341572197632012, 0.030319957144324988, 0.034301690037403666, -0.03977237617326738, 6.989790779816189e-05, -0.0078316756281638, 0.013806614074385819, -0.0009522968980854365, 0.030018972676979113, 0.03330033540549441, -0.04290428871401216, -0.0009017820401685154, -0.008002569200146614, 0.013066547727302067, 0.0011296620177582279, 0.028609859990870692, 0.03190415937595347, -0.04507078428906557, -0.0015821715936532646, -0.007873448952148216, 0.01243595583612049, 0.002813713126687102, 0.026229980442668156, 0.030194170098279835, -0.045820415152607506, -0.0017776374659890994, -0.00719489167756975, 0.011864495912407272, 0.0039976092347351585, 0.023340887017036707, 0.028403729270190487, -0.04519007153599776, -0.0013795941672513985, -0.006043356304854403, 0.011321151924414592, 0.004689421019487198, 0.020287017992822995, 0.026742077134773046, -0.04364140325677477, -0.0004860915288575064, -0.004777287831937063, 0.010806616823250561, 0.004889109287218264, 0.017163665918746282, 0.02531421727319487, -0.04153233509512273, 0.000770787142932334, -0.003651774096412833, 0.010320602270448407, 0.004626803344004388, 0.014061226534218972, 0.02414894403156977, -0.039129499303623645, 0.002243036932646541, -0.0028308447493341914, 0.009862091036875003, 0.0039577207380014036, 0.01106323748720206, 0.023225728809806195, -0.03662145546618267, 0.0037838079851750367, -0.0024019453037134003, 0.009429874655589409, 0.002952175672280966, 0.008245884562227565, 0.022498503856120764, -0.034132612630463875, 0.005261207690297652, -0.0023913505712638847, 0.009023107803854284, 0.0016849222750489408, 0.005678648653150989]","[0.4160774935119, 0.027362390810057754, 0.2972383150488956, 0.023319928081008422, 0.21080217079480043, 0.03309744174542665, 0.1507647993657011, 0.05030080529971192, 0.11135551860231542, 0.06996708122604643, 0.08727532741825986, 0.08850467857856686, 0.07385081757747891, 0.10357421679824404, 0.06745510433722562, 0.11338158955683417, 0.06503177357245134, 0.11829032467220135, 0.06444141847602154, 0.1198209167386696]","[-0.058055824434744, -0.0482482249261067, 0.015450835303550736, -0.05707437481533173, -0.052504995697175705, 0.015202512144093738, -0.05501601068709805, -0.05570873345295091, 0.014804326439432192, -0.052023433973756195, -0.05770072328793674, 0.014267523305303342, -0.04843908650386952, -0.058716458955978545, 0.013672367175178834, -0.044498452859879745, -0.058982716631799104, 0.0130501875834943, -0.04034081887232288, -0.05845488262023135, 0.012374841574108508, -0.03609467963188351, -0.05710864525912829, 0.011638068075399133, -0.03187751822910889, -0.054948850825167206, 0.01084535312332946, -0.02779852114607606, -0.05201134844200084, 0.010012954919284223, -0.023962470760216625, -0.04836156769095368, 0.009164617064572944]","[-0.032922135829925536, -0.07779587283730507, 0.026305168867111206, -0.011808290398120883, -0.03202896022796631, 0.008936896920204163, 0.4510986328125, 0.0844482421875, -0.034090237855911254, -0.07749466262757779, 0.02635863423347473, -0.012182302093505862, -0.03196864777803421, 0.008919298648834229, 0.4510986328125, 0.08774433135986329, -0.03484148734807968, -0.0771687313914299, 0.026344209909439087, -0.012660152530670168, -0.031692670822143554, 0.008873313665390015, 0.4489013671875, 0.0910400390625, -0.03569609501957893, -0.0767866786569357, 0.026319891214370728, -0.013060427522659304, -0.03132574462890625, 0.008758902549743652, 0.4412109375, 0.0976318359375, -0.03654175826907158, -0.0763808734714985, 0.026200026273727417, -0.013388275420665743, -0.03112248533964157, 0.008702918887138367, 0.4412109375, 0.0976318359375]",0.06746101379394531
"[7.89853048324585, 7.918530483245849, 7.93853048324585, 7.958530483245849, 7.97853048324585, 7.998530483245849, 8.018530483245849, 8.03853048324585, 8.05853048324585, 8.07853048324585, 8.098530483245849]","[0.031398282418024746, -0.04750850147808272, -1.4852051150385322e-05, -0.008101808271594558, 0.016389008832755007, 0.0011229349460441338, 0.0319142457779792, 0.030726940102976868, -0.050331413602652586, -0.0007775919815035657, -0.008226536792158384, 0.015510945976464552, 0.002610019490530114, 0.03053571771063177, 0.02962910456209738, -0.052198248987654065, -0.001363032764590857, -0.008055244384117278, 0.014773771188766846, 0.0036968077236998, 0.02796558344167108, 0.028165486213865085, -0.05256266907729454, -0.001556669893435779, -0.007324818178685668, 0.014132773222011182, 0.0042640211801447826, 0.02452794262479738, 0.026553274153188755, -0.05139430942449055, -0.001240837068843237, -0.00613171549175549, 0.013555456101579383, 0.004304306019536296, 0.02049933244914714, 0.024929263308535687, -0.048700635090305006, -0.00034678475848267754, -0.004481944292734807, 0.01298839979900544, 0.003923508683043726, 0.016362685565902542, 0.02343825049668782, -0.04510951186239422, 0.0009240006580818098, -0.002805511514862991, 0.012430879522619636, 0.0031598587659756113, 0.01224093333255161, 0.02215035965026671, -0.04107691511726573, 0.002387802469941788, -0.0013958573605307438, 0.011885956886574841, 0.0020684008640253805, 0.008248169686999256, 0.021081524290766346, -0.036916287571985465, 0.003885058649672293, -0.0004289139324345593, 0.011358706448674689, 0.0007170478744156325, 0.004485639431466715, 0.020212981189646824, -0.03282743769088922, 0.005285557563198772, 1.5550696937565122e-05, 0.010854953162737855, -0.0008201514243618537, 0.0010410966331922432, 0.019508394373115915, -0.028924340744067956, 0.006491298505909953, -6.797751594891368e-05, 0.01038038976219406, -0.0024697521522476975, -0.0020096194675602395]","[0.33327766067536524, 0.022388860602848844, 0.18648340423739615, 0.03052379673139071, 0.08532284368062534, 0.044841198450799806, 0.019555220474796176, 0.06164249246303437, -0.020019714994637654, 0.0781651633815626, -0.041375565205883806, 0.09252627228760894, -0.05117818567661044, 0.10362620717415397, -0.054690839205503994, 0.11062402025617309, -0.05549922038402359, 0.11404797986624267, -0.0555502903716018, 0.11509798767850474]","[-0.0519627231501687, -0.06546101104070967, 0.018915885540056188, -0.050555293098374365, -0.06814177225015339, 0.018436342495999902, -0.048255430118585574, -0.06935557865077513, 0.017736069100169782, -0.045300010383143796, -0.06917296570236342, 0.01686516342875599, -0.041838504209770866, -0.06766543695530958, 0.015835387592844974, -0.038101662779648215, -0.06523505869689306, 0.01473310857109933, -0.034218674623959444, -0.06186887411638686, 0.01355518970631664, -0.030305342296631732, -0.057587009886560736, 0.012323841492829501, -0.026464735524365235, -0.052447343531885515, 0.011077315183587011, -0.022790359484571532, -0.04654342028115055, 0.009862285366340817, -0.019369937253757907, -0.04000067491580239, 0.00872628662030861]","[-0.030258009374141692, -0.07794259339571, 0.0261458158493042, -0.011113724923133853, -0.031710961997509, 0.008885025978088379, 0.443408203125, 0.065771484375, -0.030366504728794097, -0.07808079235255719, 0.02619791030883789, -0.011109142816066744, -0.03184263610839844, 0.00890001654624939, 0.447802734375, 0.0712646484375, -0.030531691551208495, -0.07817342355847359, 0.026273250579833984, -0.01128698072433472, -0.031885536551475524, 0.008921980857849121, 0.4489013671875, 0.0712646484375, -0.03082261437177658, -0.07818548791110516, 0.026327848434448242, -0.011524467980861666, -0.03187257254123688, 0.00893324613571167, 0.4532958984375, 0.078955078125, -0.03118986839056015, -0.07815345972776414, 0.02636858820915222, -0.01164231381416321, -0.03184291177988052, 0.008928567171096802, 0.4532958984375, 0.078955078125]",0.05978655815124512
"[7.978157997131348, 7.998157997131347, 8.018157997131347, 8.038157997131348, 8.058157997131348, 8.078157997131347, 8.098157997131347, 8.118157997131348, 8.138157997131348, 8.158157997131347, 8.178157997131347]","[0.02828371405230546, -0.05388545125884013, 0.0012679532305406968, -0.008106076527879157, 0.01774270136759117, 0.0033511309619805698, 0.03147605832066167, 0.02748672166224661, -0.056044279751864885, 0.0005191871817556884, -0.008177024970956183, 0.016830328006305073, 0.0038364243308424482, 0.02939721847405005, 0.026279426885549746, -0.05676483447400152, -1.926084322671949e-06, -0.007671420849423952, 0.01604747998149791, 0.0039121687668371525, 0.026238177358536178, 0.024836515052107058, -0.05591504149649427, -0.00015337986611408966, -0.00667134525539556, 0.015373079898803862, 0.0035476645499770538, 0.02205502475212089, 0.023259083841888538, -0.05342929923086373, 0.0001411050880330469, -0.005219455508399385, 0.014758118311208695, 0.0028041386154206618, 0.01718347205656578, 0.021569459450923055, -0.049289662476156036, 0.0009059200941386969, -0.003244757522638118, 0.014131757746934911, 0.0018219490636935324, 0.0122439160882786, 0.019905662859469007, -0.044253771713605804, 0.0019063882017501743, -0.0012471833100740903, 0.013497295891870723, 0.0006503765344253562, 0.007381151471435621, 0.018349685267554847, -0.038854807872162306, 0.002961858758231279, 0.0004356520716100122, 0.012864570499374575, -0.0006568374000921941, 0.002727233970663589, 0.0169403369184741, -0.03344409684786434, 0.003940730964891323, 0.001604930430905966, 0.01224645457022713, -0.0020435467662122514, -0.0016037185680930896, 0.015686011201004827, -0.02823217247027907, 0.004754940151333735, 0.0021745506827921305, 0.011656142995864455, -0.0034542897305125052, -0.005516277094803717, 0.014576443874291899, -0.023327181842416247, 0.005353689760473072, 0.002144556730792823, 0.011105188335547791, -0.004837181659769244, -0.008931438765161795]","[0.2677442162132301, 0.020408617008915785, 0.0970655751573948, 0.024543500059086204, -0.017487691943554647, 0.031190087052964968, -0.08940833624092652, 0.0388687681360976, -0.13054165368157575, 0.04642841902864364, -0.15093243223843386, 0.053052040780667734, -0.15879418409360385, 0.05823309328330027, -0.16062009092036156, 0.06152816438188481, -0.1604486438152636, 0.06315137895814464, -0.1601666058106312, 0.06365169815125672]","[-0.04340060924107991, -0.07718102614864453, 0.02138523199815756, -0.04224660235995481, -0.07810868802995685, 0.020590413086649217, -0.040494696294064214, -0.07749387888801529, 0.019573101392976966, -0.03811575916065113, -0.07518652719022656, 0.018298300124460987, -0.03519137075700152, -0.07134190869095924, 0.01681965402517216, -0.03197794260611886, -0.06651761198803996, 0.015283867307611665, -0.028578426696567405, -0.06073981930372607, 0.013710076745113042, -0.025082041784674658, -0.054074517373498665, 0.01214557978439057, -0.021567314972628537, -0.0466277612186925, 0.010650614885978626, -0.01810663139437718, -0.038539774293956164, 0.009286454462243299, -0.01477048499552458, -0.029979191760398205, 0.008104928764161912]","[-0.031107509672641753, -0.07642500139772893, 0.025759190320968628, -0.011645636773109438, -0.030902112066745757, 0.008775874972343445, 0.4302248001098633, 0.056982421875, -0.030870916485786437, -0.0766142386943102, 0.02579331398010254, -0.011516421353816989, -0.03101349079608917, 0.008794590830802917, 0.4379150390625, 0.0602783203125, -0.03065924549102783, -0.07680759988725186, 0.025826483964920044, -0.011412798678874972, -0.031117195427417754, 0.008814141154289246, 0.4379150390625, 0.0602783203125, -0.03049830549955368, -0.07701570391654969, 0.025876224040985107, -0.011370308017730715, -0.031207317650318145, 0.008822515606880188, 0.4423095703125, 0.0646728515625, -0.030372204422950744, -0.07722319327294827, 0.025921911001205444, -0.011356435036659243, -0.031290875911712646, 0.008830517530441284, 0.4423095703125, 0.0646728515625]",0.06285572052001953
"[8.058634042739868, 8.078634042739868, 8.098634042739867, 8.118634042739869, 8.138634042739868, 8.158634042739868, 8.178634042739867, 8.198634042739869, 8.218634042739868, 8.238634042739868, 8.258634042739867]","[0.024139910845715325, -0.06124702764135733, -0.001351831546714188, -0.011157873482085578, 0.01848698465158084, 0.004419712424646258, 0.031212663333835582, 0.023358190296900495, -0.06199106765094466, -0.0019058256207482838, -0.01058534143126054, 0.017594050662432387, 0.004460466707859272, 0.02899829633119633, 0.022263552691002476, -0.06117462351700993, -0.0021213421269797575, -0.009371014551246922, 0.016837583933180054, 0.004113350250265959, 0.025371692445974148, 0.02091804377833995, -0.058598953078508466, -0.0018970541666006515, -0.007552680578912307, 0.016179486039141336, 0.0033836929286259958, 0.020439085557592315, 0.019315108194986386, -0.05414664074370819, -0.001203482656116919, -0.0051055949395357545, 0.015549993433945442, 0.002346276659590564, 0.014697159544423397, 0.017471865544200313, -0.047948968191228784, -8.223521836178528e-05, -0.002062757959639743, 0.0148806604756208, 0.0011273140987353842, 0.008815483339151848, 0.015565751760885038, -0.04087757181646858, 0.0012133725148604593, 0.0009747072783264217, 0.014183665007218928, -0.00022806377828541466, 0.002967964305335747, 0.013712880906013917, -0.03353810479327644, 0.0024977536280472354, 0.003597630260803626, 0.013478814172149196, -0.0016716840470058847, -0.0026846748812099685, 0.011979522696483391, -0.026321412568672594, 0.0036437925352916355, 0.005562181216285294, 0.012788748279298691, -0.00315369679054542, -0.008002064665641764, 0.010394431902162096, -0.01945298541483619, 0.0045735926791579205, 0.006759717002827241, 0.012135343855988957, -0.004624794278205833, -0.012865320532914181, 0.008960984597588286, -0.013039314659678499, 0.005249128978694354, 0.007185620690877168, 0.01153720695746561, -0.00603840051701539, -0.017174127850899636]","[0.15088024857767757, 0.015425559958653827, -0.046930995267276, 0.012743210128926334, -0.17854195909192666, 0.013180142547278706, -0.2600318980003645, 0.015663362618223032, -0.305509476528728, 0.0192056639405952, -0.3269543916463735, 0.02297294455550568, -0.33417312427687246, 0.02631439168580961, -0.3349938250468812, 0.028607659528489697, -0.33411657873554085, 0.0297995074501522, -0.333569344111384, 0.030181557724796228]","[-0.03746198495432562, -0.08059261311200938, 0.02215448846406698, -0.036942282119182934, -0.08053796067417984, 0.021310306405225354, -0.03568490577000771, -0.07879450480477779, 0.02017663981211637, -0.03360636360095093, -0.0752148448283263, 0.018724263139111574, -0.0308451216400627, -0.07005530398231397, 0.01704255847621461, -0.027685864873054022, -0.06383927109966958, 0.015281206676657444, -0.024231224568111553, -0.05656331494937383, 0.013479893769735352, -0.02056771952964942, -0.04828650167843174, 0.01170791284589523, -0.016771657882412416, -0.039123498358919484, 0.010047635841837543, -0.012916148813559403, -0.029232370422056952, 0.008580900386917278, -0.009077069053504694, -0.018805149633382534, 0.007375894933459026]","[-0.03254016691446304, -0.07469742596149445, 0.022260665893554688, -0.011904492294788363, -0.03114481472969055, 0.00783933699131012, 0.3456298828125, 0.039404296875, -0.03271451795101166, -0.07532797604799271, 0.022928893566131592, -0.011871009385585787, -0.031219938933849334, 0.007973119616508484, 0.3544189453125, 0.0405029296875, -0.03279828482866287, -0.07576585598289967, 0.023555278778076172, -0.011830612337589266, -0.03132233226299286, 0.008148521184921265, 0.40166015625, 0.050390625, -0.03284353965520859, -0.07602040693163872, 0.02409645915031433, -0.011806241488456728, -0.03140977972745895, 0.008375689387321472, 0.40166015625, 0.050390625, -0.03278273546695709, -0.07613386064767838, 0.024581551551818848, -0.011841706252098086, -0.031412827014923095, 0.008563593029975891, 0.40166015625, 0.050390625]",0.06378388404846191
"[8.158348560333252, 8.178348560333252, 8.198348560333251, 8.218348560333252, 8.238348560333252, 8.258348560333252, 8.278348560333251, 8.298348560333253, 8.318348560333252, 8.338348560333252, 8.358348560333251]","[0.020773178892204102, -0.06317550812496832, -0.0024496955781525124, -0.012079941879215185, 0.018428131396635183, 0.005055895737667657, 0.030400851479066977, 0.020013784063519603, -0.06266956266393013, -0.00268097789296656, -0.010840472632125666, 0.017580501408809214, 0.004619698633511949, 0.027518398674747663, 0.018923495012364355, -0.060318670192165184, -0.002495118419504043, -0.008839798315888756, 0.016862752800133836, 0.0038255128999595362, 0.02289444489034991, 0.017451861804151352, -0.05587759339484353, -0.0018435579482791956, -0.006048183971145779, 0.016211683733983576, 0.002712417260950429, 0.01683121612956201, 0.015584112363839714, -0.04938773136005351, -0.000765063371472345, -0.002539672058880751, 0.015555833665911692, 0.0013638999170845544, 0.009923449467652869, 0.013364263724300286, -0.04117282164268372, 0.0006348937463805303, 0.001513940059293994, 0.014838601815538156, -0.00011034613306531441, 0.002880617514166342, 0.011021489776105677, -0.032204643109207814, 0.002098892540686439, 0.005423127067524106, 0.014085897227985842, -0.001666187859616149, -0.004086755682333516, 0.00871037153063138, -0.023142383978331266, 0.0034490629862603287, 0.008728450439477642, 0.013330547694974217, -0.0032575396578479647, -0.01078729579653238, 0.006523610526417278, -0.01439437080451986, 0.004574248252924872, 0.011167776647101812, 0.012606490185274976, -0.004837560134347687, -0.017057864625687882, 0.004506133794514846, -0.006178394664398891, 0.005417204889404811, 0.012638757358791247, 0.011944532609455041, -0.0063603214749419195, -0.022763513946716264, 0.002669405839926886, 0.0014214770008923268, 0.005962068852658508, 0.013160081386601448, 0.01136949500295866, -0.007782454081365403, -0.02779195577860632]","[-0.017237886288974682, 0.005554482712986295, -0.23362164992696208, -0.0062638952790271965, -0.3733966613696174, -0.013103686940678818, -0.4559487823526955, -0.016109965955356593, -0.49821719633020817, -0.016454291967200472, -0.5145148798213226, -0.015232016620651273, -0.5164606761855524, -0.01339893485437656, -0.5133965903636137, -0.011864531988328842, -0.510407316780173, -0.010972864925033127, -0.5091612664470767, -0.010665568918156806]","[-0.032444125090482334, -0.08113100882163637, 0.02206484719286106, -0.03216518697633575, -0.0801533762469786, 0.021099942317797993, -0.03094428178676001, -0.07719160501181932, 0.019766814642589114, -0.02875967728596729, -0.07223235207687839, 0.018081270965791152, -0.025790364004304678, -0.06555428498255544, 0.016154267574339798, -0.022354158997734963, -0.05763947149261517, 0.0141512096174079, -0.018557592004919243, -0.04849551692670051, 0.012143747980719155, -0.014487411385402993, -0.038214932017858416, 0.010232745779320318, -0.01021987438446903, -0.02695567668661747, 0.008528909434100562, -0.00583057935627318, -0.014920998065452551, 0.0071357096464312875, -0.0014022735368053318, -0.002347238346399827, 0.006132319771019468]","[-0.027186894953250884, -0.06627970784902573, 0.017348676919937134, -0.009713112628459933, -0.026895711362361907, 0.006036356091499329, 0.27421875, 0.03061542510986328, -0.02858030253648758, -0.06736604347825051, 0.01815849542617798, -0.009836926376819613, -0.027008729219436645, 0.006313353776931763, 0.2841064453125, 0.0328125, -0.02922465854883194, -0.06834205090999604, 0.01904800534248352, -0.010146550154685977, -0.0275542756319046, 0.006628841161727905, 0.309375, 0.035009765625, -0.02986172044277191, -0.0693719744682312, 0.019670307636260986, -0.01064003190994263, -0.028402807354927062, 0.006970807909965515, 0.3346435546875, 0.0383056640625, -0.030573764979839324, -0.07057046741247178, 0.020127832889556885, -0.01109585843086243, -0.029143141746520995, 0.00718553364276886, 0.3346435546875, 0.0383056640625]",0.06682538986206055
"[8.238104104995728, 8.258104104995727, 8.278104104995727, 8.298104104995728, 8.318104104995728, 8.338104104995727, 8.358104104995727, 8.378104104995728, 8.398104104995728, 8.418104104995727, 8.438104104995727]","[0.01895272293760124, -0.06186841168497795, -0.003682997936721414, -0.010922704555655834, 0.018031383418806595, 0.004592536821594435, 0.029787771758123034, 0.01817594240531816, -0.06026509619523083, -0.0036172632091617664, -0.008956961529439962, 0.017239583323361975, 0.004079630635422555, 0.025968144343806163, 0.01696952133734553, -0.056578191282977565, -0.003068133483106825, -0.006136723876345406, 0.016546971243369634, 0.0032807175350472273, 0.020314460544592332, 0.01527376454837663, -0.05072355582977751, -0.002057683635423328, -0.0025401683997938558, 0.0158925206826232, 0.0022277645831824742, 0.01316936187210673, 0.01310511067203546, -0.042938250063025554, -0.0006920973302657947, 0.0015935900522398617, 0.015222428351708792, 0.0009613949074757278, 0.005098493657192151, 0.010472711965177585, -0.033466889045953165, 0.0009193292494828062, 0.006171849320064725, 0.014476296732532834, -0.00044640943833118606, -0.003013808906966007, 0.007693284888068184, -0.02335617324297336, 0.002541772952024112, 0.010435204026506295, 0.013695284648098978, -0.0019607700847620174, -0.010925630305336638, 0.004973838809308778, -0.013300684541542398, 0.0040131748541644904, 0.01389576869173295, 0.012924711389429367, -0.003538916848089267, -0.018424702451379664, 0.0024321242542041906, -0.003714067761189511, 0.005232858003312183, 0.016295722697134973, 0.0122079361200938, -0.005132434269005651, -0.0253382114458617, 0.00011868974801838901, 0.005200738903834275, 0.0061501337453157955, 0.017560088455279906, 0.011582093620583975, -0.006690677089087465, -0.03152988130779619, -0.001961266823791434, 0.01338519889285149, 0.006752960882856597, 0.017748569577350208, 0.011075356892435707, -0.008164275968595787, -0.03689029368028728]","[-0.15171919573915554, -0.005953156618083802, -0.37913922511649945, -0.02899434572242391, -0.5209617181868355, -0.041481804019275044, -0.5998137838755205, -0.04627751258220924, -0.6353652808002779, -0.046023068559809865, -0.6441081801299307, -0.043011359596359516, -0.6392757741853369, -0.039118212861367276, -0.6315132077564515, -0.03600323949743784, -0.626057532661281, -0.03423421959328597, -0.6240126149303779, -0.03363253112788781]","[-0.033134054407105484, -0.0795353824508549, 0.021687040904856403, -0.032736619450190796, -0.07792339190626851, 0.02061674693604809, -0.03114303599455015, -0.07421758709636261, 0.019125113013991335, -0.028348766988869567, -0.0683741114947578, 0.0172386700126701, -0.02453505120154853, -0.0605403190107876, 0.015076404782920605, -0.020168897167279987, -0.05130668449196607, 0.01287258845624173, -0.015391137323987003, -0.040715954808315136, 0.010728531872191027, -0.010317321469160312, -0.028906816404953517, 0.008773878850883321, -0.00504898997569847, -0.016083151772186444, 0.007142047299027787, 0.00031424918657441125, -0.0024885293882568327, 0.005948703194440963, 0.005665034573487215, 0.011605865529949355, 0.005271177721132503]","[-0.021092267870903014, -0.05358452573418618, 0.011255592107772827, -0.007018826222419741, -0.022741491138935088, 0.004082083702087402, 0.186328125, 0.0240234375, -0.021825561463832854, -0.05535615831613541, 0.011981725692749023, -0.007063023066520693, -0.022999713361263274, 0.00428442656993866, 0.19072284698486328, 0.0240234375, -0.0225636830329895, -0.05719731599092484, 0.012648940086364746, -0.007328032767772677, -0.023966947734355926, 0.004605993628501892, 0.2181884765625, 0.02622089385986328, -0.022814238607883452, -0.059068253636360174, 0.013382643461227417, -0.007740370249748232, -0.02531378173828125, 0.005051761865615845, 0.2445556640625, 0.02841815948486328, -0.023805419147014617, -0.061017329245805746, 0.0141257643699646, -0.00817769697904587, -0.026383744716644286, 0.005342528223991394, 0.2445556640625, 0.02841815948486328]",0.06000232696533203
"[8.318566799163818, 8.338566799163818, 8.358566799163818, 8.378566799163819, 8.398566799163818, 8.418566799163818, 8.438566799163818, 8.458566799163819, 8.478566799163819, 8.498566799163818, 8.518566799163818]","[0.016698175463873817, -0.057042099657521314, -0.0040278628846103105, -0.006399069428139115, 0.01668379277900061, 0.004789884975739235, 0.028021417470336457, 0.015898273583413634, -0.054534976978227456, -0.003523885156849832, -0.0038577292694541216, 0.015963346939665064, 0.004205774848500994, 0.023034204388423126, 0.014598800759383572, -0.049912390073006775, -0.0025604954799348756, -0.000574517524120997, 0.015316174230988378, 0.003356705799106856, 0.01624464168166211, 0.012778906793752294, -0.043290574268011354, -0.0012300265613249903, 0.0032076131342266257, 0.014702107224318152, 0.002233698314524562, 0.00793252351002236, 0.010426636840835026, -0.03483576923768994, 0.00035321988734279114, 0.007316698293032956, 0.014067487821951651, 0.000845405500663373, -0.0012100366755121805, 0.00759837315480069, -0.02472904228711665, 0.0021351368458376765, 0.011718655454213056, 0.013354276471514492, -0.0007141388646982431, -0.01017561632890525, 0.0046576681786855405, -0.014093344387077794, 0.0038770867621692037, 0.015621352416861826, 0.012616758342143989, -0.0024036501065535353, -0.01870295245820076, 0.0018329472624202068, -0.003654146381718374, 0.005416404523852297, 0.01854398513363786, 0.011910480312983918, -0.004171193546016984, -0.026575191031176282, -0.0007548583479838365, 0.006176962341802885, 0.006654973178186598, 0.020264354057000087, 0.011285685786407984, -0.00595777586229302, -0.033629017505642754, -0.0030634403518456014, 0.015219646514282701, 0.007547332862336922, 0.020760055977432863, 0.010782820926091228, -0.007702163697131526, -0.03974760077840097, -0.005101310898182668, 0.023447273722336143, 0.00808853644538635, 0.020149870528370133, 0.010429840342108919, -0.009345535869341936, -0.044845812439874885]","[-0.25888024916962976, -0.018825767678174794, -0.49087320955536967, -0.0443764593028648, -0.6285553480339684, -0.05649067046896427, -0.6983191407651723, -0.05925749515887046, -0.7228508381104672, -0.05627016014213987, -0.7208999776522664, -0.05051343300197084, -0.7072287641116007, -0.04431731959466562, -0.6936261192770388, -0.03967636403164071, -0.6852040824554094, -0.03713177172522282, -0.6822207579202743, -0.036284043341342186]","[-0.03439311764708064, -0.07915625593370201, 0.020996585262929912, -0.03336820002205032, -0.07691528927669866, 0.019732881349146858, -0.030960552219511106, -0.07235603760456799, 0.017976102176926023, -0.027165251216113795, -0.06529290188769687, 0.01576552258820385, -0.022287781487930536, -0.05594944672015023, 0.013307894372157847, -0.016878909967656952, -0.04506847547437731, 0.010915521202776723, -0.011120394963681335, -0.03277546646273377, 0.008718376260890448, -0.005161901931277857, -0.019283940286769496, 0.006868079591533238, 0.0008674966830690689, -0.004857925848206435, 0.005504809479947248, 0.006846437248304582, 0.010213609801451362, 0.004731391829991161, 0.01265070789655387, 0.02562426928546513, 0.004591964196614118]","[-0.01154623383283615, -0.022967970371246343, 0.00328102707862854, -0.004675275897979739, -0.011748360633850097, 0.0017377883195877075, 0.05009765625, 0.0119384765625, -0.012501025736331939, -0.026529370248317724, 0.004084229469299316, -0.004640660500526431, -0.013113157987594604, 0.0018108636140823364, 0.0533935546875, 0.013037109375, -0.013427900314331054, -0.030114313960075384, 0.00487905740737915, -0.004561088299751284, -0.013884516596794128, 0.002039492130279541, 0.06767578125, 0.0141357421875, -0.01434236967563629, -0.033735124766826635, 0.005567044019699097, -0.004633366382122042, -0.015063109040260314, 0.002311423420906067, 0.078662109375, 0.015234375, -0.015234867274761199, -0.03726349622011185, 0.006100088357925415, -0.004984109914302828, -0.016866164445877074, 0.0026419609785079956, 0.1039306640625, 0.0185302734375]",0.0695810317993164
"[8.418385982513428, 8.438385982513427, 8.458385982513427, 8.478385982513428, 8.498385982513428, 8.518385982513427, 8.538385982513427, 8.558385982513428, 8.578385982513428, 8.598385982513427, 8.618385982513427]","[0.012552949991808775, -0.044624673292527006, -0.002462162293048442, -0.0004758089033797904, 0.012067609683850993, 0.004079888339231136, 0.016284161480836057, 0.011790208549179788, -0.04164250361163624, -0.0017505168914532891, 0.0010216417854387227, 0.011575305944720192, 0.0032580038578388774, 0.01092255120995985, 0.01056459949899792, -0.03685181481833765, -0.0007145866219101068, 0.0030443879041563695, 0.011132774707268736, 0.0022087626184166746, 0.004283563502344912, 0.008843886647077085, -0.03038092781867229, 0.0005383066274447762, 0.005445259511646555, 0.010708429343762104, 0.0009286049008412352, -0.0032510870296039206, 0.006667690814935081, -0.022387388942767945, 0.0019501370578977185, 0.008140263919531182, 0.010261863598980183, -0.0005194401999098442, -0.010989918001398051, 0.004152329096198607, -0.013286929902538411, 0.003417417277421676, 0.010951177967587582, 0.00977308116179218, -0.0020548680766860963, -0.018232573712944754, 0.0015898371897381223, -0.004002641465915396, 0.004746069988161055, 0.013276412968917779, 0.00929217336104135, -0.00363255406167354, -0.024797675532528294, -0.0008416776467635625, 0.0048968789029693845, 0.005816348532048553, 0.014783981978217831, 0.008864110106932718, -0.005202938629623658, -0.030551683534911455, -0.003052021563818147, 0.013115962930629789, 0.006569850121201606, 0.015357355290520692, 0.008524446672567267, -0.006715888980638293, -0.03541321333416939, -0.005013409751298449, 0.020553416352763313, 0.006995784819406026, 0.015038486976995056, 0.00829683117369323, -0.008123953694231042, -0.03934321450672773, -0.006737132168830038, 0.027231031147027, 0.007117318371737154, 0.013973631463818928, 0.008192043787339854, -0.009384623957084027, -0.042329227062464406]","[-0.33285699307386335, -0.021819349027727235, -0.5103915349624836, -0.04231514818634117, -0.6077817786599875, -0.052471266992814486, -0.6494869449382618, -0.05559237265611872, -0.6559269956146807, -0.05444925948409169, -0.6434537007262356, -0.05123856241656506, -0.6244787962575954, -0.04759170740190621, -0.6087110257457996, -0.0448268240773713, -0.5996536595851042, -0.04330735111471397, -0.5965727965486055, -0.04280100760349594]","[-0.027255334314689073, -0.06664609882799777, 0.015104847282221279, -0.024726776518140925, -0.06205343620551229, 0.01361847113594905, -0.02108151473199915, -0.05538010017941675, 0.011880002896732744, -0.016474332114512436, -0.04666398637379787, 0.010010452826918037, -0.011253618979849334, -0.036343909125445606, 0.008205274782696392, -0.005852171788901073, -0.02501240110702696, 0.006633549794576865, -0.0004327557561816242, -0.01285993942881447, 0.005369537601580987, 0.004877234252974816, -0.00011674346819035009, 0.004481999831828176, 0.009976146806274233, 0.012971304199480116, 0.004013023722100328, 0.014777636165071772, 0.026154732101920874, 0.003966284531798259, 0.019202010660474667, 0.03917981674385462, 0.004301127176575381]","[-0.0020439049005508414, 0.007357561588287348, 0.0007406175136566162, -0.0007625066399574304, 0.0021142343282699594, 0.0002705901861190796, -0.04877910614013672, 0.0031494140625, -0.0032141377925872794, 0.0034042015671729986, 0.000757366418838501, -0.0009609230518341089, 0.0006922165155410775, 0.00038410723209381104, -0.0213134765625, 0.0064453125, -0.004500026047229766, -0.0007822573184967097, 0.0009156763553619385, -0.0016075663924217248, -0.0017140900492668143, 0.0006468147039413452, 0.0160400390625, 0.0097412109375, -0.0060251673460006705, -0.005377142131328588, 0.00119057297706604, -0.0024827339410781885, -0.004457192659378051, 0.0007831007242202759, 0.0160400390625, 0.0097412109375, -0.007517965674400329, -0.010022780299186712, 0.001549839973449707, -0.003284081137180331, -0.0071097185611724845, 0.0009918510913848877, 0.0336181640625, 0.0119384765625]",0.06099677085876465
"[8.49863338470459, 8.51863338470459, 8.538633384704589, 8.55863338470459, 8.57863338470459, 8.59863338470459, 8.618633384704589, 8.63863338470459, 8.65863338470459, 8.67863338470459, 8.69863338470459]","[0.009069164461871134, -0.03199254612819531, 6.357527421441439e-05, 0.0033211483391859054, 0.007096379716884273, 0.0015522119771354808, 0.008867618377101004, 0.008193044985834466, -0.028452165949118088, 0.0006222381596356535, 0.0047505095027180625, 0.006883704594103584, 0.0005316769048548809, 0.0029936802931145447, 0.006749671465559833, -0.023297384556625337, 0.0013187769483033545, 0.006595088168116779, 0.0066857400894882605, -0.0005081644113989667, -0.0037976262832828253, 0.004741083930009923, -0.016687250831733818, 0.002097723923720095, 0.00876125895846433, 0.006466072986836052, -0.0015058535741891742, -0.010937555248409808, 0.002258656563078127, -0.009048131647311494, 0.002853275385588925, 0.011027442709491847, 0.006209381702660901, -0.00242972609859763, -0.01782799999285606, -0.0005319694518305381, -0.0009954398121472415, 0.0034427823773384597, 0.013067097770128476, 0.005929731712572732, -0.003291533447848262, -0.024017543355475353, -0.0033350487270508928, 0.0067988617662951235, 0.0037996080630316297, 0.014449199758119589, 0.005674252214322109, -0.004075401255107206, -0.029368689951514686, -0.005971884738580841, 0.013960408137829212, 0.0039056394568105206, 0.014978952767957444, 0.005479133882990116, -0.004761399249747201, -0.03379666496867543, -0.008354669175443547, 0.02033701680651571, 0.0037786615310434297, 0.01464394379941607, 0.00536792374093356, -0.0053290909427962715, -0.037270757726197444, -0.010460349966094181, 0.02592715451394166, 0.003460123108813639, 0.013558812376336861, 0.005351120061091959, -0.005760550632524476, -0.039801432266913336, -0.012306319071083305, 0.030816143258800128, 0.003004052423814322, 0.011914048723910399, 0.005426844938306342, -0.006042524661011399, -0.04142232261012941]","[-0.4372635086061501, -0.05564841229563674, -0.5508857783788055, -0.08715341661098389, -0.6004627492156328, -0.10499371772812711, -0.6079576974227402, -0.11304660848594532, -0.5912243010486771, -0.11470380267545158, -0.5641055173470044, -0.1127900339468861, -0.5366683323952621, -0.10952668459141311, -0.5166920612881076, -0.10673433675097102, -0.5059563546711705, -0.10509889223816968, -0.5024421866502355, -0.10453151578829176]","[-0.020440488521329625, -0.05319718539497886, 0.009635997949771102, -0.01781213440727658, -0.047106051628037715, 0.008296373342904229, -0.014124470918045251, -0.03913317467202937, 0.006845468530244148, -0.00959479327479329, -0.029648780706581945, 0.0054378796011476105, -0.004556808971414528, -0.019121280266281904, 0.004213917030869041, 0.0006364437699699632, -0.007963749986651614, 0.0032659683951248297, 0.005850944738660324, 0.003581758996084261, 0.002638038523222086, 0.010980322438078893, 0.015265102884054915, 0.0023543892564115154, 0.015937980445026145, 0.02684620437948526, 0.0024070021902620198, 0.02064854250145931, 0.038099036924871044, 0.0027517406128505506, 0.025040184743978067, 0.04880552107235081, 0.0033103781666685705]","[0.010370528161525727, 0.041767010092735285, 0.0028457045555114746, 0.002511941576004026, 0.015977186918258668, -8.715689182281494e-05, -0.16083984375, -0.0078369140625, 0.00915393775701523, 0.03835230469703674, 0.002165466547012329, 0.002325408840179441, 0.014660110533237458, -0.00012134015560150146, -0.1377685546875, -0.0056396484375, 0.0077514628171920785, 0.034676665067672724, 0.001690208911895752, 0.0018772787690162634, 0.012699855327606202, -0.00018477439880371094, -0.1333740234375, -0.0056396484375, 0.006261793732643128, 0.030874752998352045, 0.001394420862197876, 0.001103923404216764, 0.010165130555629731, -0.00013019144535064697, -0.1026123046875, -0.0012451171875, 0.004590628504753114, 0.026833572983741755, 0.0010138750076293945, 0.00027920373678207155, 0.007758004426956178, -0.0001367032527923584, -0.1026123046875, -0.0012451171875]",0.06180715560913086
"[8.578243970870972, 8.598243970870971, 8.61824397087097, 8.638243970870972, 8.658243970870972, 8.678243970870971, 8.698243970870971, 8.718243970870972, 8.738243970870972, 8.758243970870971, 8.778243970870971]","[0.005261481743562859, -0.016170293771551277, 0.0015342908215018338, 0.00593106237481645, 0.0027709128450654212, -0.0017816940046760186, -0.0027272328677113134, 0.004207262454542728, -0.012334900819069348, 0.001731123325410275, 0.00663992344426764, 0.002838184904120288, -0.0025861715906283886, -0.008164649053451439, 0.002557390023962371, -0.007169855331860938, 0.0019861059736344133, 0.007786100889939514, 0.002869239840145379, -0.0031397850293145005, -0.01374621215032995, 0.0003768586055273452, -0.0011400841551246648, 0.002191053737774923, 0.009145457387107746, 0.002848894799637332, -0.0033981755426751668, -0.01900663748185878, -0.0021869295954771214, 0.005110360433084408, 0.0022041781186469696, 0.010359407221352377, 0.0027945317435811145, -0.0034071596185136187, -0.023654691323348895, -0.0049774553957528615, 0.011066751777317625, 0.0019230625685431385, 0.011158398354429312, 0.0027327316071195386, -0.003267784945127692, -0.027489252818463143, -0.0077280308128923085, 0.01641496613009981, 0.0014215028198583735, 0.011348501717424568, 0.002695070902196113, -0.003000846021709893, -0.03045977014117478, -0.010282654392262662, 0.021026774386778316, 0.0007773814645131378, 0.010895521964873417, 0.00269958538436221, -0.00262103776548097, -0.032560516136713145, -0.012570038498224325, 0.024904477981982896, 6.60930344828886e-05, 0.009880458014153989, 0.002752206063606283, -0.0021399645490535017, -0.033828492427966025, -0.01457813098511194, 0.0281303769058132, -0.000644672683551917, 0.00845592533720706, 0.002848722981252343, -0.0015691067957456777, -0.0343305508785747, -0.016330794072657362, 0.030823683907100632, -0.0012986327617848033, 0.006807748737494857, 0.0029771096901370273, -0.0009222205755012901, -0.03414743361876644]","[-0.4725809385268197, -0.08815003710947703, -0.5098841200119989, -0.12593246889875206, -0.5100814246638036, -0.14746936640605499, -0.48858284453096795, -0.15741412484476847, -0.4573140470428837, -0.15979792844045984, -0.4249762914133734, -0.1579491517026276, -0.3973890844412132, -0.1544633780082134, -0.3789027957538511, -0.15142543664802421, -0.36945428337184416, -0.1496358736903227, -0.36646030827520387, -0.14901465908377504]","[-0.012219406954994572, -0.029042491664685866, 0.003754227895974349, -0.00913644255311774, -0.021428131885947277, 0.00289674418424557, -0.005282017496551106, -0.012856158992867073, 0.002143812311013349, -0.0008773833034272371, -0.003786070358473115, 0.0015536007615981617, 0.0038418492525102987, 0.005476939668775493, 0.0011567936722478578, 0.008600071483179761, 0.014698677702817964, 0.0009649971753953324, 0.01329568361373168, 0.023669476817556045, 0.0009669718672693506, 0.017848422449460166, 0.03219550735182519, 0.0011331373563221447, 0.022194414218859482, 0.040107339713038925, 0.001415872990223388, 0.026279818369090657, 0.04725937616859266, 0.00175456652363426, 0.0300541013625939, 0.053524702560867166, 0.002082883481871356]","[0.018635785043239594, 0.061121353507041926, 0.007021218538284302, 0.005775824868679044, 0.024313336074352265, 0.000300675630569458, -0.18720703125, -0.0111328125, 0.017758143901824952, 0.058851817250251764, 0.0063568949699401855, 0.005390160465240476, 0.022732799708843232, 0.0001376718282699585, -0.18720703125, -0.0111328125, 0.016696965157985688, 0.056385511159896845, 0.005876392126083374, 0.0047356567621231055, 0.020945286214351655, 6.884336471557617e-06, -0.18720703125, -0.0111328125, 0.015442920684814454, 0.05364681184291839, 0.0053889453411102295, 0.004007012331485746, 0.019363900482654572, -4.9248337745666504e-05, -0.18720703125, -0.0111328125, 0.014109073042869569, 0.050732010602951044, 0.0048243701457977295, 0.003378444099426267, 0.018223574221134187, -5.6877732276916504e-05, -0.1773193359375, -0.0100341796875]",0.06530284881591797
"[8.648586988449097, 8.668586988449096, 8.688586988449096, 8.708586988449097, 8.728586988449097, 8.748586988449096, 8.768586988449096, 8.788586988449097, 8.808586988449097, 8.828586988449096, 8.848586988449096]","[0.002367274218355096, -0.004213587095360475, 0.00023045941779976876, 0.0026639512217555496, 0.0008786754390511109, -0.003358272043889709, -0.009638176150459192, 0.0010136002489391776, 0.0003612412311415155, 0.0005368722824467551, 0.0037814565476314973, 0.0010809693867375198, -0.003580581493041852, -0.013715334994049649, -0.0009066695773661677, 0.005868103810029161, 0.0008776226769044509, 0.005398885113068005, 0.0012120394378360856, -0.0034608934739632892, -0.017662231345051696, -0.003280413105575003, 0.011663581140142114, 0.0010974579897937975, 0.0071316775167339684, 0.0012789482365447697, -0.003000644600582809, -0.021253128034599486, -0.005975272783462176, 0.017236068806657123, 0.0010941710671646119, 0.008674112857982703, 0.001301617369410562, -0.00227678718960584, -0.024320717483609953, -0.008885201882030005, 0.022184756211236542, 0.0007556558309894401, 0.009797381171399147, 0.001308382059138255, -0.0014661817745452, -0.02678049220472928, -0.01174661499809448, 0.026412936341660136, 0.00022908807337736586, 0.010401331764660099, 0.001324222931636378, -0.000610942134711823, -0.02861752872972824, -0.014406079547197527, 0.029925161335883726, -0.0003698405306286654, 0.010492419524610625, 0.001361881510564045, 0.0002594798319434063, -0.029847139531317762, -0.01679383489335181, 0.032792726547680735, -0.0009550048013043986, 0.010151587311709353, 0.0014244606753840334, 0.0011250000159260605, -0.030512742210168326, -0.018898269770377715, 0.03512268478883048, -0.0014668293240068092, 0.009503335269563365, 0.001507963363565616, 0.001970979495923487, -0.030675763461693532, -0.02074286453661047, 0.03703199115029207, -0.001868584867204836, 0.008688967863938045, 0.0016036818650881272, 0.0027845605396934555, -0.03040349925945491]","[-0.5251026643174102, -0.11310300684784232, -0.5271129085507783, -0.15671981917349942, -0.5092960016746622, -0.18147243145647865, -0.4814094331199499, -0.19290956790975133, -0.45076927079605134, -0.1957488623451668, -0.42250212794706166, -0.19381749527272135, -0.39982940908888526, -0.19005243492358717, -0.3851357824884305, -0.1867601507084235, -0.37777720910142776, -0.18482309169670846, -0.3754743161811265, -0.18415288051199016]","[-0.004223990046097192, -0.0016098447399084392, 0.0006084707439377723, -0.0011517300711672007, 0.005117956918053057, 0.0003937797173634294, 0.0024621311270807134, 0.012001691686760463, 0.00022089945157555135, 0.006502345918752983, 0.018800170162199592, 0.00010207787434701743, 0.010804088590372407, 0.025338521279143045, 4.989259259247092e-05, 0.015111556283627037, 0.03157926638188435, 7.407605684228713e-05, 0.019349595071037395, 0.03741668342514348, 0.0001653484851198428, 0.02345997403232336, 0.04275586984502766, 0.00030728091897636034, 0.02739679643107884, 0.04751905475370366, 0.0004775989210656917, 0.031120556942274114, 0.05164546211019605, 0.0006508397876041627, 0.03459182215398848, 0.055087835456576695, 0.0008012769203027403]","[0.024322805762290955, 0.07284202575683593, 0.011740803718566895, 0.007678725504875181, 0.02871732956171036, 0.0011328905820846558, -0.3223388671875, -0.0462890625, 0.023993020713329316, 0.0722101867198944, 0.011264294385910034, 0.007665597581863401, 0.02848411148786545, 0.0009974688291549683, -0.312451171875, -0.0429931640625, 0.02356555110216141, 0.07135748267173767, 0.010819613933563232, 0.007433057510852811, 0.02781117504835129, 0.0008476823568344116, -0.2959716796875, -0.0364013671875, 0.023002868354320527, 0.07038255929946899, 0.010483741760253906, 0.0068786300063133216, 0.02696675604581833, 0.000638425350189209, -0.272900390625, -0.0287109375, 0.02149420028924942, 0.06781859099864959, 0.009674757719039917, 0.006328352475166318, 0.02637081390619278, 0.0005886703729629517, -0.272900390625, -0.0287109375]",0.06005716323852539
"[8.739218711853027, 8.759218711853027, 8.779218711853026, 8.799218711853028, 8.819218711853027, 8.839218711853027, 8.859218711853027, 8.879218711853028, 8.899218711853027, 8.919218711853027, 8.939218711853027]","[-0.0024330515334395853, 0.0142656904886953, -0.0005881711946524311, -0.0002152567558729429, 0.003726354714130525, -0.004525170162414559, -0.01838452196437431, -0.0037770593125426564, 0.01853696200612047, -0.00022959612068108824, 0.0006860677227251866, 0.003765341837142216, -0.004078502988154778, -0.019774295044181597, -0.0055430834390902016, 0.023074039484350505, 0.00010922459293159378, 0.002074342104280584, 0.003716483861025738, -0.003246913856627019, -0.020844929697615026, -0.007639426816875862, 0.027363612106160905, 0.00031204790107587047, 0.0036230182321840072, 0.0035907243692483025, -0.0020352639947896867, -0.02162406569559105, -0.00999554812272471, 0.031019808441751347, 0.00027369855495535067, 0.00505284381408905, 0.0034170685972154773, -0.0005721891887368375, -0.022225616453257376, -0.012637846939145757, 0.03397413407641712, -9.458411743151647e-05, 0.006334101417035904, 0.0032118362614695795, 0.000903243133751852, -0.022621752895852405, -0.015322303416929106, 0.03635359215306809, -0.0005842407912125753, 0.007451949823167114, 0.002995164706381134, 0.0023270794152480618, -0.022841788464765832, -0.01789792252953041, 0.03827342278331279, -0.001055000870595513, 0.008417422726978123, 0.0027791063881449254, 0.0036534834718118803, -0.022919663567589288, -0.020284340550567333, 0.03983402901787217, -0.0014229499054915354, 0.009257192712514468, 0.002570025753741534, 0.004851905381415795, -0.022892503985458494, -0.022451167481696933, 0.04111943002077837, -0.0016481536748293693, 0.01000470486096541, 0.0023706110331602063, 0.005903219189178684, -0.022797066095899217, -0.024399871120836292, 0.0421970109480413, -0.0017228192697394907, 0.010693258333417149, 0.002181502510376115, 0.006795701132068592, -0.02266585116877338]","[-0.4888490001513973, -0.11821786141936716, -0.4666717333774342, -0.168150353991776, -0.44598293603582134, -0.19852938471240814, -0.42803931857114463, -0.21495655616579537, -0.4134497240580355, -0.22211704491657253, -0.4023529250100238, -0.2237554884128967, -0.3945674877929413, -0.22272049557867543, -0.3899365690259016, -0.22117070128881963, -0.3877484417876647, -0.2201099954614276, -0.3870893392219922, -0.219719175008149]","[0.008358070318480015, 0.0345531196691895, 0.0015058555448410615, 0.010956708072427324, 0.03915693229925887, 0.0014391972237470796, 0.01374193148627878, 0.04295117141056792, 0.0012994147462306316, 0.016752031088341113, 0.04588566543876471, 0.0011176531535577183, 0.019977435048358805, 0.048109306535427, 0.0009440128444371254, 0.02316111888639183, 0.04976731865345707, 0.0007931909025367112, 0.026266945113149642, 0.050912006356236716, 0.0006641595304404113, 0.029270773997509547, 0.0515958840557138, 0.0005578017578367067, 0.03215587091378724, 0.051874414088200815, 0.0004754547858252245, 0.03490820106239623, 0.05180681701366563, 0.0004180734251226781, 0.03751203115331814, 0.05145533388768131, 0.00038554833518666953]","[0.02668577229976654, 0.07382173240184783, 0.013501107692718506, 0.008955673062801359, 0.028646295726299287, 0.001576244831085205, -0.3728759765625, -0.0671630859375, 0.026461100041866303, 0.07395909130573272, 0.013239949941635132, 0.008884549820423124, 0.02860978788137436, 0.001463279128074646, -0.3574951171875, -0.0605712890625, 0.026189295411109925, 0.07401757836341857, 0.0131608247756958, 0.008552686059474943, 0.028290143072605134, 0.001301199197769165, -0.338818359375, -0.052880859375, 0.02582680231332779, 0.07394313216209411, 0.013131499290466309, 0.008216508412361143, 0.02822812443971634, 0.0012158304452896118, -0.338818359375, -0.052880859375, 0.025406984448432923, 0.0737784445285797, 0.012978851795196533, 0.007768691265583036, 0.028231462299823762, 0.0012211501598358154, -0.3322265625, -0.05068359375]",0.06170248985290527
"[8.8084077835083, 8.8284077835083, 8.8484077835083, 8.868407783508301, 8.8884077835083, 8.9084077835083, 8.9284077835083, 8.948407783508301, 8.968407783508301, 8.9884077835083, 9.0084077835083]","[-0.005711238913481693, 0.026348472566299967, -0.0006180025205926539, -0.0024659756184150184, 0.009343509579714797, -0.0044033460162938975, -0.01971261975410594, -0.007251105589345637, 0.030451802975795167, -0.00018412999198704556, -0.000780824378763316, 0.008936085018958349, -0.0034152813037717435, -0.019651743177738348, -0.009178449689887085, 0.034425492605166266, 0.00016694944439582106, 0.0013337428203557284, 0.008445602731884806, -0.002004936055558563, -0.019542217445770234, -0.011453489644198593, 0.0378764679220854, 0.00031534483859032615, 0.003568819656643693, 0.007893292290692964, -0.00025144943495461074, -0.019496567073994636, -0.014125699312508984, 0.04073693347211831, 0.00017337542915595014, 0.005872711421023264, 0.00729169955259225, 0.0016372837552336254, -0.01945746813000654, -0.01704188289138421, 0.04290958807961275, -0.0002403330605350185, 0.008065006788451038, 0.006679674628921609, 0.003451193460505591, -0.01952790513984524, -0.019970971394717374, 0.044594841468960686, -0.0007084189672919347, 0.010129161601683326, 0.006080279235607143, 0.005121372176237528, -0.019724337552455926, -0.022769613814901363, 0.045937912807626186, -0.0010968104898545954, 0.012049642116856779, 0.005509029578649687, 0.006601290876548763, -0.020056181835872593, -0.025361594998285754, 0.04704082608579048, -0.0013373922964159048, 0.013812530257185807, 0.00497576621116244, 0.007864013768603432, -0.02052670296669866, -0.027718692881325592, 0.04797336827755306, -0.0014108637728268854, 0.015405972324378056, 0.004486272304046978, 0.008897632892270736, -0.021132550966477984, -0.029843685969690822, 0.04878244272693069, -0.001331046097462833, 0.016820556466407004, 0.004043623255605592, 0.009700174275059096, -0.021862752890283787]","[-0.5120417090135558, -0.16380693255626966, -0.4842477373815824, -0.2137989792969793, -0.4651009294375751, -0.24381406155237367, -0.45239282113007073, -0.2596417928136302, -0.4442432919176018, -0.2660973427443806, -0.43917155651347173, -0.26702871129924993, -0.43610461188317495, -0.2653716741276185, -0.4344342753816078, -0.26339204438128183, -0.4336759654153086, -0.26210558292872904, -0.43344839851930655, -0.2616418412346215]","[0.0167373505433297, 0.05503643470407127, 0.004839494015318024, 0.018580383093328656, 0.05690592105825143, 0.00429651113200169, 0.020669170656366198, 0.057727769421325625, 0.0037143253707148105, 0.023081854392899448, 0.05767989464543044, 0.003171745514708224, 0.025628092129058144, 0.05690634424328511, 0.0026937002106413033, 0.028206360816340537, 0.05572241223752883, 0.0023185228371982447, 0.030806240558747255, 0.05426998931867422, 0.0020393776545333253, 0.03342199426903614, 0.052675386715788086, 0.0018488478604807845, 0.03604898457226957, 0.05105136587625836, 0.0017372745484873775, 0.03867969201463928, 0.049498149449408224, 0.0016926008796405156, 0.041299708227339194, 0.04810326333072634, 0.0017008814858066046]","[0.02945614403486252, 0.07078140377998351, 0.014917045831680298, 0.010249399328231809, 0.025958409368991853, 0.0021158307790756226, -0.411328125, -0.09023418426513671, 0.029145171701908112, 0.0711062490940094, 0.014735609292984009, 0.01028812744617462, 0.02573413199186325, 0.001957029104232788, -0.4091306686401367, -0.0891357421875, 0.028808777987957, 0.07142513394355773, 0.01460382342338562, 0.010198541665077207, 0.02571131831407547, 0.0018633157014846802, -0.404736328125, -0.0847412109375, 0.028478285133838654, 0.0716850847005844, 0.014591336250305176, 0.00994809784889221, 0.025577341973781587, 0.001774325966835022, -0.3948486328125, -0.079248046875, 0.028117572724819184, 0.07199295759201049, 0.014601051807403564, 0.009741068565845487, 0.025661995470523835, 0.001733243465423584, -0.3948486328125, -0.079248046875]",0.06491541862487793
"[8.889479875564575, 8.909479875564575, 8.929479875564574, 8.949479875564576, 8.969479875564575, 8.989479875564575, 9.009479875564574, 9.029479875564576, 9.049479875564575, 9.069479875564575, 9.089479875564574]","[-0.010103758596195805, 0.038368746659724166, -0.00044892008391448984, -0.0008772981330194337, 0.015378671285047994, -0.003839615816464538, -0.0215686080955538, -0.011628786783186816, 0.041622861192192, -0.00012228470415636365, 0.0008752374791884181, 0.014495493242308364, -0.0023186816661919514, -0.02039173624415118, -0.013516233269622584, 0.0443167366315769, 1.6812354312970223e-05, 0.0028815423593050956, 0.013543161570096402, -0.00037003118878656195, -0.019269844296012136, -0.01583826398553982, 0.04636365366167341, -0.00012679649164088234, 0.005075036561763478, 0.012530975948046613, 0.0018381103619086053, -0.0182217978332041, -0.018458476394911813, 0.04766054914440425, -0.0005286717369541756, 0.007249330175964796, 0.01150250630606719, 0.004108135950115692, -0.017439390424906952, -0.021293379335393086, 0.048394113344798456, -0.0011045350453551465, 0.009410779463231139, 0.010484551620466796, 0.006233504145527414, -0.01694666806714588, -0.024126217090489625, 0.04881241776610717, -0.0016342759266925186, 0.01155552674092593, 0.00950115682699242, 0.008139748502166998, -0.01676118565745788, -0.02682346035369711, 0.04907285651973698, -0.0019945226342200375, 0.013657094750522127, 0.008569237406127365, 0.009778265750740443, -0.016885865723600894, -0.029315226311536643, 0.049266261391602395, -0.002136541377057257, 0.01567522712196495, 0.007699999691595903, 0.011123735837041713, -0.01731084532761411, -0.03157705811759838, 0.04943833213761589, -0.0020647260703763283, 0.017563820661927496, 0.006900336926990649, 0.012168885498304947, -0.01801507695909675, -0.03361370062621559, 0.049607380831750675, -0.0018172657611787238, 0.01927747206349983, 0.0061741012343373945, 0.012918378677816962, -0.018967548733556827]","[-0.4583076389306812, -0.20050825692020177, -0.42754028551473316, -0.24805978474633947, -0.41143623746691094, -0.2756031827197054, -0.40487381925386484, -0.28914623067534073, -0.40383625865866274, -0.2936395758240765, -0.40538905264029773, -0.29299867320356726, -0.4075910151319019, -0.2901780675149586, -0.40929791161570817, -0.28748590833483084, -0.41021105189940754, -0.28585901420578547, -0.4105007826539452, -0.28529334966379666]","[0.02333418044631097, 0.0694046746230299, 0.008462676566510119, 0.024755882399459583, 0.06911686917569426, 0.007407632931291097, 0.026464914980236065, 0.06762136454982359, 0.006397634027857979, 0.02837036744893373, 0.06509516743972865, 0.005487591080434839, 0.030482829717001447, 0.06193026543598501, 0.004751289497091804, 0.03266827623792623, 0.05842364814165979, 0.004191304996310485, 0.03492246842512814, 0.05476780517717028, 0.0037931425741515312, 0.03724305420755902, 0.05113368880671132, 0.003538322119097881, 0.03962678438009637, 0.04767182509446366, 0.003402917549077067, 0.04206613776829604, 0.04451318209509392, 0.0033586968946099915, 0.044545722212324224, 0.041769351284380196, 0.0033754661694134214]","[0.033432399690151215, 0.06880092024803161, 0.016191303730010986, 0.012099534952640531, 0.023717975080013276, 0.0024602115154266357, -0.42890625, -0.1078125, 0.03302652186155319, 0.06892510652542114, 0.015993982553482056, 0.012075409972667692, 0.023992230951786042, 0.002457723021507263, -0.42890625, -0.1078125, 0.03267729824781418, 0.06911789774894714, 0.015733450651168823, 0.012010485613346097, 0.024255832493305207, 0.0023970305919647217, -0.42890625, -0.1078125, 0.032347014009952546, 0.06926982998847961, 0.01548844575881958, 0.011850663208961484, 0.024396603763103486, 0.0023388266563415527, -0.42890625, -0.1078125, 0.03196110373735428, 0.069367715716362, 0.015327095985412598, 0.01166124709844589, 0.024406244814395905, 0.0022625327110290527, -0.42890625, -0.1067138671875]",0.061394691467285156
"[8.988924980163574, 9.008924980163574, 9.028924980163573, 9.048924980163575, 9.068924980163574, 9.088924980163574, 9.108924980163573, 9.128924980163575, 9.148924980163574, 9.168924980163574, 9.188924980163574]","[-0.01590197604477742, 0.04906096903680108, 0.0001095624621988228, 0.005184561104836335, 0.01934806976043437, -0.002245111745098563, -0.025394727810089775, -0.01726768014565878, 0.05127525558865806, 0.00032388526628304877, 0.006244273010790323, 0.018199351961710474, -0.0005828809360449754, -0.024098927656817027, -0.019054607239218306, 0.05271293632778022, 0.00019238645925171783, 0.007435211378287742, 0.016979035277390836, 0.0014731427757949474, -0.022440289242479136, -0.021125934734343283, 0.05315456268671761, -0.00027691711758932316, 0.008549710324723549, 0.015708769230166734, 0.003818566195711828, -0.020572146782218827, -0.023397481591950795, 0.052704083101605514, -0.0009887964054935744, 0.009603258288639997, 0.014406253649740103, 0.006306190416348103, -0.01857720445943341, -0.025768037487585386, 0.051294673748101136, -0.001955036491981635, 0.010431430580183605, 0.013121946113927972, 0.008672326875774091, -0.016756472516711956, -0.02807218877317632, 0.049385954394849614, -0.0028973921719193463, 0.01119616911872846, 0.011874084863436565, 0.010839430688581753, -0.015168616174677178, -0.030215885235212254, 0.04728420419811927, -0.0036518719505559964, 0.0119932035521456, 0.010675772862837345, 0.012753498499987642, -0.013856266034748549, -0.032157514259926495, 0.04517765671744114, -0.004143653933266804, 0.012865261045819842, 0.00953618017226545, 0.014382192043894244, -0.012846862232198171, -0.03389098784401173, 0.043169016598474344, -0.004362641818968403, 0.01381544910872677, 0.008461678769054631, 0.015710215230054198, -0.012153997557522807, -0.03543132742261842, 0.041303857166317307, -0.004341372111880052, 0.014819904944588676, 0.007456838441205226, 0.016733731532809153, -0.011778969571942468]","[-0.4031835116716998, -0.22635638428085647, -0.3201678829546426, -0.26953681760354575, -0.2680890360124161, -0.29351296950207945, -0.23821231012734084, -0.3043678900454541, -0.2232402186631699, -0.3070057343011296, -0.21737749620649052, -0.30521254181641383, -0.21628025422312167, -0.3017651765114617, -0.2168725201909839, -0.2987927664096848, -0.2175701902655006, -0.2970720638514762, -0.21786543239211686, -0.2964880390525635]","[0.029200000485236854, 0.07518210914104273, 0.011016586394158256, 0.031002034015160218, 0.07451018375884555, 0.009867393220979181, 0.03284447618313857, 0.07241744367499336, 0.008709635419441142, 0.03476512960822031, 0.06907273010513437, 0.007622207197689246, 0.0367068940295221, 0.06463395041798492, 0.0066463157513827475, 0.038626071129848505, 0.05962242529520845, 0.00586040821117928, 0.04051857858109553, 0.05423535766575416, 0.005252919250496202, 0.04238304558703421, 0.04864932342912098, 0.004814349223233538, 0.04421890100017878, 0.0430254236442944, 0.004530735150548804, 0.04602361675054345, 0.03751326809365052, 0.004381165502806095, 0.04778984637961159, 0.03225297909866409, 0.004337578983288015]","[0.0370327884554863, 0.06924141347408294, 0.0172269344329834, 0.013813809239864347, 0.023950686514377595, 0.0027930140495300293, -0.44208984375, -0.149560546875, 0.03671953624486923, 0.06915185749530792, 0.017057180404663086, 0.013808802449703214, 0.02391015535593033, 0.0027939528226852417, -0.44208984375, -0.1418701171875, 0.0363907123208046, 0.06907010972499847, 0.016856759786605835, 0.013690435075759885, 0.0239107066988945, 0.0027406513690948486, -0.44208984375, -0.1396728515625, 0.03603230959177017, 0.06899970173835754, 0.016692787408828735, 0.01335141130685806, 0.023843517363071443, 0.002675652503967285, -0.44208984375, -0.127587890625, 0.03557201272249222, 0.06891804337501525, 0.01656481623649597, 0.013030514800548551, 0.024293383419513703, 0.0027113258838653564, -0.44208984375, -0.127587890625]",0.06188154220581055
"[9.078578233718872, 9.098578233718872, 9.118578233718871, 9.138578233718873, 9.158578233718872, 9.178578233718872, 9.198578233718871, 9.218578233718873, 9.238578233718872, 9.258578233718872, 9.278578233718871]","[-0.020964509362694214, 0.05592955408806593, 0.0011910270954349489, 0.0125211933813325, 0.02018432186293793, -0.0008564484188533912, -0.027914543092860195, -0.0222093537788802, 0.057104492050940876, 0.0010867879286306265, 0.012875930842732242, 0.01894986984631388, 0.0006426231066140921, -0.026777304301504917, -0.023715394481250332, 0.057147731697038955, 0.0005423556908173113, 0.012966794324392234, 0.017662741300618474, 0.00260998437085463, -0.02497091214142095, -0.025404885786955243, 0.05604057878212297, -0.00035780330370966404, 0.012812817810062925, 0.01631516689937752, 0.005017856235711247, -0.022517132273606695, -0.027179943342850222, 0.053624369353779455, -0.0016036629460373594, 0.012264242894576729, 0.014944297800326115, 0.0076824530586183095, -0.019753830581547803, -0.029047284347215718, 0.050043122176265456, -0.003182933787700578, 0.011368699982202675, 0.013586243077662409, 0.010308348998013458, -0.016960128874030117, -0.030852383060837717, 0.04588540533764417, -0.004754998464538193, 0.010410266298775124, 0.012254441394287876, 0.012807128342421956, -0.014227140725842163, -0.032511001651363815, 0.04155110595473729, -0.006108302589763412, 0.009582185294629366, 0.010958840974610577, 0.015111249647571613, -0.01163424132809985, -0.03398952338176566, 0.037291425759934334, -0.007134162573225755, 0.009000221953050863, 0.00970699195273761, 0.017173080292645634, -0.009248289485452144, -0.03528757399863262, 0.033246637171224905, -0.007800750025688164, 0.008717259996975667, 0.008505145210162464, 0.018961003575563996, -0.007123689017783277, -0.036423476679285166, 0.02948008775794936, -0.008129140870306233, 0.00873809071813386, 0.007359220299527968, 0.020454393481998397, -0.005303157240628381]","[-0.29500939329160214, -0.24034991204141437, -0.17605219856149662, -0.2848790334066491, -0.09807378060412356, -0.3093755079886987, -0.05053184620767698, -0.32024814738196117, -0.024356128942586465, -0.3226544719387971, -0.012070616289798452, -0.32055403291352275, -0.007794318068449187, -0.3168276962256512, -0.007109581871461097, -0.31366789258450595, -0.0074379039448188924, -0.31185366618201393, -0.007676786602940879, -0.31124108175278004]","[0.032494877215559104, 0.07248597455824823, 0.011582788464576055, 0.03432902348797029, 0.07201188347557652, 0.010561713263685046, 0.03617668978124322, 0.07009681940396284, 0.009502978617944358, 0.03803010269469853, 0.0666246818145031, 0.008422377853993357, 0.039945300296978736, 0.061917245643251295, 0.007416081905484262, 0.041800653698769175, 0.05644007548080143, 0.006544780921263982, 0.043575987141724504, 0.05034978473300589, 0.005814401804515423, 0.0452592821179596, 0.04378460564005149, 0.005236795377631331, 0.04684362817473886, 0.036876426711983434, 0.004822102636735881, 0.048323399045155035, 0.029760319467083907, 0.004574205469290771, 0.04969090014497901, 0.022580029272498248, 0.004487279737811711]","[0.03981562501192093, 0.068259859085083, 0.01770058274269104, 0.01462079652547836, 0.02400070971250534, 0.002825498580932617, -0.4322021484375, -0.1770263671875, 0.039522012531757356, 0.06849187016487121, 0.017625004053115845, 0.014518172228336332, 0.023984661161899568, 0.0028130412101745605, -0.435498046875, -0.1704345703125, 0.03916192597150803, 0.06872446238994598, 0.01757398247718811, 0.014341511511802671, 0.024037202656269074, 0.0028019696474075317, -0.4376953125, -0.167138671875, 0.03877778893709183, 0.06893963515758514, 0.017549842596054077, 0.014109396123886106, 0.024164786398410798, 0.0028066039085388184, -0.4431884765625, -0.15615234375, 0.03834873980283737, 0.06913424432277679, 0.017502129077911377, 0.013977833771705625, 0.024306049406528474, 0.002801269292831421, -0.4431884765625, -0.15615234375]",0.06143069267272949
"[9.158993482589722, 9.178993482589721, 9.19899348258972, 9.218993482589722, 9.238993482589722, 9.258993482589721, 9.278993482589721, 9.298993482589722, 9.318993482589722, 9.338993482589721, 9.358993482589721]","[-0.02405570877540978, 0.05845555251056666, 0.001679427611687837, 0.015547519113306124, 0.02053543351927471, 0.00023981768352586877, -0.02976270927614388, -0.025414927707493516, 0.05901574371515087, 0.001232224737227283, 0.015397315250178914, 0.019265954908465114, 0.0017358956746510654, -0.028752800706526745, -0.026977690328342085, 0.05839504658102897, 0.00035163590690588664, 0.014912983419085419, 0.01792767926495683, 0.0038246789815488294, -0.026692507035549668, -0.028636962311685533, 0.05628087877667294, -0.0009717974648976169, 0.013940695312982742, 0.016522764586894716, 0.006435721508772625, -0.023693428347931242, -0.030390527790928972, 0.052702443684826655, -0.0027107316554064254, 0.012574850571115069, 0.015060390443435604, 0.009358335536203782, -0.0199073658197855, -0.032061282278260474, 0.04751126181750245, -0.004833865445162964, 0.010598181372708208, 0.013612814500877158, 0.012290442507533035, -0.01595777386043586, -0.03355695611446664, 0.04150474930848937, -0.0069448417633822136, 0.008461550015207963, 0.012188031600759045, 0.015137468238438267, -0.011973702863397998, -0.03484238815152791, 0.03523317197157267, -0.008792576570479431, 0.006484766123869899, 0.010793145018178296, 0.01782221231235795, -0.008071341159556895, -0.035920657527181925, 0.029049254108051138, -0.010242842406574816, 0.004873317540254241, 0.009435009497902085, 0.02028523797261955, -0.004352815531013628, -0.03681705636488726, 0.023155741010693717, -0.011249834838160567, 0.003737437651514711, 0.008120998697957094, 0.02248196971714213, -0.0009060949956083157, -0.03756633119845139, 0.01764904802949803, -0.011829800061539723, 0.0031121161038726794, 0.006859722187236394, 0.024378359515562175, 0.0021940614653714998]","[-0.24118656885890447, -0.27837207169366296, -0.0697998602643677, -0.31634156684636283, 0.044989250221501076, -0.33549829978653, 0.11698305446490918, -0.3422542825260768, 0.15827866121792064, -0.34166177273619286, 0.1790355051721955, -0.3375155168944777, 0.18742841019913792, -0.33250064797117196, 0.18974481822951245, -0.3286451727818537, 0.18988687176630548, -0.3265303130205877, 0.18972165866397145, -0.32583405000048976]","[0.0361535442015235, 0.07095576034435958, 0.012051797813638743, 0.03822051084931499, 0.07083482239188488, 0.011097308606471401, 0.04022802388729563, 0.06899182270844184, 0.01003942479747133, 0.0421736177881884, 0.06534773477824674, 0.008920860900359706, 0.04389776697248626, 0.05998858873660895, 0.007791241920330982, 0.04548464389163476, 0.05360596626911596, 0.006792938232823786, 0.046917376854882065, 0.04636479162263818, 0.005940286736382028, 0.048188256479175795, 0.03840285588146086, 0.005259565499383001, 0.04929591342537698, 0.029850445302985307, 0.0047796406835307614, 0.05024090212288135, 0.020847398899987546, 0.004525494022815657, 0.051022039939717434, 0.011554052236879997, 0.004511472345507528]","[0.04303739017248154, 0.06392421722412109, 0.01728987693786621, 0.0157471902012825, 0.022090544760227204, 0.002698361873626709, -0.38935546875, -0.2011962890625, 0.042665248572826386, 0.06441528499126434, 0.017467349767684937, 0.015577078545093534, 0.02214875614643097, 0.0027520954608917236, -0.391552734375, -0.20009765625, 0.04224852269887924, 0.06490599513053893, 0.01756766438484192, 0.015461318874359128, 0.022469026803970338, 0.0027903318405151367, -0.3992431640625, -0.1968017578125, 0.041849752724170686, 0.06545677185058593, 0.017607539892196655, 0.015265286648273466, 0.022829426288604737, 0.002828061580657959, -0.4146240234375, -0.1902099609375, 0.04147220200300217, 0.06599255800247192, 0.017612695693969727, 0.014947146856784818, 0.023184841334819795, 0.0028205662965774536, -0.41572265625, -0.1902099609375]",0.08646130561828613
"[9.259268045425415, 9.279268045425415, 9.299268045425414, 9.319268045425416, 9.339268045425415, 9.359268045425415, 9.379268045425414, 9.399268045425416, 9.419268045425415, 9.439268045425415, 9.459268045425414]","[-0.029002560974485798, 0.0601000241492175, 0.000278555538437364, 0.017714367453035205, 0.021582551689481554, 0.0025517614803244955, -0.03159611893791519, -0.030217504093645466, 0.05998970425054598, -0.0002441091561967174, 0.016991746885618757, 0.020207029813954946, 0.004212858934187783, -0.030114200516941383, -0.03152676730997479, 0.05831461691193529, -0.0012688996065187141, 0.01569229575918444, 0.01875406102690154, 0.006481530266898129, -0.02725486775262147, -0.03290853181708568, 0.054949959384038655, -0.0027926025520125593, 0.013902489229866035, 0.017199922778195254, 0.009262107390887063, -0.02296653245180564, -0.0341706282476218, 0.049637052897640165, -0.004772201237503689, 0.0114457093277359, 0.01559293435098725, 0.012348692884280305, -0.01778459630839423, -0.03521054020158547, 0.04245096583359686, -0.007131930930056364, 0.008273866448347829, 0.014002637729709696, 0.015443703517489556, -0.012404394954588576, -0.036014311000159394, 0.03437815087237229, -0.00944872452565253, 0.004991648560839993, 0.012434359023362315, 0.01845127489157543, -0.0069925204985542755, -0.03660180649373398, 0.026090306210843277, -0.011458072805502218, 0.0020211018083005515, 0.010895807574677967, 0.0212901386338691, -0.0016973828952557123, -0.03701081372201268, 0.018008668329485684, -0.013022028538441276, -0.0003737343139304231, 0.009396750330376392, 0.023895405697975537, 0.003352283701024528, -0.03728492711956199, 0.01036578071690221, -0.014097623670636024, -0.0020588834170226266, 0.007949099851687692, 0.026216805682310933, 0.008046018542781556, -0.03746516069414699, 0.0032621467999867054, -0.014707887136054445, -0.003001560209264495, 0.006567118747087127, 0.028215227971824543, 0.012288396206401889]","[-0.12178285298759849, -0.29926974009579743, 0.09100732130958566, -0.3272704772182319, 0.23097718473581022, -0.33951741537729335, 0.31642840587354815, -0.3419239748978505, 0.3632800524674006, -0.33896530536370745, 0.38481689818699444, -0.3338376478327845, 0.39166874615337827, -0.3286592591877193, 0.3921449713876283, -0.324954864165106, 0.3910833760898597, -0.32300827856716313, 0.3904818449150721, -0.3223861961141959]","[0.041340403679293924, 0.07073962924684007, 0.013085505446737145, 0.043633595505447875, 0.07022389043159905, 0.012059247996798472, 0.045729682483062195, 0.06767529011740825, 0.010900646438630979, 0.047402951622308453, 0.06280831359268957, 0.00960503978523608, 0.04871844544275561, 0.055976509518080864, 0.008312279370339848, 0.049779608632510186, 0.04793642726354186, 0.007174355844565383, 0.05056956243371191, 0.03887875080069403, 0.006218628416586824, 0.051084379816178416, 0.028954176725883407, 0.005489817667622354, 0.05132901373488785, 0.018302373880720424, 0.005037947240641216, 0.0513122456002868, 0.007077748427808839, 0.004908965387158126, 0.051043739792106635, -0.004533811073305749, 0.005133920584255769]","[0.04728925770521164, 0.05346781909465789, 0.015455126762390137, 0.017849982464313505, 0.017338996589183808, 0.0025596022605895996, -0.33662109375, -0.224267578125, 0.046948781073093415, 0.05413132309913635, 0.015757441520690918, 0.017715559089183805, 0.01785481518507004, 0.002635076642036438, -0.356396484375, -0.215478515625, 0.046582763850688935, 0.05503895282745361, 0.015868395566940308, 0.017519280993938444, 0.01837681031227112, 0.0027014613151550293, -0.36298828125, -0.2132810592651367, 0.046197926461696626, 0.05611225366592407, 0.01600569486618042, 0.017279320144653318, 0.018848163843154908, 0.002649053931236267, -0.373974609375, -0.2077880859375, 0.04583766108751297, 0.05723785758018493, 0.01617380976676941, 0.0171277455329895, 0.019402859568595887, 0.0026253163814544678, -0.3750732421875, -0.206689453125]",0.06517314910888672
"[9.358788967132568, 9.378788967132568, 9.398788967132568, 9.418788967132569, 9.438788967132568, 9.458788967132568, 9.478788967132568, 9.498788967132569, 9.518788967132569, 9.538788967132568, 9.558788967132568]","[-0.033889239991878164, 0.05806720601982957, -0.0031421629141103534, 0.01777949199203596, 0.021866503084248468, 0.005430742969945428, -0.030925436011786753, -0.03482599255662142, 0.05725110081040836, -0.003636920985253013, 0.01668608113948737, 0.020387705384062434, 0.007454332575227838, -0.028763966693544328, -0.03584328569753711, 0.05473910544446919, -0.00462389056080791, 0.015041063787811454, 0.018802531650868603, 0.009999735648442025, -0.02488779978549032, -0.03672490201835105, 0.050149190169991024, -0.006082086233220177, 0.012657134226603911, 0.01713040999271942, 0.012960344834613715, -0.01961244773177225, -0.03734832301558339, 0.04347143950859053, -0.007923382862042642, 0.0095289440985522, 0.015417466343316817, 0.01613485220204484, -0.013503243598022808, -0.03767561490017338, 0.03494987509097065, -0.010055974874966579, 0.005734459740048133, 0.013732035818375378, 0.01923497525670438, -0.007266765187867108, -0.03774700232984964, 0.025651050112576256, -0.012073192749542161, 0.0019451361349902422, 0.012081162606168705, 0.022168331275401902, -0.0010838752463516923, -0.0376197660088929, 0.016283537026049146, -0.013734506934531623, -0.001384415231514059, 0.010475191845336537, 0.02485892043723249, 0.004887924720918178, -0.03735452905199776, 0.007274687907886333, -0.014929141440558904, -0.003984074970255238, 0.008926881956924365, 0.027249285816408463, 0.010516197019224786, -0.03700595342977507, -0.0011562580272088513, -0.015640848988417663, -0.005732423929056322, 0.007451168671014949, 0.029298565693917703, 0.015690394187347047, -0.036617512777002655, -0.008931858376766069, -0.015916258663648698, -0.006620700309768064, 0.006065136755148904, 0.03097860220531909, 0.020316148554648045]","[0.010349015200796166, -0.3072931357953856, 0.23498403123885664, -0.3247213050233908, 0.3780429037987847, -0.32912665463169044, 0.4612015861433594, -0.32610465923849075, 0.5029992864422629, -0.31970170755649485, 0.518655915995659, -0.31263075320378214, 0.5201444979713509, -0.3065238494266529, 0.51690167773076, -0.3024769483429593, 0.5138997307943558, -0.3004521609128747, 0.5126758310530701, -0.2998273344840872]","[0.04477190069865111, 0.06893784124013136, 0.013480480427590535, 0.047093018218349325, 0.0673349819559883, 0.012333199468134382, 0.04895888080415478, 0.06329129813522716, 0.011018249456510532, 0.0503514176193578, 0.05682939198817394, 0.009627235502703613, 0.05133002382069174, 0.04836951680941759, 0.00830035524478756, 0.05198683651264813, 0.03870594327171162, 0.00718625814306062, 0.05229699708488145, 0.028056061108831187, 0.006319540692864223, 0.05225106657222289, 0.01658952568950056, 0.0057526210163016955, 0.05184997320076157, 0.004462507522683623, 0.005540359925159777, 0.05110034955450704, -0.008152662096308383, 0.005728073251112242, 0.05001313782782657, -0.021048951458695342, 0.006338773272190679]","[0.04945314472913742, 0.04481011033058166, 0.013609737157821655, 0.018710643732547758, 0.014600103557109834, 0.002372726798057556, -0.316845703125, -0.233056640625, 0.0491424555182457, 0.04643894135951995, 0.013951897621154785, 0.01863247969150543, 0.015601081609725953, 0.002457946538925171, -0.316845703125, -0.233056640625, 0.048808073461055757, 0.048056656122207636, 0.014135003089904785, 0.018457152628898618, 0.01677463746070862, 0.0025216788053512573, -0.316845703125, -0.233056640625, 0.048542117536067964, 0.049557709693908686, 0.014375627040863037, 0.018256933176517484, 0.017551509499549867, 0.0025445371866226196, -0.316845703125, -0.233056640625, 0.04821245914697647, 0.05089491009712219, 0.014395534992218018, 0.018127203667163846, 0.017826122999191285, 0.0025412142276763916, -0.316845703125, -0.233056640625]",0.0613865852355957
"[9.43008279800415, 9.45008279800415, 9.47008279800415, 9.49008279800415, 9.51008279800415, 9.53008279800415, 9.55008279800415, 9.570082798004151, 9.59008279800415, 9.61008279800415, 9.63008279800415]","[-0.035997343536051406, 0.05335733969025847, -0.005248205608149603, 0.016042394213335313, 0.021113218605409007, 0.00822102437687621, -0.028537545429779283, -0.03691951023540379, 0.0518808862847269, -0.00580690142000632, 0.014835087531201977, 0.019535485159189975, 0.01044699423556605, -0.025451733525430453, -0.03770966662471966, 0.04840087120215661, -0.006824770848881733, 0.012868825128435561, 0.017877897549719517, 0.013071313215932554, -0.020830253914989962, -0.0382300881909163, 0.042824546625852646, -0.008227946630295881, 0.010134648401241121, 0.016160975920549693, 0.015980855995226154, -0.015029059734444091, -0.03843064536344258, 0.03534088412785405, -0.009909040499443708, 0.006758610796361475, 0.014428565045592767, 0.01898114767842169, -0.008597266807812563, -0.038315093558761455, 0.026340561963990372, -0.011746863367269652, 0.002925740542178933, 0.012740925800084095, 0.02183041759201823, -0.002167475056085289, -0.037959375103095695, 0.016828706421738712, -0.013394720733913875, -0.0007257850238876698, 0.01110631267692492, 0.02444865058618087, 0.004084297941779502, -0.03744117954929978, 0.0074521879313176765, -0.0146622930806254, -0.0037829311755094032, 0.009535856292100766, 0.026772999081511487, 0.010009336349018, -0.036829451463692646, -0.0014196417843732802, -0.015478505464869192, -0.006020869093469706, 0.008042500389005988, 0.028759788080921937, 0.015488331596976145, -0.036178573051403845, -0.009618611749763861, -0.015856310724830305, -0.00736281361496934, 0.006640720881535326, 0.030382329766436147, 0.02042664792027755, -0.03552654878724452, -0.017109178491198127, -0.015861695733177816, -0.00784042601274055, 0.00534643015612499, 0.0316268122999798, 0.024746409628296835]","[0.1336789707751954, -0.3090974173504741, 0.3377374981614252, -0.3171918509227828, 0.46188137776221483, -0.3156693940403526, 0.5286788360213854, -0.30931824877822356, 0.557113274098165, -0.30142076176758126, 0.5625087876055098, -0.2940101938340461, 0.5566962147973996, -0.2881502665072093, 0.5490789330975198, -0.28446905994775307, 0.5440056892943254, -0.2826985973915605, 0.5421593988322071, -0.2821693183232599]","[0.04743293744772448, 0.06382813913629803, 0.013109115510753, 0.049485416760470136, 0.06081160227636229, 0.011851126437475212, 0.051037427344691855, 0.055417386086801024, 0.010505048724873234, 0.05208096747518276, 0.04777976711949261, 0.009162836641102956, 0.052662797415456986, 0.03836332261704589, 0.007953229379943139, 0.05287002729423218, 0.02789155675558108, 0.007001272640030365, 0.05268663512157978, 0.01658208364102709, 0.006343689331394842, 0.05211026542393982, 0.0046096798979506914, 0.00602890138758827, 0.05114688581762583, -0.007860401972049402, 0.0061012658804173725, 0.04980775019911832, -0.020645469871179767, 0.0065889278190618406, 0.04811027352214392, -0.033529801657349534, 0.007492239549910185]","[0.053211619913578034, 0.023705305159091944, 0.010818809270858765, 0.02054217525720596, 0.007893143057823182, 0.0022385716438293457, -0.2124755859375, -0.2627197265625, 0.05216141587495804, 0.02642295658588409, 0.011225968599319458, 0.020377144896984098, 0.008634080946445466, 0.002252727746963501, -0.2124755859375, -0.2627197265625, 0.05182178860902786, 0.02910707294940948, 0.011676043272018433, 0.02019909837245941, 0.009740015327930451, 0.002315610647201538, -0.2124755859375, -0.2627197265625, 0.05191006308794022, 0.03194122910499572, 0.01179918646812439, 0.019983426415920255, 0.011110192000865937, 0.0023232251405715942, -0.2124755859375, -0.2627197265625, 0.05145924335718155, 0.03461183011531829, 0.01212504506111145, 0.019701161170005796, 0.012386103928089143, 0.0023544728755950928, -0.23115234375, -0.2583251953125]",0.06230735778808594
"[9.510783433914185, 9.530783433914184, 9.550783433914184, 9.570783433914185, 9.590783433914185, 9.610783433914184, 9.630783433914184, 9.650783433914185, 9.670783433914185, 9.690783433914184, 9.710783433914184]","[-0.03688378637073348, 0.04965278079149091, -0.00485528404758345, 0.015326667948447531, 0.019375791896083804, 0.009868444789585167, -0.026450303071362716, -0.03783793859879763, 0.04708357369294101, -0.005839891989900887, 0.013620319319629273, 0.017805520098414615, 0.012069183167831, -0.022867182553275057, -0.03855564013907422, 0.04247724439732552, -0.007267393315483333, 0.011094597270486518, 0.016176678393157687, 0.014643457710747312, -0.01786495549263896, -0.03896846433474183, 0.035915840431573136, -0.00903827154337203, 0.007879584567114935, 0.014502971618211654, 0.01746241276217751, -0.011741257204654427, -0.039066573462657656, 0.02771696696432403, -0.011015726934567295, 0.004226228406171588, 0.012816676743815227, 0.020341497753928493, -0.0049453908295346, -0.03877356671824391, 0.018157858446142643, -0.013054906223304345, 0.00021039807307697369, 0.011189812564881978, 0.023081307404766493, 0.0017887865419789982, -0.038216021427065594, 0.008231764166431683, -0.014841792821338098, -0.0035207268638780295, 0.009628437898254835, 0.02560812888932558, 0.00828286503494605, -0.037502312525925986, -0.001434222711416882, -0.016209800398467318, -0.006558836589825349, 0.008142350451054589, 0.0278622999277284, 0.01438837169356054, -0.03671677425687976, -0.010495018809419946, -0.017103971056855568, -0.008693668484293773, 0.006743687222466442, 0.029801110044163963, 0.0199892656891414, -0.035918511169469945, -0.01880796462560568, -0.017547245620518497, -0.009868810005224816, 0.00544643969275466, 0.0313974251549697, 0.02499602141900642, -0.03514379815559851, -0.02636146116637236, -0.01761096308664452, -0.010138493278918886, 0.00426621962299651, 0.03263620369516016, 0.0293360135751935]","[0.23699602434810244, -0.3270339875365985, 0.435311830095928, -0.32647363474178503, 0.5523480905620924, -0.3199790706289048, 0.6117620332758461, -0.3112535294432179, 0.6333146129630853, -0.30264721854621723, 0.632838524584123, -0.29544556642714853, 0.6224584393808663, -0.2901526626789484, 0.6119316902535938, -0.2869838978270266, 0.6054179052783248, -0.2855152922712327, 0.6031248696009037, -0.28508949279881163]","[0.05049166899002655, 0.05661232904004221, 0.012201048135571213, 0.05220063834415045, 0.052984813250344764, 0.011012867894314216, 0.05337556337031324, 0.04713090915396467, 0.009765661815477333, 0.05395359513351439, 0.03916151508852472, 0.008531856610756172, 0.05391118029135633, 0.029423420682379575, 0.007420958718755699, 0.053459371593209015, 0.018669839270900823, 0.006584144849141715, 0.052606384947821105, 0.007103216177574367, 0.00606623838936704, 0.0513697799149575, -0.005113507446254051, 0.005921044710359702, 0.04977081271339601, -0.01782172704162921, 0.006196088752681739, 0.047832455886140046, -0.030839780085034185, 0.00691991760112165, 0.04558194956199069, -0.04394793446690448, 0.008089726867131386]","[0.05590335077047348, -0.0033857583999633845, 0.010425478219985962, 0.022175439381599424, -0.003190422594547271, 0.0023470669984817505, -0.06416015625, -0.281396484375, 0.05574001914262772, 4.775971174239557e-05, 0.010610818862915039, 0.02202949740886688, -0.0018520077466964713, 0.00232619047164917, -0.0740478515625, -0.2802978515625, 0.05549298769235611, 0.0036716327071189825, 0.010546952486038208, 0.02178455957174301, 0.00016393309831619352, 0.0023107528686523438, -0.094921875, -0.2781005859375, 0.055172299802303315, 0.007359707355499262, 0.010502874851226807, 0.02154877104759216, 0.0024988332986831674, 0.002221718430519104, -0.1267822265625, -0.27480449676513674, 0.054830914199352265, 0.011065410077571863, 0.01043248176574707, 0.02131787755489349, 0.004467135131359101, 0.00213487446308136, -0.1267822265625, -0.27480449676513674]",0.06186985969543457
"[9.599788427352905, 9.619788427352905, 9.639788427352904, 9.659788427352906, 9.679788427352905, 9.699788427352905, 9.719788427352904, 9.739788427352906, 9.759788427352905, 9.779788427352905, 9.799788427352905]","[-0.03919785752158878, 0.04023662698056902, -0.007647197989580428, 0.012283487088742155, 0.01640721676710807, 0.01301124040082919, -0.02325246771518684, -0.039849686923679364, 0.03681136203056082, -0.008700514900751756, 0.010033574657457163, 0.014940967089027897, 0.01523114215270247, -0.018978718918329602, -0.040185113690971316, 0.031491061461761144, -0.010088762414918863, 0.007080681079831525, 0.013436742918126104, 0.01763349112877054, -0.013438720439075987, -0.04016793014448551, 0.024548578430354916, -0.011676726256636264, 0.0036881139312610893, 0.011907188008969718, 0.020081123046833325, -0.006922180126176429, -0.03970415720045759, 0.016237476326420232, -0.013303644014379879, -1.3162583918659756e-05, 0.010402835803391006, 0.022444108653715173, -4.538787246636653e-05, -0.03882528551690431, 0.007051295633426116, -0.014807535018108452, -0.00376449142266189, 0.008970117978952592, 0.024604072450704177, 0.0066192701296820975, -0.03771474484766976, -0.0021659808850448942, -0.015984177630468013, -0.0070006525460910626, 0.007611011229246089, 0.02651035647820541, 0.012901367162451763, -0.03651060765345464, -0.010908280400704814, -0.01674679101321653, -0.009392194287201797, 0.006331992910063768, 0.028124034584535336, 0.018664923584285037, -0.035306647672469695, -0.018926074688426796, -0.017094273095539552, -0.010801772650654611, 0.005142498187118052, 0.0294207394463125, 0.02381170227240796, -0.034157923724090676, -0.026149336414339596, -0.0170819632116057, -0.011237066246787924, 0.004054175133796478, 0.03038972678500146, 0.02827356222534003, -0.033089278249672234, -0.03261875248306023, -0.01679666969624965, -0.010805375951707013, 0.00308030376258282, 0.031031068607977247, 0.03200024211387456]","[0.34947385940420567, -0.31491103660888636, 0.5077166478921283, -0.2999034624850284, 0.5925249278010051, -0.28539078691570735, 0.6268660375482841, -0.27314393281358074, 0.6296421682976578, -0.26388390685603547, 0.6157560654752794, -0.2575859077158112, 0.5963925259302899, -0.25375754133010314, 0.5807124250625074, -0.25181631544820254, 0.5718362996360162, -0.2510532198292666, 0.5688497942356953, -0.2508670458407533]","[0.05362591716665266, 0.046863818209222696, 0.010782640960410816, 0.055062166960677894, 0.042540400384894816, 0.009689491444895282, 0.05580183267684857, 0.03613538982218678, 0.008569567622787488, 0.055732623984924956, 0.027779611251401715, 0.007488912401276693, 0.05500491263812113, 0.01797021809225452, 0.006586667162007842, 0.05381115393634306, 0.0072840472792492506, 0.005976000407175164, 0.052180944500851645, -0.0040867247898810355, 0.005699957948817946, 0.05014712406888533, -0.015973254141531612, 0.005804338527283015, 0.047741769729432226, -0.028201758979445657, 0.006322202921696274, 0.044997636176089095, -0.04057387871237683, 0.007261452472116847, 0.04195416355214787, -0.0528578935233579, 0.00859468853081502]","[0.05665071851015091, -0.036578668653965, 0.013991713523864746, 0.02312793650627136, -0.01638908141851425, 0.0036348700523376465, 0.0621826171875, -0.2934814453125, 0.05660564249753952, -0.03365903943777085, 0.013276398181915283, 0.02316019752025604, -0.01545265519618988, 0.003476560115814209, 0.056689453125, -0.2934814453125, 0.0567020977139473, -0.03052396178245545, 0.012765228748321533, 0.023228675806522367, -0.014402838587760924, 0.0032562166452407837, 0.0446044921875, -0.2923828125, 0.05686209148168564, -0.027385412156581884, 0.012590736150741577, 0.023205675864219663, -0.012995006680488586, 0.0031679123640060425, 0.0160400390625, -0.290185546875, 0.05680618232488632, -0.02402447015047074, 0.012418687343597412, 0.023064740681648252, -0.010995114386081695, 0.002978786826133728, 0.011645698547363281, -0.290185546875]",0.06259751319885254
"[9.678701400756836, 9.698701400756836, 9.718701400756835, 9.738701400756836, 9.758701400756836, 9.778701400756836, 9.798701400756835, 9.818701400756837, 9.838701400756836, 9.858701400756836, 9.878701400756835]","[-0.04076325190971671, 0.0272396605566187, -0.010050160334335027, 0.00876835630966498, 0.012572994176594307, 0.01859455233245235, -0.015421670184001245, -0.041101539906745595, 0.023223256324265994, -0.010648984773039254, 0.006737593210542349, 0.011210346938013139, 0.020341378935344528, -0.01107019740415107, -0.041057468664634854, 0.017769952007167245, -0.011453486438050137, 0.004221246206871733, 0.009866808515390178, 0.021895060182127245, -0.005867780374169783, -0.04050744868815973, 0.011146888981643758, -0.012305446980994238, 0.0013574243200685748, 0.008580295231115819, 0.023171478355051588, -0.00026921049622603393, -0.03946497879089096, 0.0038601354566031006, -0.013034074393048656, -0.0015489866379999198, 0.0073728894842710925, 0.024152303244955268, 0.005323853454880776, -0.03800409523701575, -0.0036140169260615224, -0.013512828044990486, -0.004233411295094508, 0.006263123458790463, 0.02486490320051287, 0.010527520005493302, -0.03636583164713496, -0.010742823933778647, -0.013715805555473979, -0.006316774829459098, 0.005241643961077542, 0.025317331896288275, 0.015223695150129238, -0.03471452304253047, -0.017240290055888837, -0.013670339328400203, -0.007610760603958739, 0.004304405145744846, 0.025521025535256574, 0.019328778302393008, -0.03314793402531621, -0.023002322668396774, -0.013436225827469837, -0.008077587285695739, 0.0034511599162685832, 0.025492372898438413, 0.0227959498732959, -0.031711227501268924, -0.028046237536465814, -0.013088363155511264, -0.007787619418244752, 0.0026844686237865257, 0.025252872432462683, 0.025606283288284685, -0.03041267864840279, -0.03245769211939213, -0.012703314409051036, -0.006879532170985363, 0.0020088269589238323, 0.02482857106271834, 0.0277555564598536]","[0.39849802623988934, -0.28238108211003615, 0.48816058173334537, -0.24997494647037274, 0.5257323477750755, -0.22713118435053406, 0.5294002468680852, -0.21261488437049905, 0.513756834926657, -0.20469107103413642, 0.4899818252265401, -0.20142607832087522, 0.46615727413432423, -0.20092740700632683, 0.4489063487712918, -0.2014771847867655, 0.4396750956632952, -0.20206740003736864, 0.4366658678758322, -0.2023255490699831]","[0.05644840963676678, 0.028196860551752856, 0.009023095214957255, 0.057495493752985904, 0.022459680686994776, 0.008236875290111634, 0.05761733585088513, 0.015314438644516315, 0.0075044847841843065, 0.056874364470897776, 0.007132007990969136, 0.006893574499485133, 0.05539648735689906, -0.0017477505191183518, 0.006462400207358776, 0.05340899388018805, -0.010974378446482191, 0.006263349588306433, 0.05096388188012524, -0.020389698479455376, 0.006307712043932323, 0.048110811367940265, -0.029848727520100926, 0.006600907929380284, 0.0448970528398458, -0.039205857683915823, 0.007134499124193727, 0.041372574237374504, -0.04830634421573832, 0.007881874924606791, 0.037598080667290645, -0.056983238967855954, 0.008796518810393117]","[0.055525725543498994, -0.05579024404287339, 0.018058031797409058, 0.02357656576633453, -0.025594787836074828, 0.0052390992641448975, 0.157763671875, -0.2978759765625, 0.05565472489595413, -0.05414362847805024, 0.017456084489822388, 0.023528964006900785, -0.024668583810329436, 0.004873156547546387, 0.1281005859375, -0.2978759765625, 0.05585435575246811, -0.0520968608558178, 0.016939997673034668, 0.023563288831710813, -0.023560123682022094, 0.004615530371665955, 0.1237060546875, -0.29677734375, 0.05601840263605118, -0.049881851673126226, 0.016467034816741943, 0.023587063634395597, -0.022277215659618377, 0.004416033625602722, 0.083056640625, -0.2956787109375, 0.05620329624414444, -0.04741188734769822, 0.016007333993911743, 0.02355247058868408, -0.02094181829690933, 0.0042237043380737305, 0.083056640625, -0.2956787109375]",0.06319189071655273
"[9.77850079536438, 9.79850079536438, 9.818500795364379, 9.83850079536438, 9.85850079536438, 9.87850079536438, 9.898500795364379, 9.91850079536438, 9.93850079536438, 9.95850079536438, 9.97850079536438]","[-0.04059603498133365, 0.007683406808481804, -0.009553484380911416, 0.005753859217125609, 0.0077944771743364664, 0.02448869960700227, -0.004046839277025726, -0.040769674476583445, 0.003840056250485417, -0.009608757274442097, 0.004647266659673278, 0.006651227002801098, 0.024860332074605605, -0.0006829849194988131, -0.04041934198235633, -0.0009806631279120522, -0.009843239988785035, 0.0030389095182478255, 0.005631500835785608, 0.024732015708948476, 0.0028044258238811696, -0.039537372276096036, -0.006225528015990312, -0.010079999447551977, 0.0012395639021030424, 0.004744531301289811, 0.024121001101261287, 0.006175585812923195, -0.03818896318953678, -0.01139237379016498, -0.010186935032916442, -0.00044796098365016687, 0.00398016280863966, 0.02314689588308645, 0.009254268361110039, -0.03645650330404769, -0.016119535361839445, -0.010060694640991418, -0.0018129411621974094, 0.0033204751348334858, 0.022018609801997897, 0.011896799137262614, -0.03462494719373341, -0.02026917196048469, -0.009849456201020358, -0.00270349420827148, 0.0027411153237023706, 0.020810834600970267, 0.014066855426346059, -0.03287071089453586, -0.023807725065098883, -0.009666742176695328, -0.003077317796032182, 0.002226566201093177, 0.019582934270302065, 0.015753710505668407, -0.031283329963226726, -0.02677277281745407, -0.009590955375144053, -0.002973552949169246, 0.0017680709627352713, 0.018380517657746332, 0.01697202709437054, -0.029889152869284143, -0.029243271390489635, -0.009668239555491964, -0.0024842912855389692, 0.0013617316755454027, 0.01723913011901355, 0.01775342271083785, -0.028674632694816325, -0.03131450958611154, -0.009917369032616698, -0.0017289156011691183, 0.001006780928443567, 0.016188554059140037, 0.01813537959671799]","[0.3869376430004946, -0.24820528592998625, 0.4024847813082828, -0.2037168673532509, 0.39627512491357963, -0.1784683364596309, 0.37780149875499375, -0.16728884377744693, 0.35431468084387563, -0.16543421983730064, 0.33104967173737215, -0.16881333162245543, 0.3114869211722917, -0.17411738051447098, 0.29845828849283296, -0.1785747875009962, 0.29181646282044094, -0.18115627400378131, 0.28971382353521363, -0.18204077179375472]","[0.059302504387528154, -0.00588361459832587, 0.008617433927492257, 0.059346422024116885, -0.011931208073210797, 0.008334364426805685, 0.05842324676249544, -0.018071566406795192, 0.008074613187931678, 0.0565926451373131, -0.024052185047485963, 0.007838376098456834, 0.054009166095670746, -0.029743187449932762, 0.0076422183796100995, 0.05096224006229222, -0.03511641286645828, 0.007519485421677796, 0.047541742552010824, -0.04011187220743606, 0.007462907352222992, 0.04382970510754003, -0.044679575401926463, 0.007464574595454021, 0.03990277435629608, -0.04877719868503494, 0.007514151340010322, 0.035838208141764305, -0.05236827032439528, 0.007598638100105859, 0.031721204287224136, -0.055420900992670497, 0.007702598531651006]","[0.05251771754026413, -0.06615149825811387, 0.021547168493270874, 0.023651153528690336, -0.028806479811668395, 0.006602570414543152, 0.23466796875, -0.2978759765625, 0.05311622267961502, -0.06500705927610398, 0.02117815613746643, 0.023679637098312376, -0.028336564242839812, 0.006433695554733276, 0.2247802734375, -0.2978759765625, 0.05363210088014603, -0.06382847428321839, 0.02078065276145935, 0.02373506941795349, -0.02771643006801605, 0.006223797798156738, 0.1764404296875, -0.298974609375, 0.05413224345445633, -0.06265019476413727, 0.02041640877723694, 0.023935385727882383, -0.02701649272441864, 0.006005540490150452, 0.1764404296875, -0.298974609375, 0.05458976870775223, -0.06127657964825631, 0.020074844360351562, 0.024112873458862302, -0.026466148138046264, 0.005841359496116638, 0.1764404296875, -0.298974609375]",0.06194329261779785
"[9.858720302581787, 9.878720302581787, 9.898720302581786, 9.918720302581788, 9.938720302581787, 9.958720302581787, 9.978720302581786, 9.998720302581788, 10.018720302581787, 10.038720302581787, 10.058720302581786]","[-0.039932831569892566, -0.007592890941909726, -0.008255314806176625, 0.00528583284219215, 0.006717876807583199, 0.027081045746741535, 0.002456051723483933, -0.03992293240902127, -0.01159812839625162, -0.008377528808070123, 0.004109966177370923, 0.005702035226272866, 0.02645946855479985, 0.004782341554025282, -0.03938185269182715, -0.016017703056161823, -0.008618630759905843, 0.0025806186972492963, 0.0048602674779709785, 0.025229024970624236, 0.006937956173000887, -0.03833951460176694, -0.020288953073161524, -0.008827432618306893, 0.001023641706967719, 0.00418581742492094, 0.0234262057233713, 0.00878037617418778, -0.036857132511901106, -0.0240103506864525, -0.0089105474181137, -0.0003227119001093322, 0.0036526112233982934, 0.021216971185465824, 0.010222867745524293, -0.03495854545184641, -0.02680656854217972, -0.008675646926995476, -0.0012281345621048153, 0.0032139691436535215, 0.01897458497096443, 0.01129978323671262, -0.03297269149035852, -0.028837464185930025, -0.008399305857500828, -0.0016903271849531428, 0.0028367238839296744, 0.016811421181235683, 0.012015434086506849, -0.031096732335598728, -0.03025925215496109, -0.008261378733217055, -0.0017584940351597063, 0.0025011816640869424, 0.014810085809358017, 0.012391861215063318, -0.029425455913233915, -0.031217037681528118, -0.008359869476973633, -0.0015161222887984354, 0.002197673305526465, 0.01302618849753114, 0.012467598133017992, -0.02798143928789073, -0.03183869993473832, -0.008728363852258923, -0.001063795026888481, 0.001923249639046844, 0.01149496448262472, 0.012290140945399522, -0.02674337048886429, -0.032230569445039915, -0.00935374097678237, -0.000504307597728153, 0.0016787458512492865, 0.010239030683201892, 0.011906792024310551]","[0.39955595427184804, -0.23368044997350024, 0.3603562793507539, -0.17629716878842353, 0.32180552713081334, -0.1456030835688088, 0.28673237175567723, -0.13363780566126862, 0.25691162339330487, -0.1335186847371407, 0.2332598218807002, -0.1396127032364584, 0.21600578239421875, -0.14758329645496146, 0.20545001046548392, -0.15392697851199066, 0.20035906516207805, -0.15749353758965395, 0.19880436432243628, -0.15869161510464266]","[0.05968489814112221, -0.033392614831794454, 0.011246496909954384, 0.05912177956696674, -0.038170489805293695, 0.010972790326663429, 0.057575351705400735, -0.04230429063878116, 0.010598130289360075, 0.05507821206575114, -0.0456187785930835, 0.010128048037451265, 0.05178439525908729, -0.04807515434807419, 0.009594710376492177, 0.048066724100364056, -0.049957702103180956, 0.009088342684741235, 0.04403812391914519, -0.05128877128811293, 0.008608559557664819, 0.0398004880478966, -0.052092876615069006, 0.00816094296622083, 0.035447860612838555, -0.05240029866246543, 0.0077524053732989096, 0.03107232024694362, -0.05224831700300481, 0.007388567926314593, 0.026770707529788274, -0.05168101045300322, 0.007071937683046148]","[0.04630998319387436, -0.07126001678407193, 0.02305704355239868, 0.02176377245187759, -0.030638599932193755, 0.007306799292564392, 0.2863037109375, -0.28359375, 0.04729506915807724, -0.07079006023705006, 0.02290967106819153, 0.022049591624736783, -0.03049592876434326, 0.0072112977504730225, 0.27421875, -0.2890869140625, 0.04830174690485001, -0.07025295719504357, 0.022716045379638672, 0.0223794288277626, -0.0302635600566864, 0.007097616791725159, 0.27421875, -0.290185546875, 0.04925987666845322, -0.06957273036241532, 0.022509515285491943, 0.022742965006828306, -0.030014733016490935, 0.007009714841842651, 0.2599365234375, -0.294580078125, 0.050168698489665986, -0.06880835667252541, 0.022218376398086548, 0.023127847099304197, -0.02978346699476242, 0.006927460432052612, 0.2566408157348633, -0.2956787109375]",0.06475186347961426
"[9.938705205917358, 9.958705205917358, 9.978705205917358, 9.998705205917359, 10.018705205917358, 10.038705205917358, 10.058705205917358, 10.078705205917359, 10.098705205917359, 10.118705205917358, 10.138705205917358]","[-0.039041238461836686, -0.020378072015747435, -0.0072828586744819405, 0.0055472757736249505, 0.007940046137460228, 0.027701022824843574, 0.005302077730723402, -0.03874573514676911, -0.02442368856592113, -0.0076264112878684604, 0.00379165399818286, 0.006975765270336944, 0.02624121646381117, 0.006846127920623225, -0.037905359851883036, -0.028407343075596746, -0.008011783470819022, 0.001852772494836787, 0.006211891938823842, 0.024099944793494272, 0.00816502482054653, -0.03654683448875627, -0.031860661380149875, -0.008322016255681854, 2.186684831439793e-06, 0.005633908290966946, 0.021344366412468854, 0.009101205816871035, -0.03467444708553619, -0.03436029545691571, -0.008374056531208722, -0.0015142555198418175, 0.005197895001558604, 0.018285931240173355, 0.009623737087018372, -0.0324357373569606, -0.035625712403827475, -0.008077272988642139, -0.002441028891932627, 0.004835221739204591, 0.015330142037140558, 0.009891563256284368, -0.030177035821696736, -0.03601720061832987, -0.007781194861276102, -0.0028698940685774055, 0.00451118856128862, 0.012605535331557876, 0.00992152334775651, -0.028097789960242793, -0.03581733036209289, -0.0076976586162542686, -0.002907225388177108, 0.004207849494346962, 0.010200302236618585, 0.009742536432413221, -0.02628545650832842, -0.03524250808712751, -0.007927165068245838, -0.002665136225172697, 0.003919080234471973, 0.00816639541012884, 0.00939443032091879, -0.02475034065912488, -0.034453441094458, -0.00848678537060442, -0.002252125226864851, 0.003645979107740705, 0.006528696492965269, 0.008921178582755108, -0.02345760184383532, -0.033564674733070766, -0.009336728444018998, -0.0017651649143217692, 0.003392954194560626, 0.005295581104723867, 0.008362923019435177]","[0.413517021058714, -0.1945564402506612, 0.33658936343683754, -0.131800962541083, 0.27541412067562554, -0.10039121311028248, 0.22818890461175279, -0.09038920319514088, 0.19300425957756953, -0.09344120228656057, 0.1679595824980492, -0.10288251117731576, 0.15122744156188211, -0.11371813901154651, 0.14160039835057228, -0.12196724907973602, 0.13715580104235567, -0.12649606409365294, 0.1358379693136466, -0.12799481470385618]","[0.058621232400964285, -0.054447439050468116, 0.014943023816500478, 0.057621246532647774, -0.05709452167153373, 0.014264110478821479, 0.055533823828202156, -0.0587209208683821, 0.013416085792717247, 0.052423531438230864, -0.05917444276633521, 0.012430612077725112, 0.048588131911232235, -0.058611335387874774, 0.011406013160573103, 0.0443571191281773, -0.05748702526317295, 0.010450700715725958, 0.03985245119820968, -0.0558810926646256, 0.009570645292854785, 0.035185879943008924, -0.0538667222442899, 0.008779917470932652, 0.0304614560763099, -0.05151715190318429, 0.008091445282500054, 0.02578078802117645, -0.048908187693478045, 0.007512222336638175, 0.021249370740336948, -0.046118623482532595, 0.007040841044248847]","[0.03572355753183365, -0.07383040189743043, 0.023447483777999878, 0.017580211842060087, -0.03148930722475052, 0.007661774754524231, 0.320361328125, -0.2627197265625, 0.036755448043346406, -0.073734674975276, 0.02346828579902649, 0.017927505755424497, -0.03155221992731094, 0.007650494575500488, 0.3192626953125, -0.263818359375, 0.03788689321279526, -0.07363475151360035, 0.023463279008865356, 0.018380985343456266, -0.031547973096370696, 0.007594600319862366, 0.3137697219848633, -0.2693115234375, 0.03911239451169968, -0.07357778064906598, 0.023254454135894775, 0.01893479444980621, -0.03142235630750656, 0.007529765367507935, 0.3126710891723633, -0.27040996551513674, 0.04038410431146622, -0.07331991232931614, 0.023284882307052612, 0.01954398372173309, -0.03125254267454147, 0.00749930739402771, 0.30498046875, -0.27480449676513674]",0.05971980094909668
"[10.018938779830933, 10.038938779830932, 10.058938779830932, 10.078938779830933, 10.098938779830933, 10.118938779830932, 10.138938779830932, 10.158938779830933, 10.178938779830933, 10.198938779830932, 10.218938779830932]","[-0.03741852992957156, -0.033485985630609026, -0.00869840914088085, 0.0017930501333588745, 0.010682246103015504, 0.027429161917766655, 0.0074395003201164905, -0.0368341735024254, -0.036868164732562964, -0.009025169174895136, -0.00015933577992521743, 0.009701124939748996, 0.02540062072253595, 0.008696372170046596, -0.035670981240104316, -0.039725683636546744, -0.009227379449171794, -0.002021412660560891, 0.008942315576675667, 0.02255028109069569, 0.009529109487938003, -0.033896695902475876, -0.04154794217164187, -0.009102572671548568, -0.003520728730138595, 0.008371309821654896, 0.019093218469227277, 0.009834296533643193, -0.03163815202194559, -0.04198755320853926, -0.00857032747231843, -0.004389441571091434, 0.007917648887150335, 0.015395628014564653, 0.009725100926699934, -0.02907930220821523, -0.041068513667807, -0.00769239901501689, -0.004555217102511069, 0.007516292959476951, 0.011857620959691572, 0.009330048343178408, -0.02657327967623827, -0.039279080505720376, -0.006874204261596, -0.004194768628841662, 0.007134949924126821, 0.008618202187010014, 0.00867819840692983, -0.024315821577588062, -0.036983198107864844, -0.006356241896245067, -0.0034755376461262913, 0.006760330331402343, 0.005770774775089516, 0.007811556923795447, -0.02238425950929134, -0.034443162619228175, -0.006247413831189321, -0.0025504426455934875, 0.0063917797794586124, 0.003367896547943053, 0.006782978289089059, -0.020775846696398023, -0.031839840676628574, -0.006559317150645037, -0.0015521078413496155, 0.00603561247780129, 0.001431992894098729, 0.0056489189807319385, -0.01944252137209315, -0.02929063330668336, -0.00723831518083306, -0.0005884256964861604, 0.0057004918266670345, -3.2331492971889546e-05, 0.004461403209943613]","[0.35149434782071326, -0.13712528531295998, 0.2457050295850359, -0.0716909724490076, 0.1659354571609552, -0.04066697066862278, 0.10759598942856524, -0.03275690343188479, 0.06649061856684774, -0.03859938439078169, 0.038874383477413954, -0.05082477773940901, 0.021472575815487494, -0.06398924141468479, 0.01193805183914627, -0.07377251539403379, 0.007711667126686699, -0.07907330297112267, 0.006497571314934785, -0.08081318150810031]","[0.056680748979783147, -0.06582529009915117, 0.017994517171271873, 0.05519454501779775, -0.0667086322041941, 0.016943504734502568, 0.0525380208081998, -0.06635439553696942, 0.01571514848828759, 0.048922962128791214, -0.0647694493451656, 0.014383555905360446, 0.04461271851955839, -0.06227566994324896, 0.013049652499363074, 0.03994350288559789, -0.05926014404916291, 0.011801961227102531, 0.035041988076685904, -0.05577966249437294, 0.010654361808610346, 0.03002733358927845, -0.051892070480706654, 0.009626571408551499, 0.02501221424925104, -0.04766347668073179, 0.008733703669143722, 0.020106883571100242, -0.043170543011748386, 0.007981746967120174, 0.015424656506306755, -0.03850047297179149, 0.007365660034316157]","[0.02946362441778183, -0.07314872965216637, 0.02276250720024109, 0.015114248478412626, -0.03094475919008255, 0.007689192891120911, 0.3390380859375, -0.2407470703125, 0.030059968888759614, -0.07340321354568005, 0.022844254970550537, 0.01542270996570587, -0.031143302261829375, 0.007689297199249268, 0.3357421875, -0.246240234375, 0.030835201799869538, -0.07364509850740433, 0.02291738986968994, 0.01587034829854965, -0.03128822350502014, 0.007669463753700256, 0.3280517578125, -0.255029296875, 0.03177103942632675, -0.0737685974687338, 0.023020774126052856, 0.016330667519569395, -0.031400935888290404, 0.007680565118789673, 0.3280517578125, -0.255029296875, 0.032720660626888276, -0.07382711060345173, 0.02311345934867859, 0.0167394957780838, -0.03143109583854675, 0.007692277431488037, 0.3258544921875, -0.2561279296875]",0.06027054786682129
"[10.09898591041565, 10.118985910415649, 10.138985910415649, 10.15898591041565, 10.17898591041565, 10.198985910415649, 10.218985910415649, 10.23898591041565, 10.25898591041565, 10.27898591041565, 10.298985910415649]","[-0.03460460165279183, -0.04529676288223303, -0.011461544268328737, -0.0027597709513361244, 0.012297381527053501, 0.027092390344965515, 0.013547650674071654, -0.03382886479285989, -0.04751939876180338, -0.011424771209425985, -0.0037402870713764084, 0.011372434209013377, 0.02471675528320527, 0.013966055274644576, -0.03243027967812818, -0.048545179840938674, -0.010924191959439614, -0.004323658291524857, 0.010681539084614448, 0.02142489941346198, 0.013476218189843833, -0.03049408254491988, -0.047905176803123416, -0.009863197741670758, -0.004237087488690168, 0.010159454069416986, 0.017454475240966234, 0.012190078393311125, -0.028173267787147776, -0.04553682184338413, -0.008322082245015208, -0.0034054521492937096, 0.009730209613451843, 0.013150338864962346, 0.010317504854543495, -0.02559228784515167, -0.04165691085409116, -0.006415515828994325, -0.0019202547055857419, 0.00932972415311128, 0.008945110137674801, 0.008072988995280592, -0.02307263494209073, -0.036940231983749655, -0.0046202038207750346, -0.00010688500226734922, 0.00893256533838847, 0.004996089136047702, 0.005544082332167411, -0.020791533805235903, -0.03186731350451477, -0.0032256975808757898, 0.0017734932612343277, 0.008533472886304362, 0.0014158995327391468, 0.002827465471712916, -0.018818904995275394, -0.026760782475358035, -0.0023708493324448203, 0.0035220965136577463, 0.008139691295556766, -0.001723540104961482, 2.3586444601046426e-05, -0.01715274944242399, -0.021819946232587584, -0.0020813656935827164, 0.004999171195586306, 0.007764486612306818, -0.004380994168608978, -0.00277007374979022, -0.015750632600123316, -0.017152970204843215, -0.0023052463706296706, 0.006118584919243945, 0.007422054525941501, -0.006534073950317192, -0.0054646474654420005]","[0.20532806910834378, -0.08779670353498681, 0.06067225909135181, -0.01932880428606184, -0.041357137559645506, 0.01470081600977177, -0.10989954159330777, 0.025490155513273407, -0.1531641145691661, 0.02226289943351244, -0.17831704577035015, 0.012253958870255452, -0.19141875165141248, 0.0008034940057312461, -0.19722612470671774, -0.007887913133175951, -0.1992561757099509, -0.012644987242356588, -0.199709709062518, -0.014214269386455664]","[0.04966119909301092, -0.07469998252158305, 0.01984939213707948, 0.04754387647734881, -0.07511312063534836, 0.018769339857349188, 0.04459107183378608, -0.07390770721188389, 0.017470996451268483, 0.04093148992251994, -0.07119998705900388, 0.016007545515938304, 0.03674129110727531, -0.06725317863870162, 0.014458535913447257, 0.032334581923823214, -0.06243916078375067, 0.012928181056198085, 0.027813912789956152, -0.05677863322288479, 0.011449759731807063, 0.02328030509138035, -0.05032511882537527, 0.010065196991740244, 0.018831907651284396, -0.043167254716016235, 0.008815353247543012, 0.014564595150791781, -0.03542569053752631, 0.007734533013629363, 0.010574116975924142, -0.027249195939388127, 0.006845433152175673]","[0.026047674775123597, -0.07142143547534943, 0.02154761552810669, 0.014152795755863187, -0.029919589102268218, 0.00760236382484436, 0.342333984375, -0.2132810592651367, 0.02629764920473099, -0.0716237597167492, 0.02191200852394104, 0.014312871479988096, -0.030124919652938842, 0.0076508671045303345, 0.3434326171875, -0.2143796920776367, 0.026654308497905732, -0.07183003462851048, 0.022013038396835327, 0.014580190861225126, -0.030407028436660766, 0.007710278034210205, 0.3434326171875, -0.22646484375, 0.027148609817028047, -0.0720822386443615, 0.02211129665374756, 0.014835917139053342, -0.03062582218647003, 0.007733896374702454, 0.3434326171875, -0.22646484375, 0.02763341909646988, -0.07234468907117844, 0.022236496210098267, 0.015035406434535978, -0.03067939931154251, 0.007735654711723328, 0.3434326171875, -0.228662109375]",0.06142401695251465
"[10.171524286270142, 10.191524286270141, 10.21152428627014, 10.231524286270142, 10.251524286270142, 10.271524286270141, 10.29152428627014, 10.311524286270142, 10.331524286270142, 10.351524286270141, 10.371524286270141]","[-0.031051115370524678, -0.05061405873239776, -0.012840880522872116, -0.0044661133021676345, 0.013007073609958722, 0.02547437375010688, 0.016003912175897913, -0.030107155104307202, -0.05192294964135138, -0.012485029391988447, -0.004959311675240003, 0.012155791601599616, 0.02304974100903928, 0.015672945104532515, -0.028584998520781193, -0.051565006978821194, -0.011439282017882555, -0.004794511070045373, 0.011518824761157257, 0.019666702859172554, 0.01436746834699194, -0.026583800922396806, -0.049348338620152594, -0.009761457501507963, -0.003881218547512348, 0.011041103214431624, 0.015468881520711538, 0.0121687272408435, -0.024187124456915288, -0.04539404994295425, -0.0075963088901565, -0.0023264049673819964, 0.010662652677066379, 0.010751546501425907, 0.009215724399887897, -0.021461655860077342, -0.03973152551817696, -0.0049408947205818385, -0.00011743018603567445, 0.010302704430396839, 0.006045048768697132, 0.005892915971574207, -0.01873786929346228, -0.03318695411028873, -0.002354254145821776, 0.0023282599786712452, 0.009938366440080022, 0.0015263025100944417, 0.002318320007650218, -0.016206439914529698, -0.026339524530943337, -0.0001893096709690031, 0.004694179597554599, 0.00956883757313842, -0.0026719356204469276, -0.0013845825540548212, -0.013953028307529806, -0.019568043415441213, 0.0013693660479722554, 0.0067570825416050605, 0.009206556521423812, -0.006457668040851109, -0.005093870498952834, -0.011991458480903954, -0.013096035945857629, 0.0022661963604648904, 0.008376759456208084, 0.008869925798193455, -0.009770318800907092, -0.008695276788775408, -0.010293306814135693, -0.007034177068131092, 0.0025368651413541876, 0.009483625191732691, 0.00857771055597386, -0.012569369134161587, -0.012086121772010064]","[0.1169602302389539, -0.04712178735522185, -0.05802957398099604, 0.032800732692137555, -0.17815425168847754, 0.07637811913596146, -0.2558694230412587, 0.09480426399251961, -0.3022939208017991, 0.09739584822175229, -0.3270473623905818, 0.0915637778641105, -0.33816389383513895, 0.08288903318606528, -0.3420224534036579, 0.07576727249207607, -0.34284806004961305, 0.07171730683416348, -0.34287454326958194, 0.07035210945178855]","[0.04144390661151176, -0.07753858955260728, 0.020210898254875875, 0.03939897827131977, -0.07729298612302582, 0.019135156420360566, 0.03668942557933419, -0.07542317935374099, 0.017832065035859657, 0.033341247362867144, -0.0718783922252757, 0.01630763849141914, 0.02950680076486467, -0.06671530600255116, 0.014616407226913708, 0.025491455687803644, -0.06049021865583537, 0.0129062891597167, 0.021370013207222982, -0.0532118107058106, 0.011229719839580987, 0.01722109475482414, -0.04494017691676877, 0.009651483331933441, 0.013124958770377004, -0.03578485065046877, 0.008237641188887146, 0.009162302972032688, -0.02589706308024109, 0.0070481526333359135, 0.005414725720356284, -0.015462950329968361, 0.006128482614942143]","[0.02323712205886841, -0.06958333440124989, 0.020409584045410156, 0.01349714466333389, -0.029314065515995025, 0.007380321621894836, 0.34013671875, -0.189111328125, 0.023734709084033967, -0.06978734806180001, 0.020520508289337158, 0.013742462480068204, -0.02945312315225601, 0.0073937177658081055, 0.3412353515625, -0.1902099609375, 0.02425253188610077, -0.07001052275300026, 0.020880669355392456, 0.014030852103233335, -0.029632421374320983, 0.007437720894813538, 0.3412353515625, -0.197900390625, 0.024796215653419496, -0.07042976133525372, 0.020779818296432495, 0.014285907828807828, -0.029817605555057525, 0.007482796907424927, 0.3412353515625, -0.197900390625, 0.025188734591007234, -0.07064397670328618, 0.020859748125076294, 0.014431209051609037, -0.029993886291980743, 0.0075327008962631226, 0.3412353515625, -0.197900390625]",0.06064343452453613
"[10.259243726730347, 10.279243726730346, 10.299243726730346, 10.319243726730347, 10.339243726730347, 10.359243726730346, 10.379243726730346, 10.399243726730347, 10.419243726730347, 10.439243726730346, 10.459243726730346]","[-0.02724171853446653, -0.05372174716265148, -0.014515056909979193, -0.005115008015683935, 0.012843871647108306, 0.024222082386780888, 0.016630717008897393, -0.026118003547385384, -0.05400761600365057, -0.013573771254508121, -0.005235957122396197, 0.012099910829163181, 0.021899390587325335, 0.015823900227273358, -0.024426143398128104, -0.05250613254772191, -0.011840282542999054, -0.004642956294224394, 0.011561829378764517, 0.018418114727015353, 0.014022384470224357, -0.022188204755261065, -0.0491912034354147, -0.009436589444303537, -0.0034220302819460225, 0.01119828062770702, 0.013850843311073167, 0.011147593677270235, -0.019424641690919463, -0.04398235954525486, -0.006395664337822163, -0.001591184536013172, 0.010938977824416033, 0.008577659890696669, 0.007410710101981552, -0.016258713421623418, -0.03683400329127199, -0.0027377050781476776, 0.0009488801997792369, 0.010685122057981465, 0.003192012455027293, 0.0033400866397412616, -0.013047658719553107, -0.0287256323269386, 0.0008755781229455386, 0.003702660679370825, 0.010416291905872765, -0.002099360598942293, -0.0009281095410580373, -0.010007080358503895, -0.020337685729058644, 0.004012692953014024, 0.006307113013511815, 0.010136712671542016, -0.0071345049174782555, -0.005255357826009312, -0.007243515948987509, -0.012108400595139918, 0.0064336000780197055, 0.008517953384671366, 0.009864967988787027, -0.011793895368330707, -0.009508880212664479, -0.0047863398704111855, -0.00428924118814793, 0.008048161296688831, 0.010193078200806257, 0.009625715195559827, -0.015991412336953593, -0.013567298067260989, -0.0026170672217180023, 0.003002758274109257, 0.008875267913629782, 0.011274003585390444, 0.009443421160783668, -0.019662653477060952, -0.01732340109629773]","[0.04778910960970582, 0.0158924963494281, -0.15730160235605004, 0.11072781061213499, -0.29578381891289707, 0.1656856918760528, -0.38330232154629856, 0.19225255050083434, -0.43373642721416006, 0.2002095589799374, -0.45900796102458474, 0.197552607969653, -0.46898358087860015, 0.19050218853798956, -0.47149571307211, 0.1840477209017871, -0.47144198787507396, 0.18019188046371515, -0.4711492621913612, 0.1788550391757929]","[0.032274826508262855, -0.07756734301363233, 0.01966022363816755, 0.030866499697200345, -0.0769394278349127, 0.018678356607115365, 0.02878118142691255, -0.07462003470430645, 0.01742709798140485, 0.02602940545797483, -0.07026790516281523, 0.015867746506987412, 0.022789574692558823, -0.06400935352478321, 0.014079090038217057, 0.019294413947328337, -0.056527087115656904, 0.012240196235742129, 0.015581683867208262, -0.04781949062454238, 0.010429478119009516, 0.01170219762080027, -0.03795285849035945, 0.008739568451866297, 0.007717025560089574, -0.027055086569180098, 0.007264755820044044, 0.003695059741758877, -0.015303107548860329, 0.006092043194861674, -0.0002874395930811957, -0.0029133100361438125, 0.005289552509046835]","[0.018566174268722535, -0.06810364723205567, 0.017512410879135132, 0.011039727115631101, -0.028465213418006896, 0.006220415234565735, 0.2577392578125, -0.12978515625, 0.019417268991470338, -0.06829688549041749, 0.018069207668304443, 0.011651740157604215, -0.028685869812965392, 0.006529092788696289, 0.2753173828125, -0.14296875, 0.020226208329200746, -0.06861813589930535, 0.0184803307056427, 0.012220584535598752, -0.028774419963359832, 0.006716907024383545, 0.2819091796875, -0.1440673828125, 0.020937589764595033, -0.06874530613422394, 0.018853366374969482, 0.012676798486709592, -0.028470637440681457, 0.006769582629203796, 0.298388671875, -0.15615234375, 0.021544543862342835, -0.06884621120989323, 0.019338905811309814, 0.012949974024295804, -0.028355332255363463, 0.006879672408103943, 0.3016845703125, -0.158349609375]",0.06020855903625488
"[10.330402851104736, 10.350402851104736, 10.370402851104735, 10.390402851104737, 10.410402851104736, 10.430402851104736, 10.450402851104736, 10.470402851104737, 10.490402851104736, 10.510402851104736, 10.530402851104736]","[-0.02353980588376995, -0.05514325793779435, -0.014096461281102904, -0.00709332525587422, 0.012563050657710868, 0.023353043844086672, 0.016980646308071407, -0.02226827265593341, -0.05426637272002394, -0.012437236691877747, -0.006624602937701577, 0.011906647488659121, 0.020594961849954192, 0.01594799111622647, -0.020361890155443714, -0.05161573488393505, -0.010002079344536167, -0.005488853731082929, 0.011471011745328755, 0.0164218888239338, 0.013685664563794895, -0.017791377160479536, -0.046972571486696806, -0.006807197129679594, -0.0036915380900614746, 0.011211315433897803, 0.011026727706808126, 0.010199350695884039, -0.01464927459486576, -0.040191050289256715, -0.002911930468832279, -0.0011680642976619373, 0.011035766705585136, 0.004888383071009645, 0.005861685072786439, -0.011079460970738175, -0.03146044244661549, 0.001544419600157824, 0.0020285339850218765, 0.010854437286644337, -0.0013515355126593966, 0.001167670927445309, -0.007492297278135147, -0.02185403647094873, 0.0058178609504338525, 0.005355926524691969, 0.01065223088657459, -0.007454689649721044, -0.0037243198518468077, -0.004131615558295384, -0.012103829316949052, 0.009433050114790377, 0.008423964495415779, 0.010440846922814438, -0.013236840296172605, -0.00865545216537444, -0.0011127223260283124, -0.002666499096731256, 0.012137649277567188, 0.01097796463682757, 0.010246888035896863, -0.018565108517994363, -0.013476038846092376, 0.0015397563762164412, 0.006211453890242788, 0.01385266868989518, 0.012878441122505952, 0.010102466545263214, -0.023346175073866663, -0.018051178248254328, 0.003856698430398325, 0.014431830295502901, 0.014623373220888884, 0.014078662566503083, 0.010038147939416016, -0.027511004185435943, -0.022262736653856315]","[-0.06825027363459314, 0.09334384361429984, -0.28758070925421636, 0.19708104188622994, -0.43223400433584563, 0.2547788574004057, -0.5203987308072474, 0.2799793352193294, -0.5681617318556694, 0.2842491964579322, -0.5892885782900086, 0.2770606003940292, -0.5950863508235242, 0.2657727170317806, -0.5945440820280679, 0.25632373979378, -0.5928379063157446, 0.2508794314161056, -0.592000337782934, 0.24902537246632162]","[0.028764154374587125, -0.07595232628582949, 0.018916145308363497, 0.0274990985439012, -0.07514430605791045, 0.017955414847846463, 0.025393397410398588, -0.07226104270488998, 0.016642897552709535, 0.022521926799871972, -0.06704916958812568, 0.014970315569216908, 0.019031760438481093, -0.05979383699936758, 0.013059569441551844, 0.015197240495452125, -0.05110854405964238, 0.011107755004653885, 0.011063885035807353, -0.040996939478758154, 0.009221400019082893, 0.006694485013372997, -0.029550016456072914, 0.0075192047819561125, 0.0021638416396849713, -0.016929688135582044, 0.0061199932915148025, -0.002444924194364262, -0.003349872038213242, 0.005132181798255253, -0.00704071530486905, 0.0109349523154747, 0.0046380187121095595]","[0.011319702327251435, -0.060266839712858206, 0.01236659288406372, 0.006440021777153013, -0.024553934276103973, 0.004175454378128052, 0.179736328125, -0.07705078125, 0.012144526302814485, -0.061649890989065176, 0.01301601529121399, 0.00682731040716171, -0.025377536356449126, 0.004445567727088928, 0.2006103515625, -0.09133281707763671, 0.013011326849460603, -0.06300760284066201, 0.013572603464126587, 0.0072937465548515296, -0.02644309604167938, 0.00475737452507019, 0.20390625, -0.09353008270263671, 0.01386991685628891, -0.0642498902976513, 0.014053642749786377, 0.007750519299507139, -0.02728279137611389, 0.004967391490936279, 0.2181884765625, -0.1045166015625, 0.014762347400188447, -0.0653719998896122, 0.014551728963851929, 0.008265756750106809, -0.027778403997421264, 0.005126208066940308, 0.221484375, -0.1067138671875]",0.06280231475830078
"[10.409897089004517, 10.429897089004516, 10.449897089004516, 10.469897089004517, 10.489897089004517, 10.509897089004516, 10.529897089004516, 10.549897089004517, 10.569897089004517, 10.589897089004516, 10.609897089004516]","[-0.019318202012441416, -0.05411711031197715, -0.011615881127676782, -0.008215239228177153, 0.01190370807526066, 0.021370651665403105, 0.017164043638819567, -0.018022545398472995, -0.05198550901703217, -0.009419002385635469, -0.0070003782474152496, 0.01136450611909852, 0.017859825174376207, 0.015304325742653868, -0.016028919154612454, -0.047860508230988086, -0.00640109872559991, -0.005086673599573513, 0.011038434077533712, 0.012873442527894772, 0.0120886230226005, -0.01337771774309274, -0.04150504732226403, -0.002612550995122245, -0.002405513359856262, 0.01085252034063781, 0.006707161671290269, 0.0078031706994263735, -0.010181058008500703, -0.033049897396898856, 0.0017597074596148819, 0.0009715167485023535, 0.010718873693351972, -0.0001175263939590757, 0.002895032304877673, -0.006506619751671086, -0.02303169566927183, 0.006490506798743168, 0.004720040709857148, 0.010581389251549164, -0.006927382672481928, -0.002302959272291212, -0.0028191486320926357, -0.012499384137571396, 0.010816481882343652, 0.008328192091870681, 0.010432570385575182, -0.013466511264369738, -0.007613884198261358, 0.0006093322305115339, -0.002138320406272675, 0.014274493025902764, 0.011447208518752052, 0.010290615621439318, -0.0195445431340484, -0.012867283482690206, 0.003654608495069843, 0.00765562826332395, 0.016647225643896726, 0.013870863397294817, 0.010187076814590967, -0.02503252294994926, -0.01790955750885444, 0.0062956682045968, 0.016702112899512022, 0.017904142853429977, 0.01551070902130526, 0.01015719051292621, -0.029847554292328073, -0.022607626972536186, 0.008573473723124793, 0.0249660651304575, 0.018143669003657333, 0.01636936276585765, 0.010232550829379109, -0.03393351237401735, -0.026848095413733116]","[-0.23784145135135348, 0.15564612242085224, -0.4379396276204711, 0.2619104220530138, -0.5619559334842729, 0.3172026729723242, -0.630023026004535, 0.337187404441791, -0.6597395027612634, 0.33515330825963413, -0.6659446716816131, 0.3218704308665396, -0.6605643292724646, 0.3055782077514811, -0.6530543017657356, 0.29284213814214094, -0.6479401953581164, 0.2857381390886186, -0.6460508677944795, 0.2833622893256977]","[0.02628148920904394, -0.07409508935550102, 0.017790978298970472, 0.024898134162160135, -0.07245920738996947, 0.016725582753883472, 0.022631592540500733, -0.06840791080574071, 0.015254266236834013, 0.01946538597081826, -0.06196433933296275, 0.013433742516220981, 0.015499885934262547, -0.05347724297604062, 0.011427301135172652, 0.011144791046403979, -0.04341036464973991, 0.009443522915162816, 0.006478059282914561, -0.03182657146342782, 0.007612118266046686, 0.0015907206229623938, -0.01888130007736999, 0.006069358970230976, -0.0034207406397530615, -0.004792772391917666, 0.0049454724658173355, -0.008458155465889794, 0.010180378824061087, 0.004350493231872754, -0.013420485302470642, 0.02574755851548538, 0.004354152756113727]","[0.002244857907295228, -0.039378842711448675, 0.006507545709609985, 0.0023579157233238196, -0.017178828060626983, 0.0024742484092712402, 0.0907470703125, -0.019921875, 0.0032875741124153146, -0.04251715764403344, 0.007011622190475464, 0.0025986588835716223, -0.018136086106300353, 0.0026132166385650635, 0.0973388671875, -0.02431640625, 0.004268234431743623, -0.045513624697923666, 0.007501095533370972, 0.0032604567050933814, -0.020068908274173736, 0.0029085278511047363, 0.118212890625, -0.0364013671875, 0.005346877336502076, -0.04839723780751229, 0.008078217506408691, 0.004046537661552427, -0.02257260137796402, 0.0033403337001800537, 0.144580078125, -0.055078125, 0.00647323375940323, -0.051291717588901525, 0.008673906326293945, 0.004763477230072019, -0.02436865323781967, 0.003619357943534851, 0.144580078125, -0.055078125]",0.0635828971862793
"[10.49013900756836, 10.510139007568359, 10.530139007568359, 10.55013900756836, 10.57013900756836, 10.590139007568359, 10.610139007568359, 10.63013900756836, 10.65013900756836, 10.670139007568359, 10.690139007568359]","[-0.015367950262985312, -0.04840873431552934, -0.0077840746871074, -0.005794005194283087, 0.010981639997880302, 0.016598270685067716, 0.015617610099227488, -0.013947851344797008, -0.04535224621429267, -0.00552252801851088, -0.004160618386649287, 0.010546171368816068, 0.012551352597296993, 0.012755344446059334, -0.011889010398993578, -0.04018044142276801, -0.002469177484546466, -0.0018165871822027522, 0.010283515471473846, 0.0072481114564383374, 0.008808811987346257, -0.009259087186081927, -0.03295242295196703, 0.0012048426300026469, 0.001171563464364136, 0.010130664992246394, 0.0009851112548091804, 0.004103185792412322, -0.006095519702432883, -0.02416198182845401, 0.0052248500644466395, 0.0044510539840245875, 0.010041862965232204, -0.005760693835925858, -0.001130439405111835, -0.002510700460728246, -0.014155505249445196, 0.009432955888693981, 0.00785450474228295, 0.00995968458741473, -0.012326018885431453, -0.0064696248510903494, 0.0010480922601823713, -0.003923062051110267, 0.013122992238599456, 0.01092097917079302, 0.009882670579202533, -0.018474291184536806, -0.011737373205081262, 0.004325174576173518, 0.005917193854619361, 0.015891707301925104, 0.013361094278329376, 0.009830991773902167, -0.02403851777948304, -0.016773723636912673, 0.007209561217053964, 0.015037994006407167, 0.01757878179116269, 0.01503095117066053, 0.009834893129483685, -0.028915679169508622, -0.02144483693717468, 0.009689470163699624, 0.02332254411000602, 0.01820323293194191, 0.015901893996933657, 0.009925593326621561, -0.03304979093977248, -0.025643251910774708, 0.01181115252108977, 0.030789222877022446, 0.01790248936414129, 0.01602922484293692, 0.010128424934873039, -0.036411399660580115, -0.029283341150351343]","[-0.3315059868494958, 0.19781804097732336, -0.505913111103242, 0.29468176218249653, -0.6055679094669767, 0.34181676305113, -0.6520462671230399, 0.3552582989441648, -0.6638624993827522, 0.3483949854925728, -0.6562644515046291, 0.33188211510157434, -0.6411484435701258, 0.3136887974779251, -0.6278465823442975, 0.3000061459912541, -0.6200062108846764, 0.292531251400004, -0.6173012122739785, 0.2900631210678725]","[0.021318531602699586, -0.07048066878214332, 0.016022106602144426, 0.01946174032247905, -0.06731977556765578, 0.014761778022098326, 0.016786063787484595, -0.061828821362238884, 0.013167276919177073, 0.013238097350275924, -0.05409931596952644, 0.011335242553886182, 0.009034555125168708, -0.04427620245670738, 0.009416333349014039, 0.004553512198369525, -0.032977160033156316, 0.0076316782058336585, -0.00011757133274103992, -0.02035223876977632, 0.006107375855507691, -0.004886107466806733, -0.006620685871042475, 0.004965998052628429, -0.009661429510135155, 0.00796021322231244, 0.0043110593184101376, -0.01435707019409671, 0.02311264649652367, 0.004211961855963953, -0.018887904886627283, 0.03853997828766209, 0.00468657417463092]","[-0.006940843701362609, -0.012660099565982824, 0.002226412296295166, -0.0017969676017761255, -0.007172743022441863, 0.0009630173444747925, 0.0577880859375, 0.004248046875, -0.005649456918239593, -0.016951231658458715, 0.002587616443634033, -0.0008913867831230188, -0.009525278747081756, 0.0011092126369476318, 0.0577880859375, 0.004248046875, -0.004332767963409423, -0.02139436304569245, 0.0025870800018310547, 0.0002215585947036719, -0.01197967880964279, 0.0013710260391235352, 0.0577880859375, 0.004248046875, -0.0026578550934791556, -0.025765536725521093, 0.0030382275581359863, 0.0011579624652862525, -0.013851309359073638, 0.0016045719385147095, 0.0577880859375, 0.004248046875, -0.0012980719804763785, -0.029700143635272985, 0.0038706064224243164, 0.0017739839196205115, -0.015315989196300506, 0.001938149333000183, 0.065478515625, -0.000146484375]",0.06000113487243652
"[10.579847812652588, 10.599847812652587, 10.619847812652587, 10.639847812652588, 10.659847812652588, 10.679847812652588, 10.699847812652587, 10.719847812652588, 10.739847812652588, 10.759847812652588, 10.779847812652587]","[-0.0093742092634458, -0.03457962865235502, -0.0009369065347103417, 0.0015682229627171113, 0.006739494170390112, 0.008857364587300616, 0.010269201968257589, -0.007956673248358352, -0.031175851012331918, 0.0009065540837556194, 0.002975720020362281, 0.006595124311965404, 0.004433147628040034, 0.0063642822534718665, -0.005965850389596892, -0.02593189094669866, 0.0033362858532574296, 0.004821181528207828, 0.006570325127636373, -0.0008370416142861615, 0.00198560433992526, -0.003413379243761939, -0.01934609789700418, 0.006088417662730486, 0.006762414782618018, 0.006642022152036057, -0.006647801380562603, -0.0027492646776384813, -0.00039230186408962376, -0.01177998670524964, 0.008966576279415363, 0.008607692075452032, 0.006769544479224152, -0.012522363610642288, -0.007568867915102003, 0.0028729543494455663, -0.00360435609973776, 0.011739022342049243, 0.010266846768433204, 0.006910136511023285, -0.017976084176752477, -0.012102593611216236, 0.006031648772034148, 0.004409341791117142, 0.01389195294505688, 0.011434625601942814, 0.007066716871079695, -0.022829433903785185, -0.016216111722068115, 0.008892531229909316, 0.011821833497330597, 0.01517407677763752, 0.011962989870412017, 0.007254759290527435, -0.026969375028247467, -0.019805860703559035, 0.011382110851382306, 0.018444319710163595, 0.01553669039479972, 0.01182874019847372, 0.007493816373070937, -0.030342883539221297, -0.02280406111747834, 0.013505340959255898, 0.02425959591777982, 0.015072582337023372, 0.011098778335779012, 0.007800743116637699, -0.03294049789492997, -0.02517399847261187, 0.015310970357811213, 0.029350795184362486, 0.01395959721400795, 0.009896780930013253, 0.008184680553064644, -0.03477709914836713, -0.02690108263009727]","[-0.3573090989010556, 0.2372369373388961, -0.4709946336170445, 0.306653246321946, -0.5226167095838942, 0.3355435551052056, -0.5329631985211191, 0.3380094882112548, -0.5191552010988013, 0.32554271975755017, -0.49462598925424683, 0.3070348947639993, -0.46925325605846374, 0.288897446182796, -0.45063650191239574, 0.2759092571668214, -0.4406001745711333, 0.2690095265482466, -0.43731255336460156, 0.26677135859384676]","[0.012272236288670912, -0.06230417249102649, 0.011263508899189034, 0.010174479220783184, -0.05686316856533402, 0.009880428993246149, 0.007334260461714148, -0.04938368576609431, 0.008348960697958319, 0.0038673891943028504, -0.039913708547088866, 0.006775417910794612, 1.95505794524653e-05, -0.02883625144331603, 0.005329462204379354, -0.003975211876393825, -0.016767696693153145, 0.004170836651145482, -0.008038370653867588, -0.003974037496519145, 0.0033787707140540135, -0.012095470616612536, 0.009263303730604466, 0.0030102988451643498, -0.016078860439643794, 0.022666536628647815, 0.0030855208093951703, -0.01992623182092923, 0.035965532899322916, 0.003579119067458336, -0.023575896627828996, 0.04889058851666128, 0.00441627282150403]","[-0.0171761234998703, 0.023407803475856775, 0.001836240291595459, -0.006864673709869387, 0.007358869373798371, 0.0002533048391342163, -0.083935546875, 0.0822509765625, -0.01606157624721527, 0.019106233119964594, 0.0011803209781646729, -0.006187669253349307, 0.00570276176929474, 0.00017145276069641113, -0.075146484375, 0.0778564453125, -0.014807174146175384, 0.014723525941371912, 0.0008362829685211182, -0.005296296691894534, 0.003787932753562928, 0.00022824108600616455, -0.0520751953125, 0.065771484375, -0.013491885900497436, 0.010193386673927302, 0.0007712244987487793, -0.00448013029098511, 0.0018250549435615548, 0.0002819448709487915, -0.0257080078125, 0.0514892578125, -0.01228105479478836, 0.005707317590713495, 0.0010514557361602783, -0.003779492592811587, -6.90167546272269e-05, 0.00040258467197418213, -0.0191162109375, 0.048193359375]",0.06242775917053223
"[10.65897536277771, 10.67897536277771, 10.698975362777709, 10.71897536277771, 10.73897536277771, 10.75897536277771, 10.77897536277771, 10.79897536277771, 10.81897536277771, 10.83897536277771, 10.85897536277771]","[-0.004432987587561441, -0.023248391404817048, 0.002204791472524225, 0.004416507575004623, 0.003275642770549097, 0.0016724598803070949, 0.0042461745686290225, -0.002858491973713636, -0.019034433655047436, 0.003956375697811537, 0.005739757562199201, 0.003426584808766427, -0.0027531201519624734, 0.0002933573007008535, -0.0006868122494155565, -0.013584705212099108, 0.0061090538435400795, 0.0071183681283660755, 0.0036729635665414366, -0.0077085898755340524, -0.0038390771608452254, 0.0020094200164117626, -0.0072798393142900885, 0.008463625316743145, 0.008357083273967796, 0.003982434208495452, -0.012804413493117879, -0.007931461123669587, 0.005019734038054906, -0.0005133750007680056, 0.010760383741371345, 0.009345473537580029, 0.004317145573568372, -0.017638971162943863, -0.01169490561979548, 0.008104006653060788, 0.006177599466505539, 0.012679608620146282, 0.009901746877077818, 0.004662529767941601, -0.021915045275171175, -0.014965141448786296, 0.010997478998894457, 0.012304222691455436, 0.01389658880958289, 0.009885323590052415, 0.005020862653930353, -0.025510394422137202, -0.017659479638829235, 0.013566238356056177, 0.017636915430483, 0.014297680101157794, 0.009276833700420135, 0.005400201093187187, -0.028361880015925867, -0.019728941482677644, 0.015770714869001713, 0.022133168180455225, 0.013925272207173146, 0.008146544120983513, 0.005809092438382275, -0.030458890050182003, -0.02116035838944398, 0.017632093159806395, 0.02586952074650593, 0.012923444837154675, 0.0066220982636027385, 0.00625231100988365, -0.03182805646042785, -0.021969275321023884, 0.019203358198177378, 0.028982048587207165, 0.011489362698860485, 0.004859161637367049, 0.006727798934862594, -0.032515841394627785, -0.022189514791128108]","[-0.401448005279558, 0.28625721877195975, -0.45045971108527383, 0.3297367920739489, -0.4557100552265591, 0.34185227401649076, -0.4346404724364243, 0.33453393517424485, -0.40102921288625887, 0.31726953155607757, -0.36514813174376964, 0.2971864979856463, -0.33404301369168116, 0.2792206924410497, -0.3130373207812416, 0.2669010332535737, -0.30225753835978475, 0.2605232418923803, -0.2988362365020903, 0.25848816746483283]","[0.004353961463603451, -0.04607530863314846, 0.006331921603716317, 0.002024091625127067, -0.039169643372985785, 0.00525109385366207, -0.000882436631358896, -0.03056918002935305, 0.0041700388942631506, -0.004192393060098443, -0.020602288093481747, 0.0032054794043387957, -0.0077404762955048945, -0.009763206357726872, 0.0024672975203401393, -0.011354539660935581, 0.0015395601151020344, 0.0020163960965788874, -0.014967069763658802, 0.013027949831672103, 0.0018802716177579448, -0.018518601067449403, 0.024434818635251432, 0.002056887156231202, -0.02195720863839279, 0.0355145070514884, 0.002509729405718808, -0.025234957167192595, 0.04604037530718985, 0.0031684613872720035, -0.028302949386635134, 0.055795729251975956, 0.0039340530897691295]","[-0.02412376010417938, 0.05720266103744506, 0.007485806941986084, -0.011415406382083895, 0.023121824324131013, 0.0011985152959823608, -0.1905029296875, 0.1415771484375, -0.023609223008155822, 0.05345494449138641, 0.006710231304168701, -0.010837069964408877, 0.021031899213790894, 0.0009315162897109985, -0.16962871551513672, 0.1283935546875, -0.023004258215427398, 0.04931525290012359, 0.006148636341094971, -0.010263568973541262, 0.01865931397676468, 0.0009050369262695312, -0.1619384765625, 0.1239990234375, -0.02231067621707916, 0.044955903291702265, 0.005603164434432983, -0.009721650993824008, 0.01625174081325531, 0.0009277462959289551, -0.149853515625, 0.118505859375, -0.021500231862068175, 0.040575975179672236, 0.005042612552642822, -0.009036033666133883, 0.014130225241184236, 0.0009417682886123657, -0.145458984375, 0.11630859375]",0.06072521209716797
"[10.728923559188843, 10.748923559188842, 10.768923559188842, 10.788923559188843, 10.808923559188843, 10.828923559188842, 10.848923559188842, 10.868923559188843, 10.888923559188843, 10.908923559188842, 10.928923559188842]","[0.0010225594960007692, -0.010638883349952338, 0.0037698151197457764, 0.004450868460529618, 0.0013275627291392416, -0.005020649823263851, -0.0008896283303596657, 0.002728644749134102, -0.00583492757893725, 0.005564151355243251, 0.005816768819330725, 0.0017133748313675873, -0.009011657880760495, -0.004489999374967562, 0.0049907082546259245, -0.00015289141821230615, 0.007724559680410099, 0.007129014705607011, 0.0021565429512139305, -0.013212476330800747, -0.007996428663350003, 0.007621069807340882, 0.005974640297602677, 0.00997452977986117, 0.00825769323477802, 0.002613971581756818, -0.017268336500224586, -0.011070620747905475, 0.010396648880337894, 0.011975928535341534, 0.01196743855819676, 0.009011116988657975, 0.003064227171911247, -0.020912574392901204, -0.013522423928023773, 0.013171509042043733, 0.017221654047740072, 0.01339071645424528, 0.009086559358785998, 0.003521429323554573, -0.023990045348792063, -0.015437291161153525, 0.015745837566736785, 0.021539531881588785, 0.01408954082599198, 0.008507900457753827, 0.003983015894574539, -0.026427072271015397, -0.01677841580546242, 0.01802312264907765, 0.024920252329465358, 0.014060136516263423, 0.007371699950360777, 0.004448737432361732, -0.028197730806737674, -0.01753837451026166, 0.01998014542983056, 0.027463488666473693, 0.013404860724886546, 0.005821914987090331, 0.004918181158035052, -0.02931796157733586, -0.0177397231147635, 0.021639905459177468, 0.029328007629995982, 0.012288969497001864, 0.0040249283771538105, 0.005388518878087138, -0.029832626241302448, -0.017427469200381365, 0.023048694806726326, 0.030689340687288163, 0.010903038023890636, 0.002147900706983265, 0.005852828771514489, -0.029801037434006295, -0.016659058394278087]","[-0.45910268200476634, 0.31959701937993035, -0.4428358810938739, 0.3433605046315465, -0.40457847434127797, 0.34459334616647874, -0.356526786219723, 0.33260738423272956, -0.3077924178147084, 0.3146531292825297, -0.2646692555341275, 0.29603102561777794, -0.2309663065248863, 0.2802715944969579, -0.2095028060217771, 0.269772999924835, -0.1988978285929643, 0.26443429355885373, -0.19561573762039117, 0.26275023519996055]","[-0.003697902882798143, -0.02256633100970351, 0.002480039426319358, -0.006016347310545456, -0.015303141320668345, 0.001965093804859208, -0.008691103471810457, -0.006954038654982675, 0.001520564808053848, -0.011655125812894296, 0.001974230715438452, 0.001210162476956711, -0.014828737528285396, 0.011069743051518088, 0.0010677771004301562, -0.01801935498239149, 0.020194325082006692, 0.0010974319592769177, -0.02116963721245768, 0.029128139306755063, 0.0012980521077654572, -0.024232875233463957, 0.03766811618697519, 0.001646386698140212, -0.027169697232081624, 0.045633557022519255, 0.002098073201222128, -0.02994360319431033, 0.05286237001964178, 0.0025916925016336023, -0.03251675740141913, 0.05920415435509074, 0.0030555380830881163]","[-0.026014322578907012, 0.08169321119785308, 0.014494329690933228, -0.013046129858493807, 0.033975204288959504, 0.0030586570501327515, -0.253125, 0.1833251953125, -0.02608303928375244, 0.080108442902565, 0.013855338096618652, -0.01276722482442856, 0.032808845698833466, 0.0027538537979125977, -0.2520263671875, 0.1822265625, -0.0260400270819664, 0.07801485955715179, 0.01343393325805664, -0.012684001839160922, 0.031511923134326936, 0.002541780471801758, -0.2344482421875, 0.16904296875, -0.02592016214132309, 0.07555482685565948, 0.01290816068649292, -0.012370608067512515, 0.029874613344669343, 0.0024024993181228638, -0.22895488739013672, 0.1646484375, -0.025761382818222045, 0.07282511293888091, 0.012307733297348022, -0.012079253113269808, 0.028369029819965363, 0.0023140162229537964, -0.22565898895263672, 0.1613525390625]",0.06297063827514648
"[10.809701204299927, 10.829701204299926, 10.849701204299926, 10.869701204299927, 10.889701204299927, 10.909701204299926, 10.929701204299926, 10.949701204299927, 10.969701204299927, 10.989701204299926, 11.009701204299926]","[0.006190488670225127, 0.003554893593104607, 0.0011045690210811777, 0.0014739938449310746, 0.002242833792299078, -0.01250002244284487, -0.00812072956863778, 0.00805067192577532, 0.008598013766565825, 0.00281190112955906, 0.002452832295893397, 0.002741154570885751, -0.014777460543262066, -0.010147221219216383, 0.010297599429199025, 0.014042967958341626, 0.004941110607775597, 0.0034836796119636676, 0.0032237009477966163, -0.016994473328763235, -0.011619138661983367, 0.012748672962067453, 0.019288962869172612, 0.007132692210061767, 0.004358185456592117, 0.0036642389868983757, -0.01900026500159732, -0.012349541767048935, 0.01529529517879558, 0.023696986355055016, 0.009047349127886862, 0.0047637546754480346, 0.004074775931485318, -0.02074059661224836, -0.012466334929227873, 0.01788500434632199, 0.026952525872846363, 0.010524272045412425, 0.004519663040937071, 0.0044765711875412555, -0.02217672901090042, -0.012208920821446685, 0.020371972891625602, 0.029215959235746894, 0.011541354412431403, 0.0038023207528956795, 0.004861412747024748, -0.023288375044855644, -0.011607229895466092, 0.02267492202815921, 0.03067167469065399, 0.012137523370313328, 0.0027851346923583164, 0.005222977850672718, -0.024077507992047966, -0.010703010828908887, 0.024759819317751446, 0.03150835586050065, 0.012391064181243515, 0.0016286586918799902, 0.005556605821287649, -0.024564906944702196, -0.00954934951790571, 0.026624434652892895, 0.03190223278867597, 0.012399752405894377, 0.0004721291619375065, 0.005858734900071162, -0.02478344457642043, -0.008205980332723269, 0.028285165806716216, 0.03200449517571421, 0.01226437524951709, -0.0005724020559830309, 0.006126296907949652, -0.0247707737599496, -0.006733741210838358]","[-0.4396510379754163, 0.32968849812316103, -0.373169616610712, 0.3463566415406729, -0.31152666426147935, 0.35067917364984613, -0.2579615553940896, 0.34751683686775103, -0.21421071905672187, 0.3406424658705632, -0.18080510896209423, 0.3328250794880914, -0.15734551243933964, 0.32594343032613793, -0.1434379876822896, 0.3212526228606866, -0.1369106777418839, 0.31882890611370207, -0.13496293289634426, 0.3180551694624675]","[-0.014359154460999557, 0.014640238893493418, 0.0010439602235172707, -0.01607162685443342, 0.021151192074337466, 0.001100439053759672, -0.01794216572476026, 0.02739123457923176, 0.0011586699010814883, -0.020040072997403513, 0.033020269247259204, 0.0012235354340734972, -0.022316289936823885, 0.038025945320196985, 0.0013104816871591929, -0.02461353157298829, 0.042526905820572836, 0.0014207542511517346, -0.026913073087355688, 0.046474288247841056, 0.001540468875547596, -0.029202726778857713, 0.049825629500595436, 0.0016555208554782652, -0.031471903545378765, 0.05254837001487056, 0.0017533168191699033, -0.033707958782308145, 0.05462009249671862, 0.0018239956675643043, -0.03589373317775202, 0.056027446357997945, 0.0018612559553154995]","[-0.02639926427602768, 0.08587556481361389, 0.017161846160888672, -0.013040839946269991, 0.03529112583398819, 0.0037983059883117676, -0.281689453125, 0.2031005859375, -0.0263468941450119, 0.08641597032546997, 0.017023175954818726, -0.012995734131336215, 0.035387223422527314, 0.0036712586879730225, -0.281689453125, 0.2031005859375, -0.026265265583992004, 0.0866001933813095, 0.017062753438949585, -0.012923299586772921, 0.03501809185743332, 0.003506377339363098, -0.281689453125, 0.2031005859375, -0.02615492248535156, 0.08641847372055053, 0.01710265874862671, -0.012902952051162722, 0.03466558998823166, 0.0034761130809783936, -0.281689453125, 0.2031005859375, -0.026019590139389037, 0.0859910786151886, 0.017096996307373047, -0.012644886291027072, 0.03412722593545914, 0.0033348947763442993, -0.281689453125, 0.2031005859375]",0.06534171104431152
"[10.889450311660767, 10.909450311660766, 10.929450311660766, 10.949450311660767, 10.969450311660767, 10.989450311660766, 11.009450311660766, 11.029450311660767, 11.049450311660767, 11.069450311660766, 11.089450311660766]","[0.01262087852491409, 0.023504288794765394, 0.002857615018470821, 0.0017985311601223122, 0.009723378616669645, -0.019345999925534884, -0.014153509788776239, 0.014338652187161457, 0.027680997245138693, 0.004152414029225032, 0.002257421216870477, 0.009810051840811969, -0.019990490201191424, -0.014375345901987528, 0.0162681277229508, 0.03159981837414657, 0.005731729860075883, 0.002720843734104224, 0.009838199245383346, -0.020374797360799862, -0.013673410023697262, 0.01832427575702074, 0.03457604816401848, 0.007249757689154052, 0.0028636492281965444, 0.009813481995207884, -0.0205449146840104, -0.012190882633538161, 0.02047947199776684, 0.036276310981156225, 0.008529350308850004, 0.002497966830672692, 0.009759635559730416, -0.020577973186565714, -0.010234476407320671, 0.02271134058914443, 0.036766996384543435, 0.009562685419220653, 0.0016476405736746552, 0.009694972009145264, -0.02052697334920468, -0.008091143196373468, 0.0249251381351456, 0.036446504398828364, 0.010434961407446888, 0.0005929870215851428, 0.009611550263019462, -0.020416342718500746, -0.005840675392229863, 0.027056580737977596, 0.035618654721675476, 0.011213418652271736, -0.00045453761331858817, 0.009504115612759535, -0.020271538425728087, -0.0035591557120857537, 0.02906546165774621, 0.03450517063304669, 0.011946842472206667, -0.0013467534719631624, 0.009370355547401957, -0.020117389171432694, -0.0013176390897188153, 0.030930150146769395, 0.03325939598762236, 0.012666691785712503, -0.001991314813782447, 0.00921080619887969, -0.019976739238761764, 0.0008193665063176449, 0.03264278290814191, 0.03198047770561537, 0.013389375536515284, -0.0023429038296047407, 0.00902855398062608, -0.01986943352019566, 0.0027948235564154494]","[-0.3439459368967742, 0.32169135660523923, -0.2479282544307017, 0.33206525879684495, -0.17827317084477312, 0.33902957079819307, -0.13009267038372832, 0.34354313139719334, -0.09863722287107367, 0.3463284225400589, -0.07954166797501311, 0.3479291626497948, -0.06898475765882842, 0.3487643181970585, -0.06396392021919656, 0.34912666641086454, -0.06205055199719076, 0.3492466785972934, -0.061577484367104224, 0.3492707794194644]","[-0.023105779576329866, 0.04922606756074721, 0.005292160623366904, -0.024389319740212523, 0.053864534110736884, 0.005107560256123023, -0.02576772706083874, 0.057123660188668435, 0.004796649156389332, -0.027291471110710397, 0.05902480894595641, 0.004424788119778089, -0.028913970503402275, 0.0598087761788495, 0.004049480282302564, -0.03054454138714946, 0.059744565532559246, 0.003696714685124114, -0.03219292853902944, 0.058918395654657285, 0.0033639905894631283, -0.033870728475329015, 0.057413053156252225, 0.0030583538588944137, -0.03558732132526243, 0.05531275523672541, 0.0027924036989466217, -0.03734775891252062, 0.052707451427181695, 0.0025809379909240704, -0.039151562287301545, 0.049695615700482865, 0.0024378056598655107]","[-0.028602758586406707, 0.0786450296640396, 0.01734909415245056, -0.013907335019111636, 0.03149013763666153, 0.004461273550987244, -0.3355224609375, 0.2448486328125, -0.028281318187713622, 0.07958782613277435, 0.017248213291168213, -0.013616509056091311, 0.03157234734296799, 0.004199996590614319, -0.3355224609375, 0.2448486328125, -0.02800581806898117, 0.08047702312469482, 0.017359286546707153, -0.0133244388461113, 0.03150635010004044, 0.00402851402759552, -0.3355224609375, 0.2448486328125, -0.02770860695838928, 0.08131379783153533, 0.017565369606018066, -0.01327314159870148, 0.03162737733125687, 0.003982469439506531, -0.334423828125, 0.2448486328125, -0.027448455035686492, 0.08220263719558715, 0.017787545919418335, -0.013231269335746768, 0.03199203854799271, 0.003984764218330383, -0.3311279296875, 0.241552734375]",0.061492919921875
"[10.979751825332642, 10.999751825332641, 11.01975182533264, 11.039751825332642, 11.059751825332642, 11.079751825332641, 11.09975182533264, 11.119751825332642, 11.139751825332642, 11.159751825332641, 11.179751825332641]","[0.017222910458740328, 0.036847639578038674, 0.0026512743709970407, -0.0017305364510908664, 0.020000748767710193, -0.021940415894885233, -0.016779000472547424, 0.018851538960511054, 0.04037253577141697, 0.004104847181758141, -0.0013176402743595337, 0.01944160305191638, -0.021317507622345515, -0.01479906437021899, 0.020655384580770736, 0.04302060840035211, 0.005733341801449033, -0.0009552438156367585, 0.01881528260065478, -0.020581884165335927, -0.012010953918436198, 0.02262573455314009, 0.04442480690312086, 0.00734353874330277, -0.0008492205466324803, 0.018135897847347593, -0.019823446656500824, -0.008686573652564842, 0.02475564861597337, 0.04464335403753402, 0.008921086774281687, -0.0009731651983058879, 0.01741908599594606, -0.0190936307657301, -0.005110515787173082, 0.026994731735881815, 0.04371748611324566, 0.010383964102041813, -0.0013691359487555687, 0.01670236002789777, -0.018519793133437584, -0.0017089103727706122, 0.029243659380148668, 0.042184293411400994, 0.011833421925069606, -0.0017233713574121134, 0.015986904744976008, -0.018133301384175304, 0.0014185050694227835, 0.03143019659114273, 0.040401519375981826, 0.013314140440731726, -0.001844029009818667, 0.015277096969628428, -0.017953495685120453, 0.004194400809095909, 0.03350596190290956, 0.038586813320060684, 0.014828166792415096, -0.0016391959350727508, 0.014579881207892657, -0.01798802553579921, 0.006564412596424735, 0.035442789453551636, 0.036855472352016895, 0.016348895641595414, -0.0010934895043077197, 0.013904046149651928, -0.018234541625368597, 0.008494122152257724, 0.037228715627994374, 0.035254568695403395, 0.017833808909914397, -0.0002453640576588881, 0.013259474641820167, -0.01868277559196623, 0.009964347336199384]","[-0.29288384926709243, 0.34202803030002743, -0.18865810153172893, 0.3538841118542548, -0.12495457319135998, 0.36456964392813235, -0.09036666021152577, 0.37357336767907984, -0.0752158655614446, 0.38061771483850015, -0.0716801342948865, 0.38565825557043254, -0.07377503109080227, 0.38886963653129286, -0.0769777917974192, 0.3906089437856501, -0.0791737693743892, 0.39135869875948914, -0.07998025666230477, 0.3915664166661581]","[-0.026688832263822793, 0.07819887702473904, 0.012006261153006736, -0.027627295064886814, 0.07967070963627343, 0.0108827622998513, -0.028777128259330986, 0.07921388808589569, 0.00964953281165748, -0.030153974476865297, 0.07706990023501215, 0.008440418878169709, -0.0317035310541689, 0.07350786389502417, 0.007334488277449758, -0.03333520893509467, 0.06908434545748587, 0.0064328399559205884, -0.03506025991049877, 0.06403280011829882, 0.005735152791372045, -0.036890092345299275, 0.058568664094302836, 0.00524593657106287, -0.03883290569268061, 0.052892982126401034, 0.0049637742478694236, -0.04089114868720278, 0.047196160446779434, 0.004875831047395529, -0.04305905242822572, 0.04166014746197755, 0.004956131680753373]","[-0.03135814720392227, 0.07094829678535461, 0.01710730791091919, -0.014825522220134738, 0.027512406766414643, 0.004958435893058777, -0.36298828125, 0.2822021484375, -0.031063178718090056, 0.0716284155845642, 0.017150968313217163, -0.014592862939834597, 0.027677824556827546, 0.004925906658172607, -0.36298828125, 0.2822021484375, -0.03076835924386978, 0.07242504656314849, 0.017249107360839844, -0.014417878603935244, 0.027902832090854646, 0.004837140440940857, -0.36298828125, 0.2778076171875, -0.030400732696056365, 0.07325632274150848, 0.01736617088317871, -0.014376945114135745, 0.028240179479122163, 0.004819661378860474, -0.36298828125, 0.276708984375, -0.030071528792381286, 0.07422510683536529, 0.017444640398025513, -0.014462030744552615, 0.02881067043542862, 0.004778921604156494, -0.36298828125, 0.27451171875]",0.06416678428649902
"[11.070727586746216, 11.090727586746215, 11.110727586746215, 11.130727586746216, 11.150727586746216, 11.170727586746215, 11.190727586746215, 11.210727586746216, 11.230727586746216, 11.250727586746216, 11.270727586746215]","[0.020563817657699338, 0.0445760803712388, 0.005098441316580711, -0.0029136083187619516, 0.0265891214451913, -0.02203962396297151, -0.013691761916903572, 0.022115648522576418, 0.04736206842154223, 0.0067535654044700655, -0.001962593739811805, 0.02548603125805838, -0.021223126753046172, -0.010914470483821295, 0.023835661718716216, 0.04900948962005494, 0.00844108246152702, -0.0011762651657757318, 0.024342970512169028, -0.02039809898382821, -0.007621990589698304, 0.025722078101850506, 0.04950676768180513, 0.0101260582346328, -0.0005543166482820806, 0.023159087061157078, -0.019562910295930207, -0.003935897724287787, 0.027725763533467562, 0.04884664231052939, 0.011723185363527946, -0.00012277748060211756, 0.021957222170547082, -0.018788929117048204, -0.00015082383528470465, 0.029827784492874803, 0.04702735775185844, 0.013146875209381379, -5.1324476842086665e-06, 0.020788950063511814, -0.018196006258465562, 0.0032517319666370095, 0.0319150134047153, 0.04463518995778333, 0.014503504649557311, 0.00011556669964334971, 0.019659270613323798, -0.017809517580163477, 0.00619317099086775, 0.03391258037005525, 0.042053433730044845, 0.015842919931345952, 0.00042054345533794606, 0.01857546338902752, -0.01764401375717177, 0.0086227123143765, 0.035776980153015746, 0.03951030028891641, 0.017173279581053698, 0.0009841764496348391, 0.017545991027700818, -0.017703623042510094, 0.010516235809440855, 0.03748899423269118, 0.037123047276253096, 0.01847513389942712, 0.0018028961940857798, 0.016579513975142342, -0.017983022596417864, 0.011871482846748516, 0.03904674134345982, 0.03493641862786282, 0.01971380597967079, 0.002821852822035096, 0.015684100575760185, -0.018468581584644643, 0.012701824689354557]","[-0.2701972636573818, 0.3541913966235064, -0.15793333856870295, 0.36306528849132674, -0.09060358378986466, 0.36994693371668214, -0.054879172642169655, 0.3749060110552689, -0.03976948537037387, 0.378119378539075, -0.0366503626167381, 0.3798691089641872, -0.03913231830357695, 0.3805352292850213, -0.0425647076162714, 0.38066097685663214, -0.044853656412038395, 0.3806145524285589, -0.04568149028142069, 0.38057571701775333]","[-0.02759118985289355, 0.08703668003809462, 0.015296373867932367, -0.02890299327728285, 0.08570719978272034, 0.013632214405044252, -0.03046252515236203, 0.08266865668772372, 0.012040471009427733, -0.03226493041729017, 0.07802231106346769, 0.010584485902773721, -0.03426517042581012, 0.07212086545206198, 0.009361865871209574, -0.036305357195843824, 0.06562912849018243, 0.008451895711443669, -0.038379861750262645, 0.05882012568287687, 0.007824090426138852, -0.04048643334535096, 0.05193502801089345, 0.007451732835295211, -0.042622913165163645, 0.04518732686203375, 0.007301338709899241, -0.04478439406080015, 0.03876717964231391, 0.0073293032931625035, -0.04696026968416578, 0.03284419517329873, 0.007483046026914408]","[-0.03312121534347534, 0.06781646013259887, 0.017078638076782227, -0.015577904200553896, 0.026048159062862397, 0.00507780909538269, -0.3443115234375, 0.2975830078125, -0.03299984538555145, 0.06789951920509338, 0.0170268714427948, -0.015525727784633639, 0.026054849684238435, 0.005057290196418762, -0.3476072311401367, 0.296484375, -0.03284789824485779, 0.0680874079465866, 0.01702103018760681, -0.015377960419654849, 0.02610351687669754, 0.005031570792198181, -0.352001953125, 0.294287109375, -0.032623479306697845, 0.06836096346378326, 0.017045050859451294, -0.015287413513660433, 0.026217287242412568, 0.0050206780433654785, -0.35419921875, 0.2909912109375, -0.03240601921081543, 0.0687425822019577, 0.01705038547515869, -0.015205397522449496, 0.026449253618717194, 0.005025357007980347, -0.3552978515625, 0.2909912109375]",0.06176638603210449
"[11.150389194488525, 11.170389194488525, 11.190389194488525, 11.210389194488526, 11.230389194488525, 11.250389194488525, 11.270389194488525, 11.290389194488526, 11.310389194488526, 11.330389194488525, 11.350389194488525]","[0.02525897496282515, 0.053984921697359634, 0.013625840387776847, 0.003449596795742439, 0.027504044811988464, -0.02411616593936665, -0.012421175514801425, 0.02653162195345365, 0.05524596353779209, 0.014607682067468314, 0.0040163300283441875, 0.02626308397898121, -0.023840109628616248, -0.010172956873669078, 0.02793115449376748, 0.055285551894681144, 0.015385668186942073, 0.004217928876334755, 0.024991405526395904, -0.023234072416671234, -0.007183679950106142, 0.029390525986873656, 0.05395795929719301, 0.015864506687427025, 0.004024907980154682, 0.023682493515978377, -0.02229877399222884, -0.003578243470683146, 0.03087543639108807, 0.05115425924565117, 0.01596532603863454, 0.0033468602677657012, 0.022367169103951784, -0.021144481272795494, 0.0002485286466718278, 0.03234757563327906, 0.047038791625741025, 0.015699386983327016, 0.0022051327885003642, 0.021085671155733076, -0.019927880073826447, 0.003869638996883968, 0.033744341684636844, 0.042289670584505515, 0.015292432500839098, 0.000989403144337245, 0.019839472416069013, -0.018703172080130316, 0.007204612516778411, 0.035031184264098195, 0.03736333617498304, 0.014897545045657216, -5.2782283628663454e-05, 0.018633095564033048, -0.0175199079523363, 0.010192578889085178, 0.03619429304050313, 0.03254330431095542, 0.014607308504992604, -0.0007886408663435385, 0.017472922131805155, -0.016421195818199213, 0.012791694737229213, 0.037234035291698574, 0.02798536261227156, 0.014466517704822776, -0.0011727384531778633, 0.01636625086335424, -0.015442690247512433, 0.014975908931702031, 0.0381593465442512, 0.023757630695683103, 0.014484578805157028, -0.001221388402123852, 0.015320632905569266, -0.01461233423057891, 0.0167305655088164]","[-0.1646020705719701, 0.3327224048771849, -0.02293836661014411, 0.3217077121728455, 0.0676763962540212, 0.3131780437772926, 0.12113249491277621, 0.3068421391900361, 0.14910053047654076, 0.3023242277329887, 0.16097724198218372, 0.2992307045056823, 0.16398168371400482, 0.2972057190183166, 0.16349861075450675, 0.2960694519378858, 0.16247875153415797, 0.29556054744498605, 0.16200254910886383, 0.2954149028564366]","[-0.02955646116519617, 0.08184441276567211, 0.014865709000038585, -0.03132033936755185, 0.080366657201, 0.013655031410979124, -0.033292153576693684, 0.07730638599998763, 0.012434965904073891, -0.03544104804527892, 0.07267416234191071, 0.01124973026970455, -0.03764843252349048, 0.06685322345207645, 0.010180155016396242, -0.0397882479378997, 0.06039481581196293, 0.009281094110972887, -0.04183997077605395, 0.053490952815676174, 0.008548855497385599, -0.04378645316576457, 0.04630157446391436, 0.007988725520578832, -0.04561360785131141, 0.03896782964338952, 0.007603716802951688, -0.04731021642156219, 0.031623672079969634, 0.007388933453705171, -0.04886691810346688, 0.02440340567835264, 0.007328843210842706]","[-0.03408566319942474, 0.06861385107040405, 0.01738286018371582, -0.015658243811130526, 0.02657998150587082, 0.005164995789527893, -0.321240234375, 0.30966796875, -0.03399354422092438, 0.06852498054504394, 0.017368078231811523, -0.01574607870578766, 0.026560028851032258, 0.005175888538360596, -0.321240234375, 0.30966796875, -0.03387478941679001, 0.06840472817420959, 0.017334848642349243, -0.01570994338989258, 0.026520272552967072, 0.0051642656326293945, -0.3223388671875, 0.3085693359375, -0.03369263017177582, 0.06825862228870391, 0.017296701669692993, -0.015633269464969637, 0.02639195865392685, 0.005139023065567017, -0.3289306640625, 0.3052734375, -0.03353554958105087, 0.0680941879749298, 0.01728042960166931, -0.015567816114425662, 0.02619270032644272, 0.00510348379611969, -0.3289306640625, 0.3041748046875]",0.06213641166687012
"[11.23140287399292, 11.25140287399292, 11.271402873992919, 11.29140287399292, 11.31140287399292, 11.33140287399292, 11.35140287399292, 11.37140287399292, 11.39140287399292, 11.41140287399292, 11.43140287399292]","[0.028151642401336142, 0.05768480906059005, 0.0187018620059363, 0.00862058227097876, 0.027089160290836987, -0.027086389300194656, -0.012845126737551879, 0.029323011767587264, 0.057682246753767215, 0.018763642499335223, 0.008340588425161643, 0.025851336629063606, -0.026798698980376755, -0.01076020024734106, 0.030502690432249478, 0.056143382982347854, 0.018356569680374937, 0.007452094257834919, 0.024563255505365894, -0.025817999024344562, -0.007610769491746644, 0.03164223545446294, 0.052823655257636416, 0.017398614774098656, 0.005870288720650693, 0.023229586301365915, -0.024204290817856248, -0.0036610978745678716, 0.03269401263223115, 0.0477866746103702, 0.015913176830016293, 0.0036505912794755047, 0.021876020978948047, -0.022132110836863637, 0.0006980910057428851, 0.033640461607953795, 0.04135910213788882, 0.014030065264192777, 0.0009524263132088364, 0.02053834341432083, -0.019823538846066885, 0.005056952427847966, 0.034482616429230735, 0.03431586406791849, 0.01209574338033273, -0.0017569133853156844, 0.019219514733905353, -0.017381787319248703, 0.009309908492314663, 0.035227733345553444, 0.027179877530080176, 0.010350363948604663, -0.004166459159252614, 0.017925631227131898, -0.014903687667357722, 0.013364691267349483, 0.035885346745542696, 0.020274646796211788, 0.008942007302136965, -0.006095033431833793, 0.016664665272220328, -0.012476041940696075, 0.017143488440774277, 0.03646492255826746, 0.013774381917655813, 0.007943321194115591, -0.007463841525958556, 0.0154459163115051, -0.010174507303248294, 0.020581256919247507, 0.03697481340849153, 0.007749664867808062, 0.00736893776372788, -0.008270120202567724, 0.014279895905001205, -0.00806425430694816, 0.023622598952097926]","[-0.006058359412921225, 0.2938113687448241, 0.1600160604871715, 0.2659403351626707, 0.2675130149876536, 0.2469120338124633, 0.3317594937830625, 0.2349694202790107, 0.3658567277742466, 0.22831395445094868, 0.3805641270279958, 0.22524852778631627, 0.3843498507539414, 0.22429029962363464, 0.3837696736445269, 0.22427113242653746, 0.38248986981328875, 0.2244726392986345, 0.38188578242177784, 0.22458334065564287]","[-0.03321890825007756, 0.07584011463270146, 0.01487549941548938, -0.035325133056723246, 0.07504418547479563, 0.013872486060420464, -0.037503844543986364, 0.07244565565740269, 0.012763128393531886, -0.03965437323604637, 0.06811257452984432, 0.011589812806043653, -0.04169205580040658, 0.06237747055413312, 0.010424559054416527, -0.04354447357710978, 0.05572252156055724, 0.009342743054412406, -0.045198404575236495, 0.04828403069184706, 0.008377067011800854, -0.04664150790512256, 0.04016908487635096, 0.007569305479139032, -0.04786538702021925, 0.03147922669443037, 0.0069620860352319625, -0.04886838086926382, 0.022330427301895828, 0.006592772492885146, -0.04965662039372942, 0.012865824774414225, 0.006486689892852837]","[-0.036397220730781554, 0.06793969273567199, 0.01720401644706726, -0.016007147049903872, 0.026755546987056733, 0.0051713138818740845, -0.3003662109375, 0.3173583984375, -0.03611269423365593, 0.06816835105419158, 0.017337501049041748, -0.016027211463451388, 0.02689871734380722, 0.005207672715187073, -0.3003662109375, 0.3173583984375, -0.03573696890473366, 0.06843479871749877, 0.017324447631835938, -0.01587948880195618, 0.027092328131198884, 0.005201026797294617, -0.3003662109375, 0.3173583984375, -0.03529513829946518, 0.06868798434734344, 0.017330676317214966, -0.015703029251098635, 0.027140891015529633, 0.00521811842918396, -0.3003662109375, 0.3173583984375, -0.03490656071901321, 0.06880649328231811, 0.01734626293182373, -0.015534199094772341, 0.027071406900882722, 0.005191609263420105, -0.3003662109375, 0.3173583984375]",0.06416010856628418
"[11.319599151611328, 11.339599151611328, 11.359599151611327, 11.379599151611329, 11.399599151611328, 11.419599151611328, 11.439599151611327, 11.459599151611329, 11.479599151611328, 11.499599151611328, 11.519599151611327]","[0.031406021923230734, 0.057604473664885456, 0.021948037447661554, 0.010253686639537067, 0.026303071691007106, -0.028479217282654765, -0.012880084909834813, 0.03246176322988714, 0.05668987786525265, 0.02145097959964386, 0.009247761515999424, 0.02509984162099584, -0.02826598066492976, -0.01064276701022825, 0.03349398549159333, 0.05395343436717926, 0.020279912914373234, 0.007427057554214912, 0.023842906825735637, -0.027176983416687346, -0.007231493519437365, 0.03442514128636838, 0.04930344093464069, 0.018436604089772348, 0.004846063963247872, 0.02251865773355892, -0.025207872476473173, -0.002841943957963232, 0.03521250477133926, 0.042951116377572436, 0.01607615673146585, 0.001708381754175622, 0.021134348103678813, -0.022451256064279505, 0.0022214888996531477, 0.03572774391614518, 0.03493642256500659, 0.013132387830833373, -0.001954025616828826, 0.01974388728937356, -0.01930968186174738, 0.007401228958515105, 0.03604348907630304, 0.02618649907669731, 0.010086296188868702, -0.0055864888836409405, 0.01835636720060769, -0.015926775392902222, 0.012565617019223674, 0.03621961706252603, 0.017330366288838547, 0.00727849108578162, -0.008814116060728613, 0.016983689925470162, -0.012438111499105977, 0.017594642334169044, 0.03630213429333045, 0.008759251762643581, 0.004926456329017946, -0.011413281712769577, 0.015639126771515223, -0.0089665850185356, 0.022382242939693674, 0.03632381426846538, 0.0006849111289790629, 0.003145277882819866, -0.01328144592052753, 0.014336970576891431, -0.005620865523648808, 0.026835067570023182, 0.036306177543101316, -0.006806500216838405, 0.0019697991960803975, -0.014407609435848434, 0.013092819535870354, -0.0024961550751478392, 0.03086938697017227]","[0.09923870684486173, 0.2852023175609151, 0.2980694396144554, 0.23473113519198102, 0.4275881658258108, 0.19967470708202764, 0.5055557007246491, 0.17698367000290735, 0.5472981271772793, 0.163611839162276, 0.5655177045800467, 0.15672572956064346, 0.570324493036849, 0.1538544169710513, 0.5696986398984961, 0.15304671323542696, 0.5681560189890046, 0.15300729305641597, 0.5674185216170445, 0.15307625397586794]","[-0.035506620480120876, 0.07100292084348858, 0.014494438307532942, -0.03767460686118351, 0.07056712458557346, 0.013584409451592894, -0.03989168101875551, 0.06829733093571422, 0.012541015439936132, -0.042024051543208873, 0.0640986231166698, 0.011367547696732316, -0.04392880110209019, 0.05804755064880407, 0.010107645288762068, -0.04562135804848677, 0.05081782415675118, 0.008905246312954418, -0.04708690380881375, 0.04253221681999797, 0.007814576982001054, -0.04830661754774934, 0.03327761181458877, 0.0069018502358604294, -0.049264747249360585, 0.023139090252968675, 0.006239145111103017, -0.04995458668090125, 0.012229095134098422, 0.0058979959215541555, -0.05038135032150981, 0.0007061020736696122, 0.005938688481802679]","[-0.039588386356830596, 0.06395273804664611, 0.01601317524909973, -0.01626238903999329, 0.025956710636615754, 0.004989609122276306, -0.259716796875, 0.320654296875, -0.03936435484886169, 0.06443081200122833, 0.01631435751914978, -0.016403406178951266, 0.026164015591144563, 0.005103617906570435, -0.259716796875, 0.320654296875, -0.03895160013437271, 0.06502529382705688, 0.01647329330444336, -0.016380659556388857, 0.026402195751667024, 0.005154907703399658, -0.259716796875, 0.320654296875, -0.03851430320739746, 0.06565898060798644, 0.016628235578536987, -0.01634812287092209, 0.026562934577465058, 0.005172863602638245, -0.259716796875, 0.320654296875, -0.03804057666659355, 0.06622370481491088, 0.01672765612602234, -0.016179292714595797, 0.02680118924379349, 0.005191236734390259, -0.259716796875, 0.320654296875]",0.06213951110839844
"[11.389357805252075, 11.409357805252075, 11.429357805252074, 11.449357805252076, 11.469357805252075, 11.489357805252075, 11.509357805252074, 11.529357805252076, 11.549357805252075, 11.569357805252075, 11.589357805252074]","[0.03357165157815423, 0.05456774564403592, 0.022020437859550632, 0.007657803634425735, 0.026618450871355007, -0.02937690156121834, -0.01225116362507449, 0.03460331217994937, 0.052995463042300434, 0.02109352544336258, 0.006098241432383248, 0.02539671833848267, -0.028945096019523473, -0.009455716468438069, 0.035542249343200244, 0.049573228646306186, 0.019461870870503932, 0.0038072708537605464, 0.024095654423214832, -0.027469803488176726, -0.005443833481197709, 0.036315646055204064, 0.04436378565602394, 0.017252827840932013, 0.0009804857645643024, 0.02267721207668195, -0.024835810969282102, -0.0002774095148600159, 0.03677020530290262, 0.03730206230454552, 0.014430841330350821, -0.0022975334915220735, 0.021159256877856088, -0.021271397180392775, 0.0056563194558137495, 0.03682917473760299, 0.028329112330687956, 0.010917641942045185, -0.006097170674938793, 0.0196207515178574, -0.01728449094104023, 0.011653501400148147, 0.03662734069600198, 0.018533928097310318, 0.007306669502649747, -0.009797771882908696, 0.01808098533231124, -0.013056106868297853, 0.017561601496057094, 0.03626797757644986, 0.008646679965958295, 0.004010931038476141, -0.012989860341752599, 0.016561051066008567, -0.008752381604446031, 0.02324452410338257, 0.03582516119229311, -0.0008869618767628454, 0.001287247132143733, -0.01544010173680962, 0.015082125872423191, -0.00451981277843263, 0.02858545624473426, 0.03534785220333197, -0.009833979847607345, -0.0007354898377121693, -0.017054272166261354, 0.013665215546136497, -0.0004846489606105757, 0.033484636642004184, 0.034865174688745657, -0.018107944844096568, -0.002026828912779506, -0.017841319517432983, 0.012331672392340336, 0.003244830117036875, 0.03785466167749283]","[0.17275113604451797, 0.26802853150934897, 0.3979016316272539, 0.19934385431307533, 0.5416400086810079, 0.1524941833288179, 0.6255062652758718, 0.12281532623189079, 0.6679365398081427, 0.10582744099324103, 0.6840685636909469, 0.09748278079743132, 0.685829199483057, 0.09433325781315365, 0.6827138143952516, 0.09369523045277574, 0.6797600669291453, 0.09386015482639049, 0.6785488677292361, 0.09401919249160641]","[-0.036591794826689394, 0.07105423769183572, 0.014716422935417306, -0.0389121607722438, 0.07054313669658985, 0.013748424149896188, -0.04122858692062503, 0.06795241436064758, 0.01260218945584013, -0.043346865620886854, 0.06290213897832775, 0.011245509059661707, -0.04520574023305368, 0.055576710106091554, 0.009790319201388176, -0.04681535257916969, 0.04685186638879557, 0.008440492375837216, -0.04815291068341354, 0.03689139249846196, 0.007269134293928836, -0.04919092775391887, 0.02581640071400404, 0.006366500755626614, -0.049907298332402705, 0.013745934505696056, 0.005828745829064452, -0.05029322057524954, 0.0008315836161174595, 0.005746958384136747, -0.0503566460160898, -0.012721226720298073, 0.006191387427105788]","[-0.04404716396331787, 0.054247269034385676, 0.013597637414932251, -0.01630496165752411, 0.021857110619544984, 0.003968179225921631, -0.119091796875, 0.307470703125, -0.04349765756726265, 0.05584586560726165, 0.014118850231170654, -0.016585639929771426, 0.02253681218624115, 0.004078000783920288, -0.1201904296875, 0.307470703125, -0.042925464153289794, 0.05726110339164733, 0.014531582593917847, -0.016471027648448947, 0.023291399538517, 0.004514023661613464, -0.1597412109375, 0.3129638671875, -0.042269261717796325, 0.05872907638549804, 0.014854520559310913, -0.016292727804183962, 0.024048169910907746, 0.004592522978782654, -0.1597412109375, 0.3129638671875, -0.04154459962248802, 0.0600884199142456, 0.015096396207809448, -0.01595132730007172, 0.024839257657527924, 0.004679128527641296, -0.185009765625, 0.3151611328125]",0.059980154037475586
"[11.470807075500488, 11.490807075500488, 11.510807075500487, 11.530807075500489, 11.550807075500488, 11.570807075500488, 11.590807075500487, 11.610807075500489, 11.630807075500488, 11.650807075500488, 11.670807075500488]","[0.03531155717514069, 0.052162915811331624, 0.021653745143249234, 0.005317972752884185, 0.02684514214205867, -0.02982683915896888, -0.009687221250927006, 0.036237726171527845, 0.04953464580481486, 0.02017559318086401, 0.003401710275624253, 0.025528722933000996, -0.028796001599244784, -0.0062526776696464155, 0.03697343398427499, 0.04518802388398513, 0.01808714800796826, 0.0009636810098041432, 0.024087820494693175, -0.026461243307981094, -0.001552952360711542, 0.037340510700444626, 0.03895688291797708, 0.01533561840166555, -0.0019190092919955483, 0.02250796914240531, -0.022910913940257863, 0.004213731994619783, 0.03724439857896023, 0.030715646687798095, 0.011868550872469057, -0.00527517008939701, 0.020842690124750998, -0.0185458944993544, 0.010487317459521287, 0.03672947330756843, 0.020820082994202894, 0.007874557080990949, -0.008961803330034988, 0.01916675600579197, -0.013835344261819517, 0.01669360543146631, 0.03597699919784394, 0.010356272722700104, 0.003973990817304921, -0.012389140837657641, 0.017508606165377482, -0.00898398871365216, 0.022682709747043235, 0.03511583241199701, 2.677596705814348e-05, 0.0005775805792213786, -0.01518823169683894, 0.01589548768933572, -0.004171762775073494, 0.028324523634904272, 0.03422972874490792, -0.00976471312062158, -0.002080978575790998, -0.01717062028066475, 0.01435201561393762, 0.00045035726636597135, 0.033512386810526755, 0.03336640547299965, -0.018832395023236095, -0.003908542106998299, -0.01828649799113459, 0.012900576608983099, 0.004758445604494642, 0.03815993166556901, 0.03254745463849915, -0.02713501865273149, -0.004915797819077257, -0.018585018606311916, 0.01156252560857456, 0.00865018411697072, 0.04219483516481856]","[0.2995937172319326, 0.21478535187987485, 0.5116086191234785, 0.14088020803764637, 0.6402219959805306, 0.09340375617489956, 0.7091287702776862, 0.06593029228245592, 0.7381790720443021, 0.052552033469715646, 0.7433237668545134, 0.04812043537814116, 0.7368396632527624, 0.048398158532573426, 0.7286239267183863, 0.05010308938535472, 0.7232078590869377, 0.051485442827886876, 0.7212493206317641, 0.052035563712110794]","[-0.03863059560395232, 0.07059688774065087, 0.01478627111693509, -0.041162890033392685, 0.06902064980122402, 0.013698772791592706, -0.04346689961596262, 0.06493948052891607, 0.012364905565775963, -0.04544854600507264, 0.05821212259278541, 0.010841722849109114, -0.04708417190913905, 0.04935991115989191, 0.009313533555323161, -0.048385486405670974, 0.03913834042927711, 0.007966567622649023, -0.04932695286269717, 0.027726976645058077, 0.006890059927459724, -0.04988213965328159, 0.015267409070527815, 0.006185444335252477, -0.05003552984109483, 0.0019059264724181624, 0.005952650734940335, -0.04979046420377764, -0.012173004068713134, 0.006275932529530515, -0.04917180313587011, -0.026728352133658984, 0.007205709250518666]","[-0.051669622004032134, 0.034645879268646235, 0.011844456195831299, -0.01837909153699875, 0.013068986892700196, 0.003742903470993042, -0.0191162109375, 0.2931884765625, -0.05087702178955078, 0.03726705312728881, 0.012066572904586792, -0.018352239644527438, 0.01391082799434662, 0.003743976354598999, -0.026806640625, 0.294287109375, -0.050044076681137084, 0.03976381719112396, 0.012174487113952637, -0.01820006153583527, 0.014915397226810456, 0.00375916063785553, -0.04438457489013672, 0.296484375, -0.04907343739271164, 0.04243783056735992, 0.012302935123443604, -0.017983517861366274, 0.015995500445365907, 0.0037738680839538574, -0.059765625, 0.2997802734375, -0.04803106391429901, 0.04513961970806121, 0.012539803981781006, -0.01760220459699631, 0.017242213547229768, 0.003811851143836975, -0.061962890625, 0.298681640625]",0.06217169761657715
"[11.559782981872559, 11.579782981872558, 11.599782981872558, 11.619782981872559, 11.639782981872559, 11.659782981872558, 11.679782981872558, 11.69978298187256, 11.719782981872559, 11.739782981872558, 11.759782981872558]","[0.037479218095162685, 0.045459619485069554, 0.019852639023463365, 0.0017094267501550975, 0.02594813424157081, -0.028834581528938176, -0.006212992615990573, 0.03817638937749509, 0.042021073535380815, 0.018050636389072137, -0.0004179598009872555, 0.024540113140182136, -0.026878910593971135, -0.00196954317306551, 0.03850631607096581, 0.036744239879084185, 0.015571328330926745, -0.0029771896772879695, 0.02299163934221636, -0.023639763987598268, 0.0034099032245995544, 0.038354313988964134, 0.029448651391212742, 0.012351913003255213, -0.0059941656295985, 0.021333187105232992, -0.01940838266610877, 0.009481941715456679, 0.037751456233800385, 0.020460679937029977, 0.008606392239174223, -0.009289877727833403, 0.019621202419221828, -0.014565132629635515, 0.015762494413316015, 0.03676930326831624, 0.010353828447267652, 0.004628722882177214, -0.01259013994785384, 0.017920905124438648, -0.009545342005630434, 0.02182288538814587, 0.03561209048202748, 8.767606276032248e-05, 0.0009868007547064474, -0.015403914367838587, 0.0162656791917655, -0.004555452665040297, 0.027521000582689997, 0.03441562848202102, -0.009750675832084594, -0.001971410083710859, -0.017452763583064614, 0.014684276855528169, 0.0002327811730931494, 0.03273783438140868, 0.03325982044757471, -0.0188584885415649, -0.004078325530566915, -0.01862816540242564, 0.01320025414170818, 0.004684951398586353, 0.037382704544570856, 0.03218234683410332, -0.027133807139713334, -0.005304119599650871, -0.018947630050611043, 0.011833242062348752, 0.008699040043418833, 0.041389356605461905, 0.031192433499120525, -0.03460072722980339, -0.005715259134080525, -0.018513812726190352, 0.010600724940027468, 0.012196695339584063, 0.044708035268352424]","[0.4363126318284804, 0.161023864740635, 0.6077012552709975, 0.09251992972334094, 0.7021391483637037, 0.05211329641415904, 0.7434949497201457, 0.03207332647309774, 0.7513134640921226, 0.025568723235934135, 0.7409275674007305, 0.026861632386418, 0.7238153217155633, 0.031408081966656134, 0.7094304019915598, 0.035757534615915625, 0.7011710951456683, 0.03842400908017118, 0.6983776536993652, 0.03936760168470437]","[-0.04164569355991676, 0.06642273895969142, 0.01411034408334011, -0.043848510500269056, 0.06333824269970689, 0.012840056343529582, -0.045745929318557366, 0.05758879701417152, 0.011358442936222346, -0.047276644083396935, 0.049477222562279266, 0.00981111784637445, -0.048405761359492594, 0.039510797074699955, 0.008368010869286735, -0.04918475863154459, 0.0283048150253844, 0.007202661984395675, -0.04959011970938754, 0.01604390431015723, 0.006409714478242012, -0.049602412155804965, 0.002893422923708755, 0.006084870008070009, -0.04921747382216157, -0.010964374612366434, 0.006309105977740259, -0.048452258302826845, -0.025305836192586195, 0.007132754533844654, -0.04734544650666539, -0.03985554434710625, 0.008558679586009532]","[-0.05739024856686592, 0.009921671450138086, 0.011340349912643433, -0.02020702443122864, 0.002370325684547425, 0.004131153225898743, 0.08525390625, 0.26572284698486326, -0.057213114738464355, 0.012929232418537134, 0.011339932680130005, -0.02019862017631531, 0.003538897097110749, 0.004123330116271973, 0.0621826171875, 0.2734130859375, -0.056657256722450255, 0.015955576300621027, 0.01120731234550476, -0.020207888698577883, 0.004956697881221772, 0.004070401191711426, 0.052294921875, 0.276708984375, -0.05598607489466667, 0.019220882654190058, 0.011091470718383789, -0.020152039146423342, 0.006384705960750581, 0.004012584686279297, 0.034716796875, 0.281103515625, -0.05521909350156784, 0.022489660978317255, 0.011061757802963257, -0.019894666290283206, 0.007983116269111634, 0.003922015428543091, 0.0314208984375, 0.281103515625]",0.06244063377380371
"[11.631064653396606, 11.651064653396606, 11.671064653396606, 11.691064653396607, 11.711064653396607, 11.731064653396606, 11.751064653396606, 11.771064653396607, 11.791064653396607, 11.811064653396606, 11.831064653396606]","[0.03870439534094267, 0.03391110285983743, 0.016062787700125196, -0.003932188242025101, 0.023604240525651392, -0.026097077684571906, 0.0012608216628920883, 0.03916508205587305, 0.02996360379929502, 0.014162017827081158, -0.005552698929145202, 0.022152280797618724, -0.02335012286153875, 0.0060730259715375875, 0.03913114552430118, 0.02415178633727981, 0.011544685841861616, -0.007572539386312364, 0.020604241953040794, -0.01960519675519774, 0.011365615816360005, 0.03859855843126579, 0.016794672967322108, 0.008417647887841443, -0.009817952089060531, 0.01899530756983314, -0.01511020671808, 0.016765814660396047, 0.03761587197561313, 0.008470244726148116, 0.005108958756361936, -0.011989130416076701, 0.017368555456349025, -0.01017709975603723, 0.021982644338620804, 0.03619098638322212, -0.0003609455931992256, 0.0017918774566859936, -0.013872950230740557, 0.0157799421348198, -0.005267165579793453, 0.026743157661651525, 0.034588035124626375, -0.008964361489224807, -0.001045382666993247, -0.015168714121460201, 0.014265130381561766, -0.0005752818512438872, 0.03094922945254226, 0.03297779260007089, -0.016927883828027006, -0.003131140976499696, -0.015748203546965007, 0.012850201436911343, 0.003748627502209491, 0.034528648838963616, 0.031456105374821394, -0.02407852631385799, -0.0043664620233482285, -0.015614500767320235, 0.01155246485432134, 0.007599735755914141, 0.037439919674957876, 0.030063426508801894, -0.03040475352841906, -0.004779176560278596, -0.014861054724294302, 0.0103828161347982, 0.010909915016013677, 0.039667475613099565, 0.028803921415047472, -0.03598844977044906, -0.004480293191839991, -0.01363487478051817, 0.009348310578599417, 0.013635694476202912, 0.04121289063211637]","[0.495288430455302, 0.12692823808886386, 0.6053667778375708, 0.05954945911127562, 0.6541165863776637, 0.022683445840098806, 0.6629334511045447, 0.007320461202044525, 0.6488102893771542, 0.0056659941613690385, 0.6246193482651711, 0.01131583022299902, 0.599573777501482, 0.019314346974239487, 0.5812754217070469, 0.025877179491472873, 0.571470669199188, 0.029639409488964756, 0.5682820613464794, 0.03092148131231794]","[-0.04495361969069789, 0.05712103883985575, 0.01236227217582675, -0.04724785996089853, 0.05185724761156418, 0.011062379974448255, -0.04907497493478874, 0.04445846763023198, 0.00973207980309354, -0.05030212339970319, 0.03526635830865876, 0.00848284738026539, -0.05088664891740269, 0.024641133320623787, 0.007441685954181487, -0.05099460261979982, 0.013143962358444394, 0.006763659022261059, -0.05061814868371872, 0.0009900437731067413, 0.006507379507565414, -0.04975922663295407, -0.011612572102017271, 0.006716080439216121, -0.048437121410020545, -0.024443631330065774, 0.007404067632819533, -0.04669164780400825, -0.037259979618865735, 0.008547317066790239, -0.044583049376153205, -0.04979322022138977, 0.010077407467294464]","[-0.05937691980600357, -0.013760028779506689, 0.013048052787780762, -0.021072014486789706, -0.006305659353733062, 0.004799202084541321, 0.19951171875, 0.2294677734375, -0.05934648045897484, -0.010863138735294348, 0.01263543963432312, -0.021096795117855074, -0.005159089505672454, 0.004665866494178772, 0.1720458984375, 0.2382568359375, -0.05928147414326668, -0.007977253198623663, 0.012378662824630737, -0.021169170057773593, -0.0036245753765106192, 0.004599124193191528, 0.1632568359375, 0.241552734375, -0.05920473688840866, -0.004962420463562017, 0.012096226215362549, -0.021295449948310854, -0.0022591968774795523, 0.004498288035392761, 0.1412841796875, 0.2492431640625, -0.059053229331970214, -0.001956461369991308, 0.011828005313873291, -0.021241656756401064, -0.0012480860352516165, 0.00443170964717865, 0.1237060546875, 0.254736328125]",0.05966067314147949
"[11.709855079650879, 11.729855079650878, 11.749855079650878, 11.76985507965088, 11.789855079650879, 11.809855079650879, 11.829855079650878, 11.84985507965088, 11.869855079650879, 11.889855079650879, 11.909855079650878]","[0.039548934998128074, 0.017321594409048967, 0.010981386599441067, -0.008125488834582266, 0.019259686696583348, -0.021862218422825364, 0.011006896533153893, 0.03969785974686904, 0.013111681055075217, 0.009063788444831591, -0.009037136162748621, 0.017961455691481325, -0.018616091068244706, 0.015243170887108148, 0.03932844672055197, 0.007512317815101197, 0.006661614945348297, -0.010204425653833699, 0.016627174065695954, -0.014651114006861745, 0.019302949738612706, 0.03845807166987761, 0.0011230400753070345, 0.004102056513919518, -0.011329263170947393, 0.015279906277808846, -0.010166998012797933, 0.02299735582784939, 0.037078619197953654, -0.005575730614170304, 0.0015929543523258902, -0.012177488572287383, 0.01395150943416726, -0.005514701147375668, 0.026205975878489402, 0.03524754600184996, -0.012203604344838932, -0.0007166692935294792, -0.012601103066928628, 0.012679025021454116, -0.0011050662264175124, 0.028861230070232124, 0.033286688066481676, -0.01832134021350743, -0.00245169050911006, -0.012514677054806373, 0.011492701053776349, 0.0028957074982089047, 0.030925368998672223, 0.03139383780491386, -0.023721389876443472, -0.003435130254690451, -0.011934836528439494, 0.010409960505510364, 0.006374290046213404, 0.03238263804681164, 0.02966953411496891, -0.028361179250981618, -0.0036431684209604705, -0.010948929966721562, 0.009437843062651378, 0.009267529621623763, 0.03324252024214651, 0.028144721395490246, -0.03230229751021508, -0.0031588912083185764, -0.009685477153846317, 0.00857643291643301, 0.011550647423447207, 0.0335356388926661, 0.026807038479822024, -0.035658714758639874, -0.0021295272311639456, -0.008288973473186481, 0.007822190181961307, 0.013222157393455709, 0.033306740950183565]","[0.4996880548427757, 0.09447576117372847, 0.5433947445434513, 0.03338382506844449, 0.5487318791806242, 0.004428926103837459, 0.5314404508362809, -0.0027218891644564943, 0.5035179741797479, 0.003202437711466699, 0.47360467749733726, 0.015206099183981364, 0.4474621493336482, 0.028026444230057988, 0.4298069312636752, 0.0375870104896819, 0.4207755934869518, 0.042798194529926795, 0.4179233966619915, 0.04451940755109291]","[-0.051607835612064834, 0.03791805561057737, 0.010023895604273747, -0.05367002895723294, 0.03131797987929996, 0.009100320430681652, -0.05491486418894054, 0.02334795777461185, 0.008256344902770607, -0.055211149575789875, 0.014249135367358612, 0.007546921509111293, -0.054652221002094326, 0.0043600161156365225, 0.007073170990758548, -0.053494489293321124, -0.005909892576444253, 0.006928893007743575, -0.051775323517661676, -0.01633971759450814, 0.007118829386730141, -0.049541256526751676, -0.026715220747776325, 0.007626812076769518, -0.04685161761122392, -0.036824646078470025, 0.008410396939916076, -0.04378082964351493, -0.04645757810418649, 0.009400807651819498, -0.04041995110173735, -0.055405979688665674, 0.01050647792804682]","[-0.05726587975025177, -0.03684746325016022, 0.016673535108566284, -0.020566589450836184, -0.015649767756462096, 0.0057690441608428955, 0.2500490188598633, 0.2107912063598633, -0.05775120311975479, -0.0338565617799759, 0.01631256937980652, -0.020966655826568606, -0.013634214341640472, 0.005597740411758423, 0.232470703125, 0.2162841796875, -0.058172041714191436, -0.03067974597215653, 0.015903621912002563, -0.021274372255802157, -0.011720972299575805, 0.005427956581115723, 0.232470703125, 0.2162841796875, -0.0585034621655941, -0.027528060972690588, 0.015406668186187744, -0.021528563714027407, -0.010075764894485473, 0.005318686366081238, 0.232470703125, 0.2162841796875, -0.05878480726480484, -0.024482673406600958, 0.014877349138259888, -0.021623119032382968, -0.008700596332550048, 0.005219638347625732, 0.232470703125, 0.2162841796875]",0.0621795654296875
"[11.790008783340454, 11.810008783340454, 11.830008783340453, 11.850008783340455, 11.870008783340454, 11.890008783340454, 11.910008783340453, 11.930008783340455, 11.950008783340454, 11.970008783340454, 11.990008783340453]","[0.039627362094956965, 0.0030590214553221284, 0.007952240124477459, -0.0072091574479551555, 0.01541192608951566, -0.01728740234754029, 0.01765753300981165, 0.03945007733052055, -0.0016472901763873457, 0.005919669698253867, -0.008123087656303287, 0.014333608041743572, -0.013877361689595174, 0.020581959529609815, 0.03877355994819642, -0.007149321679044432, 0.00366397727410556, -0.009179280995333904, 0.013261844365584077, -0.009922037662904285, 0.02310730299876889, 0.03757188341312549, -0.012944310972338013, 0.0014034335044161876, -0.010126664826632263, 0.012218010966034285, -0.005716701271061858, 0.02511953550697209, 0.035896878416336826, -0.018634524182648018, -0.000684727446466515, -0.010803584369025974, 0.011228307199582932, -0.0016297618645668174, 0.02657771909242476, 0.03390150211525238, -0.023753809611626292, -0.0023468772141245647, -0.010999097039132778, 0.010300344414440202, 0.002063754879629107, 0.02761913835549964, 0.031901176126885575, -0.028137694231748785, -0.0033392852157906965, -0.01076666535559052, 0.00945300732800398, 0.005237478055310131, 0.028241474159403986, 0.030075218236852986, -0.03175854839408826, -0.0035841292772008397, -0.010198686646678378, 0.008693594888784748, 0.007818001515461857, 0.028454746769505768, 0.028499316875107913, -0.03468013090027124, -0.003127451369159341, -0.00940866634499142, 0.008020896088063112, 0.009780611565015742, 0.028284317297202693, 0.027178080849757695, -0.03701686563074409, -0.0020966220586300962, -0.008515309175111228, 0.007428790798853385, 0.011135887705132911, 0.027768782337230444, 0.026075092904759258, -0.03890004232557319, -0.0006618553390815734, -0.007629887400938709, 0.006909503790257502, 0.011913530808261599, 0.026955749971225507]","[0.5335014073299726, 0.05504465616482847, 0.5254507397489826, 0.011064686605810984, 0.5000520203466036, -0.0032963999136460787, 0.4668694067294176, 0.0013827251636691913, 0.4327719772345422, 0.016397522359287205, 0.4023343037651398, 0.03496880867253691, 0.3782500294195381, 0.052180676043394825, 0.3628629063246435, 0.06422885803124886, 0.35526918722287826, 0.07055798185747857, 0.3529280401436907, 0.07259962156583465]","[-0.05780379733088359, 0.013598932077654613, 0.009228466658598666, -0.0588946444307592, 0.007185279086921348, 0.008717915606525128, -0.05890668490614703, 3.997683468703883e-07, 0.008243937863065653, -0.05786855933976587, -0.007668556856025077, 0.007869275238114426, -0.0559760028371874, -0.015489943270738493, 0.007663360786128948, -0.05351326899637776, -0.02335452831289908, 0.007680903060642841, -0.0505665355749878, -0.031104352746787356, 0.007906886966896565, -0.04722563731938867, -0.03858149036096625, 0.008311444249107236, -0.0435853406304374, -0.04563162922403752, 0.008849102155685351, -0.03974747282038127, -0.052107275203308046, 0.009461158256610869, -0.035823565415781244, -0.05787009590088266, 0.010080042564882596]","[-0.05359015816450119, -0.051859734952449804, 0.02029314637184143, -0.019241615450382235, -0.020966353058815, 0.006694138050079346, 0.3302490234375, 0.175634765625, -0.05411029437184334, -0.050360693037509924, 0.01992461085319519, -0.019374965941905978, -0.02039706164598465, 0.006612494587898254, 0.3258544921875, 0.1767333984375, -0.05476115846633911, -0.049007358402013784, 0.019388288259506226, -0.01940462670326233, -0.02056398445367813, 0.006572097539901733, 0.3181640625, 0.1822265625, -0.054673349648714065, -0.047628349065780645, 0.018766283988952637, -0.01956865123510361, -0.020763443946838378, 0.006516650319099426, 0.3181640625, 0.1822265625, -0.05565754899382591, -0.04441389665007592, 0.017807215452194214, -0.019857174968719485, -0.019944073796272277, 0.006295710802078247, 0.2522462844848633, 0.2118896484375]",0.061532020568847656
"[11.870489120483398, 11.890489120483398, 11.910489120483398, 11.930489120483399, 11.950489120483399, 11.970489120483398, 11.990489120483398, 12.010489120483399, 12.030489120483399, 12.050489120483398, 12.070489120483398]","[0.03819016173919454, -0.012148354552285722, 0.00486383624913648, -0.006511575192956254, 0.013258344501899002, -0.012197334428935051, 0.022390051978028434, 0.03782749717448375, -0.01693261381648064, 0.00293498683360959, -0.007559831689286831, 0.012348583749648728, -0.008854630703391606, 0.024165014602868434, 0.03694852082568217, -0.022061440029946776, 0.0009122084307375375, -0.008659430612224399, 0.011487820090341983, -0.005242773562618167, 0.025385469597774768, 0.03558697747007988, -0.02708418330647642, -0.0010092005680069998, -0.009626437830806127, 0.010700183238627906, -0.0016992614617757878, 0.02593348194967713, 0.03388778201556078, -0.031494592887856054, -0.0025493560463271878, -0.010249418338510069, 0.009989519115752514, 0.0015222418746597592, 0.025900148964152134, 0.03199007581018127, -0.034869375424076615, -0.003479888181450575, -0.010296052765480939, 0.009333871472889164, 0.004255798965251136, 0.025582187150660195, 0.030173157233907667, -0.037312775544226635, -0.0037010021743744677, -0.009945153552038458, 0.008741497782290301, 0.0064200585065497355, 0.0250030341157635, 0.028585325290408373, -0.0389712645509979, -0.0032342299033814724, -0.009359349534491534, 0.0082126085363102, 0.007981609559988377, 0.024191420971141055, 0.027277353104918627, -0.04001039404590968, -0.0021871759477102956, -0.00867958836268668, 0.007741989729822332, 0.008949946745502226, 0.02318396567063115, 0.026235319131400602, -0.04059445141956711, -0.0007183042662401247, -0.008021186150043165, 0.007321887389499624, 0.009364160768894379, 0.022024148697432928, 0.025410279474494944, -0.0408704144699739, 0.0009942467567484426, -0.007471952876476328, 0.00694452134140583, 0.009277531045702158, 0.020759801652887343]","[0.5519155944609356, 0.0319048840843605, 0.4934623356294419, 0.006861462244943838, 0.4378543381825629, 0.006053225453623601, 0.38863953182075056, 0.01988427799965456, 0.34778605568424675, 0.04063310306013256, 0.316040599933286, 0.06245029860430059, 0.29324032741048356, 0.08125802726111045, 0.279550981564267, 0.09393601305493605, 0.27308225829967936, 0.10043938448823436, 0.2711476746873647, 0.10250409006083332]","[-0.06039790307674231, -0.010862646759036032, 0.01013624123901291, -0.0604499156440188, -0.016503077665793953, 0.009805538475385678, -0.05940021071861379, -0.022333361933646767, 0.009488330284904922, -0.05735300405557986, -0.027981456045667485, 0.00922237368031631, -0.05449846858681995, -0.03330532354831384, 0.009044212375187488, -0.05116016009683744, -0.03843587158149653, 0.009006738704010253, -0.04746003145273647, -0.04326848509602188, 0.009080509464741482, -0.04351729993299158, -0.047692696357885644, 0.00923104564794519, -0.03944814312064726, -0.051603399889917245, 0.009418660737348983, -0.03536755925710788, -0.05490760826373009, 0.009600666726194085, -0.03139237125407268, -0.057527540381700604, 0.009734852438184838]","[-0.04647965559363365, -0.06309185400605202, 0.022886037826538086, -0.017034559762477877, -0.025198893785476684, 0.0077069103717803955, 0.3895751953125, 0.1393798828125, -0.04746840351819992, -0.06172286197543145, 0.022568881511688232, -0.017424366688728335, -0.0246127193570137, 0.007631942629814148, 0.3884765625, 0.140478515625, -0.04846602880954742, -0.06036605909466744, 0.02227005362510681, -0.017848468637466433, -0.024162771344184875, 0.0076002925634384155, 0.36650390625, 0.1569580078125, -0.049395693629980086, -0.05906325057148934, 0.021977782249450684, -0.018162868237495425, -0.023916328489780425, 0.00756700336933136, 0.36650390625, 0.1569580078125, -0.0502855090200901, -0.057744393497705465, 0.02165284752845764, -0.018438733434677126, -0.023747997522354125, 0.007478624582290649, 0.36650390625, 0.1569580078125]",0.06107282638549805
"[11.949767589569092, 11.969767589569091, 11.989767589569091, 12.009767589569092, 12.029767589569092, 12.049767589569091, 12.069767589569091, 12.089767589569092, 12.109767589569092, 12.129767589569092, 12.149767589569091]","[0.03579463583190931, -0.027578791165443452, 0.001698038651393841, -0.00742286042368808, 0.013684300899817321, -0.007361162223183587, 0.026310459697973812, 0.03525272079732357, -0.03186582444998972, -2.9952936321210134e-05, -0.008331849075184788, 0.012827710022664317, -0.004360510539693234, 0.02699179175251724, 0.034203966591700066, -0.03603766271326249, -0.0017351866512673858, -0.009174199745328286, 0.01206838090349822, -0.0014016123982479318, 0.026846320217925816, 0.032772128364409285, -0.03952527521954916, -0.003118016748524457, -0.009722069014000703, 0.011405818396244731, 0.001287455705982139, 0.025907275660879622, 0.031084811235887442, -0.041859191169345965, -0.003924669047614634, -0.009742995403230186, 0.010810676898615602, 0.003560774045697382, 0.024465730299736706, 0.029288729694932753, -0.042946211647257135, -0.004061545231785771, -0.009203096352955903, 0.010255837960394695, 0.005312830045836096, 0.02281864498466257, 0.027623714298691905, -0.04308772981821975, -0.003542614183566583, -0.00837813542276152, 0.009743945566008095, 0.006501547795727925, 0.021018379431827754, 0.026210360340738054, -0.04254937404898634, -0.0024597560998851596, -0.007482031436062801, 0.009273375631086123, 0.007125695171362042, 0.01911800767786791, 0.025081628329045664, -0.04155726471228946, -0.0009557253216037848, -0.006671283816033012, 0.008839736213512892, 0.007219732594191801, 0.01717211541537737, 0.02421358153754515, -0.04029537118768081, 0.0008026496816271924, -0.006050853327333161, 0.008437620396577224, 0.0068416057048916925, 0.015236148910234547, 0.023552872303637284, -0.038904890834816096, 0.0026476615919096684, -0.005681245034970541, 0.008062172701205067, 0.006059056441415172, 0.013365364560036385]","[0.4923006014063639, 0.02006927375730306, 0.3986820011203516, 0.00916099534672253, 0.3238928068648309, 0.017064869495986554, 0.2663904845491769, 0.03562612362786119, 0.22406375579327498, 0.058387936416713436, 0.19450260281674, 0.08056746512493156, 0.17520582430490075, 0.09894476378472021, 0.1644411173208355, 0.11105411320549134, 0.15964584913961483, 0.11717150203538926, 0.15827622482898726, 0.1190927746378139]","[-0.05967342214019755, -0.03248462450752765, 0.012795203192242255, -0.05904574103606941, -0.03697675822073876, 0.012473819452110568, -0.057349068841168194, -0.04101211716551889, 0.012117934863146829, -0.05467920014901706, -0.0444021319437784, 0.011742123169528718, -0.05128022452274106, -0.04726127669918112, 0.011393900383793287, -0.047459521574134245, -0.04973207886861708, 0.011107836370299218, -0.043357796552957684, -0.05173048411196257, 0.010850923168139737, -0.039108362607782166, -0.0531754930429118, 0.010595215434868521, -0.0348362040172181, -0.054002276279057515, 0.010316360880625375, -0.030659997176747833, -0.05416827774037847, 0.009994437043112647, -0.02669555137292723, -0.053654716806120994, 0.009615489097554608]","[-0.039373116731643676, -0.0704615417867899, 0.0243740975856781, -0.01428303054571152, -0.02814384752511978, 0.00836905837059021, 0.41923828125, 0.11630859375, -0.040353341192007064, -0.06984947472810746, 0.024029850959777832, -0.014534070408344271, -0.028055595397949218, 0.008293196558952332, 0.41923828125, 0.11630859375, -0.04050990769267082, -0.06905560605227948, 0.02406013011932373, -0.014709494328498843, -0.02805280888080597, 0.008222728967666626, 0.41923828125, 0.11630859375, -0.04235073009133339, -0.06850502490997315, 0.02355051040649414, -0.014975301241874697, -0.02809502387046814, 0.008203089237213135, 0.41923828125, 0.11630859375, -0.04332595148682594, -0.06770938485860825, 0.02329990267753601, -0.015322870826721194, -0.02793409878015518, 0.008135348558425903, 0.41923828125, 0.1174072265625]",0.06220555305480957
"[12.032610654830933, 12.052610654830932, 12.072610654830932, 12.092610654830933, 12.112610654830933, 12.132610654830932, 12.152610654830932, 12.172610654830933, 12.192610654830933, 12.212610654830932, 12.232610654830932]","[0.034517027526683036, -0.035030154379541406, 0.0044338951440810945, -0.004219396264369539, 0.014521996864439245, -0.005031670673954237, 0.027753101003783535, 0.033578811004790106, -0.039116949595621696, 0.002392519161849392, -0.005199526879889554, 0.013684362198352505, -0.0030647161921150594, 0.026717737706902046, 0.032192763394549455, -0.042527916119580664, 0.0004470783945091272, -0.006037517751244923, 0.012961998852981984, -0.0011257296979296362, 0.024854869349054114, 0.030444564041374453, -0.04478238396670856, -0.0011279642519435782, -0.006484034603472869, 0.012319076456729968, 0.0006834862302007332, 0.022436371692683782, 0.028451346669592273, -0.045786301626469884, -0.0022131971774421127, -0.006498888229461646, 0.011723980988097824, 0.0022571224652703846, 0.019771311533266497, 0.02635817696776396, -0.045681379164213574, -0.002784485671949745, -0.006166768027871012, 0.011154242247631747, 0.003508801883727175, 0.01714277577302761, 0.024392796711385327, -0.04483564193905339, -0.00285910727489801, -0.005766304019377561, 0.010613720742097326, 0.004407639972074594, 0.014623516843398037, 0.02267374992671697, -0.04353099915345942, -0.002502298151068491, -0.0054833111345838435, 0.010103398103199499, 0.004951167148373005, 0.012274730673392383, 0.021237792036662827, -0.04197621160486288, -0.0018113107117949828, -0.005425226777860074, 0.009622001190071382, 0.005161901565952534, 0.010145886750271402, 0.020067224834705785, -0.04031918421545926, -0.00089873741325876, -0.0056367535843962905, 0.009166981814926593, 0.005078133166648611, 0.008276352964463163, 0.019114892349042976, -0.038658718883411394, 0.00012230412187587048, -0.0061154484636592905, 0.00873552408825221, 0.00474339835954766, 0.00669791670321513]","[0.4180634832469021, -0.003730585886008669, 0.32498962491897365, -0.016642510970015012, 0.2584652798553102, -0.013168421189326382, 0.21300042310018746, 2.860316419718282e-05, 0.1835715689966721, 0.017554076401530883, 0.16576770196726978, 0.035300338083867296, 0.15586683460126344, 0.05039142378330167, 0.15114664921479293, 0.0604866894879174, 0.14935025230456753, 0.06563881654671894, 0.14890921311713198, 0.06726824317258846]","[-0.0558723683580431, -0.053156967580352266, 0.01610251597733514, -0.05507798605496372, -0.05530998898045736, 0.015497559449272558, -0.05323255506914437, -0.056455979025722414, 0.01475411230768131, -0.050460124083339775, -0.05676489425420561, 0.013942826172721468, -0.046990425026865124, -0.056435072272981834, 0.013121893188408063, -0.043100786392434864, -0.055656263706153286, 0.012334726542363228, -0.038919827596845646, -0.0544462557990788, 0.011571233216884469, -0.03456967078728468, -0.05282638359598302, 0.010832680088747715, -0.030165439612930056, -0.050827423619986156, 0.010125365072377157, -0.025817850875032633, -0.04849118414146192, 0.009456471909849995, -0.021637205141225913, -0.045870091571579064, 0.008831337149856289]","[-0.03015953505039215, -0.07770683839917183, 0.02636873722076416, -0.010949037289619448, -0.03130728209018707, 0.008903279900550842, 0.4598876953125, 0.06796875, -0.030848862767219543, -0.07708658874034882, 0.026152044534683228, -0.01103205910921097, -0.03109487348794937, 0.008857011795043945, 0.460986328125, 0.06796875, -0.03155438059568405, -0.07640736028552056, 0.02602618932723999, -0.011214538729190829, -0.03080065006017685, 0.008802399039268494, 0.4598876953125, 0.074560546875, -0.032357903361320495, -0.07567501291632653, 0.02585756778717041, -0.011507249689102175, -0.030407997012138366, 0.008714288473129272, 0.4587890625, 0.0767578125, -0.033839823842048644, -0.07479751147329808, 0.025820821523666382, -0.011915653264522555, -0.03000372850894928, 0.008651703596115112, 0.4554931640625, 0.083349609375]",0.060791969299316406
"[12.109586000442505, 12.129586000442504, 12.149586000442504, 12.169586000442505, 12.189586000442505, 12.209586000442505, 12.229586000442504, 12.249586000442505, 12.269586000442505, 12.289586000442505, 12.309586000442504]","[0.03056020403545197, -0.04904731936889127, -0.00048400143016803587, -0.009094929174550494, 0.01645313461456969, -0.0008285876129790915, 0.02965427163724442, 0.02958800710841809, -0.051815657395909674, -0.0020114473266457716, -0.009545259995342335, 0.01559718601523905, 0.0008092626488298975, 0.02832108090103637, 0.028224250292449096, -0.05336217705293791, -0.0031709051612131695, -0.00946446688472835, 0.014854908130014605, 0.0022334710868672893, 0.02601681258294863, 0.026562799114218022, -0.053458292144325646, -0.0038200165847324346, -0.008805588529849267, 0.014199208415040736, 0.0033180269806865957, 0.02288789098655372, 0.02473261821617162, -0.05214357026660098, -0.00392010192834646, -0.007682203341296943, 0.01360236293775849, 0.003972700455727339, 0.01916005678731643, 0.022837755642082624, -0.049357694435312384, -0.0033934430502779137, -0.006041506027568375, 0.013010108986701864, 0.004235778953930238, 0.015334717850374754, 0.021067178452981512, -0.0456894952840218, -0.002389848753900553, -0.004306401507609305, 0.012424929659972187, 0.00411308017773112, 0.011518610518727207, 0.019518097799471817, -0.04157290793886121, -0.001064460478890951, -0.0027700926853923944, 0.011851328820219182, 0.003633502994091499, 0.007810843517620002, 0.018219261681112618, -0.037313077735762604, 0.0004316914115229709, -0.0016140854729112914, 0.011294489012892619, 0.0028455670394730128, 0.004299983136013355, 0.017154089728411207, -0.03311125529862425, 0.0019612719415774025, -0.0009280952592034846, 0.010759543495873868, 0.0018093727226015121, 0.0010637261841913367, 0.016281726533688506, -0.029088423651695745, 0.0034083350221751313, -0.0007304042510431876, 0.010251228792152414, 0.0005877721665141005, -0.001829646469473755]","[0.3286851981389932, -0.004472539817446012, 0.18466077177648013, -0.0038062482004872205, 0.08347442796799873, 0.007221461333851953, 0.015862452034821947, 0.023705456886720103, -0.026519259062224285, 0.041758961475572544, -0.05093133210564328, 0.05851663998013496, -0.06348379066026158, 0.07207694969252217, -0.06889937053449395, 0.08089201767413273, -0.07070238088513905, 0.08530562430181238, -0.07107341877330396, 0.08668316696657949]","[-0.05082830486322654, -0.0631665361766629, 0.01840633939299252, -0.04979796117735247, -0.06455255354150236, 0.017774638834694656, -0.04782372659141765, -0.064939884067714, 0.017014661691483024, -0.04500528974592943, -0.06427865955663448, 0.01612659534304761, -0.041512908914919766, -0.06255700668341113, 0.015119923823613046, -0.037633846845792185, -0.060172521393488054, 0.014078870300039181, -0.03350141538219331, -0.05709101964163388, 0.012999139835518037, -0.029237816615721446, -0.05330458610141653, 0.011895656564401058, -0.024954702632064674, -0.048838008778783415, 0.010794148357639699, -0.020756702184165254, -0.043747983947226565, 0.00972544348693205, -0.016745916531688998, -0.03811996173673471, 0.008720505356568431]","[-0.02651309424638748, -0.08034527152776719, 0.02679350972175598, -0.009658782994747164, -0.032540889620780944, 0.009071722626686096, 0.452197265625, 0.043798828125, -0.02679702842235565, -0.08023657314479352, 0.02681460976600647, -0.009761578655242922, -0.03251952880620956, 0.009061098098754883, 0.456591796875, 0.0492919921875, -0.027208032250404357, -0.08003762215375901, 0.026785463094711304, -0.010016530072689059, -0.0323869606256485, 0.009063854813575745, 0.4576904296875, 0.052587890625, -0.027747707605361938, -0.07970865108072758, 0.026741236448287964, -0.010261534965038302, -0.03218706154823303, 0.009028539061546326, 0.4598876953125, 0.056982421875, -0.0283358638882637, -0.07927888110280037, 0.02671012282371521, -0.010511449790000918, -0.03194934332370758, 0.00899447500705719, 0.4598876953125, 0.0591796875]",0.05809640884399414
"[12.189962148666382, 12.209962148666381, 12.229962148666381, 12.249962148666382, 12.269962148666382, 12.289962148666381, 12.309962148666381, 12.329962148666382, 12.349962148666382, 12.369962148666382, 12.389962148666381]","[0.026814378468905185, -0.056489442140124434, -0.0015860401873982275, -0.010820118507578467, 0.016975946580866593, 0.0030934692873240935, 0.031094961932494416, 0.02583242786147589, -0.058148771040690446, -0.0024945782168970935, -0.010575592019305505, 0.016123869166346304, 0.003924889867172641, 0.029330868297097953, 0.02453671960069688, -0.05831811797484385, -0.0029871337514965368, -0.009679049777809319, 0.015399653015207793, 0.004371364706257499, 0.02634922837559221, 0.023019567765558437, -0.05690201743098744, -0.003004014640464184, -0.008237304718373945, 0.014784238904284977, 0.0043327681395981974, 0.02215833819656902, 0.021354270557658515, -0.053742287577688355, -0.002459204681075744, -0.006240838700548696, 0.014221563995259883, 0.003843138138968975, 0.017145178286445614, 0.019570894441769095, -0.04881082044849409, -0.0013312433963125877, -0.0036279997761684535, 0.013637715086322695, 0.003025686752482722, 0.011965591391927323, 0.017831850703715024, -0.04290798428680354, 0.00012972051512764063, -0.0009513864961472962, 0.013037635552745824, 0.0019222341723145275, 0.006771569607294156, 0.0162303144553147, -0.0366050591298771, 0.0017183780864574387, 0.0014063071728557257, 0.012433052621796819, 0.0005857282646158447, 0.0017060556347857623, 0.014806374050195914, -0.03028561980928205, 0.003273005113806479, 0.0032096130815305363, 0.011838837751352502, -0.0009223594674323082, -0.0031029492110600573, 0.01356329698184604, -0.02418563378259402, 0.00467378973374302, 0.004344569761797866, 0.01127031269167004, -0.0025368745659061064, -0.0075439237045473685, 0.012482587583732935, -0.018431439922826594, 0.005839911700459059, 0.004791996810459051, 0.010741369878624004, -0.004193937349332588, -0.011520233757994497]","[0.23257589043264365, 0.0049051077023579415, 0.045536222082617324, 0.010201716231075651, -0.08237245238889525, 0.01987849416810073, -0.16471730875089236, 0.031514455416065866, -0.21357175287327654, 0.04320270565892404, -0.23932878781023254, 0.053566238802711344, -0.2506307648604725, 0.061729201019927495, -0.25433700872440207, 0.06694909518088817, -0.25498410735095756, 0.06953305177927793, -0.25493036130235774, 0.0703330333058369]","[-0.04310325442422869, -0.07310851984445454, 0.020017990835937916, -0.0421592183030155, -0.0741003172196919, 0.019392920843595007, -0.04044474696032152, -0.07372381329986188, 0.018559047823373476, -0.03795029255776239, -0.0716906844909917, 0.01745425359683761, -0.03479956204792556, -0.06814664556757677, 0.016124961755980216, -0.031286504494982825, -0.06362288937619454, 0.014703761616271294, -0.02753152445951601, -0.05809049844201386, 0.013208157169175117, -0.02363969924958309, -0.05157137385253607, 0.011684918820742851, -0.019704004041460443, -0.044138907754436296, 0.010197089031469098, -0.015810706417901166, -0.03591072351723579, 0.008813554647488786, -0.0120446693511016, -0.027041181585076846, 0.007598569739862171]","[-0.026546502649784087, -0.07902313992381096, 0.026226937770843506, -0.00960681519508362, -0.03166189247369766, 0.00879603624343872, 0.4302248001098633, 0.02951679229736328, -0.0263321196436882, -0.07929467633366585, 0.026362985372543335, -0.009592733597755435, -0.03189772570133209, 0.008909568190574646, 0.4302248001098633, 0.03061542510986328, -0.026167163789272307, -0.0795716553926468, 0.026464730501174927, -0.009572073137760165, -0.03207093679904938, 0.0089711993932724, 0.4401123046875, 0.0339111328125, -0.026083493769168853, -0.07983837872743607, 0.026558399200439453, -0.009603075003623965, -0.032164016902446746, 0.00899343192577362, 0.4445068359375, 0.035009765625, -0.026075491845607757, -0.08004578799009324, 0.026641905307769775, -0.009660690343379977, -0.03222090208530426, 0.00900675356388092, 0.4445068359375, 0.0361083984375]",0.05925273895263672
"[12.26942229270935, 12.28942229270935, 12.30942229270935, 12.329422292709351, 12.34942229270935, 12.36942229270935, 12.38942229270935, 12.409422292709351, 12.42942229270935, 12.44942229270935, 12.46942229270935]","[0.022619327106442627, -0.06328668223738676, -0.0036495168321653286, -0.013534353317594852, 0.018152580042276493, 0.006952452198300418, 0.0320468345107308, 0.021725612267133754, -0.06350444880154339, -0.003717103774685292, -0.012423293064248163, 0.017273016699599717, 0.007026659563628838, 0.02994597633066339, 0.020600451498330362, -0.06207826182486841, -0.0033471869464105058, -0.010618160158328041, 0.016546551676165182, 0.006485311755794342, 0.026190533277652018, 0.019288781172663517, -0.05870039334822867, -0.002437969978711228, -0.008106530415033822, 0.015926682011076294, 0.005336924711609616, 0.02093736362254864, 0.01779463483123363, -0.05323487319344859, -0.0009698495521339739, -0.0048760194252879885, 0.0153360462885249, 0.0037015082942679083, 0.01472530086390014, 0.016147672103212, -0.04585058630738425, 0.00099621033667742, -0.0010072375989758572, 0.014701091845845041, 0.0017805128378246154, 0.008253473160762612, 0.014476749288837732, -0.03751940476240738, 0.0031138613880537526, 0.0028346298902514324, 0.014032946716038334, -0.0003474158155429959, 0.0017199453586432816, 0.012865349727075924, -0.028918524279820196, 0.005130034667617761, 0.0061906754759271, 0.013353639502022733, -0.0026037399575092267, -0.004687209840253647, 0.011360787411518037, -0.020485103386754813, 0.006874035033704707, 0.008781744432008078, 0.012690145774177512, -0.004911991157084438, -0.010799126518190193, 0.009983556693490062, -0.012470168926282395, 0.008245229427749478, 0.01047750839602883, 0.012069837430914521, -0.007199369308523867, -0.01646872128153208, 0.008736160205986563, -0.004990113568830587, 0.009199771183918178, 0.011263794903040407, 0.0115171714042993, -0.009397682090075528, -0.02156865286201225]","[0.08588130082591612, 0.021053532596517183, -0.13467597866930742, 0.031242202528078338, -0.2819834491374481, 0.039725231997299604, -0.373463600868681, 0.04652723990841158, -0.4245816096516608, 0.05173316501465751, -0.44862594197097294, 0.0554974918978215, -0.45659767702673876, 0.058029549779986256, -0.4573689203225495, 0.05947092514503081, -0.4562781818516343, 0.06012132540968472, -0.4556219072613688, 0.06030852862188971]","[-0.034979140584717516, -0.07921266588363851, 0.021645198723677872, -0.034074850045784366, -0.07999940151714924, 0.021014848867662472, -0.03250301191395866, -0.0788848208633155, 0.020046413225945692, -0.03022987656344256, -0.0756889443124904, 0.018694679172241102, -0.02740263389155384, -0.07065060909245036, 0.01703677154490002, -0.024268828982277224, -0.06428890406780496, 0.015226234847780074, -0.02093443123919725, -0.05656417678434478, 0.013314659943131524, -0.017484362383874075, -0.04752250747413722, 0.01139022105022569, -0.01398958838658837, -0.03728442633316664, 0.009562194205323227, -0.010515120818436863, -0.026027824486747342, 0.007945933339188471, -0.007126339751447386, -0.013975091146239293, 0.0066454902302228724]","[-0.02745790982246399, -0.07570567950606347, 0.024002373218536377, -0.009444765067100527, -0.03008600527048111, 0.008075281977653503, 0.3785888671875, 0.01962890625, -0.027424441814422607, -0.07601526975631714, 0.02443435788154602, -0.009477659380435946, -0.030504198908805846, 0.008314207196235657, 0.386279296875, 0.0207275390625, -0.02731006795167923, -0.07651349753141404, 0.024631768465042114, -0.009520507669448855, -0.031080553472042083, 0.008533433079719543, 0.4049560546875, 0.0229248046875, -0.027196491301059722, -0.07715103253722191, 0.024812012910842896, -0.009512341833114626, -0.03148757869005203, 0.008618324995040894, 0.41484375, 0.0240234375, -0.027104633092880248, -0.07773609682917595, 0.02504083514213562, -0.009553610599040988, -0.03171719813346863, 0.008681967854499817, 0.41484375, 0.0240234375]",0.06130576133728027
"[12.34981656074524, 12.369816560745239, 12.389816560745238, 12.40981656074524, 12.42981656074524, 12.449816560745239, 12.469816560745238, 12.48981656074524, 12.50981656074524, 12.529816560745239, 12.549816560745239]","[0.01888389745685045, -0.06495802742499371, -0.003708545507114264, -0.012749722893105594, 0.018546538829656074, 0.0074268014843544925, 0.031505026218647265, 0.018019603588583528, -0.06424640704392667, -0.0036602480771236253, -0.011143883695488452, 0.017664891477762377, 0.007025531173529633, 0.0286184705853308, 0.016869999256951748, -0.06166221153918404, -0.0031588414754719226, -0.008771032618961819, 0.016926198341876503, 0.006094574105805685, 0.02390377469249287, 0.01541058592134174, -0.05692796229495016, -0.00215657381945954, -0.005611129015749524, 0.01627385235054588, 0.004628334581113751, 0.01762872946966713, 0.013651096491719727, -0.050111274810274095, -0.0007262466354813942, -0.0018014738125350287, 0.01564271137880059, 0.0026859462028879944, 0.010322420089251905, 0.011705215099771505, -0.0412854019707025, 0.0011914509434617282, 0.002618080051058373, 0.014954987502802436, 0.0005392045755568824, 0.0028136432755542775, 0.009720446842150718, -0.03154879844251562, 0.0032227433675396247, 0.006903325025393992, 0.014230833872081506, -0.001732560418859918, -0.004667986054574347, 0.007795868987210477, -0.02165133664518868, 0.005107000327851535, 0.010553559133059066, 0.013502155135947332, -0.004054105334059881, -0.011910607011513957, 0.005990028007365589, -0.012061617267531822, 0.006679797599099447, 0.01327827866963144, 0.012805189132057991, -0.006355172353188294, -0.018730644890351773, 0.004329992413494957, -0.003033377146548291, 0.00785507532328668, 0.014958475509342897, 0.01217487955482898, -0.008570924790118508, -0.024973814699305468, 0.002820725060114936, 0.005331423469576338, 0.008607157217320095, 0.015606167610136645, 0.011640891035901341, -0.010641920425859434, -0.030510214835377154]","[-0.024583295942737195, -0.005404841466235144, -0.26638993871840194, 0.0028245261542560207, -0.42361082870756567, 0.008903871585766311, -0.517312734915338, 0.01342513274945238, -0.5660329950788713, 0.016790261405919042, -0.5855359768964531, 0.01926490993606482, -0.5886990492719506, 0.021021301668252543, -0.5858915814763788, 0.02208238431301202, -0.5828491450464044, 0.022593362448540707, -0.5815469388074972, 0.02275065721505561]","[-0.02977492972684459, -0.08340163213443352, 0.02263832205414218, -0.029244107627510285, -0.08309048811757824, 0.021773810078174805, -0.02787340299599861, -0.08064992496139034, 0.020497118550335536, -0.02568815618951814, -0.07595374912941333, 0.01879948086590577, -0.022881114143239012, -0.06911477642654651, 0.016766958058302528, -0.019674328609867953, -0.06082050178908771, 0.014613943503423155, -0.016175640259770585, -0.05106816197089703, 0.012425492968936691, -0.012471118573759377, -0.03995314747049861, 0.010323526120644466, -0.00863411056727914, -0.027647782551684763, 0.008444735852082275, -0.00473517833672954, -0.014377957365899086, 0.00692064052271224, -0.0008497244119523018, -0.0004085826715134466, 0.005856518870151817]","[-0.02574180269241333, -0.06919623017311097, 0.018376290798187256, -0.008234239435195925, -0.027857752680778503, 0.006279468536376953, 0.2863037109375, 0.0163330078125, -0.02608907425403595, -0.07045925445854664, 0.019115030765533447, -0.008391081607341769, -0.02900395745038986, 0.006673157215118408, 0.30498046875, 0.015234375, -0.02654954993724823, -0.07172223217785359, 0.019572526216506958, -0.008733920073509219, -0.030212218105793, 0.0070771723985672, 0.3159669876098633, 0.015234375, -0.02698936516046524, -0.07298480570316315, 0.019982069730758667, -0.009023479437828066, -0.03103485906124115, 0.007280364632606506, 0.33134765625, 0.0163330078125, -0.027365097939968108, -0.07398180142045022, 0.020637542009353638, -0.009234993970394137, -0.0313670357465744, 0.007437914609909058, 0.333544921875, 0.0163330078125]",0.06330180168151855
"[12.439605236053467, 12.459605236053466, 12.479605236053466, 12.499605236053467, 12.519605236053467, 12.539605236053466, 12.559605236053466, 12.579605236053467, 12.599605236053467, 12.619605236053467, 12.639605236053466]","[0.01536725682245258, -0.0630339437835403, -0.004665650226437914, -0.010357877708313696, 0.018216190935856934, 0.0068492926115777284, 0.029018502608128105, 0.01460643431997985, -0.06127510530087982, -0.004417843501473415, -0.008387080183445951, 0.017385732669865366, 0.006213866457236511, 0.02514915368963156, 0.013470794493089217, -0.05744192124171045, -0.003686105695323736, -0.005587455488188926, 0.016669926436522303, 0.005116103308953555, 0.019480600878376636, 0.01193819791093395, -0.05149518881354215, -0.0025241926975726734, -0.0020922743085252217, 0.016019197040973016, 0.0035367946468543316, 0.01229144984085131, 0.010102875792273142, -0.04343491906123184, -0.000878810893886798, 0.002000327576728449, 0.01536345191011236, 0.0016494670455802923, 0.004240896670729532, 0.007976851365968561, -0.03360843402947885, 0.001108912381919376, 0.006529525445298548, 0.014642445377680094, -0.0003899214325995305, -0.0038489191897693015, 0.0057724795385767635, -0.02311457615374342, 0.003110559901219302, 0.010743638202127644, 0.013891335825342238, -0.002516722069343961, -0.011736350844439603, 0.0036296866087889494, -0.012681057841372004, 0.004904710257278828, 0.014160252478424023, 0.013152922066989767, -0.004667184555417338, -0.019208634639745148, 0.0016286063430796989, -0.002739899329653544, 0.006359349471146618, 0.016525065543035317, 0.012470274997172421, -0.006779880224310194, -0.026091990564729, -0.00019620740454808462, 0.006498235381879313, 0.0074137797616786495, 0.01776504195694265, 0.011881396071530322, -0.008796906809030265, -0.032249232575699366, -0.001841313978277739, 0.014973990356936275, 0.008060792653515895, 0.01794062019759789, 0.011415663537267758, -0.010664683027402025, -0.037570648406799946]","[-0.16351021008901634, -0.009510633940230996, -0.39728387532077636, -0.012753803092585657, -0.5427714219726829, -0.013779573500189088, -0.6234002280575681, -0.01308332138500194, -0.6595074321071185, -0.011272294442346197, -0.6681248883996496, -0.008958398285175834, -0.6628974110619953, -0.00669100930469573, -0.6547715051227416, -0.0050448480660379965, -0.649100494512656, -0.004151513464824091, -0.6469817213675818, -0.0038538496720123055]","[-0.028055605080518076, -0.08236626116717449, 0.02227945520723118, -0.027444135828532, -0.08067772420463815, 0.021137929246127563, -0.025835423108636846, -0.07678297762078978, 0.019572126279082003, -0.023283475963249423, -0.07049903493891208, 0.017590720926735415, -0.0199141087429473, -0.062176090735323264, 0.015347594371352802, -0.01609164648624617, -0.052399984200893535, 0.013066806103437578, -0.011946995402363436, -0.04122177056847676, 0.010858928554770664, -0.0075857949257187585, -0.02878895957832306, 0.008860716228377363, -0.0030989473015843316, -0.015315007801582237, 0.007210211301538649, 0.0014262241092546368, -0.0010539255250905377, 0.006025328236427097, 0.005897488028467457, 0.01371157229994946, 0.005383250104992854]","[-0.01987721973657608, -0.055634657293558126, 0.011576414108276367, -0.006952896034717562, -0.02416511082649231, 0.004315927624702454, 0.1786376953125, 0.013037109375, -0.020813243627548217, -0.05790891721844674, 0.01229935884475708, -0.007255367255210879, -0.025153407990932464, 0.004541069269180298, 0.201708984375, 0.0141357421875, -0.021139206528663634, -0.059985401481390005, 0.013025939464569092, -0.007836594498157504, -0.026520693838596343, 0.0049955397844314575, 0.210498046875, 0.0141357421875, -0.02215852791070938, -0.06215208619832993, 0.013844698667526245, -0.008507720446586611, -0.02737388217449188, 0.005271881818771362, 0.2291748046875, 0.015234375, -0.023070940911769866, -0.06399238705635071, 0.014755666255950928, -0.008990525519847872, -0.027579063713550567, 0.00547124445438385, 0.2357666015625, 0.0163330078125]",0.06168055534362793
"[12.509567022323608, 12.529567022323608, 12.549567022323608, 12.569567022323609, 12.589567022323608, 12.609567022323608, 12.629567022323608, 12.649567022323609, 12.669567022323609, 12.689567022323608, 12.709567022323608]","[0.013381991517577066, -0.0594439515722841, -0.005402886317225536, -0.00767489410990533, 0.0169428807996054, 0.006570797897514151, 0.026847918206333254, 0.01255721114984441, -0.056496411165628674, -0.004748064155684456, -0.005051286357187564, 0.016203749510053378, 0.005788018031920836, 0.021947604915708328, 0.011299387462656055, -0.051473708898930284, -0.0036516649303022105, -0.0017031032072838711, 0.015557100780688162, 0.004535469069383378, 0.015210727257115988, 0.009666450344667066, -0.04426687307449767, -0.002049267243361146, 0.0022658493821325304, 0.014944491623625971, 0.002932397028339006, 0.007052116004220617, 0.007649202687632651, -0.03515280998974895, -9.02673316365667e-05, 0.006624962020949115, 0.014310459641179236, 0.0010656951282387625, -0.0018575951662409002, 0.005260037908232658, -0.024497448832410965, 0.0020634324173008363, 0.01122217274996288, 0.013605889377087805, -0.0009490965206562663, -0.010621852124103144, 0.002780665937424896, -0.013409611991935825, 0.004121919179411821, 0.015294334957063477, 0.01288142937392199, -0.003053140237354239, -0.018984342035960836, 0.0003907050275535439, -0.00259979028615873, 0.005895560655437522, 0.018378748004869, 0.012190660004785053, -0.0051842085653704476, -0.02673058615122498, -0.0018123896596553796, 0.00753543119561497, 0.007278306511772852, 0.02026255621188639, 0.011582970355921365, -0.0072794874945758484, -0.033697342769570995, -0.0037920083040445846, 0.016829930350979946, 0.008230266712006135, 0.020926160447385312, 0.01109868699712312, -0.009278196738645722, -0.03976618845545816, -0.005551514598103496, 0.025269735270782877, 0.00876038772933087, 0.02048667038683391, 0.010766027884950954, -0.011123598681663705, -0.04484954956038655]","[-0.3027913853278999, -0.012585491278332805, -0.5286599501570007, -0.026334338316438548, -0.6615530392221516, -0.033016213148590476, -0.7276723603979649, -0.03463846397766957, -0.7495208929353583, -0.03306442777565512, -0.7456880836484691, -0.029901134547880764, -0.7307934055033091, -0.026441167859268234, -0.7165051798462447, -0.023825561376807122, -0.7077741571027194, -0.02237879493540222, -0.7047009921621472, -0.021891990130444385]","[-0.028507556385489963, -0.07980108172110967, 0.021065290383630142, -0.027447005875345543, -0.07726716182107918, 0.019777593958917095, -0.02525143828271026, -0.07226977942991564, 0.018008671032451407, -0.021889470316965642, -0.06485296817227493, 0.015833450332256582, -0.01760488244673497, -0.05527443235952445, 0.013437600516975401, -0.01287090541693292, -0.04416906702676027, 0.011090963794641695, -0.007848522867105912, -0.03165376471464887, 0.00892835080565435, -0.002667457826807107, -0.01793692952319148, 0.007101558692588217, 0.0025617504002988234, -0.0032792491720083916, 0.0057504304912590065, 0.007735236310797866, 0.012032242579302466, 0.0049791058538875, 0.01274632368148687, 0.02769161380376861, 0.004835207555915488]","[-0.010609070003032683, -0.02985652387142182, 0.00458604097366333, -0.003275840795040133, -0.013305487275123595, 0.0019421130418777466, 0.06767578125, 0.008642578125, -0.01173529976606369, -0.033679126203060156, 0.005182623863220215, -0.0040104680418968225, -0.015545988619327544, 0.0023548752069473267, 0.0929443359375, 0.0097412109375, -0.012995975255966186, -0.037537442892789846, 0.00583958625793457, -0.0048781626582145715, -0.018227534532546996, 0.002812996506690979, 0.12919921875, 0.0119384765625, -0.01407630944252014, -0.04123927131295205, 0.00681537389755249, -0.005552350795269015, -0.0204582160115242, 0.0031575560569763184, 0.12919921875, 0.0119384765625, -0.01572203093767166, -0.04475840032100678, 0.00787341594696045, -0.006037219679355624, -0.021937163710594176, 0.0034165531396865845, 0.140185546875, 0.013037109375]",0.060248374938964844
"[12.590465784072876, 12.610465784072876, 12.630465784072875, 12.650465784072876, 12.670465784072876, 12.690465784072876, 12.710465784072875, 12.730465784072877, 12.750465784072876, 12.770465784072876, 12.790465784072875]","[0.01053968452334906, -0.04866489519213168, -0.00366883369747249, -0.0006293678639923251, 0.013149430816648613, 0.005801808519235875, 0.020134844568242834, 0.009726151068829007, -0.044974408828413054, -0.0026962101861332244, 0.0018681258229776459, 0.012632865346995635, 0.004515727276744986, 0.013941238333153418, 0.008557750876457054, -0.039196340223963025, -0.0012602662816744083, 0.004914789335058014, 0.012163776592421018, 0.0029373026773169813, 0.006350083136647493, 0.006993755603731401, -0.03158114362950651, 0.0004889752145200071, 0.008280402285700327, 0.011696026686212313, 0.0011712810812781135, -0.002167570647758031, 0.0050260094974275745, -0.02248942827549151, 0.0023860288286393465, 0.011756770921726101, 0.011189145803361727, -0.0006732119857470434, -0.010892520929617039, 0.0026717310943140254, -0.012499994373675733, 0.004178518289399159, 0.01508902050092749, 0.01062996844189111, -0.002559021357679134, -0.019092911723419287, 0.0002333803049734947, -0.002542862060170462, 0.005675944569224784, 0.017664799224677095, 0.010077271956295866, -0.004434299305107556, -0.026548272863352908, -0.002100562324692196, 0.00682874663706389, 0.006774941600627149, 0.019163505504060825, 0.00958442691612535, -0.0062451335033201424, -0.03309444543236435, -0.00423137440763657, 0.01535061123286811, 0.00744208394458272, 0.019497991982623124, 0.009194378746271646, -0.007939504159594182, -0.038629092725110004, -0.006125335577252, 0.02296179361928159, 0.007695967885369338, 0.018752044129104233, 0.00893651512515612, -0.00946995414391707, -0.04309999213814541, -0.00779032728414138, 0.029725898772138305, 0.00758985198010712, 0.017120380266760143, 0.008825166183407559, -0.01079507420217019, -0.04648630597719252]","[-0.4185379552462291, -0.006061102583405576, -0.5883533029745832, -0.030114851605065013, -0.6745650651642809, -0.043910350215718076, -0.7035810633154006, -0.05029204478627683, -0.6974658901538947, -0.05178918419819555, -0.6738624340698147, -0.050521567406959574, -0.646086214135176, -0.04816348675560707, -0.6246222641158468, -0.0461113879957149, -0.6126994128508862, -0.04489908675147641, -0.6087153658411559, -0.04447539218965509]","[-0.02663361915873974, -0.07422204603347815, 0.017424526178118516, -0.024673019582832634, -0.06971056360292494, 0.01581255614014765, -0.021537808168321515, -0.06280254161701215, 0.013813958306693408, -0.017315965286065715, -0.053630311268146436, 0.011579559493530844, -0.012309988059404642, -0.042641684557447324, 0.009353105335897727, -0.007014804771613425, -0.030384365574440686, 0.007367223857432492, -0.0015971786268198507, -0.017091113997604435, 0.005741670515897468, 0.003808959141521573, -0.0030422194600001617, 0.00458693184450798, 0.009091805214628934, 0.011467960358676699, 0.003977222594661711, 0.014151183214271779, 0.02614481079445241, 0.0039329615999692535, 0.018890501974210494, 0.04068999591142752, 0.004410774422608732]","[-0.00034260207414626986, 0.004679845273494715, 0.0007586181163787842, -9.448013305664305e-05, 0.0002634877562522897, 0.00019846856594085693, -0.022412109375, 0.004248046875, -0.0018808042407035819, -4.57227230072077e-05, 0.0007078647613525391, -0.0007803731322288537, -0.0022095760107040396, 0.00036078691482543945, -0.02021484375, 0.004248046875, -0.003109218716621398, -0.004604956507682806, 0.001021355390548706, -0.0015129961729049707, -0.0049210509061813346, 0.0006520301103591919, 0.012744331359863281, 0.0053466796875, -0.004604967474937438, -0.009350723028182989, 0.0014193058013916016, -0.002069040453433993, -0.007243732154369353, 0.0008043050765991211, 0.0182373046875, 0.0064453125, -0.005899595260620116, -0.01383443027734757, 0.0019799470901489258, -0.0023405098080635095, -0.008952038526535033, 0.0010123997926712036, 0.025927734375, 0.0064453125]",0.061533212661743164
"[12.670433282852173, 12.690433282852172, 12.710433282852172, 12.730433282852173, 12.750433282852173, 12.770433282852172, 12.790433282852172, 12.810433282852173, 12.830433282852173, 12.850433282852173, 12.870433282852172]","[0.008082874198516873, -0.035082634987086816, -0.0007443833877329182, 0.0045203184279255125, 0.00827428115339936, 0.0038497131014998934, 0.011425743014664721, 0.007159107537700862, -0.030794114858030346, 0.0003389455307351327, 0.006738777090117096, 0.007997565644943763, 0.0023937373087871785, 0.0047580793489377165, 0.005820546173175467, -0.02478770800240801, 0.0016655417860906821, 0.009279983745661934, 0.007729120027913402, 0.0008635053563712377, -0.0027956664063507673, 0.0040334462395335375, -0.01740867005419656, 0.0030694104161225273, 0.011931260597826185, 0.007439057716674735, -0.0006550535879231362, -0.010700361143872126, 0.001797937144355832, -0.009234961822881721, 0.004285374622978233, 0.014384199098533662, 0.0071229852716005355, -0.002181381932326286, -0.018394544771878907, -0.0007122665043319473, -0.0006992674761887613, 0.005254604099063734, 0.01643715587306243, 0.006786868614157798, -0.0036440019731869546, -0.025303529093003756, -0.003225290763775576, 0.0074805470780449045, 0.00587288809731654, 0.01765173744378003, 0.0064823855600802255, -0.005002339073711467, -0.031264382722424766, -0.005578151036147787, 0.014914310122958732, 0.006106590126670796, 0.017845986317543062, 0.006250509854931495, -0.006216741821543784, -0.0361749788816758, -0.007692159743123335, 0.021456353177985662, 0.005975774159764204, 0.017035517314315504, 0.006118927862499066, -0.007252401268920482, -0.0399957732233389, -0.00954839429376703, 0.02712561174023585, 0.005537025062980029, 0.015372506505695417, 0.006100896791738787, -0.008081511522167153, -0.04273522209845047, -0.011164952443136035, 0.03203385198459144, 0.004867409208288394, 0.013089034274232527, 0.0061953347795135885, -0.008684019052060567, -0.04442941022320171]","[-0.47738818409627504, -0.037647641990720335, -0.5908258317494428, -0.06388365685570452, -0.6352441356707446, -0.07917938888522436, -0.6348461081715248, -0.0865805595782532, -0.6093354133698834, -0.08875391653678309, -0.5739736402614087, -0.08792392564252202, -0.5398122268828542, -0.08584188374470891, -0.5154186245210001, -0.08393881612326895, -0.5024453990367339, -0.08279000997078703, -0.49822451388483396, -0.0823831341798234]","[-0.021171341360693763, -0.061231614070085705, 0.01178945548053445, -0.01843396361292937, -0.0551944095617829, 0.010213988681110564, -0.014641541117865753, -0.04707320647040536, 0.008445252212260446, -0.009980663929560762, -0.03718141378321427, 0.006665709462966518, -0.004837653261064112, -0.025854218868118117, 0.005057872926964357, 0.00043184726110578886, -0.01366479988797975, 0.0037846882976122487, 0.005684514825216036, -0.000903808016174068, 0.0029178803960325794, 0.010805748228574608, 0.012129493996927199, 0.002502345798621519, 0.01570183882738352, 0.025148550066431685, 0.0025385480631907598, 0.020292001690374928, 0.037882480548604214, 0.002975934799457569, 0.02450165115539793, 0.050067056294351264, 0.003714693335008956]","[0.009837088942527772, 0.039545187354087824, 0.002463787794113159, 0.002690517091751096, 0.014750948011875153, -0.00017048418521881104, -0.1487548828125, -0.000146484375, 0.008787957787513734, 0.035390385985374445, 0.001916736364364624, 0.0022418133258819556, 0.012350229382514955, -0.0001977682113647461, -0.1421630859375, -0.000146484375, 0.007427250802516938, 0.031021171808242792, 0.001521766185760498, 0.0015966526508331275, 0.009539550006389619, -0.00021739304065704346, -0.1179931640625, 0.0009521484375, 0.0059641355872154245, 0.02649004161357879, 0.0012149214744567871, 0.0009889013409614539, 0.007248101592063905, -0.00022020936012268066, -0.097119140625, -0.000146484375, 0.004612212836742402, 0.022015371918678278, 0.0008914470672607422, 0.0006136602997779822, 0.005604190587997437, -0.0001455247402191162, -0.094921875, 0.0009521484375]",0.060759782791137695
"[12.75041913986206, 12.77041913986206, 12.79041913986206, 12.810419139862061, 12.83041913986206, 12.85041913986206, 12.87041913986206, 12.890419139862061, 12.91041913986206, 12.93041913986206, 12.95041913986206]","[0.005207695259498895, -0.020921743252578583, 0.0011872058992256078, 0.005958175244654607, 0.0034146295472429447, 0.0005406941021407298, 0.0013645981889144941, 0.004159721734332457, -0.01608848852561478, 0.0020998683064247666, 0.007799933340833275, 0.0034184136519588124, -0.0007671840875062918, -0.004741472204117464, 0.002621292204753796, -0.009981165796745115, 0.0030599684165556035, 0.009900034633738779, 0.0033904168285750673, -0.0018751357409672667, -0.011176319583782743, 0.0005543805167514761, -0.003186723352722258, 0.0037986223614550033, 0.01193716242600588, 0.003327045605095742, -0.002793819851489874, -0.01753012118187912, -0.0018949261615880276, 0.003852103852711784, 0.004252715681065416, 0.013661730597827989, 0.0032364240996743047, -0.0034882765369083604, -0.023372057326408322, -0.004607481504175027, 0.010659837100800837, 0.004309938361186926, 0.014852182420223872, 0.0031386378167179417, -0.004009565275660634, -0.028359227088133827, -0.0073135464201397205, 0.01681614251414235, 0.0040031050580739335, 0.0152544260668585, 0.0030729065105838094, -0.0043541702433933195, -0.032399234238884, -0.009851163322641798, 0.022136041083611457, 0.003396067453613542, 0.014809063038095758, 0.0030646777949271077, -0.004517814671923329, -0.03545351692893133, -0.012141794786222645, 0.026603167833907045, 0.002571349910584175, 0.013600425993659985, 0.003125978555387934, -0.0044988175519441054, -0.03753624018870555, -0.014166166846437414, 0.030307123961005107, 0.0016185057109457314, 0.011805386300548351, 0.003256480104741786, -0.004300070990596456, -0.03869974459116961, -0.015941891539356313, 0.03338878030308057, 0.0006242218997989702, 0.009647278719486688, 0.0034451852128818297, -0.003929920875703433, -0.0390158665756844]","[-0.5180054410554021, -0.06886595767651012, -0.5689440186216681, -0.10647829331962164, -0.5729409051139479, -0.12966266834013518, -0.5488254253963434, -0.1422033463558199, -0.5114357636525101, -0.14745911509186727, -0.471815934985472, -0.14827533022183587, -0.43753842638187374, -0.14693722308736917, -0.41436529763301044, -0.14528722036180158, -0.40244431125955504, -0.14418665534425756, -0.39864832887981233, -0.14377785307040167]","[-0.012984413326677435, -0.03901108055922986, 0.005356500135545339, -0.010046032027444696, -0.03187679513104502, 0.004295068355957277, -0.006269341201520895, -0.023409786611649608, 0.0032455976017251587, -0.0018943404059093005, -0.013863159319430274, 0.002311044253761274, 0.0028538389579062517, -0.0036516228762009106, 0.001588538331202649, 0.007659292512231186, 0.006860662688264352, 0.001135177640581464, 0.012415452164020069, 0.01741219714151221, 0.0009676121724115916, 0.01703806847363687, 0.0277534090836995, 0.0010753810620744986, 0.021459414772613483, 0.03765840349036198, 0.0014161167859998436, 0.02562186080489992, 0.046923557470154975, 0.0019183459706519912, 0.029471567995420056, 0.05535952902920638, 0.002489346982727625]","[0.01728135144710541, 0.06749463975429534, 0.00852707028388977, 0.004740067505836484, 0.026763638317584992, 0.00047110021114349365, -0.2102783203125, -0.004541015625, 0.016557095408439637, 0.0644948124885559, 0.007731914520263672, 0.004393123769760129, 0.02482681518793106, 0.0002748817205429077, -0.2102783203125, -0.004541015625, 0.015681942760944367, 0.06126531362533569, 0.0070900022983551025, 0.003840797328948972, 0.02268368548154831, 0.00014294683933258057, -0.2102783203125, -0.004541015625, 0.014720311224460603, 0.05784819424152374, 0.0063690245151519775, 0.0033658973217010474, 0.021079582929611207, 6.219744682312012e-05, -0.2102783203125, -0.004541015625, 0.013717626988887788, 0.05435317158699035, 0.005599886178970337, 0.0029725066661834693, 0.019725283443927766, 1.5988945960998535e-05, -0.2102783203125, -0.004541015625]",0.06207084655761719
"[12.83974289894104, 12.85974289894104, 12.87974289894104, 12.89974289894104, 12.91974289894104, 12.93974289894104, 12.95974289894104, 12.97974289894104, 12.99974289894104, 13.01974289894104, 13.03974289894104]","[0.0012484903057542276, -0.0025196253061687394, 0.0010036810198350264, 0.0031604149727649748, 0.0008412405531268894, -0.003467723529495692, -0.010582095317484635, 0.00010883977762332692, 0.0024721071067714175, 0.0016036218523360955, 0.004470412774237778, 0.001051535799176285, -0.004017212787385993, -0.014574471175225855, -0.0015934708512443537, 0.008090109472779508, 0.0020627735599233047, 0.006090088933371232, 0.0011976520481388852, -0.004201968393362944, -0.018434225578986867, -0.0037490521301657455, 0.013857586431994121, 0.002306717334897785, 0.007749671121938297, 0.0012759202623670743, -0.0039527373015877, -0.021866527501238932, -0.006267681805424757, 0.019285588392564473, 0.002224851919513699, 0.00918827507554059, 0.001300446778101035, -0.003329025904051225, -0.024679041440264077, -0.009046078580636016, 0.023889082908640173, 0.0016730560521475383, 0.010116337518780341, 0.001308014316458448, -0.0025288806334204795, -0.02687339054676233, -0.011829032423634818, 0.027651795922393477, 0.0008362589409216662, 0.010486208275749006, 0.0013215390282594619, -0.0015982244907293307, -0.028440221065968288, -0.01446147114130274, 0.030637679175721744, -0.00013254005393473372, 0.010341419693759025, 0.0013520957251210765, -0.0005744036649275884, -0.02939982253298175, -0.016865530506102795, 0.032959753843755685, -0.0011124601438095244, 0.009787030829335254, 0.001401600566334125, 0.0005112192931507121, -0.02979987679634357, -0.019018288992333588, 0.034752404772335016, -0.0020135590799161165, 0.008961288725028507, 0.0014652951374216616, 0.0016307432344255669, -0.029705698038156213, -0.020931427429609593, 0.03614872143518002, -0.0027744075251402624, 0.008011404147457305, 0.0015340543618006638, 0.002757506953547397, -0.029188615267196343]","[-0.5370601218664088, -0.09890600078062661, -0.5201980475416913, -0.14769837635954294, -0.48915848682700497, -0.17807568212899252, -0.4524779601629601, -0.19492839583516108, -0.41636876209551954, -0.20252437830125852, -0.38499497271018923, -0.20442743079997885, -0.36076696893493215, -0.2034692779514859, -0.34542877091730795, -0.20188581260531357, -0.33786984922131097, -0.20076532374660805, -0.3355306971572483, -0.20034175719631606]","[-0.0014570050621105501, -0.0005580076846798399, 0.0005484147048404608, 0.0012842643897461592, 0.006290468842039321, 0.0003433030182762309, 0.004493651500286244, 0.013354685931778576, 0.00018721950901801065, 0.008092015955082577, 0.02027071867206587, 8.57683452268887e-05, 0.011917791417719537, 0.026799789035575117, 4.338220279365146e-05, 0.015759962738645328, 0.03297571213782824, 7.22486599045169e-05, 0.01956059202696525, 0.0386870131723791, 0.00016062911521519396, 0.023275351952177115, 0.04383283098316815, 0.00028976705658045887, 0.02686934840782884, 0.04832940736057134, 0.00043562924455464724, 0.030311896852743825, 0.05211069869706275, 0.0005721893916659226, 0.03357091901313192, 0.05512612803067363, 0.0006749924544364738]","[0.02156567370891571, 0.08262894451618194, 0.01369023323059082, 0.0062736652135848975, 0.03299058026075363, 0.0012698322534561157, -0.3179443359375, -0.0210205078125, 0.02115586942434311, 0.08148602545261383, 0.013325423002243042, 0.006092049860954282, 0.03248501366376877, 0.0012218654155731201, -0.305859375, -0.0166259765625, 0.020639715552330018, 0.08018345534801483, 0.012773573398590088, 0.005918324673175809, 0.03197013384103775, 0.0011212676763534546, -0.3047607421875, -0.0166259765625, 0.02015331929922104, 0.07868265509605407, 0.012145787477493286, 0.005609438502788541, 0.0313359255194664, 0.0010305792093276978, -0.2674072265625, -0.0122314453125, 0.01967177337408066, 0.07695444822311401, 0.011570602655410767, 0.0052085749149322486, 0.030755361378192902, 0.0009109973907470703, -0.2674072265625, -0.0122314453125]",0.0635979175567627
"[12.91050124168396, 12.93050124168396, 12.950501241683959, 12.97050124168396, 12.99050124168396, 13.01050124168396, 13.03050124168396, 13.05050124168396, 13.07050124168396, 13.09050124168396, 13.11050124168396]","[-0.0020711889963309096, 0.013352236365659503, 0.0005909781909033522, 0.0007432007019431377, 0.0031922306170091503, -0.005260035377417555, -0.017039292277560125, -0.0033707961301921966, 0.018258151946645346, 0.0010903390418804133, 0.002194481272955799, 0.0032750737166796877, -0.0051991183732542235, -0.019161226371254527, -0.005139328923714548, 0.023388121885139095, 0.0014712474589268722, 0.004011862432644825, 0.003269645384321827, -0.004630201322048176, -0.0209973663503719, -0.007330720964987742, 0.02823271524391922, 0.001605765838115427, 0.005906988403098024, 0.0031741845342719947, -0.0035233561000448557, -0.022422024400716545, -0.009875705170338022, 0.032300066605992356, 0.0013588681022147302, 0.007556892358759534, 0.003017566875179544, -0.0020141386742864834, -0.02348954152091082, -0.012759318086997607, 0.03535832441813614, 0.0006084972114679696, 0.008811539710875844, 0.002831006008873047, -0.0003874875461664263, -0.024243205389234572, -0.01570395870848434, 0.037601689962933116, -0.0003718065290403524, 0.009694789569746457, 0.002636089794302141, 0.0012810854347714777, -0.024702305264376275, -0.018535616392017364, 0.039209432939045955, -0.0013839441239095758, 0.010263021502008486, 0.002444556393375344, 0.0029328432502465974, -0.02489767712653284, -0.02116055984918483, 0.04034036951660233, -0.0022951318871897797, 0.010591533965449814, 0.002261192163325933, 0.004523250161684036, -0.024870259487913975, -0.023542956009625523, 0.04112891913986575, -0.00302658712262803, 0.01076203782912421, 0.002086257769539405, 0.006018378218855416, -0.0246656172150241, -0.025684515167210185, 0.04168299785196355, -0.003541946025989433, 0.010852498255795658, 0.0019175133185099684, 0.007391035649114168, -0.024327582938006253]","[-0.5431371861172705, -0.11964206958624997, -0.49875591509372247, -0.17993216719485713, -0.4582150233529836, -0.21769078183420354, -0.4233373186310854, -0.23895445795222137, -0.395016706130381, -0.24893094924644996, -0.37343763288058474, -0.251922446279428, -0.35826237374915804, -0.25132126829034857, -0.3492203944292579, -0.24978013372615215, -0.3449445010546535, -0.24862359563395003, -0.34365676171908494, -0.24817883648540198]","[0.007495223386990046, 0.029979960870877953, 0.0011649810683156403, 0.00970731853422424, 0.035164966089666905, 0.0011194145566015834, 0.012249869347717324, 0.03974183731313374, 0.0010257648418932064, 0.015124253336565197, 0.04349305835310435, 0.000890157314830109, 0.0182916794571919, 0.04647780656726397, 0.0007509672413550383, 0.021513908657055936, 0.04890140148929767, 0.0006376089655564243, 0.024756685263231493, 0.050779706109424616, 0.0005437533440537656, 0.027995145907385055, 0.05212757033900184, 0.0004663308733006133, 0.03120956118672691, 0.052964455264531196, 0.000404062460886756, 0.03438019847286955, 0.05331704817803384, 0.00035693556603755283, 0.03748201179656707, 0.05321961914041751, 0.00032566304078951447]","[0.0235156769156456, 0.08305981159210205, 0.016258955001831055, 0.007691480898857114, 0.03181064671278, 0.0018232911825180054, -0.400341796875, -0.0517822265625, 0.023163689136505128, 0.08347488343715667, 0.01609981060028076, 0.007224724376201627, 0.031906133353710175, 0.0017025172710418701, -0.38935546875, -0.0451904296875, 0.022837934851646424, 0.08373318016529083, 0.015971362590789795, 0.006714165890216825, 0.03269355541467667, 0.0016472041606903076, -0.37177734375, -0.0385986328125, 0.02254349535703659, 0.08397000432014465, 0.015695542097091675, 0.006588236176967618, 0.03275698965787888, 0.00157967209815979, -0.3706787109375, -0.0375, 0.022306470036506654, 0.08410348892211914, 0.015300601720809937, 0.0066471106648445105, 0.03337854689359665, 0.001611068844795227, -0.360791015625, -0.03420391082763672]",0.06243157386779785
"[12.99049973487854, 13.01049973487854, 13.03049973487854, 13.05049973487854, 13.07049973487854, 13.09049973487854, 13.11049973487854, 13.13049973487854, 13.15049973487854, 13.17049973487854, 13.19049973487854]","[-0.005495599853653491, 0.030039652711329114, 0.00013648223471936886, -0.001249886668853972, 0.010503831091625629, -0.006624030727949724, -0.02175410141753892, -0.006908716911636041, 0.03434844291629923, 0.00046900664992559793, 0.00034642621948626574, 0.010098896220606144, -0.005641089519746867, -0.021745633961929987, -0.008765553161425433, 0.038426675772429655, 0.0006659791352705963, 0.002354767691739054, 0.009584679227639434, -0.00404873879787543, -0.021449156422820765, -0.0110323608842348, 0.04176714942587576, 0.0005786252357763565, 0.004426151110186409, 0.00897913419848372, -0.0019237706145239378, -0.020994466765231333, -0.013720876309593304, 0.04414089031118891, 9.289185573861073e-05, 0.00637975119155204, 0.008312322132810536, 0.00048069192427879304, -0.02049427531873425, -0.016743385891341046, 0.04555914593053183, -0.0007755848730989855, 0.008130733408283767, 0.007622156781886398, 0.0028684815776917724, -0.020056690075636208, -0.01982191213736358, 0.046359501421441414, -0.001713243119030877, 0.009735193540367991, 0.006933680181568415, 0.005142713156291535, -0.019715202168655917, -0.0227823491494143, 0.04678025252670112, -0.0025203928565547457, 0.011229031558015093, 0.006263630461550649, 0.007232889096827371, -0.019495714800334935, -0.025530780191008132, 0.04698095835129706, -0.003089527328891172, 0.012631374672775674, 0.005622682166103254, 0.009092372725517989, -0.019416910086188045, -0.02803099890944965, 0.04706200283169137, -0.0033830442109200392, 0.01394824056404106, 0.005017411359922309, 0.010693087843240124, -0.019489731878563274, -0.030284243728624125, 0.04708212732921212, -0.0034122387531758717, 0.015176245693153546, 0.004451953895508386, 0.012019203469176877, -0.019716598700694903]","[-0.5126363968609144, -0.1598092322465949, -0.457783822566791, -0.22262162268146618, -0.4212117074739257, -0.2604183969816228, -0.39827355731019026, -0.28031923273813447, -0.3849423911316025, -0.2883265793488758, -0.37791823969454336, -0.2892925246434852, -0.3746561134463664, -0.28696057795031427, -0.37338980396020194, -0.28427093713817003, -0.37301178371656263, -0.282538070636423, -0.37294117709073565, -0.28191571360446926]","[0.015654524150283233, 0.060050354180189114, 0.005692307037485023, 0.017252100841013807, 0.06256327752687119, 0.005132194548633784, 0.01914084284971418, 0.06370853409398602, 0.004464578397048946, 0.02141592582189067, 0.06360017194422696, 0.0037834724243923645, 0.0239774199182734, 0.06251538686976099, 0.0031664117369558653, 0.026650451791834673, 0.060815455374488625, 0.002659765004208836, 0.029418372721869535, 0.0586511615448293, 0.0022584865761956507, 0.03226867381320253, 0.056158207587419184, 0.0019613123390893605, 0.03518937417286816, 0.0534614442676955, 0.0017657534287329746, 0.03816459294219521, 0.05067809408196178, 0.0016657902046914863, 0.04116995524752509, 0.04791925870210845, 0.001650827637362795]","[0.027020146906375886, 0.07879511415958404, 0.016820460557937622, 0.009445444428920743, 0.029258197009563447, 0.002392411231994629, -0.43330078125, -0.07265625, 0.026495663285255433, 0.07936684191226959, 0.016774535179138184, 0.00914587148427963, 0.029367556631565095, 0.002268090844154358, -0.4322021484375, -0.0715576171875, 0.026038234889507295, 0.07995192110538482, 0.01680201292037964, 0.008445367896556852, 0.03010766750574112, 0.002204418182373047, -0.4234130859375, -0.0649658203125, 0.025535521864891053, 0.0804739087820053, 0.016890376806259155, 0.008445367896556852, 0.03010766750574112, 0.002204418182373047, -0.4212158203125, -0.0638671875, 0.02503835952281952, 0.08102045357227325, 0.01693969964981079, 0.00845707275867462, 0.030002062976360322, 0.002093583345413208, -0.4190185546875, -0.061669921875]",0.06062507629394531
"[13.071141004562378, 13.091141004562378, 13.111141004562377, 13.131141004562378, 13.151141004562378, 13.171141004562378, 13.191141004562377, 13.211141004562378, 13.231141004562378, 13.251141004562378, 13.271141004562377]","[-0.008316312728416802, 0.04024610074903082, -0.0012651976668683598, -0.0034362637300455238, 0.018396854417048986, -0.006224516491524222, -0.023263822854551156, -0.009892547161710709, 0.044078059426708394, -0.0009315548765238713, -0.0014690760375467937, 0.017404282665787113, -0.004330213895697872, -0.021592532086883737, -0.011884073989121184, 0.047217462119882564, -0.000776195491525441, 0.000831087445722542, 0.016304351319241205, -0.0018779904460796372, -0.01987138959483379, -0.01432907463310631, 0.04942476276842574, -0.0009254772953337049, 0.0032633505338964695, 0.015120211825483273, 0.0009378418079509925, -0.018256394968327306, -0.017158649350315178, 0.050716385000600044, -0.001353918108468961, 0.005723213625188239, 0.013890874839766707, 0.0038632717329654203, -0.016893643259472107, -0.02026466567479583, 0.05122087875869222, -0.00200265565447552, 0.008143156763165404, 0.012662177067530964, 0.006601983616240915, -0.015911458728745415, -0.023382634214760636, 0.05132020190795466, -0.002573246614866247, 0.010564450314621741, 0.011465753807646244, 0.009053935501622704, -0.015340279348190723, -0.026350837247029024, 0.05125300911729255, -0.002900529616201653, 0.012981135336385546, 0.010324435844281658, 0.011153457151891168, -0.01518947464190063, -0.029085894088516417, 0.05115182357041773, -0.0029222818252867032, 0.0153547902177841, 0.009253867442474535, 0.012866239705504748, -0.0154496910604647, -0.031559941889628816, 0.05107679462685813, -0.0026493330174154365, 0.01762841082554958, 0.00826419071871727, 0.014182266671950945, -0.016095813164092962, -0.03378035318488921, 0.051044326284672877, -0.002138552048059879, 0.0197384148951684, 0.0073616397828909965, 0.015107347763396894, -0.01708974566003627]","[-0.48440029875870627, -0.19924111353655288, -0.4343574719096143, -0.2574344348228969, -0.4088253123474363, -0.2901772251046491, -0.39939118826298564, -0.3052767871271303, -0.39934883112848746, -0.30914913898118884, -0.40368644311781027, -0.30684540558785445, -0.40896917336269145, -0.30215131741139967, -0.41298492461007635, -0.2980474212179093, -0.41515322783356723, -0.29565265287138426, -0.4158555693653783, -0.2948354889286596]","[0.021226960993965704, 0.07984681954513517, 0.01084750073845786, 0.022554327125512863, 0.07949919209932421, 0.009415397079658216, 0.02422260893027217, 0.07747232658356973, 0.00798603426337241, 0.026231540688653743, 0.07407842181451763, 0.006694697658788051, 0.028517436726517964, 0.06971159466061794, 0.0056296110029077084, 0.030932030851350323, 0.06485020105872952, 0.004835990784667121, 0.03346555350263092, 0.05974970930482648, 0.004291377012238584, 0.03610909836846732, 0.054637679038767484, 0.003969409074540575, 0.03885219443773047, 0.04971510550369551, 0.0038349409466809092, 0.041679345309040716, 0.0451581531149432, 0.0038444466618097195, 0.044566063157706726, 0.04111927054797704, 0.003949182109956428]","[0.031499599874019624, 0.07426353693008422, 0.017330855131149292, 0.011525229299068449, 0.026371633470058442, 0.0027659237384796143, -0.457470703125, -0.101220703125, 0.030941566288471223, 0.07459741234779357, 0.01724189519882202, 0.011161491954326627, 0.026369055569171906, 0.0026953816413879395, -0.4563720703125, -0.0990234375, 0.030357098042964936, 0.0750197410583496, 0.017226099967956543, 0.010916487061977384, 0.02646101063489914, 0.002581655979156494, -0.453076171875, -0.09243144989013671, 0.029758682310581208, 0.07549404501914977, 0.017267197370529175, 0.010580011391639707, 0.026713764131069184, 0.0025414228439331055, -0.4497802734375, -0.088037109375, 0.029168506920337678, 0.07606523633003234, 0.01723623275756836, 0.010370530867576597, 0.027101149618625642, 0.0025456249713897705, -0.4497802734375, -0.088037109375]",0.06094551086425781
"[13.130761623382568, 13.150761623382568, 13.170761623382568, 13.190761623382569, 13.210761623382568, 13.230761623382568, 13.250761623382568, 13.270761623382569, 13.290761623382569, 13.310761623382568, 13.330761623382568]","[-0.01164531356309931, 0.04898103956741568, -0.0007213903496513002, 0.00062516847723857, 0.021753357796240543, -0.0051667224338696385, -0.024941493665402194, -0.013122156941291412, 0.05191008100057712, -0.00045055704302981845, 0.0022752217620442784, 0.020501014083597592, -0.003134939625108198, -0.022880023678507562, -0.01497868701789845, 0.05386609716929145, -0.00047620896128503854, 0.004062284377899577, 0.019160110459487952, -0.0006347073132435093, -0.02069762062826359, -0.017178195599070255, 0.05479673468560724, -0.0007821509565280975, 0.005881482272001203, 0.017747454646052468, 0.0022341318116800976, -0.018567016991088352, -0.01963693378911597, 0.05478509340386559, -0.001276493420925738, 0.007661752558502945, 0.016299083891083463, 0.005300918985702765, -0.016692861271213697, -0.022435556736185767, 0.0539461272147534, -0.0020529109576722963, 0.009405890337268179, 0.014854536892592292, 0.00817877426686103, -0.015190364788594337, -0.02529459293677608, 0.052729887780968085, -0.0027756465878642994, 0.011198747763894082, 0.013446548650212322, 0.010762726634242362, -0.014100489592873966, -0.02804136809432975, 0.05141636943328487, -0.003255436384363109, 0.013061923477442137, 0.012098959352955563, 0.012983478805003045, -0.013442475764709774, -0.03058439161170458, 0.050159221204829234, -0.0034161910078733437, 0.014971403627522825, 0.010828248243986616, 0.014804238087721128, -0.01321579021505873, -0.03288965092521718, 0.049025408077231894, -0.00326235684709412, 0.016874361896064463, 0.009645203905890585, 0.016213419623717074, -0.013403267548990625, -0.03495973067782178, 0.04802897682254845, -0.0028494927948902074, 0.018703926593065107, 0.00855654473908124, 0.017215937973702394, -0.013974331248272059]","[-0.43041016206723115, -0.1986521299885526, -0.3660838510240609, -0.2615731682353548, -0.33205845450081145, -0.29738928258490405, -0.318206615548402, -0.31440590844528193, -0.3164195001749036, -0.31942905454332116, -0.320576119987785, -0.3177884359799865, -0.32640011644418926, -0.3134571244066357, -0.3310292079674302, -0.3095344520962698, -0.3335919497777785, -0.30721719344800524, -0.33443626736686005, -0.3064227504557066]","[0.02420841593137002, 0.08531501349078852, 0.012681338898508976, 0.025543747295593278, 0.08394863819229004, 0.011072027654318362, 0.027097126707813946, 0.08094068514410901, 0.009512733312692756, 0.028964782893994734, 0.07652631863104897, 0.008101777526888121, 0.031220674329890397, 0.0710621454325322, 0.006928289790330222, 0.03359087028643337, 0.06508781769668914, 0.006042902769446634, 0.036055789549573225, 0.058861601351949844, 0.0054231889044817905, 0.03860016513027653, 0.052613100773042376, 0.005044126478292998, 0.04120989937792796, 0.04654635782648242, 0.004871006443591952, 0.04386823947210461, 0.0408428773762779, 0.004858738658333195, 0.046551767118863996, 0.03566344740002769, 0.00495457287947243]","[0.035446097910404206, 0.07239454388618469, 0.017843186855316162, 0.013143592262268064, 0.02569880133867264, 0.0029766112565994263, -0.4607666015625, -0.1242919921875, 0.035032203257083894, 0.07254559695720672, 0.017709553241729736, 0.012949728155136106, 0.02566488629579544, 0.0029411613941192627, -0.4607666015625, -0.1242919921875, 0.034590324223041535, 0.07270168662071227, 0.017665356397628784, 0.012713529849052427, 0.025688728153705598, 0.002903357148170471, -0.4607666015625, -0.1242919921875, 0.0340708846449852, 0.07291268706321716, 0.017645537853240967, 0.012507409536838529, 0.02575430816411972, 0.002868443727493286, -0.4607666015625, -0.1177001953125, 0.03354351764917374, 0.07311330139636993, 0.01764807105064392, 0.012182020330429075, 0.025851538240909577, 0.0028605014085769653, -0.4607666015625, -0.1177001953125]",0.06286287307739258
"[13.23108196258545, 13.251081962585449, 13.271081962585448, 13.29108196258545, 13.31108196258545, 13.331081962585449, 13.351081962585448, 13.37108196258545, 13.39108196258545, 13.411081962585449, 13.431081962585449]","[-0.01817333321998081, 0.058976023317564914, 0.0008663341236758658, 0.010759171638318077, 0.02339669794352843, -0.0024979006784395115, -0.02752829558955515, -0.019518593612811153, 0.06040663753507445, 0.0008842659522649312, 0.011531415256654111, 0.021967870839004613, -0.0005085044492933437, -0.026104083410612558, -0.02120784785422441, 0.060659300559953236, 0.0004830892086947802, 0.012098538024613015, 0.020473417869363183, 0.0019949720218375073, -0.024165768678889553, -0.02313531858217239, 0.05967724304958466, -0.00025726653839357346, 0.012395460272504343, 0.018924128487871686, 0.0049137504439353006, -0.021813642612163703, -0.025361877753564483, 0.057469783599118446, -0.0014206310264421775, 0.012450629703346821, 0.0173452480768557, 0.007899453903743213, -0.019179732768724592, -0.027618192354985974, 0.054169003972222865, -0.0028111814059669196, 0.012173775087950554, 0.015795077067449564, 0.010719980601566854, -0.01662723503950888, -0.029735665059790785, 0.05036203141226096, -0.004095117582144925, 0.01182358138843868, 0.014290767474218632, 0.013286770153114122, -0.01423552264500521, -0.03162961700718144, 0.04643545672631748, -0.005082848441480008, 0.011567482749125, 0.012844335196073317, 0.015539356558824347, -0.012068950709223387, -0.03327511105002809, 0.042621470182413336, -0.005696341007337209, 0.011497742018092762, 0.011463939436648354, 0.017443385030971734, -0.010177080121031773, -0.03468542101413513, 0.0390404429043261, -0.005937307459298488, 0.011648014246062672, 0.010155275119511052, 0.018984454971896294, -0.008595573725994588, -0.03589398439978174, 0.035738299069299866, -0.005858654541294721, 0.012009355858870375, 0.008922840313141275, 0.020160579173497496, -0.007347537292002451]","[-0.33279196862912946, -0.2535454268204106, -0.22137868944419162, -0.29569201952476265, -0.15131403674058122, -0.3156654382142799, -0.1110550015240232, -0.3211475953795267, -0.09093598274099014, -0.3182118797318108, -0.08322451898811267, -0.31143682028840053, -0.08204729119796063, -0.30406866539001304, -0.08312636256880522, -0.2985993651027691, -0.08424728881121853, -0.2956490431388254, -0.08471293798691257, -0.2946863373592762]","[0.028416736506640117, 0.08120666352803019, 0.013348241848099018, 0.03037061893514048, 0.07984142486399648, 0.012030918645560718, 0.0325341213319863, 0.07691429360343083, 0.010712829468483509, 0.034929150540599085, 0.07247902228466074, 0.00944899501877261, 0.03727381069272151, 0.06686776527791949, 0.008307418972045788, 0.03958253895217645, 0.06059006827307778, 0.007366478031312518, 0.04182656420924613, 0.05384071313047745, 0.006621293116108262, 0.04398396851398423, 0.046791212598645604, 0.006070790332463716, 0.04603762816376644, 0.03960015310098042, 0.005709029975714763, 0.047971701401567035, 0.03242121618237581, 0.00552107504846866, 0.04976802345316589, 0.025407596314946268, 0.0054811136963746065]","[0.038473253905773164, 0.0712559014558792, 0.018196046352386475, 0.01430847563743591, 0.025137742817401887, 0.00309811532497406, -0.4629638671875, -0.14296875, 0.03817387467622757, 0.07138749361038207, 0.01818898320198059, 0.014191099190711973, 0.025239085614681245, 0.0030673742294311523, -0.4629638671875, -0.14296875, 0.03781506961584091, 0.07153690755367278, 0.018162429332733154, 0.01393354752063751, 0.025354957044124604, 0.003063187003135681, -0.4607666015625, -0.1242919921875, 0.03741248494386673, 0.07171455919742584, 0.018105655908584595, 0.01376678862571716, 0.02546798235177994, 0.0030520856380462646, -0.4607666015625, -0.1242919921875, 0.036987190902233125, 0.07184634506702423, 0.018093138933181763, 0.013563894414901731, 0.025524666368961335, 0.0030380934476852417, -0.4607666015625, -0.1242919921875]",0.06618690490722656
"[13.31074333190918, 13.33074333190918, 13.350743331909179, 13.37074333190918, 13.39074333190918, 13.41074333190918, 13.430743331909179, 13.45074333190918, 13.47074333190918, 13.49074333190918, 13.510743331909179]","[-0.022462946259782714, 0.06235584944178943, 0.0019617011671823107, 0.015757509591451297, 0.02303352465082807, -0.0005328852608243972, -0.02967164218754927, -0.023837925807034102, 0.06281969480692323, 0.0016360800574305569, 0.015767305682780817, 0.021588551324844735, 0.0013450824814596161, -0.028422522837424174, -0.02544714874033849, 0.06195692256414135, 0.0008552370592122699, 0.015364976332127253, 0.020084445400178407, 0.0037944645869444245, -0.026306075649734657, -0.027344071709339474, 0.059640245441464575, -0.00047750966148966246, 0.014581549758022368, 0.018516284588536824, 0.0065750926805716245, -0.023307398183464258, -0.02925299480055244, 0.05589986886754268, -0.002148572845970817, 0.01336145080225509, 0.016921380288001175, 0.009532771427224087, -0.019744230655874495, -0.031038115986667645, 0.050809817198212835, -0.004067728963276473, 0.01164717260526237, 0.01535546900866548, 0.012400600235028739, -0.016093818204060084, -0.032607075565379735, 0.045092279714670926, -0.005880375327052144, 0.009836718794704038, 0.013827376925167697, 0.015092343179448879, -0.012472261483667953, -0.03392913750598853, 0.0392334606222963, -0.0073764476158895585, 0.008205068100241871, 0.012344170400101188, 0.01754279383000684, -0.00898172689494266, -0.035014386785424276, 0.03353406747659416, -0.008459213260867784, 0.006921733630887826, 0.010911882327188835, 0.019707401340915753, -0.005709572814767683, -0.035896062903913714, 0.028156945336999802, -0.009114724304140943, 0.006070095438070724, 0.009536445913324285, 0.02155798532656704, -0.0027287546525600454, -0.03661648861366536, 0.02317000139332819, -0.009384135567440366, 0.005667090640515703, 0.008224559598411195, 0.023077019676185983, -9.92338733710726e-05]","[-0.24031088421670532, -0.281998297203211, -0.09021426593613387, -0.31436925413677297, 0.007610739732550825, -0.3281369677483136, 0.06669850008347378, -0.33010616268063375, 0.09867637236757588, -0.32555425228489504, 0.1131222182966941, -0.31836352841836996, 0.11758021619208718, -0.3112011351520956, 0.11778853443836598, -0.30607595023938533, 0.1170247485905237, -0.3033693527896694, 0.11660833593462906, -0.30249825993027957]","[0.03341153511514183, 0.07665802080718542, 0.013334365611403332, 0.03570209951062431, 0.07563971933351255, 0.012197594868611716, 0.0381004540760288, 0.07295093847478817, 0.011006540867677828, 0.040303129594838616, 0.06858582506780797, 0.009782924345635102, 0.042340686386849846, 0.06276451117915594, 0.008610259770614803, 0.04423494011995688, 0.05606617735452435, 0.00759274143601818, 0.04596143129936148, 0.04866145086837914, 0.006740755889667938, 0.04750487429448569, 0.04069577943996405, 0.006072523776459171, 0.0488566278171465, 0.03230675849417253, 0.005605417829379622, 0.050010786441008204, 0.023638362126394252, 0.0053502256634008205, 0.050960896604539396, 0.01484959148133047, 0.005305932618792308]","[0.03916626220941544, 0.07013143002986907, 0.018433690071105957, 0.014235728168487546, 0.025131543934345246, 0.003084033727645874, -0.4343994140625, -0.18251953125, 0.03902620619535446, 0.07036718130111694, 0.018370389938354492, 0.014091611588001249, 0.02524568682909012, 0.0030658841133117676, -0.4475830078125, -0.17373046875, 0.0389418209195137, 0.07059995234012603, 0.018374770879745483, 0.014241293752193449, 0.025248562753200532, 0.003099009394645691, -0.453076171875, -0.167138671875, 0.03895159608125687, 0.07076404392719268, 0.018394917249679565, 0.014283873820304868, 0.025190045893192292, 0.0031050145626068115, -0.453076171875, -0.1660400390625, 0.03899157589673996, 0.07086553573608398, 0.018333375453948975, 0.014466405594348905, 0.025131454527378083, 0.003077283501625061, -0.4552734375, -0.160546875]",0.06113171577453613
"[13.39124321937561, 13.41124321937561, 13.43124321937561, 13.45124321937561, 13.47124321937561, 13.49124321937561, 13.51124321937561, 13.531243219375611, 13.55124321937561, 13.57124321937561, 13.59124321937561]","[-0.02673444180948746, 0.06319653780030898, 0.0013759381480743888, 0.018111428297777368, 0.022916546443179548, 0.0009806718147633718, -0.03173978143638579, -0.02809065376068234, 0.06296787947494328, 0.0007158610448884653, 0.017428457876746593, 0.021466582477036734, 0.0029780522283003423, -0.030363330313386415, -0.029756771033547815, 0.06124353887066003, -0.0005631685410685262, 0.016285037033437248, 0.019940867342532063, 0.005454890773612318, -0.027678852788323688, -0.031442791850185205, 0.0579017634405451, -0.00226396934636886, 0.01462427541972484, 0.01834103889425849, 0.00836459244732538, -0.023781267636657402, -0.03300054105576402, 0.05290613045982364, -0.004278637314793249, 0.012439271853634177, 0.016695238694901946, 0.011522811023394272, -0.019028987598721597, -0.03430308179024932, 0.04623261272382487, -0.006557563899182995, 0.009611554803257075, 0.01507340556787498, 0.014633443648376827, -0.014101336714727132, -0.0353259800975693, 0.03878362113297069, -0.008709808198961139, 0.006687954703067488, 0.01348031722638811, 0.017603044812320008, -0.00915332294599556, -0.0360866330351739, 0.031169511289213237, -0.01050033371739617, 0.004049245750322123, 0.011922147308662501, 0.020355704961890733, -0.004322895380221644, -0.03662635084796887, 0.0237691796111962, -0.011817357369378273, 0.0019327001174141729, 0.010406478068266238, 0.022834285811664717, 0.0002704848014037683, -0.036996011890665016, 0.016788125334668075, -0.012640104392867176, 0.00045756930580940976, 0.008942701917822154, 0.02499749357553833, 0.004524802975301637, -0.03724551553103951, 0.010311520783270517, -0.013009368201293264, -0.0003486033383782027, 0.007542459386035373, 0.026815193226272467, 0.00835282759982535]","[-0.15603329699194327, -0.3062579112888393, 0.03675709316260706, -0.3309582120376109, 0.16278877635796812, -0.33948574244274826, 0.23904962955420803, -0.33816263991851225, 0.28026787042383355, -0.3317805082465341, 0.29868859485676236, -0.32376270937309126, 0.30406374995807983, -0.31636839439680475, 0.3039803544177666, -0.31126565867166966, 0.3027718147819723, -0.3086308280958615, 0.3021526374849267, -0.30779589088192405]","[0.03820832608160174, 0.07470730179816387, 0.013677990472979573, 0.040743915419401144, 0.07398961318466135, 0.012592531420843489, 0.0430143400671088, 0.07137294862221477, 0.011383022049303193, 0.04498337796268714, 0.06667657288636786, 0.010075847976276364, 0.04663195674672371, 0.06010388543226908, 0.008768530947554698, 0.04806142088321663, 0.052391890808317854, 0.007618158674700393, 0.049249097148528875, 0.04372632237811125, 0.006647219234534596, 0.050183504003298296, 0.03425947530776252, 0.005892742673293316, 0.05086109654345772, 0.024135495041825994, 0.005395395375490608, 0.05128178835166919, 0.013512215202817313, 0.0051907688565489, 0.05144602007583399, 0.0025749590131245448, 0.0052997538711343495]","[0.041567733347415925, 0.06615301370620727, 0.017608046531677246, 0.015210591936111448, 0.02375899797677994, 0.002962768077850342, -0.3772705078125, -0.2143796920776367, 0.041152840316295625, 0.06687983274459838, 0.01784464716911316, 0.015055321836471555, 0.024121096193790437, 0.002987787127494812, -0.3904541015625, -0.2099853515625, 0.04070644623041153, 0.06755418479442596, 0.018003761768341064, 0.014788844370841978, 0.024474626243114472, 0.002977326512336731, -0.4058347702026367, -0.2011962890625, 0.040261750876903535, 0.06819213330745696, 0.018165230751037598, 0.014522605323791501, 0.024528747260570527, 0.0029757916927337646, -0.4102294921875, -0.20009765625, 0.03989022022485733, 0.06871650516986846, 0.018289536237716675, 0.014329098844528196, 0.02448863333463669, 0.0029705166816711426, -0.41572265625, -0.1968017578125]",0.0592808723449707
"[13.471786737442017, 13.491786737442016, 13.511786737442016, 13.531786737442017, 13.551786737442017, 13.571786737442016, 13.591786737442016, 13.611786737442017, 13.631786737442017, 13.651786737442016, 13.671786737442016]","[-0.027930365132796803, 0.06303129060179655, 0.0018913746384319433, 0.018036840756417618, 0.02325751456664792, 0.000918350384900622, -0.03181240091990907, -0.02959073508325238, 0.06204500748859972, 0.0004879430141981209, 0.01703801888702041, 0.02173247981630769, 0.002952488185979973, -0.029864327007891087, -0.03131594622719792, 0.05944501581508821, -0.0014055835259262942, 0.01548137622962826, 0.020120209591020864, 0.005670980695201142, -0.026437493636617806, -0.032975189545650055, 0.05505108798321202, -0.0036955021003423605, 0.013350861291077739, 0.018410720406224983, 0.00902173121771602, -0.02166144521500193, -0.034451487666869736, 0.04873706697346875, -0.0063045153035524845, 0.010573818670494695, 0.01664537030850204, 0.012793214168209938, -0.016062659464518837, -0.035763215053620685, 0.04060047836870789, -0.009233621668968602, 0.0071630086966639845, 0.01489264490242051, 0.016582813685044075, -0.01030798907618867, -0.03685160809369243, 0.031675874367879865, -0.012003245755147138, 0.0037345251849280007, 0.013164615798374947, 0.020264817364336447, -0.004569882746332315, -0.03770918253412328, 0.022654026887664103, -0.014320631232292151, 0.0007089522973626785, 0.011474445253280079, 0.023734411870652877, 0.0009991460075382318, -0.03836041202533021, 0.01395452383667471, -0.016042295363213704, -0.00166028074343599, 0.009835990384796612, 0.02691003231445644, 0.006268273207432071, -0.03884578761641337, 0.0057954137153268725, -0.017136249891814406, -0.0032553857019111754, 0.008264220092359286, 0.029730291212898906, 0.011126469790722376, -0.03920961585586531, -0.0017432440127292204, -0.017647038603548076, -0.004062254258274569, 0.006775847132940998, 0.03214838728620519, 0.015478567532198522]","[-0.04983266983835658, -0.32687478974968703, 0.1663064394703697, -0.3628924375301371, 0.3049709490920918, -0.37865312001204054, 0.3864745787510464, -0.3814958193109402, 0.4282839121010627, -0.3771196242330923, 0.4448051979609338, -0.36971666328107433, 0.44741988109752956, -0.36217763201150405, 0.4450750897421741, -0.35673422663848187, 0.44257941540502077, -0.3538475328636233, 0.4415259512173951, -0.35291746018868336]","[0.0409083578002023, 0.07371662546951185, 0.014074356553556377, 0.042799520019307646, 0.07283162888534545, 0.012902982232200877, 0.044462197521986546, 0.06969909253052986, 0.011563210906619936, 0.04588513272466699, 0.06411834022577301, 0.010096803292030998, 0.04716956140763906, 0.05642690192718902, 0.008655155351359411, 0.048307978273895325, 0.0474355474393473, 0.00740731961206631, 0.049279520000074406, 0.0373429754396124, 0.006394336087054864, 0.050076054566668304, 0.026308797064547473, 0.005674068895949347, 0.05069607781359764, 0.014486659626151699, 0.00530800956916222, 0.05113827163575069, 0.0020521857865833937, 0.005349536306225033, 0.05139782698976836, -0.01078010543747121, 0.005830042314070916]","[0.04733695632219315, 0.052933999896049494, 0.014944255352020264, 0.017767027699947355, 0.01821801608800888, 0.0026683658361434937, -0.325634765625, -0.2341552734375, 0.046394428074359895, 0.055225262045860285, 0.015217185020446777, 0.01744616844654083, 0.019777996301651002, 0.002709627151489258, -0.3322265625, -0.2319580078125, 0.04563399201631546, 0.057522290945053095, 0.015483856201171875, 0.016923547470569608, 0.021662233233451844, 0.0028275400400161743, -0.343212890625, -0.22646484375, 0.044741293251514436, 0.059603953361511225, 0.015896230936050415, 0.01664391973018646, 0.0221092084646225, 0.002829432487487793, -0.3443115234375, -0.2253662109375, 0.043929358780384065, 0.06147752106189727, 0.016202688217163086, 0.01627414741516113, 0.02276322788000107, 0.002870604395866394, -0.3772705078125, -0.2143796920776367]",0.06268787384033203
"[13.551276445388794, 13.571276445388794, 13.591276445388793, 13.611276445388794, 13.631276445388794, 13.651276445388794, 13.671276445388793, 13.691276445388795, 13.711276445388794, 13.731276445388794, 13.751276445388793]","[-0.032496147916809145, 0.06144827314829825, -0.0014356885719946358, 0.018704808513958098, 0.022929334690310207, 0.0033142918361253946, -0.031936764438506286, -0.03390141737980648, 0.05951181019398816, -0.0030014536931973344, 0.017052118195479523, 0.021350067300396073, 0.005777407880711845, -0.029159751565670012, -0.03523030071894158, 0.05578019344222018, -0.004951284778591849, 0.014763020432222936, 0.019669379197991436, 0.008897733179818953, -0.024716858818809733, -0.036342865301571804, 0.05002000162592308, -0.007219567334403266, 0.01176614689365991, 0.017900534729395998, 0.01255133377859076, -0.01895489433566844, -0.03723777618330262, 0.04225779646956135, -0.009787016033236607, 0.008120600053463057, 0.0160895508946491, 0.016419977336018084, -0.012445922225243771, -0.03785257121864018, 0.03288761710467658, -0.012470277040172641, 0.004001981967173931, 0.014301393478272846, 0.020195372437255957, -0.005841038990028182, -0.03819460604889428, 0.02295895251727268, -0.01484211735546439, 6.291189006328895e-05, 0.012548097703725728, 0.023758003233329113, 0.0006693279740736194, -0.03830383215489835, 0.013150552583805942, -0.016663360319210275, -0.003267163371555609, 0.010843916348646452, 0.02701146510029898, 0.00691951293696067, -0.038235531326530264, 0.003852380391188692, -0.017841409681231563, -0.0057472435360468015, 0.009204539196970713, 0.029885247373809175, 0.012771307514719844, -0.038047219054295076, -0.004756023293202514, -0.018389329985743726, -0.0072864513801104164, 0.007647324711928146, 0.03233124340202839, 0.018110505299236794, -0.03778978718734114, -0.012634537483081016, -0.018388809853917613, -0.007905736166232254, 0.006191673890158095, 0.03431744750153668, 0.022840429949985325]","[0.09967099936597526, -0.34050964970880027, 0.31255509409512106, -0.3603003844118318, 0.44316994083176137, -0.36383902844919885, 0.5143856285329774, -0.35799475854341867, 0.5455750869481807, -0.3478573689972123, 0.5524839085642397, -0.3369527231886363, 0.5473560988476428, -0.3275096806433249, 0.5399774734142935, -0.3211991209561874, 0.5349556331374042, -0.3180082258082225, 0.5331114600965232, -0.31701280562951356]","[0.04331688760781116, 0.07241122837743408, 0.01407495562235539, 0.04526030473806353, 0.07060751742603522, 0.012810202454240915, 0.04691442009149149, 0.06620794591074786, 0.011358717350517633, 0.048310587868399146, 0.05924495226367199, 0.009821472211575255, 0.04941187261947877, 0.05022924799682826, 0.008361913066884608, 0.050274362137104234, 0.039892927033175596, 0.007142316374526558, 0.05086979997905239, 0.028447544264854407, 0.0062160414009531095, 0.051184103292760685, 0.016067433191039537, 0.005652871498078582, 0.05121026219497504, 0.00292643037425222, 0.005522932097645317, 0.0509429864978308, -0.010773137667497323, 0.005881212703217287, 0.050377392945744504, -0.024784434041550618, 0.0067507261600550095]","[0.053798308432102204, 0.03130941987037658, 0.012337267398834229, 0.020721495831012723, 0.009925355970859528, 0.0023311376571655273, -0.224560546875, -0.2671142578125, 0.05300215429067612, 0.034548097848892206, 0.012653380632400513, 0.0204267881155014, 0.011353811085224152, 0.00234299898147583, -0.2454345703125, -0.2605224609375, 0.052129288971424104, 0.03773968815803527, 0.012857019901275635, 0.02000918307304382, 0.0134690979719162, 0.002387985587120056, -0.2542236328125, -0.2583251953125, 0.05125573819875717, 0.04083221554756164, 0.013016045093536377, 0.019538760864734647, 0.01485803520679474, 0.002416282892227173, -0.270703125, -0.25283203125, 0.05044569617509842, 0.043543571233749384, 0.013310819864273071, 0.018964119935035703, 0.016065893530845643, 0.0024962574243545532, -0.2739990234375, -0.2517333984375]",0.06178903579711914
"[13.631133317947388, 13.651133317947387, 13.671133317947387, 13.691133317947388, 13.711133317947388, 13.731133317947387, 13.751133317947387, 13.771133317947388, 13.791133317947388, 13.811133317947387, 13.831133317947387]","[-0.03628307790841486, 0.05514297454967448, -0.006468549447102647, 0.016558195919093955, 0.022270993091756848, 0.007500249524211869, -0.029778952336865543, -0.03736536913074587, 0.05252812337553306, -0.007744997012363686, 0.014546560229394307, 0.020607255897239475, 0.010418049275939159, -0.026062781384981807, -0.03819844374754278, 0.04796967345778884, -0.009264022731990075, 0.011816643904837078, 0.01886587388377018, 0.013737934076640637, -0.020842118226565936, -0.038745838637919486, 0.04142084171499723, -0.011020253437593766, 0.008430325820629195, 0.017067690888542066, 0.017222097174329622, -0.014489280804468322, -0.03891711437277068, 0.033231047504127025, -0.012813654203437634, 0.0046167709925861375, 0.015252434291023144, 0.02067043022948419, -0.00751639880094721, -0.038682511284274294, 0.02377043296362384, -0.014514926418693832, 0.0005387978234659538, 0.01348508593980723, 0.02383695335086917, -0.0005948528914108608, -0.03813361643399439, 0.014018490477972564, -0.01581312126164125, -0.0031760185872852197, 0.01177547460194819, 0.02663448536805812, 0.006083156545406928, -0.037367345502382444, 0.004584848209678863, -0.016565499358126057, -0.00613588059802793, 0.010136139167779376, 0.02900041167951085, 0.01235652764578514, -0.03647261496936953, -0.004204567960232724, -0.016754632949435987, -0.00814488533116352, 0.008581353377272108, 0.030898525565640187, 0.018098487763022843, -0.03552220626529621, -0.012225766572734813, -0.016447645379849954, -0.009159451172550067, 0.007127021306602455, 0.03231486620277031, 0.023211182883250556, -0.03456929756828892, -0.019483383172890903, -0.015760616506292298, -0.009245475622501043, 0.005790616651665499, 0.033251111708037275, 0.02761633597866433]","[0.20801351830673256, -0.32921386315548307, 0.3982349411438274, -0.32700347375127586, 0.5079413176542148, -0.31537031166807244, 0.5610040769277835, -0.29988133462192557, 0.5773180115180518, -0.2842955824946339, 0.5727741437273749, -0.27087231361012015, 0.559481585377303, -0.2607003812787454, 0.5472074126193398, -0.2544330657560119, 0.5398674445407954, -0.25144220035340326, 0.5373270251063073, -0.2505485362056522]","[0.045281980803740574, 0.0683303635073429, 0.013800949414173758, 0.04753994545420026, 0.06494242286584173, 0.012402076455008793, 0.04944469039772481, 0.058984104869845844, 0.010900493212014695, 0.050854973807294535, 0.05069852951646858, 0.00940877320962219, 0.05177410742295052, 0.04050010646263491, 0.00806548329842105, 0.05229723610437231, 0.02913728757244538, 0.007031838568693605, 0.05239441249285459, 0.016848673803218528, 0.006354788335908079, 0.05204875760350003, 0.003840862808588419, 0.006091492420920552, 0.05125116856952738, -0.009679615586047685, 0.006289976983785195, 0.0499983726587514, -0.02348259518527218, 0.006973201531637496, 0.048295278681520504, -0.037302537042427364, 0.008125321441706745]","[0.05917624181509018, 0.003794910013675684, 0.011682778596878052, 0.023662776434421537, -0.0012279694676399222, 0.0026513785123825073, -0.123486328125, -0.2912841796875, 0.05868198519945145, 0.0074947416782379095, 0.01187106966972351, 0.023269348526000974, 0.0009750778079032907, 0.0025814324617385864, -0.1487548828125, -0.2868896484375, 0.058081229984760285, 0.01116091907024383, 0.011811673641204834, 0.023016699337959287, 0.003467013895511628, 0.002507150173187256, -0.1575439453125, -0.2846923828125, 0.05744846707582474, 0.014908725023269648, 0.011661052703857422, 0.022687592291831968, 0.005303708672523499, 0.0024175643920898438, -0.1773193359375, -0.2802978515625, 0.05626883155107498, 0.018373759090900416, 0.011478632688522339, 0.022290580654144285, 0.006358934402465821, 0.002343982458114624, -0.1861083984375, -0.2781005859375]",0.06195974349975586
"[13.711000919342041, 13.73100091934204, 13.75100091934204, 13.771000919342042, 13.791000919342041, 13.81100091934204, 13.83100091934204, 13.851000919342042, 13.871000919342041, 13.89100091934204, 13.91100091934204]","[-0.03820783969047314, 0.04756324317779967, -0.008226650561152054, 0.013635684610691647, 0.019472867614479143, 0.012449349751536805, -0.025158680828433373, -0.03907369279908547, 0.04406912508505719, -0.009176299262136102, 0.011467073483048021, 0.017826487478990034, 0.01520391363329255, -0.020855850151311594, -0.03963666346341957, 0.038707362228551485, -0.01038546539751529, 0.008622578578167733, 0.01614416847064959, 0.01800575088563929, -0.015344381606606701, -0.03977925232408576, 0.031774599466761894, -0.01166476375702773, 0.0053342717429936135, 0.0144442508272221, 0.020724810819738086, -0.008932779003227717, -0.03945439262371904, 0.023608514468630687, -0.012873740105199987, 0.0018194928575724137, 0.012766146447125938, 0.023212549748904302, -0.0021270366571184206, -0.03863940165674379, 0.014595616437895052, -0.013879460332766694, -0.0017582733759893734, 0.011165242829979266, 0.025349815612299664, 0.004451039896220434, -0.03751641495644658, 0.005567824288037827, -0.014503948209877736, -0.004846753873815699, 0.009644535793459275, 0.027095898583730058, 0.010630893783866818, -0.036233080331529784, -0.002979233963124334, -0.014692800446543041, -0.007124123083700951, 0.008210758324852123, 0.028427375556872032, 0.01627754022767037, -0.034898572464495736, -0.010803895596104198, -0.014478632731952698, -0.008456248333384837, 0.006873026169229674, 0.02933943062557809, 0.021294401394140256, -0.0335850214241477, -0.017841079716598002, -0.013947964880821855, -0.008850707016465929, 0.005642237113492815, 0.029843063156921062, 0.025615821739045093, -0.03233296016045707, -0.024133681462862086, -0.013213517253804347, -0.008412437593593645, 0.004530571509596514, 0.029960675965793482, 0.02919523868404563]","[0.29077048504348363, -0.3151098799326176, 0.4457387294936297, -0.29438860398769284, 0.5283494896355566, -0.2733498191023197, 0.5614138514028143, -0.25477344727938794, 0.5636484772776026, -0.24002627310430275, 0.5497520598869821, -0.22942248503622134, 0.5306952006040146, -0.22255901248069918, 0.5153473222118166, -0.21883480084430076, 0.5066854373041567, -0.21724816109087655, 0.5037764184010479, -0.2168206677052367]","[0.05016598393290295, 0.05787965785810911, 0.012079006083806743, 0.05240824894418905, 0.05282495271446841, 0.010810398031479984, 0.05399775033329757, 0.04568491563773103, 0.009542248603286119, 0.05484018621471831, 0.03663030346062124, 0.008348385975783579, 0.054961723631935744, 0.02609999623354664, 0.007349118078384009, 0.05455444158759848, 0.01474421870111442, 0.0066682214651336835, 0.05362053980643289, 0.0027933228259251486, 0.00633609272481106, 0.05216990969310209, -0.009550270113953818, 0.006384181963821511, 0.05021706196778375, -0.022086664966427083, 0.006828993813484452, 0.047782712791778925, -0.03460066348238389, 0.007660967411972752, 0.044899413902887986, -0.04685366091402843, 0.008836919513238506]","[0.06122096425294876, -0.021839274466037756, 0.01344040036201477, 0.024909035050868986, -0.010927641928195952, 0.003196805715560913, -0.018017578125, -0.3044677734375, 0.0612099671959877, -0.018749570846557623, 0.013420134782791138, 0.024804242634773252, -0.009172776877880096, 0.0031362026929855347, -0.0432861328125, -0.303369140625, 0.06103347784280777, -0.015567710995674139, 0.013176321983337402, 0.02482771941423416, -0.007143082261085509, 0.003036782145500183, -0.05537109375, -0.301171875, 0.06087817794084549, -0.012218183279037481, 0.012760967016220093, 0.024725743317604063, -0.005552360951900481, 0.0028701722621917725, -0.0696533203125, -0.3000732421875, 0.060728942811489106, -0.009002266824245458, 0.01239737868309021, 0.024637655103206632, -0.004654752254486083, 0.0028030872344970703, -0.0806396484375, -0.2978759765625]",0.06147408485412598
"[13.790205955505371, 13.81020595550537, 13.83020595550537, 13.850205955505372, 13.870205955505371, 13.89020595550537, 13.91020595550537, 13.930205955505372, 13.950205955505371, 13.97020595550537, 13.99020595550537]","[-0.0407898799061123, 0.03372758155906753, -0.009697127555777384, 0.01016781280913146, 0.01473673561447836, 0.017779268403472975, -0.019039872247950743, -0.04143881443318165, 0.029736766372248456, -0.010420932268085313, 0.007979552098153216, 0.013264615565977344, 0.01990719510982065, -0.014712607557417864, -0.04169082613394748, 0.024262864091813465, -0.01130409439351616, 0.005284803169968588, 0.011804428378709694, 0.021841755172333534, -0.009443094809317189, -0.04146100156982531, 0.017623058149862886, -0.012205577754558604, 0.002312993822055177, 0.010380825205042337, 0.023443535542062473, -0.003545811595698582, -0.04070340347013542, 0.010191516050741914, -0.012990337502710725, -0.0007134226619647696, 0.009025227301563937, 0.024637649416680608, 0.0025282880820795316, -0.03934614282580142, 0.002405245366266601, -0.013444135057273487, -0.0036187391061463293, 0.007771427844911915, 0.02550009969218405, 0.008256649592861282, -0.03768156745941194, -0.005136051284621538, -0.013555286795796623, -0.005963372913712166, 0.006608150487894165, 0.026042687940384605, 0.013500155088124978, -0.03591734221800018, -0.012096972077118517, -0.013368327651527076, -0.007512530410324655, 0.0055309549876262, 0.026280840588013405, 0.018156276521189906, -0.03418578917119549, -0.018338818483755407, -0.01296115884217609, -0.008195399044333073, 0.004540386805523021, 0.026235366407693642, 0.022161223585867414, -0.03255789558067605, -0.0238562105862086, -0.012426034629445125, -0.008061547350726702, 0.003640632967041977, 0.025932585183889467, 0.025481131406987313, -0.031059765914749838, -0.028721182138844795, -0.011854974737348745, -0.007239394399177526, 0.002838307323730079, 0.025403740616165488, 0.028098924745905536]","[0.35377018921221287, -0.30844226481776144, 0.4614144960917579, -0.265597481852483, 0.5119141645466068, -0.23425074029350032, 0.5244255228228336, -0.21318986988683628, 0.5144820607273212, -0.2005309677751883, 0.4941183586858468, -0.1940840827804581, 0.4721534710321604, -0.19163721403358333, 0.45577418738836717, -0.19116927492184094, 0.44687005662661106, -0.1913355995824682, 0.44394051628979525, -0.19148011975878004]","[0.056625498860441326, 0.03769785179154139, 0.010026497266268919, 0.0584197290813786, 0.032110137086019286, 0.009119469414176073, 0.059327604929666045, 0.02495696401065306, 0.008251446226582804, 0.05922920666366771, 0.016492625937910788, 0.007471940964999035, 0.058176522663246466, 0.007114996994830314, 0.006855544315142126, 0.05651901651454061, -0.0027492987225565813, 0.0064924940293238365, 0.05430463418535725, -0.012911904281714293, 0.0063975880680340325, 0.05157924183214635, -0.023202618947553155, 0.006582657893415167, 0.04838724343737755, -0.033453201134990174, 0.007045916871123659, 0.04477709173532429, -0.04348663591682822, 0.007765616198862624, 0.040809870061215836, -0.05311283152468027, 0.0086968488869692]","[0.06008650904893875, -0.04238468632102013, 0.015942782163619995, 0.025107213044166563, -0.019094715058803557, 0.004100695252418518, 0.08525390625, -0.3066650390625, 0.06043558365106583, -0.03997845426201821, 0.015736371278762817, 0.02511574395895004, -0.01765815371274948, 0.003927901387214661, 0.06767578125, -0.3066650390625, 0.06066749042272568, -0.037528632581233984, 0.015520155429840088, 0.025097199463844297, -0.016029620707035064, 0.0037359893321990967, 0.04130859375, -0.3066650390625, 0.06084335392713547, -0.034921868145465856, 0.015124410390853882, 0.024972595953941343, -0.014713416039943694, 0.0035659223794937134, 0.0358154296875, -0.3066650390625, 0.06097812002897263, -0.03233545124530793, 0.014659225940704346, 0.024851442062854764, -0.01383168452978134, 0.003453776240348816, 0.028125, -0.3066650390625]",0.05962204933166504
"[13.869863033294678, 13.889863033294677, 13.909863033294677, 13.929863033294678, 13.949863033294678, 13.969863033294677, 13.989863033294677, 14.009863033294678, 14.029863033294678, 14.049863033294677, 14.069863033294677]","[-0.04260090080490776, 0.019588663337563133, -0.009000060105483881, 0.008967229835113916, 0.010393963429521893, 0.022882387935094922, -0.0122133222906176, -0.04296667272142529, 0.015124840498280036, -0.009489194158560737, 0.006774605467541754, 0.009117376200080483, 0.023899592621674664, -0.008311871317300063, -0.04285316513545801, 0.009540386890891376, -0.010156964373053664, 0.004143431011765558, 0.007918959850252587, 0.024481548336528648, -0.003752049047703762, -0.04218551041246604, 0.003216208197216538, -0.01086193229184636, 0.0013145462698339362, 0.00682143180689632, 0.024553870164184175, 0.001132048859335575, -0.040878217457209404, -0.0034079669523220976, -0.011390759860771756, -0.0014915589349535703, 0.005840273777948663, 0.02422594512364173, 0.005926400096803367, -0.0390128385872072, -0.009837268255613898, -0.01158225619376109, -0.003977493758429729, 0.00496637059131705, 0.023701218144522286, 0.010349431270504547, -0.03694319090488487, -0.015760299809332825, -0.011564064521820818, -0.005850439144299357, 0.004175225448855963, 0.023039718161136313, 0.014304898887140132, -0.0348979280665276, -0.021031532637425642, -0.011447312965726613, -0.006976954376702363, 0.003452918724276315, 0.02228761861269672, 0.017728328953771105, -0.033002819290979465, -0.025625890124552183, -0.01132129512876918, -0.007348785850122608, 0.0027935919794923846, 0.021479803854357635, 0.02058853848679429, -0.03130645803522617, -0.02959620192956619, -0.011251798500296633, -0.007046453422405621, 0.0021971938434054727, 0.020643968802566137, 0.02287855203314392, -0.029806475448333192, -0.03303582724629743, -0.011282047488825888, -0.006204984143941259, 0.0016674035488323572, 0.019805033772412304, 0.024602626881575985]","[0.417803008454175, -0.2801156927146458, 0.4701565153329165, -0.22625320350817496, 0.4858694737232369, -0.19371129196184395, 0.47845494821111617, -0.1772794984127448, 0.4586988079553481, -0.17197477340426076, 0.43481169206210774, -0.1733448320890582, 0.41266465751165976, -0.17766204480029676, 0.3971453492470242, -0.18173940724774149, 0.38898145444903337, -0.18422463148601248, 0.3863445947001756, -0.1851008400388895]","[0.06235784785860865, 0.011103329324347211, 0.009304129070415001, 0.06344655838695923, 0.005551221768851811, 0.008779477889731435, 0.0633636283494814, -0.0007842409935707728, 0.00825955329651773, 0.062055767178788246, -0.007609682688253017, 0.007764894855810667, 0.05977588831010472, -0.014652664745921307, 0.007355885328788503, 0.05687074707961859, -0.021797828658368434, 0.007091797077311224, 0.05343077060071555, -0.0289486865454478, 0.006981504147362649, 0.04953834719647521, -0.03601506039169733, 0.007032441823102253, 0.0452701778597544, -0.04290440893428382, 0.00724460658558268, 0.04070470749795052, -0.04951659665719266, 0.007607032524087565, 0.035932008744684385, -0.05574225845173375, 0.008095843312236006]","[0.056891238152980805, -0.055858938395977026, 0.018895983695983887, 0.024485037410259244, -0.024625854730606078, 0.005386382341384888, 0.16435546875, -0.30556640625, 0.0573773587346077, -0.05467741787433625, 0.01855650544166565, 0.024625220084190366, -0.024093719363212585, 0.0051855891942977905, 0.157763671875, -0.30556640625, 0.05782889372110367, -0.053408863395452505, 0.018277794122695923, 0.02480928667783737, -0.023473875761032104, 0.004982560873031616, 0.1412841796875, -0.3066650390625, 0.058283200323581696, -0.05186959952116013, 0.017944514751434326, 0.0248336724281311, -0.023050772190093993, 0.00488629937171936, 0.1259033203125, -0.3066650390625, 0.05867778307199478, -0.05026028156280518, 0.017598479986190796, 0.024750784718990324, -0.02267037534713745, 0.004784837365150452, 0.122607421875, -0.3066650390625]",0.0645604133605957
"[13.949734926223755, 13.969734926223754, 13.989734926223754, 14.009734926223755, 14.029734926223755, 14.049734926223755, 14.069734926223754, 14.089734926223755, 14.109734926223755, 14.129734926223755, 14.149734926223754]","[-0.043117041452706784, 0.0036680688849407006, -0.008022838666775153, 0.007569188239601997, 0.00831552575304485, 0.025248399132764367, -0.005498644905404039, -0.04317305772821504, -0.0008375113150515725, -0.00860764311443528, 0.005444768962321668, 0.007196665007785649, 0.025074387821443216, -0.002305862223186115, -0.042704592544529636, -0.006057962127414563, -0.009378419309295253, 0.002959094034039549, 0.006212065482408028, 0.024389020429668496, 0.001199657114140066, -0.041613197233289934, -0.011538102836568344, -0.010108103040117253, 0.00035208602580333906, 0.00536991810411363, 0.02329076031170804, 0.00469937078040304, -0.03997708325191485, -0.01677580605147124, -0.010632057546374456, -0.0020394770275579547, 0.004646742295230303, 0.02198939778959775, 0.008014972257021755, -0.0379755255228445, -0.021493137416807882, -0.010921810709444063, -0.0039947171168212645, 0.00401538494598931, 0.020699760918943832, 0.010996935569580892, -0.035934457556361175, -0.025607666195908187, -0.011151140491046681, -0.005360813796136438, 0.0034484634463831302, 0.019494497310319957, 0.013590112555599396, -0.03404562771202314, -0.029115166597682818, -0.0114325751947518, -0.0060928813320850015, 0.0029306072843849037, 0.018420623005093305, 0.01576341793993409, -0.03239608327380498, -0.03206594553780268, -0.011826625542454299, -0.006228696557643419, 0.002455340746348185, 0.017503256586046994, 0.017510736341417015, -0.03099909674415892, -0.03454221506623239, -0.012353192165999123, -0.005861811900605657, 0.002022188131555103, 0.01675264690322679, 0.018842778491391057, -0.029823623290137578, -0.03663799090503094, -0.01300327899682871, -0.005116561263293851, 0.0016341070244941746, 0.016171844478010334, 0.019775904342815842]","[0.4352961061328292, -0.24802071103197132, 0.4444334294173137, -0.20098453920158976, 0.435312429152184, -0.1778918273266987, 0.41583845627810123, -0.17139257712136444, 0.39221724214821596, -0.17510478308126276, 0.36907110836571544, -0.18378822192591215, 0.3495931740035055, -0.19341160345257857, 0.33657096034328804, -0.20067469605557534, 0.32990044789723416, -0.2046567563440505, 0.3277787040560982, -0.20597704317611676]","[0.06477879688198374, -0.016023724139245576, 0.010710451465392623, 0.0645669561409814, -0.020396381319696122, 0.010202139107633457, 0.06312174623034172, -0.02480942861656832, 0.009644698323939327, 0.06062679017763317, -0.029074488050884195, 0.009085720029425648, 0.057343352118456536, -0.033202854272848636, 0.00858270832456176, 0.05357896349735913, -0.03723055541646714, 0.008183591001806434, 0.04944879954551307, -0.041143439313789276, 0.007895304779676149, 0.04505660212765128, -0.04492267451458165, 0.007724193057929263, 0.04049690947035378, -0.04854241924148894, 0.007671500799171227, 0.03586190246084753, -0.05196875786034383, 0.0077309626063417625, 0.03125016871170794, -0.055159774896811786, 0.007887606315625462]","[0.047414293348789216, -0.06604552492499352, 0.02187451720237732, 0.022211254322528837, -0.028061608016490935, 0.0069489628076553345, 0.2753173828125, -0.2934814453125, 0.04849930649995804, -0.06538764610886574, 0.021742939949035645, 0.02250702747106552, -0.02787088805437088, 0.006867989897727966, 0.272021484375, -0.294580078125, 0.049424117267131806, -0.06473762020468712, 0.02156144380569458, 0.02262982048988342, -0.02767576479911804, 0.006751269102096558, 0.26103515625, -0.2956787109375, 0.05032869225740433, -0.06411975100636483, 0.021300911903381348, 0.02264529534578323, -0.027453513979911803, 0.006593301892280579, 0.2577392578125, -0.29677734375, 0.05114585703611374, -0.06337872743606568, 0.02097254991531372, 0.022797607564926145, -0.027138130903244018, 0.006393164396286011, 0.24345703125, -0.3000732421875]",0.07920193672180176
"[14.050230503082275, 14.070230503082275, 14.090230503082275, 14.110230503082276, 14.130230503082275, 14.150230503082275, 14.170230503082275, 14.190230503082276, 14.210230503082276, 14.230230503082275, 14.250230503082275]","[-0.04144364681170945, -0.01517671181425874, -0.007909486991503697, 0.004950316890028707, 0.008229069888151265, 0.027652111820963936, 0.0031383104883260893, -0.04129411790312976, -0.019137564402144987, -0.008322518507563059, 0.003402458359411218, 0.007200042790777436, 0.02631187102090936, 0.0052178012899553915, -0.040497709953392115, -0.02325263515012932, -0.008767489268803438, 0.001584838240156861, 0.006365142155826577, 0.024375633460481796, 0.007084109916853325, -0.039109254855322, -0.026950827689908616, -0.009064491518880875, -0.00015102453206267377, 0.005696940262795647, 0.022025423140443624, 0.008630610411558376, -0.037296008575550745, -0.029911008752823914, -0.009185513943166808, -0.001557844565896789, 0.00515223098122692, 0.019499804972616896, 0.009826853522177286, -0.03522192729660896, -0.031961524893709174, -0.009111941516039824, -0.0024684618495402276, 0.0046828199165304205, 0.017107199258575588, 0.010713721527174716, -0.033195228506099135, -0.03331116282637163, -0.00910767583631342, -0.002910240204816766, 0.004259394552161932, 0.014950839073333192, 0.011295775595166212, -0.0313856319222925, -0.034137480694506096, -0.009323618083046074, -0.0029491038225731487, 0.0038667915770058906, 0.013097667245269954, 0.01159274805280403, -0.029858431083092926, -0.03458855076964836, -0.009820413003233457, -0.0026758835015555137, 0.0034997611923093955, 0.011582437441320575, 0.011638528796645632, -0.028608352588869346, -0.03478442198965308, -0.010592536592285736, -0.0021922718444679964, 0.003159036270262469, 0.010416710232317928, 0.011474157523768364, -0.027590469277130898, -0.0348186735200107, -0.01159104770506452, -0.0015985619043862203, 0.002847995548071908, 0.009599004409897876, 0.01113934410047843]","[0.3955066328534378, -0.2083702455909898, 0.3491316502286286, -0.16015375506941973, 0.30815978556088763, -0.13926319458105282, 0.2734759553429947, -0.136532563849707, 0.24543737864080542, -0.14433336777217334, 0.22398306146585556, -0.15665563173964375, 0.2087225859255774, -0.1690761125811392, 0.19952300086683028, -0.17807302419631602, 0.1951236442243676, -0.1828837195262951, 0.19378582533740957, -0.18445128662542215]","[0.06294804914270458, -0.04479489867694708, 0.014001317331579166, 0.06166915791768934, -0.048018242669858324, 0.013349233153893802, 0.059317909929575086, -0.05042816334804101, 0.012579230659331309, 0.056079361320409804, -0.05201865563906782, 0.01175158059817516, 0.05217715104896348, -0.0528941559286773, 0.010924710642814972, 0.04792168795651053, -0.05331536671224457, 0.010169873667215779, 0.04343903242770497, -0.05333017053900502, 0.009492565462013935, 0.03884391443856172, -0.052983555689523065, 0.008900836496980702, 0.03424146919758719, -0.05232102537754191, 0.008399623957471292, 0.029732425958116204, -0.05139015279827053, 0.007988204673161192, 0.025419617785402027, -0.05024091336628089, 0.0076592698564175166]","[0.038487201392650605, -0.06979238837957383, 0.022418558597564697, 0.018072903835773466, -0.029651308596134185, 0.007301017642021179, 0.3115724563598633, -0.2824951171875, 0.03925918585062027, -0.0696895144879818, 0.022283703088760376, 0.018346854233741758, -0.029544474720954894, 0.00719103217124939, 0.307177734375, -0.28359375, 0.04014902359247208, -0.06944849006831647, 0.022258847951889038, 0.018830300056934354, -0.029322596430778503, 0.007080152630805969, 0.291796875, -0.2890869140625, 0.041231503546237946, -0.06900920197367669, 0.022229552268981934, 0.019332648003101346, -0.029147425830364226, 0.007071897387504578, 0.2830078125, -0.2923828125, 0.04240547662973404, -0.06849793195724488, 0.022194892168045044, 0.019857988440990446, -0.028950492084026336, 0.007065176963806152, 0.2830078125, -0.2923828125]",0.06648421287536621
"[14.157759666442871, 14.17775966644287, 14.19775966644287, 14.217759666442872, 14.237759666442871, 14.25775966644287, 14.27775966644287, 14.297759666442872, 14.317759666442871, 14.33775966644287, 14.35775966644287]","[-0.03854883880494393, -0.031978151660369464, -0.009573093586445671, 0.0005677174777558202, 0.009923304562599709, 0.0276578657902693, 0.008129922174100317, -0.03815267832076219, -0.03511314921190014, -0.009894270144947094, -0.0008061321014580934, 0.008947097190281913, 0.025790489645127684, 0.009552430261311032, -0.03710829269236134, -0.03779490381530274, -0.010013805273907446, -0.002125608460509487, 0.00817807581538977, 0.023278806917384882, 0.01049915034204371, -0.03554615143301174, -0.039599396313420056, -0.009880765720236379, -0.0031207669210705988, 0.007580582583083656, 0.020260931658535198, 0.010900637328282345, -0.03360663763455558, -0.04027880792920973, -0.009483384437436671, -0.003610835888864865, 0.007100695161151792, 0.017006943778948888, 0.010806646217521967, -0.03141974742925235, -0.03972924432784884, -0.008797499015846776, -0.003478701523046372, 0.006676762412622192, 0.01389808731978573, 0.01037258359632049, -0.029294185575594173, -0.03837821194620336, -0.008176608677663904, -0.0028926598468345483, 0.006279492995037154, 0.011057018465641225, 0.00963497596340833, -0.027397918225373952, -0.03654785607661008, -0.007828701178805374, -0.002014309515259118, 0.005896282227004411, 0.008566051200607773, 0.008643637342582415, -0.025794073733087453, -0.034472805216710846, -0.007845886635454331, -0.0009917256891302684, 0.0055256187970595585, 0.006471523441540721, 0.007459160011491008, -0.024475785158090006, -0.03231653403924579, -0.008234844366475912, 4.7186441153998916e-05, 0.00517212314301777, 0.004793324680957228, 0.006145903049588678, -0.023397415921243093, -0.03018633485631399, -0.008945238345496011, 0.0009995376526594696, 0.004842509458692297, 0.0035357105372851635, 0.0047644179103914905]","[0.3412969477127168, -0.16790657818381105, 0.24727859179538023, -0.11217550120994355, 0.1757298280106232, -0.08666722469127512, 0.12302956888389123, -0.08125069968136572, 0.08571813098890148, -0.08758954315267126, 0.060594294182105185, -0.09917965243884849, 0.044770705258270704, -0.1112716525597456, 0.03612065490694135, -0.12013920625190518, 0.03230008528332945, -0.12490635192476864, 0.031207177377363105, -0.1264630623380439]","[0.0581729560918256, -0.061729737067345525, 0.01692350554621047, 0.05637958586146996, -0.06338326959885965, 0.016031390651852995, 0.05363887031247172, -0.06397898409130454, 0.015015619778490752, 0.05007849081519411, -0.06346799146891868, 0.013907955301499797, 0.04591683621581799, -0.062003189870482256, 0.012771994074793902, 0.04147869112954705, -0.05996795825666945, 0.011697842804052172, 0.03688791412900527, -0.05740186283947857, 0.010694168361435885, 0.03225945512179962, -0.05434952435368601, 0.009774767313325938, 0.027700204337098633, -0.05086729356210995, 0.008950974620584251, 0.023312484547681755, -0.047025384425710914, 0.008228419320284619, 0.019198692749366142, -0.04290762751434363, 0.007605539910726655]","[0.03178044205904007, -0.07115306556224824, 0.022985517978668213, 0.016247742557525632, -0.029891664326190948, 0.007676616311073303, 0.346728515625, -0.2671142578125, 0.03266646510362625, -0.07100161388516427, 0.02272072434425354, 0.01658535816669464, -0.029870623886585235, 0.007675498723983765, 0.3434326171875, -0.2671142578125, 0.033583169639110566, -0.07079355642199517, 0.022710740566253662, 0.017019294881820676, -0.029797615647315978, 0.007662057876586914, 0.33134765625, -0.27260723114013674, 0.03451835161447525, -0.07055758349597455, 0.02268737554550171, 0.017453134739398954, -0.029676595866680144, 0.007624462246894836, 0.33134765625, -0.27260723114013674, 0.0354482883810997, -0.07033911757171155, 0.022672206163406372, 0.017812200570106504, -0.02950151467323303, 0.0075630247592926025, 0.33134765625, -0.27260723114013674]",0.0632624626159668
"[14.231629371643066, 14.251629371643066, 14.271629371643066, 14.291629371643067, 14.311629371643066, 14.331629371643066, 14.351629371643066, 14.371629371643067, 14.391629371643067, 14.411629371643066, 14.431629371643066]","[-0.035821688019556666, -0.04259016178860106, -0.012268030500795599, -0.0033775053299593145, 0.011358031862304765, 0.027471482065258908, 0.012353952811190174, -0.03509693925500728, -0.04502103840450161, -0.012226783700209397, -0.004398264413857398, 0.010418974078641896, 0.02552406711343922, 0.013475773734700455, -0.03379183505051714, -0.04655073202395125, -0.011806091765881689, -0.005072914964451817, 0.009696645441485166, 0.022765828641431143, 0.013820263357300544, -0.03200649398016368, -0.046795134588897405, -0.010974156334447266, -0.005204484092410284, 0.009153485852606929, 0.019321782064827306, 0.013306522129510195, -0.029842700666062972, -0.045546036777724556, -0.009725715647433969, -0.004688147138160653, 0.00872854405512154, 0.01549530248612211, 0.01202026859085792, -0.027458179006297875, -0.04268277761322124, -0.008060374302799598, -0.0033869712999473967, 0.008339435269794753, 0.011719220050409408, 0.010288451015132288, -0.02514850537277103, -0.03884818547124945, -0.0064287197922833295, -0.0016225808865147214, 0.007958213752541297, 0.008138404658849619, 0.008185640733873468, -0.023074444825775878, -0.03451522673317571, -0.005112373036158159, 0.00033313506297099623, 0.007576273210769816, 0.004858276905023685, 0.00580013736038936, -0.021296598238317165, -0.030016155991333726, -0.004255787516641624, 0.0022602166465203596, 0.00719742341242128, 0.0019483792947162651, 0.0032294140745828476, -0.019808715517316226, -0.02557018586779472, -0.0038991699265640916, 0.003991517175200601, 0.00683198649247551, -0.0005488240169419142, 0.0005724137358764495, -0.01856739177664138, -0.02130950657151402, -0.004009712571301636, 0.005411180364131371, 0.006492127371412721, -0.0026075969911832537, -0.002077765614403383]","[0.2790233892581609, -0.11886117144238954, 0.13427907116379545, -0.055273629038462925, 0.02831649143506835, -0.02353885547713503, -0.046181623434070646, -0.013339578819896974, -0.09601170471370293, -0.016159636361228705, -0.1272967128122997, -0.025306314738604223, -0.1453965008158176, -0.035830432323745, -0.15447594306651644, -0.0438362408834826, -0.1581560117595035, -0.04822433358653953, -0.15912817388520645, -0.04967369878981274]","[0.05171269079868934, -0.06888493485586444, 0.01841824366542344, 0.04972518295333472, -0.07021877208788396, 0.017553725275873067, 0.046890547602534305, -0.07029008264173608, 0.016530660469013192, 0.043336650236490026, -0.06895716791261508, 0.015350295084749277, 0.03930408545595698, -0.06633290148339066, 0.014065127327712368, 0.03505481215271322, -0.06291163509125353, 0.012779254325079314, 0.030689488145942967, -0.05868850586665131, 0.011511311758514609, 0.026306801119026613, -0.05368363329654713, 0.010289790103870544, 0.02200293416696475, -0.047950141754598885, 0.009145157800960035, 0.01787266830317291, -0.04157433324072901, 0.00810612759321927, 0.014011619531589137, -0.034672833671492764, 0.007196067833170616]","[0.028085088193416596, -0.0721939004957676, 0.022719591856002808, 0.015227243983745573, -0.030418532133102416, 0.007843926548957825, 0.351123046875, -0.2275634765625, 0.028412332594394685, -0.07219111397862435, 0.0227852463722229, 0.015405499124526975, -0.030461179256439208, 0.007860422134399414, 0.3544189453125, -0.2363525390625, 0.028803100645542146, -0.07218513116240502, 0.022593289613723755, 0.015561082148551938, -0.030465612351894378, 0.007853895425796509, 0.3533203125, -0.2396484375, 0.02915646678209305, -0.07204421646893025, 0.022831857204437256, 0.015578501605987546, -0.030364157795906066, 0.007821142673492432, 0.3544189453125, -0.246240234375, 0.029571121394634248, -0.0718916341662407, 0.02290099859237671, 0.015498340809345243, -0.030188927590847014, 0.007768958806991577, 0.3533203125, -0.2473388671875]",0.06108808517456055
"[14.31019639968872, 14.33019639968872, 14.35019639968872, 14.370196399688721, 14.39019639968872, 14.41019639968872, 14.43019639968872, 14.450196399688721, 14.47019639968872, 14.49019639968872, 14.51019639968872]","[-0.033532999943280205, -0.04826745437698533, -0.014709667915487789, -0.0038285368245766544, 0.012176371951852049, 0.026542929266553474, 0.014360380290698612, -0.03251653190467056, -0.05010562070553894, -0.01437203611060354, -0.004709726861351125, 0.01130935070609833, 0.024708941987225636, 0.014812262295861665, -0.030962770999093937, -0.050702479092748075, -0.013477251232802363, -0.00510368424073146, 0.010664594610292536, 0.021893237761176885, 0.014339809695760486, -0.028910146017019748, -0.049725664344557656, -0.011995589435867177, -0.00488187587090444, 0.010204444578065023, 0.018193851042591025, 0.01288199593520946, -0.026467227299723485, -0.04695978490202663, -0.009953620196426056, -0.003918266631793202, 0.009853875129722578, 0.013905028424673196, 0.010652588205546952, -0.023696743087174982, -0.0423688673519038, -0.007329175099309279, -0.002156350812552811, 0.009527839059402233, 0.009536061621214724, 0.008014246156041275, -0.020918111516170297, -0.036744520362659766, -0.004670465729726295, 4.139292616260452e-06, 0.009198361542741914, 0.00525688943128001, 0.005062716552525755, -0.01831881561530067, -0.030658076016551572, -0.002337669508456496, 0.0022464597611760208, 0.008859400115403284, 0.001199470715916388, 0.0019042905025762474, -0.015986005160886, -0.02449986852268551, -0.0005350450932455027, 0.004332790804485655, 0.00851873005092324, -0.002539673596635976, -0.0013500716849646182, -0.01393715728728075, -0.01851682883843889, 0.0006552083275024024, 0.006098404098313103, 0.008191204493704423, -0.005891812539695914, -0.004591895782621367, -0.012147877243928294, -0.01284789656382376, 0.0012400258704198762, 0.007443650858632186, 0.007893516521916423, -0.008806448325263488, -0.007721082605797972]","[0.20827867081073687, -0.07458983154543554, 0.033684492171690145, 0.005550511948075653, -0.09053432366487235, 0.05109571551179181, -0.1748511854635321, 0.07228063934359494, -0.22876832501507433, 0.07773292049070622, -0.26065822172853803, 0.07441547032407866, -0.277673981538121, 0.0676666836697132, -0.2854360443254787, 0.06174327993892872, -0.288247933418759, 0.05827027489715123, -0.2889035607149961, 0.057078841273326526]","[0.042913223687625734, -0.07313303146530892, 0.019162386585279023, 0.04124419539646307, -0.07379365198107246, 0.018322452611274187, 0.03888375880339834, -0.07299925477549918, 0.017280440944538178, 0.03590825301513245, -0.0705561203607541, 0.016015089234583613, 0.03242316045845217, -0.06663378970819878, 0.014576440126091939, 0.028708293176974653, -0.06177234091593409, 0.013087283793930204, 0.024824771775624477, -0.05594915573974735, 0.011585513870518316, 0.02083909812335083, -0.04918351882245542, 0.010122538948669213, 0.01682259888350135, -0.04154188426151073, 0.00875411340629162, 0.012851311239325813, -0.03313398044270466, 0.0075351895754218745, 0.009006870308238213, -0.02410695061965651, 0.006513602167523835]","[0.025836465716362, -0.0708782434463501, 0.021529823541641235, 0.014692202889919279, -0.029653364956378936, 0.007502332329750061, 0.33134765625, -0.19130859375, 0.026062724947929383, -0.07115809284150601, 0.0217646062374115, 0.014748424971103666, -0.029889466404914855, 0.007599636912345886, 0.337939453125, -0.2011962890625, 0.0263349170088768, -0.07148298285901547, 0.021706044673919678, 0.014916361057758329, -0.030117573380470275, 0.007692500948905945, 0.3412353515625, -0.2055908203125, 0.02669912374019623, -0.0716882910579443, 0.022044748067855835, 0.01509919830560684, -0.03022492879629135, 0.0077300965785980225, 0.346728515625, -0.2110837936401367, 0.027021286845207215, -0.0718320481479168, 0.022156327962875366, 0.01524134793281555, -0.0302899574637413, 0.007755056023597717, 0.3478271484375, -0.215478515625]",0.06099224090576172
"[14.390499591827393, 14.410499591827392, 14.430499591827392, 14.450499591827393, 14.470499591827393, 14.490499591827392, 14.510499591827392, 14.530499591827393, 14.550499591827393, 14.570499591827392, 14.590499591827392]","[-0.029639485754829362, -0.05442808814141975, -0.01638974375925103, -0.006989739259632785, 0.012708423345670317, 0.026282455042656666, 0.016284933948100117, -0.028553277016476794, -0.05511987515351036, -0.015435200573625615, -0.007319367799272789, 0.011936403919681546, 0.024282932446476193, 0.01618643153232416, -0.026891628855262962, -0.05422307322836623, -0.013739727030299666, -0.006993254013163208, 0.011391028628596327, 0.02103948648527833, 0.014937951434946523, -0.02470243310211169, -0.0513899619737354, -0.011311628858967247, -0.005868513364999501, 0.011017706424357305, 0.016658766496867462, 0.012621518328302328, -0.02200514824125454, -0.046485767434809866, -0.008160715477382705, -0.0039017032200502, 0.010734015956833372, 0.011542401379392924, 0.009518212314959652, -0.018867511248998603, -0.03970360509011861, -0.004381281439747248, -0.001194082609855037, 0.010459893855825771, 0.006254278466868361, 0.005973916378882866, -0.015663992716302765, -0.03195341647418511, -0.0006279963696248163, 0.0017893001139090436, 0.010170754562567448, 0.0010023884291358554, 0.0021114763845349435, -0.012622085421127282, -0.023877929544358155, 0.0026655670547463773, 0.004693594444941142, 0.009866965584302988, -0.004047784306377927, -0.001936628921026863, -0.009855351427921785, -0.01590120894359705, 0.005251419338166301, 0.007265901213855214, 0.00956402388801347, -0.008771399993928404, -0.00603646177396894, -0.007396278971775981, -0.008276104195882993, 0.007028490572192039, 0.00934446565908502, 0.009284617081627219, -0.013075768846881736, -0.010059935993152294, -0.0052267857633018595, -0.0011295061080789045, 0.008004142663292642, 0.010845495573986888, 0.00905256581734203, -0.016889122149484806, -0.013889794371587608]","[0.07829491215120848, -0.010971761257746782, -0.11779153090489393, 0.08528951495895057, -0.2535191961745091, 0.14141409289040435, -0.34222481866346327, 0.1688094597915379, -0.3959171427823797, 0.17725992838171575, -0.42509830798405307, 0.17481657559615335, -0.43864025919948346, 0.16778660220024957, -0.4436241313513968, 0.16128057045317343, -0.44485938584138746, 0.15737448912857793, -0.4449802205220749, 0.15601602573580448]","[0.03652856206353983, -0.07475911752145503, 0.0194578493858808, 0.035340597620405756, -0.07501402975259497, 0.018651738288328445, 0.03344368446173229, -0.07355005638440826, 0.017569822972728133, 0.03078622184318136, -0.07021821544483053, 0.016184284774975133, 0.027501235826226544, -0.06524875408278064, 0.014566662082511783, 0.023891382037025455, -0.05910124364219849, 0.012855014184873781, 0.020005135117958872, -0.05172411747596861, 0.011117046401790454, 0.015903484539437684, -0.043137378844928076, 0.009434210120549569, 0.011657672081645698, -0.0334287964409703, 0.007894278828904255, 0.007347432478448379, -0.022742456527817367, 0.006585541499173786, 0.0030609817223647973, -0.011268704608605962, 0.005586558973215361]","[0.021342722535133363, -0.06844546496868134, 0.018818587064743042, 0.012634590947628019, -0.028180407524108886, 0.006643205881118774, 0.289599609375, -0.1517576217651367, 0.02200871503353119, -0.06877622418105603, 0.019200265407562256, 0.013009481811523435, -0.028576949775218963, 0.006835848093032837, 0.2994873046875, -0.1594482421875, 0.022685995161533357, -0.06912704966962338, 0.019722729921340942, 0.013404772365093229, -0.029078008770942687, 0.007030978798866272, 0.3126710891723633, -0.1704345703125, 0.02344367450475693, -0.06968381851911545, 0.019755035638809204, 0.013765149497985837, -0.029364073812961577, 0.007108643651008606, 0.3126710891723633, -0.1726318359375, 0.0240909064412117, -0.0700025822967291, 0.02025836706161499, 0.01416453787088394, -0.02944750541448593, 0.00718417763710022, 0.3170654296875, -0.175927734375]",0.060700178146362305
"[14.470785856246948, 14.490785856246948, 14.510785856246947, 14.530785856246949, 14.550785856246948, 14.570785856246948, 14.590785856246947, 14.610785856246949, 14.630785856246948, 14.650785856246948, 14.670785856246948]","[-0.025959904898960412, -0.05686876525614762, -0.01626089582402828, -0.007966018782138005, 0.01297186327099038, 0.025306080279240875, 0.017901365205142114, -0.024780409694094677, -0.05644563203231632, -0.014726396081622961, -0.007624372497017971, 0.012284569754940845, 0.022907100517761837, 0.016941145297533284, -0.023027467056922254, -0.05409736820163005, -0.012347981347638003, -0.006490219220514109, 0.011814155176720164, 0.019073781419825023, 0.014752535004946858, -0.020662836481194134, -0.04956256732960464, -0.009116226325800577, -0.004507141956620632, 0.011501393051027722, 0.013998689368933835, 0.011478883429804295, -0.017713209625303736, -0.04294425766885451, -0.005164302290839083, -0.0017974233296157213, 0.01127126909184558, 0.008105228192239355, 0.00737834220921146, -0.014263290758677407, -0.03445967877572865, -0.00061243768627029, 0.0015288367316644187, 0.011041102652946434, 0.0020276852644267917, 0.0028742267677815, -0.010727675108607356, -0.02512245987522828, 0.003806497624206721, 0.004957154951047427, 0.010792332762869918, -0.003996120501123248, -0.00187946665476001, -0.007360245817354996, -0.015629236808173463, 0.007614107088176049, 0.008113666803879364, 0.010533025466021898, -0.009777592124738298, -0.0067250231929531475, -0.004289588685861464, -0.006419397390135077, 0.010545424330531914, 0.010751040493007229, 0.010286598786119917, -0.015175487366475596, -0.011510913194167352, -0.0015544914684947077, 0.0022655814351853843, 0.012503660643520893, 0.012730846245811849, 0.010082882598827536, -0.020085750773299337, -0.01609801296065029, 0.0008628094755639152, 0.010325283238439006, 0.013514887077176768, 0.01400352452848031, 0.009951371919980606, -0.024427943020360207, -0.020362312710895367]","[-0.05032269961717897, 0.05325290936671593, -0.2598053985880152, 0.15968204566630348, -0.3993085610867166, 0.22129977227902808, -0.4854752244338631, 0.2508177656809538, -0.5331396579582468, 0.2591945955446767, -0.5551051183595459, 0.2554955840933513, -0.5619889359133992, 0.2468539780769446, -0.562297991264946, 0.23905588483843052, -0.5610629388705768, 0.2344151163801987, -0.5603812469360301, 0.2328071725649281]","[0.030758123106863877, -0.0764073077626759, 0.019587282157417008, 0.029786018666621672, -0.07611573950478911, 0.018728309759800332, 0.028031301319318302, -0.073838760747297, 0.017520665035434035, 0.025467276261124994, -0.06947862326810617, 0.01595563941786704, 0.022228756612978406, -0.06315849986751587, 0.01411346836121341, 0.018623274745122487, -0.05540303745692299, 0.012174945890230937, 0.014691697337191334, -0.046182980266118, 0.010239491164765191, 0.010492018138720915, -0.0355615534416347, 0.00842159159302458, 0.006094943389093999, -0.023678910971850264, 0.006842068092617559, 0.0015805443725906976, -0.010733266587447332, 0.00561874911286564, -0.002962248764358133, 0.003031533378177187, 0.004850573882949405]","[0.011881252586841584, -0.059897048771381384, 0.013674110174179077, 0.00724479624032974, -0.024001242756843566, 0.004768118262290955, 0.2269775390625, -0.105615234375, 0.01275348460674286, -0.06092819049954415, 0.014396965503692627, 0.007765643978118894, -0.02413207495212555, 0.00496964156627655, 0.2643310546875, -0.131982421875, 0.013707248330116273, -0.06184606477618218, 0.01502963900566101, 0.008342982017993925, -0.024827765464782714, 0.005296260118484497, 0.2643310546875, -0.131982421875, 0.014691902160644532, -0.06289736405014992, 0.015478938817977905, 0.008964740419387815, -0.025739552617073058, 0.0056028664112091064, 0.2643310546875, -0.131982421875, 0.01570315456390381, -0.06405991166830063, 0.015777558088302612, 0.009569578552246091, -0.026619309723377227, 0.005753085017204285, 0.2643310546875, -0.131982421875]",0.06715035438537598
"[14.551067113876343, 14.571067113876342, 14.591067113876342, 14.611067113876343, 14.631067113876343, 14.651067113876342, 14.671067113876342, 14.691067113876343, 14.711067113876343, 14.731067113876342, 14.751067113876342]","[-0.02138717369320729, -0.05529714316206631, -0.012793385529393365, -0.0082199649335064, 0.012693594055736689, 0.02243957114555108, 0.017318493750267273, -0.020237087999092254, -0.0537741948896549, -0.010977890663328245, -0.00732976432913258, 0.012073749632543164, 0.019289119311333314, 0.015693679203336343, -0.01844551102409751, -0.050146917793170306, -0.008284928039796106, -0.0055912747855521895, 0.011651493735636063, 0.014747684615811664, 0.012915131402798699, -0.01599937793947112, -0.04441757556270306, -0.004828458057677802, -0.0031145583021184994, 0.011377069262402114, 0.009038728514257091, 0.009078831567625142, -0.012959735855686676, -0.03673406880583773, -0.0007694834222804615, -3.635453646647296e-05, 0.011177071723914401, 0.002638552946823153, 0.0044798742374811745, -0.009449874486894749, -0.027376473236548803, 0.0037328905390918636, 0.003509571068428248, 0.010975856805254572, -0.0037992822784990474, -0.00044530324888708306, -0.0059067511730058015, -0.017374999585479833, 0.007939487016784364, 0.00701183083092962, 0.010762033624703802, -0.01003092409301469, -0.005529146736548938, -0.0025890817190545364, -0.007415986041648576, 0.011391003417412685, 0.010113024883194748, 0.010549962087781306, -0.015871665219656692, -0.010607013894660093, 0.00038141531852608525, 0.0020897725007976696, 0.013858649097032182, 0.012591756442563759, 0.01036789597898217, -0.021192501462105395, -0.015527251259547776, 0.0029791602474411004, 0.010938989020128777, 0.015290556218671128, 0.014340680837445578, 0.01024861633395772, -0.02590676854656597, -0.020155749733230525, 0.005236972980879189, 0.019071159908814587, 0.015759117261143922, 0.015342414097830737, 0.010222371678954893, -0.029953179799384753, -0.024376399199237578]","[-0.16264371165701416, 0.11305977409241544, -0.36554214433263216, 0.2171701266655533, -0.495047450836798, 0.27336790990147597, -0.5698688236889122, 0.29607937836750897, -0.606464156017649, 0.2975678299369886, -0.6188116492463667, 0.28780851828718756, -0.6182630710284641, 0.2744789836967264, -0.6138576863644092, 0.2637194648482529, -0.6102933391009184, 0.25762546716779816, -0.6088888881660258, 0.2555702164355142]","[0.028150989118966185, -0.07531966264199541, 0.018730579635752864, 0.026851557078396038, -0.07391844576420636, 0.01766701197664755, 0.024660601013935857, -0.07045369468344376, 0.016250111131959954, 0.02160097408513062, -0.06475057398833961, 0.014493293356601544, 0.017849888395850222, -0.05699026504029803, 0.01251961579821037, 0.013743008107869326, -0.04773017599603113, 0.010534404144248555, 0.009346586480958319, -0.0370024762706489, 0.008653986172864947, 0.004740631760772773, -0.024929859398878484, 0.007003871202463596, 1.2496440640052953e-05, -0.011701859416272775, 0.005707073100383653, -0.0047467941010337356, 0.0024458137795786428, 0.004871871881299228, -0.009442129370249575, 0.01724120660689188, 0.004574002058358673]","[0.005422284662723542, -0.04858906790614129, 0.009287476539611816, 0.0036024830579757666, -0.019228922367095946, 0.0032706260681152344, 0.1775390625, -0.074853515625, 0.006077123641967774, -0.05019401609897614, 0.009696424007415771, 0.0039290941596031165, -0.019866677165031432, 0.0034153610467910767, 0.184130859375, -0.0781494140625, 0.006806319415569306, -0.051772615313529974, 0.010173916816711426, 0.004322849893569944, -0.020591320633888244, 0.003556355834007263, 0.19182147979736328, -0.0825439453125, 0.0076121444106102, -0.053379921615123754, 0.010682344436645508, 0.004797749900817869, -0.02141082489490509, 0.003729313611984253, 0.19951171875, -0.08583984375, 0.00837130641937256, -0.05490552484989167, 0.011184990406036377, 0.005339153790473936, -0.022302197456359862, 0.0039368122816085815, 0.2006103515625, -0.0869384765625]",0.061112403869628906
"[14.650944709777832, 14.670944709777832, 14.690944709777831, 14.710944709777833, 14.730944709777832, 14.750944709777832, 14.770944709777831, 14.790944709777833, 14.810944709777832, 14.830944709777832, 14.850944709777831]","[-0.016050024355860858, -0.04877818046175118, -0.007884204316903863, -0.005939186611365992, 0.011055092905715382, 0.016623689109105902, 0.015518557884111162, -0.014902492882049605, -0.04637442189552, -0.0061906128997335835, -0.004605833344952352, 0.010556816447791953, 0.012937375738951384, 0.013173493530030028, -0.0130827912467323, -0.04195739077489997, -0.0036969600046330912, -0.0025809977295502226, 0.010245046991538649, 0.008030043396456467, 0.009743152947449825, -0.010617088051016414, -0.03558950865464112, -0.0005386776541744322, 1.002594367950629e-05, 0.010072113758181603, 0.0021667189200117996, 0.0053641718033738146, -0.0076061919723791685, -0.02749628991846428, 0.0030886684977216544, 0.0030039293728796558, 0.009973441497257533, -0.004181958860886988, 0.00034314140391183767, -0.004204823074042376, -0.017949098569155386, 0.0070299734779316215, 0.006304157754617347, 0.00987859900275338, -0.01038625901119263, -0.004839788617493986, -0.0008287644348195076, -0.007969774209926127, 0.010588133240256014, 0.009417111924118024, 0.009783436236537818, -0.016223225450350588, -0.010013305162420529, 0.002284345891437141, 0.001785315152138155, 0.01335376024762786, 0.012018256959968361, 0.009706027677731398, -0.021533961771756094, -0.015019193603170776, 0.005030932544814948, 0.01094766727552108, 0.015148899944514198, 0.013928183077849272, 0.009675126590029328, -0.026218329445994972, -0.019721315046690897, 0.007399123845233547, 0.019360051417322666, 0.015967764909617772, 0.01508459930792621, 0.009721117180912469, -0.030219634883563804, -0.024007038265842665, 0.009430680776358029, 0.027004790582360914, 0.015920033755996005, 0.015512982051195643, 0.009869293154724849, -0.03350613943962833, -0.027784152108934795]","[-0.2544990188961376, 0.164777860170722, -0.4439453679417026, 0.2595581247380845, -0.5579803015752238, 0.30723489090927325, -0.6174161881865198, 0.3228487302962718, -0.6402207587845983, 0.31892712242036303, -0.6413154909367785, 0.30542988640712926, -0.6324887611543217, 0.2898118450944732, -0.6230119193601849, 0.2778684250983666, -0.617007845569629, 0.2712914718100209, -0.6148616757421899, 0.2691108400609506]","[0.0223934666732708, -0.07073618949164917, 0.016124134052549977, 0.020344976720757746, -0.06789805172224739, 0.014906102708896363, 0.01749292191465801, -0.06287283572271107, 0.013389382664143579, 0.013911933226038009, -0.05557327627752118, 0.011633446420312499, 0.009801994626451815, -0.046226345819988524, 0.009783793791983797, 0.005476823416947552, -0.03547865932720651, 0.008043802862795602, 0.0010130278547757499, -0.023447859677721006, 0.006525714513448744, -0.0035064282863443985, -0.010320938177341255, 0.005341119273727379, -0.007998581504024882, 0.003671227847782177, 0.004586119978554848, -0.012383306331825494, 0.018271020443840325, 0.004328596436392829, -0.016581747014808634, 0.03319831832653053, 0.004593149070578395]","[0.0005668530464172372, -0.03288563191890717, 0.004514902830123901, 0.002321683549880979, -0.01731310987472534, 0.0022987574338912964, 0.056689453125, -0.0034423828125, 0.0014371926188468942, -0.036282448470592504, 0.004735499620437622, 0.003049910748004911, -0.019030699670314788, 0.0023244470357894897, 0.056689453125, -0.0034423828125, 0.002253366470336915, -0.03900712579488755, 0.005598902702331543, 0.003715135836601255, -0.020418511867523192, 0.002508193254470825, 0.07316913604736328, -0.013330078125, 0.0029194930791854867, -0.04135941565036774, 0.006150960922241211, 0.0038934803843498206, -0.02104308658838272, 0.002748042345046997, 0.0929443359375, -0.026513671875, 0.0034974644184112558, -0.04327212870121003, 0.006974667310714722, 0.003670015120506284, -0.020686315536499023, 0.002871498465538025, 0.0973388671875, -0.0287109375]",0.06191229820251465
"[14.732483148574829, 14.752483148574829, 14.772483148574828, 14.79248314857483, 14.81248314857483, 14.832483148574829, 14.852483148574828, 14.87248314857483, 14.89248314857483, 14.912483148574829, 14.932483148574828]","[-0.012613234984114822, -0.04278170056207886, -0.006499156851913207, -0.0033534766349674824, 0.008126601049246054, 0.012213514160868145, 0.013003986621832575, -0.011177313505685727, -0.03924233366879394, -0.004431619893308287, -0.001634075181575966, 0.007899927354881124, 0.00825857807349065, 0.009865277546901276, -0.00906369552296999, -0.033837573355806706, -0.0016031086308284875, 0.0005911871880515093, 0.007829178993324757, 0.003199877490070429, 0.005811790000607309, -0.006327889717165177, -0.026744435678267328, 0.0017967302232526684, 0.0031608388090673266, 0.00786824595555738, -0.002656171450294005, 0.0010557145368082278, -0.0030921750811222486, -0.018209058111899552, 0.005571430031392593, 0.005951822330519159, 0.007954381209911087, -0.008805765045980976, -0.004011618890712997, 0.0004528925219475438, -0.008736062216918757, 0.009432009263003912, 0.008743590040717193, 0.00804355114880529, -0.01472208039630459, -0.009027221000698228, 0.00392628281540181, 0.0007813267199784258, 0.012761856504480487, 0.011131432476309365, 0.008138368661398662, -0.020201910813269424, -0.013832570633970212, 0.007113382230150157, 0.00980304673900036, 0.015220592161523133, 0.012879186938745629, 0.008258086815943118, -0.025105154875816514, -0.01829185052584613, 0.009924180967631105, 0.018061515796273277, 0.016686738740720856, 0.013890004002395118, 0.008428692753595831, -0.029349446552059275, -0.02229926542211237, 0.012353375430815243, 0.025482479361603593, 0.017197954005538852, 0.014173611873511417, 0.008675201601384918, -0.03289466842822634, -0.025776959992382165, 0.01444467937723828, 0.03211193660354274, 0.01689452884159638, 0.013813603270668528, 0.009015946238184415, -0.03572435475383508, -0.02866833207520392]","[-0.361250561833783, 0.22910373625730907, -0.510917804620279, 0.31240490138283533, -0.5910498876807216, 0.35190861236455, -0.6228737372765858, 0.36202044476925554, -0.6243119300407589, 0.3546636802561914, -0.6098614177935381, 0.3392478606891566, -0.5905950861102783, 0.3227409405366428, -0.5751369255587934, 0.3104649376149933, -0.5664007494163121, 0.30379995831532614, -0.5634561139034541, 0.3016076725551389]","[0.01450867434843639, -0.06358749787147966, 0.012608130321930311, 0.012428365126132324, -0.059498379064570006, 0.011473820514691369, 0.009676495419663533, -0.05322313544240265, 0.01009219670567063, 0.006314948768470607, -0.04478851732572853, 0.0085524568808939, 0.002516419445349971, -0.03459642831575316, 0.007018704150983712, -0.0014600111787204106, -0.023169734781508744, 0.005653826320414446, -0.005550000499968899, -0.010691043496092067, 0.004563324689865311, -0.009686205800353509, 0.002609770550412449, 0.003841070255188317, -0.013803389400700805, 0.01648162892362759, 0.003556566332366007, -0.0178393548066218, 0.03066398846132845, 0.003743620595075381, -0.021731709726596993, 0.04488457217484276, 0.004388448997616479]","[-0.007764430880546569, 0.0024093478918075506, 0.001876145601272583, -0.0020664476513862634, -0.001562016248703002, 0.0008911490440368652, -0.057568359375, 0.061376953125, -0.006762446999549865, -0.0022052288055419977, 0.0019782185554504395, -0.0015907951354980493, -0.0032590275406837454, 0.0009443610906600952, -0.0333984375, 0.048193359375, -0.005683923304080962, -0.00681499987840653, 0.0024264156818389893, -0.0008725293636322046, -0.005284214556217193, 0.0011593997478485107, -0.0235107421875, 0.043798828125, -0.00452292913198471, -0.011536999046802526, 0.002979487180709839, -7.014653682708982e-05, -0.007273467421531676, 0.001520588994026184, -0.00703125, 0.035009765625, -0.0034163167476654044, -0.01614969819784165, 0.003548234701156616, 0.0006760365605354285, -0.00922486388683319, 0.0018021166324615479, -0.0037353515625, 0.0328125]",0.06179451942443848
"[14.810738801956177, 14.830738801956176, 14.850738801956176, 14.870738801956177, 14.890738801956177, 14.910738801956176, 14.930738801956176, 14.950738801956177, 14.970738801956177, 14.990738801956176, 15.010738801956176]","[-0.007666602195670412, -0.032190329773983783, -0.003042234073847994, 0.0002386352116378207, 0.004954592581971323, 0.007392556688636013, 0.009036354291976335, -0.006065371769115623, -0.027883266746338998, -0.0006453757669058316, 0.002100073881075386, 0.004989581235544179, 0.0031570507392347917, 0.005238820873945381, -0.0037905220627339866, -0.021966546809066602, 0.0023938693841951005, 0.004236055194100159, 0.005147745975941284, -0.002006688113874376, 0.0008483874097082874, -0.0009239835901927423, -0.014675743094675016, 0.005873832208135548, 0.006520238436592315, 0.005379681648841172, -0.007719530285201213, -0.0038000587137798423, 0.002370844225037164, -0.006520086109014272, 0.009462253042206091, 0.008708802333667928, 0.005647014324899502, -0.01354888578685236, -0.00841635516300418, 0.005917385726640761, 0.0019761367916168613, 0.012870584931946137, 0.010576781364494832, 0.005925246693755585, -0.019033598756294748, -0.012749860240463245, 0.009359792307019013, 0.010118559843517942, 0.015591982549900369, 0.011859060174167744, 0.006217495202600397, -0.023991302187244185, -0.01667222556099896, 0.01250062692516014, 0.017528593971440205, 0.01737688523263452, 0.012440258785021452, 0.0065381745027575065, -0.028303066811425342, -0.020085268727671267, 0.015260776537910626, 0.024064528495553614, 0.018175589802937347, 0.012322765401431878, 0.0069054118836105296, -0.03190784699057728, -0.022925929788720514, 0.017641142306012148, 0.029744894575133036, 0.018078967741254146, 0.011592466799362655, 0.007334982742561796, -0.03478655958856441, -0.025161082321877665, 0.019688344864814505, 0.03467900531392572, 0.017263194472653506, 0.01038605310377858, 0.007835680924810304, -0.03694309110420145, -0.02677818120875758]","[-0.4361873849103031, 0.28595092547509476, -0.5313465510210993, 0.3559084389207184, -0.5687669098398784, 0.38559603078456195, -0.5685097472477626, 0.38878422416926717, -0.5470447423918186, 0.3768081390760182, -0.5172374381685085, 0.358537870075365, -0.4884707664207265, 0.3404556675540372, -0.46795680518652694, 0.3274236363760497, -0.4570630070903822, 0.32046429605884896, -0.45352470248233845, 0.3181965748181906]","[0.007149394532670605, -0.05260577677534517, 0.008659322256971969, 0.005325520656459748, -0.047398261049391266, 0.007661307495806291, 0.002864673415428065, -0.04012014374552475, 0.0064950875886120585, -0.00019148826457904278, -0.03104967989110019, 0.0052862867880252296, -0.003704864516938855, -0.020538970250045363, 0.004171771387452061, -0.007419531011778613, -0.009059452189322137, 0.003277872255948555, -0.011270741785018412, 0.003145978920212844, 0.0026877119706618657, -0.015196323095645559, 0.015816761533917756, 0.0024637457091429837, -0.019138834222863332, 0.028695211502442586, 0.002637000911991816, -0.023043357750651472, 0.04152998995401713, 0.0031984440491381605, -0.026852057558213183, 0.05406753357175953, 0.004092437227237511]","[-0.01622320169210434, 0.042383709549903864, 0.00447806715965271, -0.007040291345119479, 0.016505485236644746, 0.000729873776435852, -0.15205078125, 0.11630859375, -0.015307674348354339, 0.03765361905097961, 0.0035583078861236572, -0.0063861378192901636, 0.014310953974723817, 0.0005695521831512451, -0.1289794921875, 0.103125, -0.014165530145168304, 0.03271766901016235, 0.0031008124351501465, -0.0056730874538421655, 0.011495878756046296, 0.0005101114511489868, -0.119091796875, 0.0976318359375, -0.013161691069602965, 0.027491354942321772, 0.002784818410873413, -0.004918708717823031, 0.00865073299407959, 0.000666201114654541, -0.1037109375, 0.08774433135986329, -0.012146691024303435, 0.02225957959890365, 0.002631455659866333, -0.0041977830886840845, 0.005946768283843995, 0.0008466392755508423, -0.094921875, 0.083349609375]",0.06142687797546387
"[14.890848875045776, 14.910848875045776, 14.930848875045776, 14.950848875045777, 14.970848875045776, 14.990848875045776, 15.010848875045776, 15.030848875045777, 15.050848875045777, 15.070848875045776, 15.090848875045776]","[-0.0021093938984988866, -0.016324526165944316, 0.00400061490852585, 0.005784772505153884, 0.0025593045091381354, 0.0017230227480164706, 0.0034263272358662595, -0.0004425942189944799, -0.011864262162289219, 0.0064194796825617784, 0.007400019582490323, 0.0027743021308840295, -0.002972350526064594, -0.0008413107516680946, 0.0018619531110711223, -0.006119740376851859, 0.009254737329959392, 0.009058794298096294, 0.0030745938957685, -0.008248642561599809, -0.005145917393504767, 0.0046703527479077175, 0.00036314005978193377, 0.0121625551952219, 0.010511536561629077, 0.003429696014746539, -0.01375729916353499, -0.009213748790432044, 0.007821829590811992, 0.007018758574563062, 0.014812345964246725, 0.011516923200770263, 0.003818966485093079, -0.01911135433636295, -0.012855256760738112, 0.011169740758728777, 0.013389729086215652, 0.01698679272309704, 0.01190005520295755, 0.0042319644855926385, -0.023907725926070312, -0.01596355445573197, 0.014373132329292963, 0.019040169853767826, 0.018328141512061854, 0.011582946293342456, 0.004665489229304043, -0.027994689790642797, -0.018457712790032357, 0.017249680508847245, 0.023789553438748043, 0.01871167633629391, 0.010599148582947993, 0.0051238332028686615, -0.03128826061081133, -0.020292038852005242, 0.019734203994261873, 0.0276397694383652, 0.018186700139954447, 0.00906226214800116, 0.005613458600682646, -0.03376521977672665, -0.021458180190471597, 0.021839233871422125, 0.03070571634398506, 0.01691701170486385, 0.00713387394860323, 0.006138303767291334, -0.0354455698753333, -0.021977573270583448, 0.02362003275018792, 0.03315435303506581, 0.015126929929411805, 0.004994676848336774, 0.006696074510927735, -0.03637223187532262, -0.021890589951181264]","[-0.4550886884164332, 0.3228129939315274, -0.48322844147471933, 0.3756103696749694, -0.4710277614712691, 0.39158186243872095, -0.4358328615625492, 0.3843173516806745, -0.39125315363959196, 0.3648233985437941, -0.34730957739956075, 0.3415240353785126, -0.3107187525454108, 0.32038512532030095, -0.2865273250185747, 0.305753564363224, -0.27427294107496664, 0.2981223010674276, -0.27041561870117425, 0.29567195351109293]","[0.0028449734924482772, -0.03969710811736338, 0.00535759444008832, 0.0010916413830528438, -0.03326670228782458, 0.004407709461759612, -0.00137243268652254, -0.02511157870074676, 0.003423870152624353, -0.004515264648019546, -0.015569639700958149, 0.0025273176195366176, -0.008178264849058259, -0.005026266522323741, 0.001831739139041666, -0.012056036896367583, 0.006080618030667395, 0.0014189146302951983, -0.016063449931375207, 0.017451749599464605, 0.0013320886304661883, -0.020127126638177284, 0.02880188032676667, 0.0015834145058803983, -0.024183017299831855, 0.03987028034177165, 0.0021461227000241223, -0.02817027258823046, 0.05041611494984899, 0.0029524933898792405, -0.032023698518020005, 0.060206823219987715, 0.0038974921290670927]","[-0.022472122848033904, 0.07458714544773101, 0.011950105428695679, -0.010803035712242129, 0.030707394540309907, 0.00238800048828125, -0.242138671875, 0.171240234375, -0.021809423506259917, 0.07138810455799102, 0.010869264602661133, -0.01017582348585129, 0.029109557926654817, 0.0020453929901123047, -0.22675762176513672, 0.1613525390625, -0.021098876535892486, 0.06785228252410888, 0.010045111179351807, -0.009827113962173464, 0.026867722928524018, 0.0014674365520477295, -0.202587890625, 0.1448732376098633, -0.020424852311611175, 0.0639072299003601, 0.009298920631408691, -0.009334794497489932, 0.024644469678401948, 0.001306682825088501, -0.1992919921875, 0.1437744140625, -0.01974381709098816, 0.05981425344944, 0.008521020412445068, -0.008935488080978396, 0.02269482409954071, 0.0012794435024261475, -0.1927001953125, 0.1393798828125]",0.06029033660888672
"[14.971707820892334, 14.991707820892334, 15.011707820892333, 15.031707820892334, 15.051707820892334, 15.071707820892334, 15.091707820892333, 15.111707820892335, 15.131707820892334, 15.151707820892334, 15.171707820892333]","[0.0027657487653671813, -0.0031456809276604195, 0.004302586962559581, 0.004247085794266444, 0.0024114357909289495, -0.010221926785812687, -0.007271600015271653, 0.004585952363716523, 0.0017759368085842285, 0.005689459126251109, 0.004923677861017346, 0.0027994401180751124, -0.013534284649703866, -0.010009176923842246, 0.006829253596799335, 0.007184996414128876, 0.007338258079845189, 0.0055621703526806685, 0.0032088855869911565, -0.016798272223490913, -0.012154496406484288, 0.009357132841420285, 0.01245802373286125, 0.008927187177606039, 0.0059198510496632235, 0.003621466792779378, -0.01980552567092573, -0.013571461345266716, 0.012046715987452258, 0.01710706348688143, 0.01021616107004079, 0.005815847533790371, 0.0040311207084079105, -0.022374098622293694, -0.014272540497899062, 0.014798457158749, 0.020759219324216007, 0.01103906241389604, 0.005086083825504581, 0.004447698278126741, -0.024385575261409692, -0.014443833411079538, 0.017402835840832936, 0.023442192169327292, 0.01131832816087858, 0.003878194957657748, 0.0048582549344964275, -0.025806967335199757, -0.014108563782855233, 0.01975169801737538, 0.025268343034389955, 0.01108731098577027, 0.0023588498768762085, 0.005253119553039251, -0.026645446685849384, -0.013309541503080757, 0.021809232689530868, 0.026397209877170015, 0.010452519736796293, 0.0006972416447570216, 0.005624556340639876, -0.026941766083605136, -0.012108215474929965, 0.02358609996123405, 0.02700306179672893, 0.009558859386879861, -0.0009495850583827734, 0.005965446024997981, -0.02675862095667042, -0.01057860868610412, 0.025117704139732137, 0.027249438437339315, 0.008560684346384032, -0.0024478914594975826, 0.006268306035090469, -0.02616830097327619, -0.008800077178881842]","[-0.407986951777412, 0.3121854831722192, -0.35706111710566796, 0.33479702426698654, -0.3010279055125968, 0.33758041845164205, -0.24700097011358754, 0.32875887722724545, -0.1996742219700836, 0.31464453757342603, -0.16169084813359497, 0.2997808032866732, -0.13402709107511987, 0.2871464939846498, -0.11724196710872382, 0.27872407377814756, -0.10924334304849662, 0.27444437505718366, -0.10683427859727733, 0.27309605614567467]","[-0.005920416704504827, -0.005362400244367738, 0.0017726722282187524, -0.008206920551268038, 0.0027447300930303342, 0.0015243920169267788, -0.010884518591860015, 0.011017442270476963, 0.0013998283198572992, -0.013923125040443907, 0.01910731020700318, 0.0014012776536915794, -0.017196208646695466, 0.026763115642794766, 0.0015135025462558183, -0.020474199895259115, 0.03392197616051451, 0.0017123574508484118, -0.02369997726032702, 0.040431563342040455, 0.001967837876368783, -0.02682893984629242, 0.04616001077192955, 0.0022405618991401255, -0.02982390203806129, 0.05099979123000109, 0.0024874933758853857, -0.0326503479192124, 0.05486679714168252, 0.0026681034689750582, -0.03527275494356119, 0.057697975574370286, 0.002750039208805788]","[-0.02746459299325943, 0.09095134735107421, 0.01873275637626648, -0.013401783323287966, 0.03769670969247818, 0.004070252180099487, -0.308056640625, 0.2173828125, -0.026969956398010253, 0.08979464471340179, 0.018188804388046265, -0.013195238327980044, 0.03673676198720932, 0.0037750154733657837, -0.303662109375, 0.2140869140625, -0.02640386128425598, 0.08830269575119018, 0.017764508724212646, -0.012771710073947909, 0.03542578762769699, 0.003533989191055298, -0.2893796920776367, 0.202001953125, -0.02578355574607849, 0.08645161390304565, 0.01721888780593872, -0.012261784887313845, 0.03417052870988846, 0.003313779830932617, -0.281689453125, 0.197607421875, -0.025171304285526275, 0.0844024658203125, 0.016491830348968506, -0.011992640113830569, 0.033610543072223664, 0.0032198578119277954, -0.2761962890625, 0.193212890625]",0.06087970733642578
"[15.052162408828735, 15.072162408828735, 15.092162408828734, 15.112162408828736, 15.132162408828735, 15.152162408828735, 15.172162408828735, 15.192162408828736, 15.212162408828735, 15.232162408828735, 15.252162408828735]","[0.00927807232419583, 0.015903412708908486, 0.005001140345764545, 0.002343677501215433, 0.005638225925451071, -0.017317168663420028, -0.013437192911423996, 0.011014699548592709, 0.020410595909074052, 0.006155873076423359, 0.002751641728832584, 0.005956647118431019, -0.019197252741346742, -0.014379667607063855, 0.013065395049343042, 0.024817045227214424, 0.007503909243977217, 0.003101529762371335, 0.006252582378981255, -0.02084139125431842, -0.014478037897735798, 0.01532472506304093, 0.02856920828404866, 0.008784413606328855, 0.003190640346282342, 0.006503722015818122, -0.02210087070139593, -0.013691157502036418, 0.017709940033043936, 0.03125699730391014, 0.009815483890367056, 0.0028541301716415828, 0.006710290740053147, -0.022892450729806727, -0.012199688676563685, 0.020084198167524058, 0.0325414010517716, 0.010368712247911574, 0.0019112201157916783, 0.006898402937675907, -0.023309353140853403, -0.010393498261811044, 0.0223227613378371, 0.03279638796774131, 0.010537235609774556, 0.0006533475717276764, 0.007055818818835754, -0.023373810655773708, -0.008347466638572842, 0.02436158299899025, 0.03233676872804283, 0.010433862689202603, -0.0006847980453643357, 0.007173856270378932, -0.023125654089577383, -0.006138920604402052, 0.0261796161093562, 0.031416836247630225, 0.010175343740178047, -0.0019247503041182896, 0.0072473623238506445, -0.02261779164014121, -0.0038461370772384785, 0.02778346436125115, 0.03023212913104049, 0.009869710080792238, -0.0029414414140218137, 0.007274269442054151, -0.021909826092838695, -0.0015455697178576493, 0.02919474972846309, 0.02892422288849522, 0.009607417500616071, -0.003658160487266226, 0.007255050701630934, -0.021061870424231927, 0.0006906627467013471]","[-0.38401186363497486, 0.3297751518835908, -0.2806455109390868, 0.3339774447330102, -0.19975414488104534, 0.3301269302572922, -0.13915368468231779, 0.32215072495842667, -0.09597737421244967, 0.3128946700288179, -0.06703701628529107, 0.30427008071577477, -0.04910095100489223, 0.29741422017474145, -0.0395308606704527, 0.293018962653588, -0.03543044789435137, 0.2908435614973174, -0.034296101120690786, 0.2901705892888695]","[-0.014324954072288287, 0.032601095073697905, 0.0025925903855519294, -0.016369233392085736, 0.039026869126130403, 0.002679901861039724, -0.018719689267250317, 0.044609097080169136, 0.0027379109945022684, -0.02133497459876965, 0.04904580562476024, 0.002744719136844598, -0.024062844607040557, 0.05225935924607672, 0.002694555900351503, -0.026761924370254375, 0.05456295385322596, 0.0026311483751308984, -0.02939751288964043, 0.05596441897891058, 0.002537131960644423, -0.031943402082311945, 0.056477322021950105, 0.0024051953875936505, -0.03437747253056744, 0.05612629844896855, 0.00223763625334783, -0.0366788709334791, 0.05495128147279349, 0.002045502389043996, -0.03882618857652487, 0.05301032582646492, 0.0018467037666329844]","[-0.03146726095676422, 0.0922924518585205, 0.021004021167755127, -0.015275686299800875, 0.037816351115703584, 0.004744172096252441, -0.3443115234375, 0.2525390625, -0.03104609453678131, 0.09264355301856994, 0.0210534930229187, -0.015090457415580752, 0.03778157180547714, 0.004662767052650452, -0.3443115234375, 0.2525390625, -0.030555496156215667, 0.0928320974111557, 0.021165072917938232, -0.014521493828296664, 0.03734045273065567, 0.0044936686754226685, -0.341015625, 0.24814453125, -0.03003535622358322, 0.09280101358890533, 0.021169275045394897, -0.014296367084980013, 0.03720175272226334, 0.004423573613166809, -0.3355224609375, 0.241552734375, -0.02951312267780304, 0.09271187484264373, 0.02096855640411377, -0.014248422598838809, 0.03723960167169571, 0.004430338740348816, -0.334423828125, 0.2404541015625]",0.061994075775146484
"[15.13123893737793, 15.15123893737793, 15.171238937377929, 15.19123893737793, 15.21123893737793, 15.23123893737793, 15.251238937377929, 15.27123893737793, 15.29123893737793, 15.31123893737793, 15.331238937377929]","[0.014654278276985174, 0.031557013045294735, 0.003653442064821845, -0.0013498756225182311, 0.015140825219053224, -0.021276352268013374, -0.01622604745609835, 0.016380011753031512, 0.03555338084053579, 0.004999811225338784, -0.0008459129998508115, 0.014935743530470006, -0.021683223192011276, -0.015120074542029637, 0.01836906215313373, 0.039031286786326426, 0.006591846088014541, -0.0003089371210173232, 0.014670218847022916, -0.021856650947730812, -0.013159273683557559, 0.020556640504383765, 0.041534987608311445, 0.008221679819164919, 6.948121498863866e-05, 0.014327432357826055, -0.021703883206168766, -0.010444294369953517, 0.022822683540213697, 0.042706789753549274, 0.009652670242676404, 0.0001116119235813229, 0.013923659599388252, -0.021288106598440826, -0.007313523316086777, 0.025048046642173753, 0.042404903956005394, 0.010694135981163845, -0.0003089196705572578, 0.013499230968153707, -0.02079571874896654, -0.004233053243049695, 0.027159350471213803, 0.04120918815375804, 0.011510460466515321, -0.0008498431274995884, 0.013053047262662494, -0.020270925488051768, -0.001297594748320628, 0.029115455493265604, 0.03953217743949188, 0.012220147067973816, -0.0012822669176786588, 0.012587215888235859, -0.019754615158747837, 0.0014144783141038428, 0.03089925345792331, 0.03765023840739673, 0.012900947427440527, -0.001472958472809053, 0.01210678342109327, -0.019282838700431657, 0.0038417076846427216, 0.03251039826651091, 0.035734516472468704, 0.013596540861876349, -0.0013650146780199554, 0.011619127439525354, -0.01888559545872399, 0.0059379931553066095, 0.03395905400431226, 0.033880016713171576, 0.014323987909698967, -0.0009585454147949577, 0.011133240693728489, -0.01858613922610301, 0.007669790425154237]","[-0.3571613657646012, 0.35446439689813536, -0.2343243783275064, 0.35156622500415663, -0.15221011361004116, 0.34815779715914835, -0.10093078519128625, 0.34482075309533333, -0.07174020765448957, 0.34187410513736116, -0.05726058512445948, 0.33946600537289917, -0.05156095388517441, 0.33764830529803463, -0.050103179819675076, 0.3365116717355448, -0.05010043014089174, 0.3359558750149426, -0.05024899079709209, 0.33578494486359284]","[-0.02157401663979286, 0.06732213918010421, 0.00873473416509718, -0.023287074387290607, 0.0706140712953216, 0.008200678225067648, -0.025251026959566714, 0.07222146401251273, 0.007508009484553213, -0.027384187330262044, 0.07202996263799388, 0.0067043321131849964, -0.029588644527821506, 0.07029598722032127, 0.005900755504287147, -0.03178086569045169, 0.06760008978802379, 0.005214909430243608, -0.03394968848427515, 0.06412369267813256, 0.004638622728042385, -0.03608771839535185, 0.060033661875973365, 0.004178181872862119, -0.038188173860364216, 0.055487737397296844, 0.0038434889691951746, -0.04024295638290587, 0.050640059074686494, 0.003641075906505975, -0.04224096322665183, 0.04564478187683818, 0.0035696570750163303]","[-0.03398779982328415, 0.0847708523273468, 0.019786059856414795, -0.016179583287239077, 0.034393494784832, 0.004990503191947937, -0.3531005859375, 0.276708984375, -0.03374276512861252, 0.08589343130588531, 0.019943684339523315, -0.0160523720741272, 0.034806346356868745, 0.00494009256362915, -0.3531005859375, 0.27121601104736326, -0.03346105122566223, 0.0870272159576416, 0.0201604962348938, -0.015844791448116305, 0.035214653074741364, 0.00484602153301239, -0.352001953125, 0.26901874542236326, -0.03311049395799637, 0.08809914588928222, 0.02045387029647827, -0.015649116849899294, 0.03559765762090683, 0.004806116223335266, -0.3509033203125, 0.26572284698486326, -0.03276717120409012, 0.08914061784744262, 0.02071702480316162, -0.01546735248565674, 0.03586723452806473, 0.004727587103843689, -0.3509033203125, 0.26572284698486326]",0.05957531929016113
"[15.211266994476318, 15.231266994476318, 15.251266994476318, 15.271266994476319, 15.291266994476318, 15.311266994476318, 15.331266994476318, 15.351266994476319, 15.371266994476319, 15.391266994476318, 15.411266994476318]","[0.02016061624424638, 0.045240585481441026, 0.005851060791008131, -0.0019808807668293374, 0.02572032118908684, -0.024297012983134726, -0.016045193813551076, 0.021783560145209553, 0.04830378025386487, 0.007162806754458271, -0.001291589175325293, 0.02480549055872175, -0.023822964572024048, -0.013564834858804298, 0.023619836736326588, 0.050483200937401836, 0.0086613706795937, -0.0006081189339689837, 0.02381541350621965, -0.023002251555460408, -0.010318262145072775, 0.025547266664220792, 0.05136092725479304, 0.010093562405964759, -0.00012883812075416282, 0.0227496894338218, -0.021868787243090052, -0.006549369352274898, 0.02744783549942012, 0.050761620431879914, 0.01127070521960397, 2.900052139936359e-05, 0.02163952419482604, -0.02059030170577488, -0.0026610930806890425, 0.029248134692382043, 0.048811414640755627, 0.012125615096418432, -0.00014162113029229413, 0.020530107026752745, -0.019385302729742492, 0.0009250415095466391, 0.030932533307427623, 0.04617766475910738, 0.012879187224126547, -0.00029899137473255046, 0.01943113972724958, -0.01831625776392663, 0.004117692272054132, 0.032492562815680026, 0.04330118650536618, 0.013663075119590532, -0.0002415278234920577, 0.018353492890116556, -0.017429689387312382, 0.006851596148562994, 0.03392543055971099, 0.04044746353744988, 0.014538016330435204, 0.00012053328705563873, 0.01730853781586077, -0.0167562990312682, 0.009087172900959206, 0.03523287660645053, 0.03775485395509872, 0.015512721128760796, 0.0007939146893315957, 0.016307559320035424, -0.01631296793194612, 0.010806389398750055, 0.036420188345635846, 0.03527744317674437, 0.016561642382654007, 0.0017292242898808749, 0.01536130952694269, -0.016105611121397925, 0.012007085486604403]","[-0.2912284910424913, 0.35550277304525046, -0.16509866750875307, 0.3431008512493884, -0.08850221193607913, 0.3364605384076489, -0.04714885892676444, 0.3337790852283053, -0.029098463890710552, 0.33350348999193025, -0.024841473896180594, 0.3343976970763912, -0.027211153696512263, 0.3355726580835308, -0.030888549434883845, 0.33650102294924944, -0.03340918945838249, 0.33701868137940016, -0.034333104200666965, 0.33719160782554514]","[-0.027409859609704768, 0.08825379624971674, 0.015365985439244056, -0.029226781649902556, 0.08857690007214192, 0.013963916829397682, -0.031141855314947176, 0.08678608996794601, 0.012420178198510268, -0.033084193315490396, 0.08303409084758018, 0.010881357694848326, -0.03499751638266968, 0.07779475777903766, 0.009508757588014838, -0.036843625339175734, 0.07171476325416704, 0.008409906140689927, -0.03862138748621868, 0.06506225410789845, 0.00756745867053521, -0.040331229262457136, 0.058077321143795047, 0.006974033264286028, -0.041973800046397614, 0.050977980272293166, 0.00661721692889472, -0.04354921230362452, 0.04396634220548101, 0.006472557540940116, -0.04505596677891521, 0.037232677673251224, 0.0065017130550044655]","[-0.034846147686243056, 0.07453046143054962, 0.018190354108810425, -0.016220308160781863, 0.029513513505458833, 0.005112349987030029, -0.3531005859375, 0.28330078125, -0.03483464026451111, 0.07569097876548767, 0.01829347014427185, -0.016272208905220034, 0.02996479517221451, 0.005081474781036377, -0.3531005859375, 0.28330078125, -0.03478884154558182, 0.07692594230175018, 0.018479973077774048, -0.01620222560167313, 0.030465727508068086, 0.005010694265365601, -0.3531005859375, 0.28330078125, -0.03467401319742203, 0.07821592092514038, 0.01870235800743103, -0.016121610319614413, 0.031099324882030488, 0.00500863790512085, -0.3531005859375, 0.28330078125, -0.03454193675518036, 0.07956805229187011, 0.018919378519058228, -0.0160959654211998, 0.03178984469175339, 0.005029156804084778, -0.3531005859375, 0.28330078125]",0.06215643882751465
"[15.29128909111023, 15.311289091110229, 15.331289091110229, 15.35128909111023, 15.37128909111023, 15.39128909111023, 15.411289091110229, 15.43128909111023, 15.45128909111023, 15.47128909111023, 15.491289091110229]","[0.02520312828276404, 0.054736997079151854, 0.010429099012916837, 0.0005878377108247373, 0.03134951197622123, -0.02599075632820828, -0.01447750871919747, 0.026570233276517086, 0.05648193668925953, 0.011434531599151188, 0.0011961508864615472, 0.02994171338315317, -0.024946191805321354, -0.011420061430725338, 0.028013209140429672, 0.0568950885059415, 0.012350206934579012, 0.001561643313794702, 0.02846703623531435, -0.023467614242644128, -0.007673360482397669, 0.029420123963734005, 0.055734587260967854, 0.012982111245237005, 0.0015607158499778785, 0.026944953238048713, -0.021735274587858577, -0.00355124388437768, 0.030724309347140162, 0.05308312361445413, 0.013260721376654544, 0.0012037111972665864, 0.0254146824711414, -0.020007020430863196, 0.0005643741555634451, 0.032028725319764695, 0.049373327974188426, 0.013394571027497457, 0.0006160567041828925, 0.023917278027380695, -0.018403622906317908, 0.0043193653933867255, 0.033310593608317, 0.04524905528078866, 0.01359707099563441, 0.00012967785246114803, 0.022462329133822154, -0.01699056361202384, 0.007628392346098347, 0.03454968433106826, 0.04111730811384687, 0.013981546733654263, -6.903343692485756e-05, 0.02106024923011453, -0.015814923317138803, 0.010432913227530234, 0.03572896533018752, 0.03720547353147697, 0.014583989042854795, 9.217872560811844e-05, 0.01972130035076727, -0.014905467063071377, 0.012700669069841006, 0.03683535360774873, 0.03361424040860303, 0.015385826893900379, 0.0006026720731876468, 0.018455085033518778, -0.01427563533818807, 0.014421033415119655, 0.03786030603309741, 0.03036381577100023, 0.016334766547594765, 0.0013975727966947602, 0.01727032846887766, -0.013927674048392869, 0.015598783973173734]","[-0.1702142976409207, 0.31718948863312213, -0.05167899391325745, 0.30893010010947597, 0.01657707361956469, 0.3071310823569327, 0.049981381826674894, 0.30930299264704886, 0.06116260156970616, 0.313421930511213, 0.059975774940985854, 0.3179514565174459, 0.05367976081891711, 0.32184432900332677, 0.04763652646657703, 0.3244634589742061, 0.043993780426466574, 0.3258066799637899, 0.04273279037938239, 0.3262341207611505]","[-0.03198966051610519, 0.09366430170614448, 0.01819986692265152, -0.03368821154061008, 0.09183634380861783, 0.016421309389606176, -0.03536872163830029, 0.08790356328509219, 0.014596659895913078, -0.037039105034798236, 0.08221159014866641, 0.012887008915157594, -0.03874510763643024, 0.07532267774788348, 0.011427039348402168, -0.04036353367564649, 0.06774767369542412, 0.010252497369066305, -0.041891052962861774, 0.05974615110634618, 0.009355994535483081, -0.043326931197999796, 0.05154784634198961, 0.008732842907647864, -0.0446727131563629, 0.04336129863387361, 0.008368022964453381, -0.04593190826959104, 0.03538128811383556, 0.008230817921846434, -0.04710903204989991, 0.027793311317601432, 0.008274375295422853]","[-0.034749103873968124, 0.06716104745864868, 0.01725149154663086, -0.015715941107273104, 0.0260745490193367, 0.0052656978368759155, -0.334423828125, 0.3129638671875, -0.03480104187130928, 0.06775901615619659, 0.01728719472885132, -0.01576090536117554, 0.02632131224870682, 0.005257904529571533, -0.3399169921875, 0.30966796875, -0.034861358046531676, 0.06848112642765045, 0.017356961965560913, -0.015814802861213687, 0.02661863511800766, 0.0052232444286346436, -0.3465085983276367, 0.3052734375, -0.03488004410266876, 0.06927838325500488, 0.017484933137893677, -0.015900134360790255, 0.027012159883975984, 0.00519329309463501, -0.3476072311401367, 0.3041748046875, -0.03487164357304573, 0.07020140588283538, 0.017612546682357788, -0.015935591673851016, 0.027478864252567292, 0.005173534154891968, -0.3498044967651367, 0.3019775390625]",0.06104683876037598
"[15.371058702468872, 15.391058702468872, 15.411058702468871, 15.431058702468873, 15.451058702468872, 15.471058702468872, 15.491058702468871, 15.511058702468873, 15.531058702468872, 15.551058702468872, 15.571058702468871]","[0.02756919047650256, 0.05704305868505456, 0.013105682280905103, 0.0034744364060553625, 0.031254608829691194, -0.026338977853406328, -0.0126767461189235, 0.028911148943273925, 0.057745447895461065, 0.01383993198723343, 0.003739962437274727, 0.029761222319713225, -0.025136062989201385, -0.009653160571296362, 0.03021471584678646, 0.05681670834291857, 0.014223903625831652, 0.00351612207426469, 0.0282209486307477, -0.02352246173071449, -0.005964949315156791, 0.031410769448038896, 0.054234993745858655, 0.014177894462772869, 0.0028122018151536267, 0.026647967709737798, -0.021683614391891922, -0.00185394044405015, 0.03260098580738276, 0.05035654951115215, 0.013922258450366558, 0.0017845834082682063, 0.02506566344002888, -0.01969796363482188, 0.0023947967582588054, 0.03376611997432963, 0.04538989452237633, 0.013486853288345799, 0.00047788241594786285, 0.023518960536096763, -0.01778206237861055, 0.006369796505691579, 0.034897858852742096, 0.04001476032577035, 0.013121854700330305, -0.0007406298167480013, 0.022016911234168466, -0.01601278363222584, 0.00998166890601667, 0.03598619269425671, 0.03466571124105812, 0.012969968699313224, -0.0016529095011879103, 0.020569398371462107, -0.014449383595701042, 0.013163884133239398, 0.03702059009960651, 0.02959003286646832, 0.013089117155274561, -0.00215957216595178, 0.019186198569236923, -0.013132990831371611, 0.015872857631733548, 0.03799145468683913, 0.024901345502917407, 0.013475492118822862, -0.002249359954583868, 0.017876596042822174, -0.012089175800135726, 0.018084185521159177, 0.0388915368843015, 0.020626712170326494, 0.014085028858677974, -0.001970901684461876, 0.016649292092969906, -0.011331823278073975, 0.019787288629068513]","[-0.07846445104636059, 0.3091872106642363, 0.05243273931774992, 0.29550846067945796, 0.13033948054422875, 0.28982651783294383, 0.17098053834210175, 0.2893910806056147, 0.18731748796844247, 0.29189770562968304, 0.18956017786782575, 0.29553920118818233, 0.18533863136534906, 0.299021947897182, 0.18037375533184266, 0.301493867468788, 0.17718027316026305, 0.3028039617912936, 0.1760402832133705, 0.30322992048238584]","[-0.03532837000903566, 0.08894500977865283, 0.01767306561319737, -0.03692507568047443, 0.08641339717435281, 0.01601403013107472, -0.038495426503559305, 0.08202875860990222, 0.014363305129707626, -0.04010916838980738, 0.07608282490034712, 0.012820935511913323, -0.04165863834369432, 0.06884755748595817, 0.011431498067008938, -0.043092490037502706, 0.06091453698896654, 0.010282323666826798, -0.044414124887957485, 0.05251169812346301, 0.00938006198853003, -0.045628176391090625, 0.04383703813065143, 0.008734645192663315, -0.04674126405614065, 0.035071851852872094, 0.008346609274179073, -0.04776251285500699, 0.026391510991986333, 0.00820091557767455, -0.04870299893153285, 0.01797178062535698, 0.008264707052354048]","[-0.035394640803337096, 0.06557195782661437, 0.016923189163208008, -0.015649988567829135, 0.02576216107606888, 0.005287230014801025, -0.2970703125, 0.316259765625, -0.03528125414252281, 0.06548357903957366, 0.016959697008132935, -0.01572399518489838, 0.025628542363643647, 0.005289971828460693, -0.3003662109375, 0.3173583984375, -0.03514814206957817, 0.06549134254455566, 0.01695188879966736, -0.01568604192733765, 0.025723581969738007, 0.005288124084472656, -0.312451171875, 0.3173583984375, -0.03498688542842865, 0.06561579704284667, 0.016961395740509033, -0.015640831804275515, 0.02573404258489609, 0.005271613597869873, -0.3179443359375, 0.316259765625, -0.03487022051215172, 0.06575892269611358, 0.017000913619995117, -0.015626131808757784, 0.025660520255565644, 0.005269035696983337, -0.321240234375, 0.316259765625]",0.0614466667175293
"[15.451499462127686, 15.471499462127685, 15.491499462127685, 15.511499462127686, 15.531499462127686, 15.551499462127685, 15.571499462127685, 15.591499462127686, 15.611499462127686, 15.631499462127685, 15.651499462127685]","[0.03034525405620541, 0.05782802608795069, 0.01756155890232834, 0.0069970358825786816, 0.029017164677875074, -0.02656042261684743, -0.011699917675540348, 0.031543212142512426, 0.05738007752165833, 0.017799216391976586, 0.0065772881085784515, 0.027624945249502122, -0.025783594636803377, -0.009102680196960533, 0.03264694241405108, 0.05521417583735268, 0.017449030967620075, 0.005498740707626055, 0.026198338237409104, -0.024541559638943902, -0.005675657795488512, 0.0337371961593707, 0.051534638863197806, 0.01671353922890631, 0.003919419756049744, 0.024722649410238415, -0.022757036346064834, -0.0015148947776603208, 0.03477589173526191, 0.046434498593967706, 0.01564391569051976, 0.0019273563828596724, 0.023214895248499658, -0.020537411136838605, 0.0030632385551283264, 0.03567740278936202, 0.0399578885843751, 0.014171029491825454, -0.0004895657308426936, 0.021727688209791342, -0.018194246737962643, 0.0075509642186530924, 0.03646688764901065, 0.032904018513781545, 0.012647577759301294, -0.002872502157102413, 0.02026963171653719, -0.015827425354949777, 0.011841785402205833, 0.037164159889588225, 0.02580288697856513, 0.011306408037871606, -0.004925437591361533, 0.018851056187854032, -0.013524431410416647, 0.015846395537106407, 0.037783916856058454, 0.01897412437065754, 0.010280646337987028, -0.006485875325870079, 0.01748290879152324, -0.011358275938421949, 0.019493739194318297, 0.03833660273022588, 0.01258237263018144, 0.009625227966589985, -0.007494805822975953, 0.01617630798145965, -0.009388030165974627, 0.022728504068163735, 0.038829637084431476, 0.006687017811065468, 0.009338023017946145, -0.007968162639867195, 0.014942489437362655, -0.007660902584072311, 0.0255069234417905]","[0.010206111141736557, 0.3070971348595411, 0.1751369297508311, 0.27659010789779165, 0.2793484602279114, 0.25712420381130674, 0.3394266281212555, 0.24590027630947642, 0.36936126150884346, 0.24038777325075528, 0.3804710894926352, 0.23843160371621802, 0.38151429947725457, 0.23831446288122615, 0.37922836999301834, 0.2388034198561612, 0.3771245837852859, 0.23924060570516495, 0.37627064957557965, 0.23941982176924123]","[-0.036606502089753246, 0.07948425637231349, 0.01592441980187953, -0.03817251402611399, 0.07743026964444955, 0.014672862819822718, -0.039866177904233746, 0.0737849807639086, 0.013394268517788355, -0.04155500894813002, 0.06840856954237529, 0.012075115961982519, -0.04314092109388845, 0.06150967007849628, 0.010788666660372037, -0.04460561997764945, 0.05375362897451996, 0.009656008948668138, -0.045945927510353535, 0.04531699459999805, 0.008706997553867168, -0.0471566541864088, 0.03634303149337281, 0.00797865963608313, -0.04823404142722776, 0.02696419728499766, 0.007503604262846242, -0.049178483069590495, 0.017320870504739183, 0.007302823275759707, -0.04999523707716613, 0.0075729357115279505, 0.0073797646524709215]","[-0.03816582092642784, 0.06451311111450195, 0.016264885663986206, -0.015851839697360995, 0.026020338594913484, 0.00516277551651001, -0.23115234375, 0.3151611328125, -0.037782086223363875, 0.06482727229595184, 0.0164794921875, -0.015898919916152957, 0.02617988532781601, 0.005235493183135986, -0.23994140625, 0.316259765625, -0.037274239748716353, 0.06512031853199005, 0.01654711365699768, -0.01568836650848389, 0.026478564202785493, 0.005292430520057678, -0.2520263671875, 0.316259765625, -0.03668163174390793, 0.06553108394145965, 0.016549289226531982, -0.015453755176067355, 0.026756411254405976, 0.005307912826538086, -0.264111328125, 0.3173583984375, -0.03618108311295509, 0.06582202911376953, 0.016542106866836548, -0.015287644481658938, 0.026931455194950105, 0.005314081907272339, -0.2652099609375, 0.3173583984375]",0.06294679641723633
"[15.531701803207397, 15.551701803207397, 15.571701803207397, 15.591701803207398, 15.611701803207398, 15.631701803207397, 15.651701803207397, 15.671701803207398, 15.691701803207398, 15.711701803207397, 15.731701803207397]","[0.03284519675187514, 0.05745231383964698, 0.02172883724350121, 0.009381062793577796, 0.027153617778006758, -0.028026883558583484, -0.011529242421192694, 0.0338115829593941, 0.055840512117534276, 0.021063482769748725, 0.008110981679439437, 0.025872439505426188, -0.0275826842163028, -0.009163840857397593, 0.03473547679901355, 0.05264025712915497, 0.019834135456894674, 0.006185534497773919, 0.02452897899052903, -0.026268908858481217, -0.005649873165012522, 0.035551255844975344, 0.047781801551105514, 0.01807656344871328, 0.0036947236548383017, 0.023101258408632502, -0.024044166504107973, -0.001095439384499369, 0.03615047565320146, 0.04118807131459224, 0.015745270458173123, 0.0006763118114476034, 0.02161402221220465, -0.021133183700025662, 0.004104740530967146, 0.03651307448515963, 0.0329587681756753, 0.012871289780376547, -0.0028512641505643427, 0.020129354097314374, -0.017904297030968745, 0.00936820925633453, 0.03671204808693066, 0.024036683040493792, 0.009933805640965009, -0.006331876522514447, 0.018658928454252127, -0.014499198975861822, 0.01456389285610494, 0.03680353719651436, 0.015054527262605456, 0.007263813542197768, -0.009394733217440826, 0.01721651460429411, -0.011048389228560133, 0.019574394018212118, 0.03682773748145944, 0.006399595188988486, 0.005064924090915552, -0.011823837869771602, 0.01581655923310183, -0.0076671948948045235, 0.024298212359534027, 0.03681108595921433, -0.0017242579229009506, 0.0034370814406790642, -0.013525923873169808, 0.01447389551106914, -0.004455168532987301, 0.02864803526648274, 0.03676930237250384, -0.009239929200649909, 0.0024009789919465425, -0.014499355053206393, 0.013204072813105504, -0.0014977803503181761, 0.032547037727240255]","[0.12579847332649038, 0.2743246405112303, 0.3247053653281798, 0.22522283103578747, 0.45258837847039085, 0.19224852087368785, 0.5281282402212305, 0.1718104475605854, 0.5672974439477522, 0.16050749413092255, 0.5832125212052397, 0.15530183477347242, 0.5862119281418038, 0.1536393553509533, 0.5844425774034028, 0.15355511457957016, 0.582341295723178, 0.15385586383334288, 0.5814332102083212, 0.1540262039156859]","[-0.03726002814589968, 0.07163088444964849, 0.01488754785519486, -0.03916499076698665, 0.07055101377529382, 0.013898818130440915, -0.04108678981030245, 0.06762334212429133, 0.0127673849457417, -0.042904436772989385, 0.0626157495849502, 0.011495763302255213, -0.04457739279619122, 0.05579120464435405, 0.01018451283029087, -0.04606713955325592, 0.04783996476740171, 0.008969109656065122, -0.04736046734062338, 0.03890244101163587, 0.007907125514704738, -0.04844035364453436, 0.029081163382225217, 0.007065977892310116, -0.04929298350510525, 0.018474840972706907, 0.006514742730978185, -0.04991345779834466, 0.007207105953512816, 0.006316817062067326, -0.05030827743005828, -0.004555455684284837, 0.006519430336619614]","[-0.043229935854673385, 0.05818072855472564, 0.014782547950744629, -0.016599609768390658, 0.023716782987117768, 0.004579469561576843, -0.1751220703125, 0.3129638671875, -0.04261356794834137, 0.05933528542518615, 0.015118837356567383, -0.01648412576913834, 0.024300044238567353, 0.004667431116104126, -0.1751220703125, 0.3129638671875, -0.04180845448374748, 0.06039855778217315, 0.015295714139938354, -0.01613046160936356, 0.02492762154340744, 0.004733741283416748, -0.1817138671875, 0.3129638671875, -0.040920892894268035, 0.06154234111309051, 0.015373378992080688, -0.01566111973524094, 0.02551012283563614, 0.004745170474052429, -0.19599609375, 0.3140625, -0.04004717448353767, 0.06248354315757751, 0.01539301872253418, -0.015164568340778353, 0.025980492889881135, 0.004772856831550598, -0.1970947265625, 0.3140625]",0.06090664863586426
"[15.611289262771606, 15.631289262771606, 15.651289262771606, 15.671289262771607, 15.691289262771607, 15.711289262771606, 15.731289262771606, 15.751289262771607, 15.771289262771607, 15.791289262771606, 15.811289262771606]","[0.0353063273773394, 0.05359290987001369, 0.023085423198710008, 0.007404909776676337, 0.026342154044218077, -0.029430557964601846, -0.010842477553887352, 0.0360683379702675, 0.051223463787573836, 0.021698639849418267, 0.0055493171501993415, 0.025064806266936645, -0.028656019179170433, -0.007910581491869828, 0.036685167349724886, 0.047163165113721976, 0.019675110863003664, 0.003101466384430729, 0.02368657139970646, -0.02671314415487489, -0.0036766607619324325, 0.0370213190390946, 0.041212146607196805, 0.016955893520439903, 9.892406446423053e-05, 0.022199064359060564, -0.023702050315990705, 0.0016438038960916235, 0.03703538207182175, 0.033385444005821406, 0.01359493066405194, -0.0033940394439795486, 0.020640406033954773, -0.019916814551363654, 0.0075813379321590865, 0.036763422503312666, 0.02395165853087901, 0.009751279630576797, -0.007271332791633975, 0.01907763650012808, -0.01576102895048097, 0.013551780990817925, 0.03632056061483737, 0.01392411670217627, 0.005976631221134743, -0.010949104767686504, 0.017529624229655406, -0.011414322463716882, 0.01940539151514653, 0.0357910500771197, 0.003968683000242744, 0.0026439597360654646, -0.014050204515474372, 0.016016183657976506, -0.007039731115005859, 0.0250088052206406, 0.0352313942668617, -0.005522083295676916, -2.674293455569681e-05, -0.016368855069725467, 0.014556609130111739, -0.0027788936857203305, 0.030248537453590178, 0.03467510220660636, -0.014357421046294856, -0.0019389595246460704, -0.01783340288150798, 0.013169824389529248, 0.001247758313571451, 0.03502869870494502, 0.03413848673102884, -0.02248292701910651, -0.003089333438821, -0.018470400049690958, 0.011875215891034832, 0.004937703718698576, 0.0392659417366184]","[0.25611054849062964, 0.22326656847268664, 0.4621100994935083, 0.16312740088450603, 0.5903873055087874, 0.12371391810666561, 0.6622176517330859, 0.10022994487970358, 0.6956401817739294, 0.08817070171156566, 0.7053374559965621, 0.08353412002680263, 0.7027725321523604, 0.08296829656594547, 0.6971750051665664, 0.08386285057912286, 0.6930855986442331, 0.0847510689077868, 0.6915423680412656, 0.08512777650051694]","[-0.03778349421054683, 0.068330520805298, 0.014463450878482664, -0.03994589319542108, 0.06732686992159609, 0.013458464108635937, -0.04202319496701579, 0.06405161424205064, 0.01225031689028322, -0.04394985037847565, 0.05841259061891391, 0.010881523719306507, -0.04567073282884904, 0.05075913197098281, 0.00947556217847545, -0.04714199700618771, 0.04177899380455852, 0.008189263917157241, -0.04833416203087659, 0.03161373214721408, 0.007101811227872901, -0.04921659089019137, 0.020371144499361726, 0.006304924240683185, -0.049767589730105755, 0.008165799812567709, 0.005894078499393274, -0.049981572354311776, -0.004848565277143724, 0.005957374955614103, -0.04987162141788826, -0.018460458420801906, 0.006559054911014606]","[-0.04999043622612953, 0.04407053589820861, 0.01302286982536316, -0.018166764891147616, 0.017781903803348542, 0.0038784295320510864, -0.0674560546875, 0.2997802734375, -0.04912163147330284, 0.04618918299674987, 0.013257861137390137, -0.017986259675025942, 0.01866948401927948, 0.003924652934074402, -0.092724609375, 0.3052734375, -0.048181461334228515, 0.04820218086242675, 0.013420134782791138, -0.01762358776330948, 0.01963297075033188, 0.003957435488700867, -0.1004150390625, 0.3063720703125, -0.04717839339375496, 0.05025587379932403, 0.013532102108001709, -0.017204276537895205, 0.020521459937095643, 0.003961458802223206, -0.1157958984375, 0.3085693359375, -0.046150127589702605, 0.05221057832241058, 0.013623595237731934, -0.01674862883090973, 0.021398542284965516, 0.003969833254814148, -0.1201904296875, 0.30966796875]",0.061087608337402344
"[15.690706253051758, 15.710706253051757, 15.730706253051757, 15.750706253051758, 15.770706253051758, 15.790706253051757, 15.810706253051757, 15.830706253051758, 15.850706253051758, 15.870706253051758, 15.890706253051757]","[0.036738029015552155, 0.04614596662410305, 0.020323537707455354, 0.001863403955085112, 0.025948666577575264, -0.028919523115445312, -0.007005256390513614, 0.037420584887821344, 0.04336025528247322, 0.018713800341004106, 8.860133443317332e-05, 0.024589327530075606, -0.027406474301732507, -0.0031481683805957743, 0.03780966358994078, 0.038794577205119474, 0.016427648301898138, -0.002151537540553189, 0.02311547180410592, -0.02474488512984977, 0.001775719218884022, 0.037832224365486264, 0.03239071609830086, 0.013501034909532824, -0.004802633441389753, 0.02153342835704642, -0.021070365241685107, 0.007470628808897971, 0.03750134756199869, 0.024373027335919107, 0.010123349354906247, -0.007721515473652767, 0.019883540224742473, -0.016648885820990233, 0.013506538720375957, 0.036776324324258106, 0.01500065015471836, 0.006371603622569935, -0.010801184555616334, 0.018236574794404055, -0.011972810842373505, 0.019360583028412384, 0.035841242476323414, 0.005255622203310271, 0.0028138890138725064, -0.013531947251358842, 0.016622199242917465, -0.007240834785248952, 0.02489452955880431, 0.0348246195565818, -0.004241632095978577, -0.00018551990296385935, -0.015611662650047977, 0.015067059735070951, -0.0026231398117585744, 0.029992336234315655, 0.03380770672222089, -0.013149817857826134, -0.002432512799286633, -0.016905415705583276, 0.013593859955326056, 0.0017419413819863444, 0.034564084945348204, 0.03283449748610565, -0.021328162663115432, -0.0038659614643019678, -0.01740400759424551, 0.012222146215072525, 0.005744779080791015, 0.03854233819774964, 0.031922490923373736, -0.02876563278095071, -0.004520743260688061, -0.017185030519534576, 0.010969672738922635, 0.009297815889000756, 0.04187514196710438]","[0.3391085080643306, 0.19369424509019814, 0.5227160393113653, 0.12459853982929285, 0.6295854928653465, 0.08140469149106926, 0.6824739689730032, 0.05755356285495085, 0.7002448078322084, 0.04707681693259231, 0.6978797025558674, 0.044828350373419534, 0.6867466076775949, 0.04661978657771603, 0.6760525987671013, 0.04921646333539304, 0.669575511574337, 0.05101580586532657, 0.6673236445163128, 0.051690060636224715]","[-0.039645054024171955, 0.06692957703850855, 0.014084259007780098, -0.042046987324780405, 0.06449838562080501, 0.01290905276220311, -0.044273028424147265, 0.05966545766137843, 0.011556576272417907, -0.04619976220361388, 0.05249038077150914, 0.010106476332503611, -0.047707392448303576, 0.04330685647879706, 0.008693162205235971, -0.0488598191630647, 0.03286366348854575, 0.007511423084711311, -0.049627111551035386, 0.0213496134306963, 0.0066432335722304, -0.04998340086017228, 0.008927767977369605, 0.006176525694269852, -0.049917032851129806, -0.004229607445021877, 0.006190073204356494, -0.04943659533431277, -0.017915293156274714, 0.0067392218316149055, -0.04857223463499549, -0.031874425907948645, 0.007840288928049333]","[-0.056271499186754226, 0.023167127370834345, 0.011453956365585327, -0.01983446559906006, 0.008421001791954041, 0.003783181309700012, 0.0369140625, 0.276708984375, -0.055706827133893966, 0.02588588893413543, 0.011725366115570068, -0.01986067674160004, 0.009464939892292024, 0.003820955753326416, 0.014941596984863281, 0.28330078125, -0.055099168956279754, 0.028487244248390192, 0.01186436414718628, -0.019860788500308993, 0.010664587676525117, 0.0038582980632781982, -0.0147216796875, 0.2909912109375, -0.05442198568582535, 0.031227135658264155, 0.01188594102859497, -0.01971477202177048, 0.011815799236297608, 0.003818690776824951, -0.0191162109375, 0.29208984375, -0.053614488035440444, 0.03396120071411132, 0.011965751647949219, -0.019393964922428134, 0.013076877057552339, 0.0037848204374313354, -0.02900390625, 0.2931884765625]",0.06070375442504883
"[15.770602703094482, 15.790602703094482, 15.810602703094482, 15.830602703094483, 15.850602703094482, 15.870602703094482, 15.890602703094482, 15.910602703094483, 15.930602703094483, 15.950602703094482, 15.970602703094482]","[0.038090263818784664, 0.03690887332971961, 0.016823280464372082, -0.002928235670057036, 0.024302473008022202, -0.027238139868194466, -0.0011027119572843817, 0.03861697850181721, 0.03360712837224726, 0.01503978357387382, -0.0044132520541668285, 0.022913607078676658, -0.025016566707627107, 0.0032881206355669774, 0.038771325558053, 0.028590901490772553, 0.012645568811149489, -0.006259566837892332, 0.021419259066485712, -0.021733472904694198, 0.008347604353972077, 0.038530557097611884, 0.022043069251678933, 0.009817597084807672, -0.008330832672194024, 0.01983295683956257, -0.017502578800222532, 0.013779797452847995, 0.037830323124401176, 0.014201639472243425, 0.006667589540822384, -0.010490853342333701, 0.018201786510639684, -0.012681697856917813, 0.019198087463796094, 0.03663972950981028, 0.0054383362623175845, 0.003303498503212605, -0.012574688241649763, 0.01658979893436712, -0.007777506592811473, 0.02424351525533598, 0.035221233498601914, -0.003396256926854702, 0.00026847489509282776, -0.01420592400204459, 0.015033645425958728, -0.0029928191549339167, 0.02880772829351363, 0.033749691546560705, -0.01179304957826624, -0.0021128662576218676, -0.015191811540419027, 0.013561874328275606, 0.0015104401912083994, 0.032806952262621335, 0.032328331574146114, -0.01950069572067996, -0.003693504590578546, -0.015482451758931703, 0.012195208908010062, 0.0056122558600994335, 0.036186037006484664, 0.031006264849499737, -0.02644699548869552, -0.004460222416615557, -0.015129951033975233, 0.010948411291746929, 0.00922770525222068, 0.03891418558383017, 0.02979603451819562, -0.03266943895814907, -0.004491374623954572, -0.014251238364917535, 0.009832520650027782, 0.012296525764353106, 0.04097715853424751]","[0.411090674565347, 0.16235087619097982, 0.5530708306049228, 0.08814720614364167, 0.6271716139918498, 0.04476823133339213, 0.6553936599525152, 0.023656332330183032, 0.655515814765358, 0.0172697798303128, 0.6412707139077778, 0.019300307284519726, 0.6227329496304346, 0.024768770642824175, 0.6080841194117544, 0.02983544499308758, 0.5999169062404451, 0.03289651147541576, 0.5971998991069433, 0.03396942215456501]","[-0.04363155466376578, 0.060907079299354905, 0.012910018201904627, -0.0461602446427809, 0.056779539464525186, 0.011677301790077976, -0.04829947757100084, 0.05040778135789514, 0.010347802074110568, -0.04983538975452806, 0.041898402098079934, 0.009002620643273396, -0.050732954017554954, 0.031701176104259154, 0.007805484962594811, -0.05115701213057511, 0.020487525026070763, 0.00693449043538763, -0.05109521409122664, 0.008478621034939238, 0.006454063322862691, -0.050542970825422806, -0.004122196510670584, 0.006421973046413676, -0.049511935778679295, -0.017104499463687084, 0.0068735839385603015, -0.04803444193103412, -0.030234298569666418, 0.007810312031644173, -0.046164290832292565, -0.04324754572385814, 0.009190406485112934]","[-0.05852617898583412, 6.967782974237613e-06, 0.011213868856430054, -0.020497850394248965, -0.0013644194006919852, 0.004198849201202393, 0.1215087890625, 0.2514404296875, -0.058432294219732284, 0.0027260571718215887, 0.011155277490615845, -0.020599521017074587, -0.0003581514358520499, 0.004170402884483337, 0.116015625, 0.2525390625, -0.05836369299888611, 0.005520598590373987, 0.011048376560211182, -0.020760252392292025, 0.0009324232339859018, 0.00411650538444519, 0.09404296875, 0.2602294921875, -0.05820058861374855, 0.0084970012307167, 0.011039406061172485, -0.02091965756416321, 0.0021142343282699594, 0.004056215286254883, 0.083056640625, 0.263525390625, -0.05836509743332863, 0.011522540450096125, 0.010994791984558105, -0.021012938833236697, 0.003327062189579011, 0.004039078950881958, 0.078662109375, 0.26462421417236326]",0.0603938102722168
"[15.850938558578491, 15.87093855857849, 15.89093855857849, 15.910938558578492, 15.930938558578491, 15.95093855857849, 15.97093855857849, 15.990938558578492, 16.01093855857849, 16.03093855857849, 16.05093855857849]","[0.039161171434156615, 0.028430168094640183, 0.014466959920059709, -0.0035735102698775693, 0.021121902582680235, -0.024382734254341756, 0.006330261980064155, 0.03943833535509451, 0.024212076941085573, 0.012467486483109217, -0.004774974405656057, 0.019777876564612495, -0.021591912133067152, 0.010344539625065239, 0.03930645577300353, 0.0185568939906133, 0.010008323252960924, -0.006301254008593483, 0.01836023677373258, -0.017809117726226113, 0.014627488522231783, 0.038673565881270314, 0.011685363902275838, 0.007197875170871098, -0.008016934701089823, 0.01689770581153545, -0.01328715695270756, 0.01888996135373424, 0.037494608425282835, 0.003960978272220297, 0.004174288725548683, -0.009735937815320075, 0.015436556958211093, -0.008447042963746817, 0.022881663761740292, 0.03585365426820277, -0.004096437658874168, 0.001181958273072232, -0.01122269960198518, 0.014022445788802206, -0.00370990180641885, 0.02646003304803045, 0.034059407147712904, -0.011870011534554706, -0.001319265287045539, -0.012257420610531469, 0.012688321342285796, 0.0007398283592099538, 0.02956170321456855, 0.03230451460577798, -0.01902172936594288, -0.003082175352911928, -0.012753954978988832, 0.011455435874294253, 0.00476647905659785, 0.032142358095922675, 0.03068988392797993, -0.02541818987556051, -0.004027533165550835, -0.012725698227393452, 0.010335204319183437, 0.008281897669532252, 0.034180629135670146, 0.029250105061310743, -0.031062330755678397, -0.004197552321435123, -0.01225267811995965, 0.009332319011918088, 0.011235283235747734, 0.03567481219176921, 0.027977877266605243, -0.03603441311410377, -0.0037122574735235668, -0.011452628064810224, 0.00844792637069763, 0.013599519242469896, 0.036636549011517826]","[0.4865779947359032, 0.1133856129273178, 0.5750182827008661, 0.04569469447716179, 0.612387798197372, 0.010881196323857345, 0.6169889215446739, -0.0011757643275300098, 0.6031719379513636, 0.0008757594764890817, 0.5816613812834883, 0.010015495220692854, 0.5600141469692809, 0.02088186058391935, 0.5444057680875556, 0.029314729599639232, 0.5361109691185852, 0.034010655355366064, 0.5334286191053351, 0.03558214152850435]","[-0.04985109969086432, 0.04671105966804978, 0.011066439687393625, -0.052122490254971066, 0.04101353078031478, 0.010081780734897627, -0.05361848399108893, 0.03352959202589778, 0.00906248751748917, -0.05423386682305198, 0.024555763945548037, 0.00810630809803925, -0.05407153495898798, 0.01455580456482286, 0.007347628044738652, -0.05334334790329498, 0.003963488081560218, 0.006899361472700427, -0.05207514069731656, -0.007029824927142325, 0.006798307452511754, -0.05030080626056588, -0.018244027305659216, 0.007065457295965416, -0.04806803363480627, -0.029494305993909453, 0.007697463375383684, -0.04544168769808432, -0.04058184905917983, 0.00866172842497992, -0.04250530815376741, -0.051290977654928405, 0.009893858989739712]","[-0.05732046270370483, -0.023210613429546362, 0.01386803388595581, -0.020363784646987917, -0.01023976707458496, 0.005057081580162048, 0.2093994140625, 0.22177734375, -0.05804746055603027, -0.01748479753732682, 0.013119757175445557, -0.020700498735904696, -0.008767532348632812, 0.004919484257698059, 0.2093994140625, 0.22177734375, -0.05804746055603027, -0.01748479753732682, 0.013119757175445557, -0.02095259658098221, -0.0068855231404304496, 0.0047762393951416016, 0.19292011260986328, 0.2272705078125, -0.05822499671578407, -0.014345160126686102, 0.012692838907241821, -0.021124712443351748, -0.005185494363307952, 0.004692971706390381, 0.1764404296875, 0.232763671875, -0.058387970715761184, -0.01120490431785584, 0.01227608323097229, -0.02104422382116318, -0.00389317625761032, 0.004561081528663635, 0.1742431640625, 0.232763671875]",0.06108808517456055
"[15.931344509124756, 15.951344509124755, 15.971344509124755, 15.991344509124756, 16.011344509124754, 16.031344509124757, 16.051344509124757, 16.071344509124756, 16.091344509124756, 16.111344509124756, 16.131344509124755]","[0.03979521534559114, 0.011978581287061005, 0.009683937332278177, -0.006083990426974527, 0.01756127749485491, -0.02015554965151523, 0.013026262185325701, 0.03980868901755671, 0.007593363954923557, 0.007737629015739447, -0.007125480351931398, 0.01636715344455733, -0.01673475328917491, 0.016486853977796537, 0.039323873628411374, 0.0020168836239188538, 0.005437223988213868, -0.008439901936193834, 0.015143947886800546, -0.01259595948204013, 0.01982838835297196, 0.03828004115438508, -0.004358719156851084, 0.002927523690246062, -0.009828615776925773, 0.013927561898142328, -0.00810315440238283, 0.022822973960679727, 0.03675724736216822, -0.010987197484459577, 0.00048055170769667927, -0.011039538932284019, 0.012751718006443823, -0.0036245351747386276, 0.025377985393472607, 0.034905399895916754, -0.017339597098970386, -0.001621610489684462, -0.011830061058395406, 0.011638329144630052, 0.0005233424362020608, 0.027527100707774595, 0.033030142142956076, -0.023085918286787573, -0.0030660268186932663, -0.012148645894640245, 0.010611253959051867, 0.004193135852247423, 0.02923791608399714, 0.03130681729831272, -0.028088184937060723, -0.0037260301605016267, -0.012020236318451354, 0.00968225681415269, 0.007290978217354479, 0.030493109126561287, 0.029811295915733834, -0.03234337385121604, -0.003616447178182225, -0.011522292063020034, 0.008853876683788144, 0.009772993119466116, 0.031294470437217094, 0.02855094897453973, -0.03593151605291609, -0.002848032021092548, -0.01076223908545402, 0.00812302284593245, 0.01163242319361268, 0.03166058494091004, 0.027493335670370007, -0.038971658917998114, -0.001585843315376139, -0.009858327665809154, 0.007484288381161428, 0.012883697055238012, 0.031621744284736006]","[0.535115363712122, 0.07104185228809187, 0.5614552512466859, 0.021986993942883726, 0.5576362175336034, 0.0036568668548505818, 0.5366843465006832, 0.005355458157585329, 0.5084104804902778, 0.018229748650693097, 0.47979345233881787, 0.035339016320696276, 0.45541750557442845, 0.05160889249683065, 0.4391730124483178, 0.06314225809388078, 0.430931009801298, 0.06924864900285205, 0.42834213299196855, 0.0712290821204899]","[-0.05619387468261161, 0.026799343319154456, 0.009845032162587586, -0.05749518333026371, 0.020576606740807968, 0.009072569534080976, -0.057799067289491024, 0.0131030391181568, 0.008327156126417545, -0.05715212385586388, 0.004795491618279968, 0.007704531306319318, -0.05571328698813338, -0.004006136783694103, 0.007292567318222698, -0.05373345534258056, -0.013090483784737206, 0.0071625857830808215, -0.051282074415258005, -0.022285689257513397, 0.007320508845648277, -0.048433914985923865, -0.03141872226686404, 0.007753453729764104, -0.04527131371947757, -0.04031334015133936, 0.008425860728013657, -0.04188619285283979, -0.04879054304382624, 0.009279393753498955, -0.03838188388266239, -0.056670490801221884, 0.010235753928089508]","[-0.05384100058674812, -0.043634282797575, 0.01762142777442932, -0.018720074808597567, -0.018424185156822204, 0.006060376763343811, 0.3016845703125, 0.1833251953125, -0.05377498844265938, -0.04127033650875092, 0.01712241768836975, -0.019131637430191042, -0.016974868416786193, 0.005897402763366699, 0.2841064453125, 0.191015625, -0.05445010417699814, -0.038764397054910665, 0.01673749089241028, -0.019582032477855685, -0.015225494444370269, 0.005690321326255798, 0.2775146484375, 0.1943115234375, -0.05500913241505623, -0.036039157211780554, 0.01628175377845764, -0.019952184772491457, -0.013765463769435882, 0.005527317523956299, 0.263232421875, 0.1998046875, -0.055548040360212325, -0.03333573639392853, 0.015761762857437134, -0.0200823836684227, -0.012690121471881866, 0.0054021477699279785, 0.26103515625, 0.2009033203125]",0.06098151206970215
"[16.012427806854248, 16.032427806854248, 16.052427806854247, 16.072427806854247, 16.092427806854246, 16.11242780685425, 16.13242780685425, 16.15242780685425, 16.172427806854248, 16.192427806854248, 16.212427806854247]","[0.03857779769569635, -0.003939291745817432, 0.005773337021125028, -0.0064532048547980845, 0.013920160666438116, -0.014509254387392496, 0.018761232943965155, 0.03841167081477238, -0.008365169408980482, 0.004080958667709476, -0.007450195425622396, 0.012963955805534616, -0.01108480039400012, 0.02107264413552348, 0.03770505763335026, -0.013556961285112187, 0.002127530797951104, -0.008655012827524596, 0.012032170722627319, -0.007342859149290224, 0.022979014548652147, 0.03652337943652591, -0.018944639433847832, 0.00019219393940623375, -0.009799590074070854, 0.011145893464755063, -0.003570079382440472, 0.024407908453870125, 0.035010679436395055, -0.023981725529069686, -0.0014132806222322467, -0.010624699695296873, 0.010313011979995245, 1.0609795544613389e-07, 0.025436786563775852, 0.033289829975399914, -0.028398754794303524, -0.0025469417282074124, -0.01101459461514509, 0.009539902589944664, 0.003118238675615363, 0.026165341931513007, 0.031630865846857585, -0.03209985398274567, -0.003032860331361138, -0.011030371759959714, 0.008840244421732825, 0.005685798366856058, 0.02659094770993649, 0.030177946207788058, -0.03509447654407408, -0.0028387847115978223, -0.010756909955110475, 0.008217833932906414, 0.007653725933046397, 0.026719583223250576, 0.028981655234807894, -0.03746084920217758, -0.0020371492632889105, -0.010290561925710009, 0.0076694868664156255, 0.009017563026263976, 0.026569087711771966, 0.02803054875057602, -0.039313185103394536, -0.0007661980079412671, -0.009728116867331358, 0.007188286373838803, 0.009804376234401625, 0.026167907663672198, 0.02727957859561115, -0.04077452122892836, 0.0008046836672717435, -0.009158090865623043, 0.006766446830365569, 0.01005749190462931, 0.025551815447744916]","[0.5282494072102365, 0.056280685424864675, 0.512069312053065, 0.025200110084785426, 0.4840470494033321, 0.019764341431089637, 0.451572504000875, 0.03013243270125636, 0.41986815026160107, 0.048359501030460016, 0.3923313160104348, 0.06840203922273616, 0.37088096665222137, 0.08601934406430371, 0.3573011929196574, 0.09801549199324147, 0.35063888358338624, 0.1042080343703855, 0.3485929975904638, 0.10618247495407107]","[-0.059378685823405775, 0.0029448410858670115, 0.009210623100212256, -0.059545998505092124, -0.0029499276364557403, 0.008738380609485397, -0.05872188765419528, -0.009311233208455505, 0.008314283510409748, -0.05699765285348124, -0.015868352693555465, 0.007989063354389092, -0.05454355156773261, -0.02252757490410584, 0.007813946867072374, -0.051648323623846526, -0.029171983451100836, 0.007833904999186014, -0.04841824391687766, -0.0356712129751493, 0.008030074001161402, -0.04495832632171082, -0.041892458872771154, 0.00837130363567784, -0.04137266727611211, -0.04770589695418437, 0.008814028229679138, -0.03776602764304737, -0.05298875625016075, 0.009304889490466817, -0.03424603419739336, -0.05762777463696933, 0.009785075984122926]","[-0.04705702343583107, -0.059422301501035696, 0.02110990881919861, -0.01657324961423874, -0.02471059763431549, 0.007268801331520081, 0.3763917922973633, 0.1448732376098633, -0.04795075038075447, -0.057650613039731985, 0.02072364091873169, -0.017030856823921206, -0.023578765034675597, 0.00706106424331665, 0.359912109375, 0.153662109375, -0.049538159906864165, -0.05575614273548127, 0.020504623651504517, -0.01757362416982651, -0.022221544921398162, 0.00680561363697052, 0.3522216796875, 0.1569580078125, -0.05035509371757507, -0.05368987321853638, 0.020096570253372192, -0.018001481211185458, -0.02110281044244766, 0.0066687315702438354, 0.337939453125, 0.1635498046875, -0.051097775042057036, -0.05163408666849137, 0.019635140895843506, -0.018248758530616763, -0.02035392278432846, 0.006577104330062866, 0.3302490234375, 0.1679443359375]",0.06175565719604492
"[16.091700792312622, 16.11170079231262, 16.13170079231262, 16.15170079231262, 16.17170079231262, 16.191700792312623, 16.211700792312623, 16.231700792312623, 16.251700792312622, 16.271700792312622, 16.29170079231262]","[0.03668701898298455, -0.018860278094698833, 0.00314362253231752, -0.007092567659425366, 0.012806395257327527, -0.009673746600518507, 0.02359532210793093, 0.036281396752247924, -0.023132614874321646, 0.0015061353565982449, -0.00797755562285694, 0.011974390463182757, -0.006614975669289146, 0.024747332858711998, 0.035370855049203634, -0.02757513687449701, -0.00020301534840902664, -0.008889858904325618, 0.01120828754893827, -0.0034815403170592933, 0.02527469827496306, 0.034075697148783744, -0.031595665585877154, -0.0016560526125811515, -0.009556626407536795, 0.010507970598218936, -0.00046271414129827633, 0.025236936808812397, 0.03250534898435627, -0.03489172760294699, -0.00268425958592522, -0.009855890707984375, 0.009869629115524131, 0.0022265130876808533, 0.024761653100120035, 0.0307972924004705, -0.037278954164538476, -0.003166333672192285, -0.009709509264872651, 0.009280357993549204, 0.004432307300620935, 0.024061674689021526, 0.029193824257193697, -0.03887757463436048, -0.003037617492931458, -0.009289051524925651, 0.008746464954247505, 0.006093823916543473, 0.02316777211805207, 0.027819300855077403, -0.03983136842550728, -0.0023350528273639076, -0.00874060547320047, 0.008267500172022407, 0.007193137727296836, 0.022113795973303933, 0.026711190595992845, -0.04029083361670893, -0.001166137947497305, -0.00818266568075252, 0.007838499603186562, 0.007750164419291707, 0.02093839101444515, 0.025850240736642757, -0.040398592982456565, 0.00032180437638070674, -0.007705373798381454, 0.007452444340400749, 0.007810456243191127, 0.019684288453895814, 0.02518745621977382, -0.040278225253734555, 0.001968550585385692, -0.007371318179226292, 0.007102409777620429, 0.007431372210982214, 0.018396593395553766]","[0.49560153411835145, 0.03837291034085337, 0.439848134304453, 0.019748440612649857, 0.38940945830632384, 0.022051953424861413, 0.3463866085465446, 0.03669685294126674, 0.3117052787385932, 0.056838878994845556, 0.2854072326383735, 0.07735732897688975, 0.26690484944969695, 0.09474669594655614, 0.25596591562679166, 0.10635064459043511, 0.2508594132043282, 0.11226121261544993, 0.24934661129280145, 0.1141280926526317]","[-0.059252262351852325, -0.019643183401317987, 0.010635376328406387, -0.05885565085957345, -0.02460807150877864, 0.010332101611645772, -0.057463759727973907, -0.02943882460947833, 0.010033807533180727, -0.05515750977832501, -0.03404472613465259, 0.00977049439687061, -0.052154359903791914, -0.03834906723219378, 0.009576826713761477, -0.04874398329347818, -0.042392934717099706, 0.00948455810871085, -0.045051122618195105, -0.04608270362852007, 0.00946456543962615, -0.04119562818983846, -0.04932588122739201, 0.009485650129284373, -0.03729191790063213, -0.05204046333858159, 0.009514825853618625, -0.03345063252389591, -0.054160013931706885, 0.009519447749665844, -0.0297813853836133, -0.05563544237959572, 0.009470053688683144]","[-0.04052205213904381, -0.07095901891589165, 0.023838549852371216, -0.013993366873264315, -0.029473262071609496, 0.007994547486305237, 0.4115478515625, 0.120703125, -0.04154988208413124, -0.06963596530258656, 0.02368086576461792, -0.014649934387207034, -0.028238030314445495, 0.007993564009666443, 0.4049560546875, 0.12509765625, -0.04262891614437103, -0.06822525188326836, 0.02345415949821472, -0.015169560229778292, -0.02730289304256439, 0.007895484566688538, 0.4027587890625, 0.12509765625, -0.04357532986998558, -0.06679919958114625, 0.023163706064224243, -0.01553320816755295, -0.026639389038085937, 0.007818564772605896, 0.3785888671875, 0.1437744140625, -0.044510973781347274, -0.06536869555711747, 0.022763878107070923, -0.015746376729011538, -0.026231648564338683, 0.007726952433586121, 0.3785888671875, 0.1437744140625]",0.0605168342590332
"[16.171844005584717, 16.191844005584716, 16.211844005584716, 16.231844005584716, 16.251844005584715, 16.271844005584718, 16.291844005584718, 16.311844005584717, 16.331844005584717, 16.351844005584717, 16.371844005584716]","[0.03479872076477364, -0.029585254049880116, 0.0035363914807834008, -0.005754899353156293, 0.013386069143512756, -0.0050205663701332805, 0.027506332446583157, 0.03407989751732024, -0.03373305916690295, 0.0019575746925923772, -0.0064589966559365575, 0.012550693715197498, -0.0027505874990837527, 0.027328333586630334, 0.03294100639849807, -0.03743516464881667, 0.00046800148994063267, -0.0070324868593375535, 0.01181605211069989, -0.0005392108945545862, 0.026403331911461287, 0.031465039645904275, -0.040327566238614415, -0.000744968927038942, -0.007340390711507641, 0.011176568345012041, 0.0014175817672426791, 0.02479953269582242, 0.029770734726621995, -0.042185194011283275, -0.0015426971078123664, -0.007309819239666504, 0.01061335568293221, 0.00297266577737847, 0.022726045719402867, 0.028017482141112555, -0.04283870717440832, -0.0017693574242751316, -0.006852059383825855, 0.010090893884890552, 0.004108460993321612, 0.020533669888527513, 0.026397868534729637, -0.04263136185938809, -0.0014720277428711295, -0.00623792173985044, 0.009608458422305042, 0.004806592637771152, 0.01829261260380976, 0.02500780776926026, -0.04184282512090536, -0.000745476828469713, -0.005664252097692342, 0.009163113445972041, 0.005078335223097219, 0.016068457535653002, 0.023872143576446403, -0.040693659110607294, 0.0002867745979411335, -0.005261930470868956, 0.008750552015765512, 0.004960431182902102, 0.01392187195088385, 0.022969558483808477, -0.039350621088852525, 0.0014909763632770874, -0.005105504122387793, 0.008366152948776788, 0.004505606655281315, 0.01190842410485254, 0.022254866848038693, -0.03793304646494288, 0.0027388381628240957, -0.005223720852436053, 0.008005942386136842, 0.0037720867707365002, 0.010078732833357697]","[0.4561293558591735, 0.01771863167978026, 0.3629990357155087, 0.011413778895026643, 0.29262183680908005, 0.01923505961933309, 0.24153432350177434, 0.034911411284357374, 0.20615106048802356, 0.05350193698062473, 0.18300670839807137, 0.0713639275063644, 0.16891736470624372, 0.08606118665513608, 0.16153637722833164, 0.09570562174175531, 0.15843204665725444, 0.1005638518317732, 0.1575886209346043, 0.10208644439563472]","[-0.05586515707282014, -0.04225263715452243, 0.013684999983341939, -0.05509076521251011, -0.04613858249090175, 0.013385567708470436, -0.053374027332191654, -0.0493223118474484, 0.013007437608939298, -0.05083359748213079, -0.05166790103875707, 0.012563964471457467, -0.0476874025243168, -0.053183092298917156, 0.012082528230634715, -0.04417892170905802, -0.05414187398954873, 0.011613081013396531, -0.040430555194313156, -0.05452241782841405, 0.011132723554351465, -0.03655834679939618, -0.05430867103486259, 0.010629645182638647, -0.03267116719982299, -0.0534996588887946, 0.01009993021129274, -0.028872515075353045, -0.05211295570796359, 0.009545620620420525, -0.025263498259552097, -0.05018479363633732, 0.008973131427674641]","[-0.03496965968608856, -0.0756048321723938, 0.025627583265304565, -0.012333921408653262, -0.030904399394989013, 0.008600369095802307, 0.4401123046875, 0.0932373046875, -0.03544556552171707, -0.07531667165458203, 0.025476425886154175, -0.012509613549709322, -0.030736403703689574, 0.008547812700271606, 0.439013671875, 0.0943359375, -0.035987360566854476, -0.07498959861695767, 0.025297194719314575, -0.012631743466854098, -0.030568683683872222, 0.008434727787971497, 0.4346193313598633, 0.103125, -0.03657749870419502, -0.07459257766604424, 0.02506464719772339, -0.012714094734191897, -0.030527496874332427, 0.008405089378356934, 0.4302248001098633, 0.105322265625, -0.03721704536676407, -0.07416000813245774, 0.024790555238723755, -0.012743360614776614, -0.030587935984134673, 0.008402258157730103, 0.42802734375, 0.1086181640625]",0.05962729454040527
"[16.23141360282898, 16.25141360282898, 16.27141360282898, 16.291413602828978, 16.311413602828978, 16.33141360282898, 16.35141360282898, 16.37141360282898, 16.39141360282898, 16.41141360282898, 16.43141360282898]","[0.03186606070641147, -0.041663025012439035, 0.000643139380914249, -0.008016606753483231, 0.014544928754650249, -0.0021802437428949883, 0.028941707327741182, 0.031200347560416883, -0.044831063374816876, -0.0006653825628750563, -0.008502329116427733, 0.01375617399237039, -0.0004959176627738878, 0.028245324331074264, 0.03019531845329956, -0.04720047439831773, -0.0017429074215888172, -0.008691730066276934, 0.013081586296121427, 0.0009964757915561352, 0.02666686121014376, 0.028927706696591088, -0.04847666786191076, -0.002433045206518733, -0.0085047256881592, 0.012500451798551393, 0.0022021456444272984, 0.024279593960391636, 0.02752599111862013, -0.048438267774832094, -0.0025525397434716115, -0.007876969082244134, 0.011973339050192986, 0.003143539407555327, 0.021358143528935603, 0.02592654041687717, -0.047156675497738484, -0.0022168261635275555, -0.006783251109001582, 0.011454430682812242, 0.003728220187696431, 0.01832352105331509, 0.024347396451876096, -0.04507921980205953, -0.0014987349245460773, -0.005570684724322044, 0.010947702600029901, 0.003946939204001069, 0.01526603780723442, 0.022911190366591214, -0.04254503896529016, -0.000496624546287949, -0.00448430420349045, 0.010456506334794616, 0.003815664699171926, 0.012269823362165455, 0.021668610704695144, -0.039801012606949085, 0.0006782699615910682, -0.003680121628086683, 0.009983360777607935, 0.0033716432176622824, 0.009411108228413748, 0.02062152551208891, -0.03701741308091232, 0.001914425237336904, -0.0032399546650040325, 0.009530133804036372, 0.0026653539181350264, 0.006757843611721304, 0.01974395904425874, -0.03430328112141195, 0.0031105920335756836, -0.0031869137943379496, 0.009098363824885285, 0.001751785153940351, 0.004370413743980154]","[0.3817268008722512, 0.03963142283938134, 0.2672276391339417, 0.027810769343446097, 0.18500316698015512, 0.029250946308198373, 0.12860976985979025, 0.03856908048068403, 0.09206853086389583, 0.051432685003351755, 0.07004637018444207, 0.06458390751362122, 0.05795507089822279, 0.07578003694528063, 0.052280949981627835, 0.08326182898306178, 0.05016426130460993, 0.08707223913219922, 0.04965655451368089, 0.08827438105547289]","[-0.05263653669413415, -0.05482496710090334, 0.015979083626861623, -0.05191054267188511, -0.05733270685859981, 0.015583138777239824, -0.050329848744853356, -0.05892426445096932, 0.015073921599396911, -0.047925021526839195, -0.0595023793734577, 0.01443976662780333, -0.04475243806834506, -0.05925081884491723, 0.013708661417445978, -0.0412009745351305, -0.05839699161698508, 0.012957562992873317, -0.03739785024156195, -0.05691004229928609, 0.012171818415387392, -0.0334593349247454, -0.05477785740705743, 0.011352414583526205, -0.029491819267515318, -0.05201397430495103, 0.010510820463520698, -0.02559497592111426, -0.048658298521786936, 0.00966519947681821, -0.0218655715942353, -0.044775208068783545, 0.008836859389775853]","[-0.03138954395055771, -0.07678161785006524, 0.025749236345291138, -0.011426023459434512, -0.031110773026943206, 0.008677855134010315, 0.4467041015625, 0.065771484375, -0.031706156373023986, -0.07676425613462926, 0.025769054889678955, -0.011607281184196475, -0.031090410590171813, 0.008661136031150818, 0.447802734375, 0.0690673828125, -0.03203353488445282, -0.07669375315308571, 0.02578410506248474, -0.011784612452983859, -0.031040514051914214, 0.008640438318252563, 0.4467041015625, 0.07236328125, -0.03238634222745895, -0.07658668085932732, 0.02579498291015625, -0.011917538261413577, -0.030972423195838927, 0.008648663759231567, 0.4467041015625, 0.0767578125, -0.032737070858478545, -0.07644647024571896, 0.025800198316574097, -0.012037507510185244, -0.030926892697811126, 0.008639156818389893, 0.4467041015625, 0.0778564453125]",0.061071157455444336
"[16.311312198638916, 16.331312198638916, 16.351312198638915, 16.371312198638915, 16.391312198638914, 16.411312198638917, 16.431312198638917, 16.451312198638917, 16.471312198638916, 16.491312198638916, 16.511312198638915]","[0.02891027798539506, -0.05112174761661156, 0.0002543184393050015, -0.00932216899216302, 0.016265910529648434, 0.0003286290976894614, 0.030465721302458334, 0.02825499385304376, -0.05338881553565949, -0.0008424847264824817, -0.009442712650391918, 0.015439015228546375, 0.0011854427069273807, 0.029206457272782163, 0.02729126713077201, -0.0545716335535212, -0.0016808135788313743, -0.00915245957384546, 0.014739293788439342, 0.001848092892610127, 0.02682984437811914, 0.026099803860999637, -0.05433975929218557, -0.002051899163628898, -0.008376243295195297, 0.014133341675797407, 0.0023391885357330797, 0.023418854151019974, 0.024579603612996315, -0.0526852479330079, -0.002054132514932919, -0.007122498380428116, 0.01357463514051283, 0.00254858352375091, 0.019292232485125054, 0.022778239366212597, -0.049515411968758354, -0.0016263745367936693, -0.005292754335648621, 0.013000441624118314, 0.0025131858697634533, 0.015039019156079261, 0.02092103877190951, -0.04546764654398819, -0.0008987479617190296, -0.0033545655244300344, 0.012417136484260011, 0.0022383738342992023, 0.010784560840704558, 0.01914690644414481, -0.04100336701774961, 8.551790088496816e-06, -0.0016338228306518887, 0.011833802317761846, 0.0017456379492271532, 0.006645205949596216, 0.017526998897033408, -0.036439225697791885, 0.0009883278300306508, -0.00033359981476487256, 0.01126029664070653, 0.0010700000257178144, 0.0027245093718962564, 0.016083859837709012, -0.03197707054663944, 0.0019498876831723362, 0.0004445703806164766, 0.010705984282474604, 0.0002544592407100205, -0.0008876151923950077, 0.014809438404037444, -0.027732194592524174, 0.0028216572346255356, 0.0006786270360849038, 0.010178965066728869, -0.000656144431371993, -0.004113496527937741]","[0.3159289513905086, 0.02820313675663845, 0.16222004628326553, 0.014791261946973668, 0.05573670829130456, 0.011814771133266908, -0.014093219454492985, 0.015511143084117354, -0.05672017258205828, 0.022727551916881725, -0.08030279142375389, 0.03097744496261348, -0.0916472767628308, 0.038438784305892315, -0.09607817246315932, 0.043594680799563065, -0.0973236027463598, 0.04627921983920403, -0.09750746333873651, 0.047139134837555434]","[-0.04643029263369991, -0.06808213453198775, 0.018891775534688904, -0.04610936753273376, -0.06935686930083973, 0.018345662397055484, -0.04494432730565068, -0.06939817285868788, 0.017605421545995537, -0.042795659217372606, -0.06818626691537899, 0.01665173421446564, -0.03989181877754988, -0.06574895927733015, 0.015528412838081707, -0.03655251184002761, -0.06255574888921878, 0.014352398198032468, -0.03289104600991699, -0.05859270649986792, 0.0131249333405985, -0.029008864190188444, -0.05387809218699635, 0.011871179277775035, -0.024998659024447756, -0.048466119189541246, 0.01062998470556531, -0.020949214570365804, -0.042443611518907964, 0.009445780617534094, -0.016950354046346483, -0.035925254915518234, 0.008361037970757046]","[-0.030554996967315673, -0.07571875713765622, 0.02524566650390625, -0.010950475251674655, -0.030542062759399413, 0.008580237627029419, 0.4368165969848633, 0.052587890625, -0.030507998704910277, -0.0759275857359171, 0.025307685136795044, -0.010941623961925509, -0.03065602684020996, 0.008594885468482971, 0.4412109375, 0.0536865234375, -0.030485669314861297, -0.07614910826086999, 0.025375694036483765, -0.01094399324655533, -0.03076385164260864, 0.00861842930316925, 0.4412109375, 0.0536865234375, -0.030519338488578795, -0.07633615881204606, 0.025435179471969604, -0.01094704798460007, -0.03086430037021637, 0.00863368809223175, 0.44560546875, 0.0558837890625, -0.030595483422279357, -0.0764951877295971, 0.02551215887069702, -0.010963923549652102, -0.030958185136318206, 0.00865219533443451, 0.44560546875, 0.0558837890625]",0.060211896896362305
"[16.390599250793457, 16.410599250793457, 16.430599250793456, 16.450599250793456, 16.470599250793455, 16.49059925079346, 16.510599250793458, 16.530599250793458, 16.550599250793457, 16.570599250793457, 16.590599250793456]","[0.025789467041911852, -0.057846499234123605, -7.673853987062334e-05, -0.01046732971258299, 0.017264855524160006, 0.0033609811494164886, 0.03140188686052328, 0.025179167420361345, -0.05922269402115702, -0.0007173606060296428, -0.010168081461348228, 0.016421868517066226, 0.0034384165286428145, 0.029629005925135492, 0.024333792502253558, -0.059176983798273255, -0.0009952613011851871, -0.009320817975202312, 0.01571368622952153, 0.00330996290796857, 0.026478104083596472, 0.023114724533125894, -0.05756882675698434, -0.000988350212903007, -0.007924066571642251, 0.015104571526976805, 0.0028531584551681633, 0.022031025673792365, 0.02153695151301697, -0.0542098304080316, -0.0006295030887291538, -0.00592407925849361, 0.014532334376088203, 0.002095947127823137, 0.01673622589180185, 0.01966000236003774, -0.049071318412707406, 0.00014173172294363492, -0.0032643882459842555, 0.013923973118661998, 0.0011708196032399055, 0.01128205423444468, 0.017682575565744624, -0.04298387898160204, 0.001107535457047616, -0.0005264619059861005, 0.01328883374226244, 0.00011264684488128228, 0.005831287625290081, 0.015736648660138255, -0.03653289538934761, 0.002104841396683468, 0.0018873037344545856, 0.012643052656816806, -0.0010389016011803005, 0.000535527495828053, 0.01389991916755975, -0.03010461892414316, 0.0030183796303921854, 0.003729662216255891, 0.012005497535504502, -0.002240779584111987, -0.004471080224994461, 0.012208967609938193, -0.02393060731795891, 0.0037738310563606298, 0.004881338809062758, 0.011394704389154086, -0.003449137599727628, -0.009073417810193598, 0.010672145601037335, -0.01812941374557894, 0.0043308368625484235, 0.005322752488595132, 0.010826724675405028, -0.004622025045507405, -0.013173489136782679]","[0.22530428216517734, 0.02302887426294146, 0.0332244464578018, 0.014381076196249362, -0.09667164357961526, 0.010829981453366765, -0.17904521315259067, 0.01082133420947776, -0.22684104140704023, 0.012951305493599028, -0.2511138536760954, 0.01603101917854778, -0.26097643801256365, 0.0191170417081649, -0.26366335253153456, 0.021360673557099058, -0.26377461811244923, 0.022566455854930757, -0.2635487719117455, 0.022960968519621264]","[-0.03937095904843524, -0.07786633912906771, 0.020908170145633065, -0.03913825200108878, -0.07837944883549985, 0.02021901352163935, -0.038027455347086514, -0.07736669509967431, 0.01925519360081651, -0.03608382086140516, -0.07457579580265739, 0.017984804368087914, -0.03345425721339934, -0.07020583926662383, 0.016484624063453523, -0.03041087292062583, -0.06484028482004733, 0.014906464332879565, -0.027050667586570043, -0.058477454099925996, 0.01327415282031641, -0.02345610308749735, -0.05116787814317636, 0.011642730957777125, -0.019700583327468824, -0.043012365247447004, 0.01008277927114598, -0.01585505712831292, -0.034152791606457455, 0.008667676899009713, -0.011993780282436806, -0.02476370909104242, 0.007461510823715045]","[-0.03152599388360977, -0.07455080784857274, 0.02501845359802246, -0.011326908385753634, -0.029919179320335387, 0.008514165878295898, 0.421435546875, 0.0492919921875, -0.031316938042640685, -0.074710276350379, 0.025037407875061035, -0.01124163649082184, -0.03001033717393875, 0.008518919348716736, 0.4313234329223633, 0.0514892578125, -0.03113042765855789, -0.07488229535520077, 0.025073230266571045, -0.011158875441551211, -0.0301097651720047, 0.008525118231773376, 0.4324220657348633, 0.0514892578125, -0.030957797706127166, -0.07508747503161431, 0.025097519159317017, -0.011077097868919375, -0.03022420608997345, 0.008534029126167297, 0.4324220657348633, 0.0514892578125, -0.030786948442459106, -0.07529538162052632, 0.02513536810874939, -0.011007658457756045, -0.030331203877925872, 0.008551031351089478, 0.4346193313598633, 0.0514892578125]",0.060060977935791016
"[16.472611665725708, 16.492611665725708, 16.512611665725707, 16.532611665725707, 16.552611665725706, 16.57261166572571, 16.59261166572571, 16.61261166572571, 16.632611665725708, 16.652611665725708, 16.672611665725707]","[0.02210010203572979, -0.06202752596057001, -0.0025321081885915347, -0.01177203046012679, 0.018113389742230854, 0.004932844644085695, 0.030900362360875323, 0.0216687784252792, -0.062494937003847735, -0.0027606383186146205, -0.011157370744443054, 0.01725160814213, 0.00493913032728133, 0.02887780752716247, 0.020832294519520775, -0.06145322122802607, -0.0027145819316949766, -0.009885898899212072, 0.01652936770336343, 0.004568278504659356, 0.025219705792725863, 0.019580563790876984, -0.0585559892304351, -0.0023018327779252504, -0.007892882523758936, 0.015904549700418196, 0.0037578414665705084, 0.020068439090946667, 0.017954667362574925, -0.05365545123214435, -0.0014660577708551705, -0.005179987958709833, 0.015311480081826045, 0.0025541021096291447, 0.013906482592458464, 0.016027176500358408, -0.04671372007686069, -0.00013328798527499093, -0.0016883731659579802, 0.014666760464533917, 0.0011484514418117157, 0.00753478144562888, 0.013995769964482634, -0.03872598508343437, 0.0014031307840165947, 0.001890848661018526, 0.013984466415748764, -0.0004085348144321422, 0.001142933396745526, 0.011992860840282888, -0.030389330515332286, 0.002927721522249827, 0.005078326533197783, 0.01328814196801055, -0.002063510485290201, -0.005091144859609702, 0.01009747651843431, -0.02215886097601302, 0.004292512269988486, 0.007578468256547669, 0.012605090510087314, -0.0037616445316363016, -0.011009350412424252, 0.008347926880021408, -0.014302069139974193, 0.00540648699917054, 0.009247425372222761, 0.011962066735238605, -0.005448676700222327, -0.016475443962204288, 0.006754293742717295, -0.006950057928121647, 0.0062248248659660665, 0.01005962978597249, 0.011382268862299996, -0.007072948632489, -0.021372698184501004]","[0.1330898278444668, 0.010861961154491716, -0.09569426231525618, 0.007800583626466037, -0.24965480244566204, 0.0076347352858348585, -0.34653080642066214, 0.00942108788653411, -0.40199053187006856, 0.01227439028187549, -0.4294313549054975, 0.0154326721754222, -0.4399073426387641, 0.01829129742294308, -0.4422382239423402, 0.02027512168874556, -0.4419154398800771, 0.02131375187804637, -0.44149850182159706, 0.021648446134823217]","[-0.03522119535903756, -0.07990158900319289, 0.021747239227382753, -0.03482229501334633, -0.07995563821068963, 0.020962768267242193, -0.03356712683014207, -0.07821860313314222, 0.019858300298944087, -0.03145514976918862, -0.0744988221045535, 0.01840997302134184, -0.028635279116211443, -0.06896306380420514, 0.01669105467756893, -0.02539201091585319, -0.06228393935169141, 0.014877834809614132, -0.02183533671756388, -0.05443370267688774, 0.013013466349707237, -0.01805531403306615, -0.045458683455146254, 0.011175921518602916, -0.014129189114862717, -0.03547229146679998, 0.009459591448883309, -0.010129926214191176, -0.02463985417314607, 0.007960483023593756, -0.006133401519486714, -0.013166249545875086, 0.006761277159855972]","[-0.03249608927965164, -0.07390479035675526, 0.022373348474502563, -0.01145109466314316, -0.030559213995933532, 0.007816150784492493, 0.3588134765625, 0.0383056640625, -0.032656537532806396, -0.07437187284231186, 0.022813498973846436, -0.0115171217083931, -0.030939022243022918, 0.008006930351257324, 0.362109375, 0.039404296875, -0.03275896066427231, -0.07470714524388314, 0.023231089115142822, -0.011538594281673434, -0.0310279523730278, 0.008143648505210876, 0.3741945266723633, 0.0405029296875, -0.03277709537744522, -0.07483596205711365, 0.02376052737236023, -0.01146548173427582, -0.030643204391002654, 0.008170351386070251, 0.3796875, 0.0416015625, -0.0327386280298233, -0.07477836534380913, 0.024282395839691162, -0.011397897517681124, -0.030132318079471587, 0.008198410272598267, 0.3873779296875, 0.0427001953125]",0.061652421951293945
"[16.5512957572937, 16.5712957572937, 16.5912957572937, 16.6112957572937, 16.6312957572937, 16.651295757293703, 16.671295757293702, 16.6912957572937, 16.7112957572937, 16.7312957572937, 16.7512957572937]","[0.0189738889782725, -0.06286780768926092, -0.004190750725454101, -0.011650464287148853, 0.01777887300041767, 0.005756005173435709, 0.030138617177229307, 0.018656063742754636, -0.06262105749954511, -0.0041528814681593106, -0.010706633717783015, 0.016977197286902206, 0.005498594069900346, 0.027653872476103982, 0.017908272243950394, -0.060581769837236316, -0.0037506727183258953, -0.00896280746785322, 0.016310925264544078, 0.0047989340440384096, 0.023334215074218782, 0.0167267957089839, -0.05645230999499951, -0.0029061799503864094, -0.006413890744830097, 0.015731901957729312, 0.0036529940100732622, 0.0173232630831531, 0.015151695351793714, -0.05008443429138445, -0.0015436371468609451, -0.003073104162949664, 0.015164032479224819, 0.0021926102910794407, 0.0101848544725844, 0.01311317702574647, -0.0415745768035753, 0.00023793240343623304, 0.0010954286276011738, 0.014518666288391718, 0.000541047803503551, 0.002843917309779171, 0.010874791982853129, -0.03203568954862049, 0.0021356912725257137, 0.0053026278131878745, 0.013822720616322086, -0.001251507530824596, -0.004480135287064546, 0.008616404509968869, -0.02223667152021066, 0.003932660238692591, 0.009008195403485426, 0.01311220595033032, -0.0031308874707027122, -0.011584519923905136, 0.0064491261486804615, -0.012668226535714849, 0.0054856419249346535, 0.011886649865396368, 0.012425477263292009, -0.005040643947941499, -0.018292598440766212, 0.00443118363943095, -0.0036071241369812603, 0.006712817763039141, 0.013788427112943407, 0.011798290361974651, -0.0069241548593698, -0.024455066341162995, 0.002583549709880895, 0.004823089711911713, 0.007581160861614737, 0.014699406915330764, 0.01126044665740173, -0.008726581367075768, -0.029945643854243073]","[0.01964001402139165, 0.020186643729250706, -0.23377202273362177, 0.0075040157847547535, -0.40146497456678176, 0.00027291905258141464, -0.5043150781868497, -0.0029070131484501384, -0.5607022004265888, -0.003373541740376516, -0.5862839564214987, -0.0022989467100269323, -0.5939033254455206, -0.0006453010703657171, -0.5938398234862066, 0.0007363179026593074, -0.5921298355962472, 0.0015338538206198565, -0.5912371708815293, 0.0018065769250492174]","[-0.0325560875766393, -0.07996790911612894, 0.021553924032221783, -0.03220271502418015, -0.07943978459956647, 0.020694656431582636, -0.03091391615337402, -0.07691254306811057, 0.019469151725917122, -0.028618115959202495, -0.07216958931760464, 0.017846932695619877, -0.025395400282534952, -0.06546534551363647, 0.01592699181550694, -0.021698873460558543, -0.057466443416608115, 0.013920544403914548, -0.017661466123500613, -0.048143855929678736, 0.011894948767332103, -0.013388455303846358, -0.03756297353553206, 0.009953542633325263, -0.008967588709068774, -0.025867599554409093, 0.008214249983238275, -0.004480455136866013, -0.013257664800838675, 0.006791963443859572, -1.1674431881880665e-05, 2.6425401482566002e-05, 0.005780311701887975]","[-0.02705168181657791, -0.06606110781431199, 0.017710983753204346, -0.009430094873905184, -0.026810506522655486, 0.006177172064781189, 0.293994140625, 0.0317138671875, -0.02850204163789749, -0.06734443679451943, 0.018080145120620728, -0.010080754077434542, -0.02775036746263504, 0.006497368216514587, 0.3060791015625, 0.0328125, -0.029425988137722014, -0.06862772852182389, 0.01857277750968933, -0.010640471494197848, -0.028489286243915557, 0.006668463349342346, 0.3170654296875, 0.035009765625, -0.03023781085014343, -0.0698236957192421, 0.019107073545455933, -0.011063902890682223, -0.028980190098285674, 0.006821662187576294, 0.320361328125, 0.035009765625, -0.03096284919977188, -0.07087367996573449, 0.019800633192062378, -0.011341787195205691, -0.029349202454090118, 0.0069898515939712524, 0.3588134765625, 0.0383056640625]",0.06047201156616211
"[16.63145875930786, 16.65145875930786, 16.67145875930786, 16.69145875930786, 16.71145875930786, 16.731458759307863, 16.751458759307862, 16.771458759307862, 16.79145875930786, 16.81145875930786, 16.83145875930786]","[0.017610655704735564, -0.06149806007853453, -0.004969336641680554, -0.01075128381993218, 0.017387562854733574, 0.0050752255760392155, 0.029455849328175493, 0.017171120734805072, -0.06059850735698279, -0.0049230307876455565, -0.009339490619544037, 0.016616978234549388, 0.004864819812469812, 0.026370800278395775, 0.016245137108507796, -0.057724248566651655, -0.004439285708412827, -0.007072837749114624, 0.01597300568175364, 0.004279040998692051, 0.02122445295281106, 0.014826252658635833, -0.052564609188320656, -0.0034148901769450067, -0.003960649558700053, 0.01540248545411265, 0.0033381576581586843, 0.01420909993633878, 0.012816054676059778, -0.04509716847872739, -0.0019542553266184543, -5.162960725100524e-05, 0.01482863101340416, 0.0020272172648952494, 0.005990716595798195, 0.010264688140061269, -0.03535731532679316, -4.753195930930206e-05, 0.004696882171631362, 0.014164089994625342, 0.0004905179765881003, -0.0023776531442032223, 0.007512967517503514, -0.02457532397603675, 0.002001839120794643, 0.00940116472356956, 0.013448136233111007, -0.001229827887177899, -0.010644278415354548, 0.004786259521059375, -0.013596581976121742, 0.003970385793784525, 0.013464856654548227, 0.012728257840500386, -0.0030826079512873104, -0.018585111123882257, 0.0022155893913233604, -0.0029505454596119385, 0.005706106866982193, 0.01654198512747839, 0.01205224494247631, -0.00500916177630484, -0.026011095831677253, -0.00013885654758429407, 0.007074583267215328, 0.00711752625440735, 0.018488921664919986, 0.011462848639802705, -0.006947153861273229, -0.03276730137156788, -0.0022648869457751507, 0.016361219482113505, 0.008162314970441181, 0.019314930465684776, 0.010994346997646528, -0.008834507987421402, -0.038725268797915026]","[-0.08407104472841413, -0.005108363934687676, -0.361975760105477, -0.025170499375534165, -0.5425902233503777, -0.03508108494866528, -0.6502690515630554, -0.03782974604777473, -0.7063739205174124, -0.03609317209214091, -0.7290130197703376, -0.03212164549873407, -0.7329318337528306, -0.027689747787592322, -0.729932169583411, -0.02432719355066131, -0.7265635765342512, -0.02247376451578641, -0.7251096372819115, -0.02185570783941163]","[-0.032996443597845815, -0.07816506282733338, 0.02109616886371235, -0.032641973789337086, -0.07716093387660816, 0.02016926743925973, -0.03104933812392452, -0.07398004650678702, 0.018815709252526958, -0.02808987485828851, -0.06843023461272901, 0.017018994154757827, -0.02406152360960956, -0.06066847899179173, 0.014911143233764523, -0.01946768692450407, -0.051469900327839824, 0.012744253852391196, -0.014476631771112691, -0.04082358173126899, 0.010610793053824175, -0.009222075623492865, -0.028824143268080693, 0.008639812784227985, -0.003815939382140643, -0.01564991443870767, 0.0069710513677874175, 0.0016377022268541097, -0.001533968812732489, 0.005733596611182001, 0.007030997489230639, 0.013253543696949421, 0.005024566370726902]","[-0.02063204550743103, -0.05434035733342171, 0.011436134576797485, -0.006572923874855044, -0.023057276546955108, 0.004202067852020264, 0.2203857421875, 0.02622089385986328, -0.021474609315395354, -0.05636494085192681, 0.012133002281188965, -0.00697658888101578, -0.024240473449230193, 0.0045408159494400024, 0.2203857421875, 0.02622089385986328, -0.022432448506355285, -0.05832180976867676, 0.012843698263168335, -0.007428541100025179, -0.02531697803735733, 0.004895955324172974, 0.228076171875, 0.02622089385986328, -0.023432219564914702, -0.060087347775697714, 0.01357269287109375, -0.007849424397945406, -0.02584943377971649, 0.005103379487991333, 0.2423583984375, 0.02731952667236328, -0.023709179997444152, -0.061460541933774954, 0.014363765716552734, -0.008239149367809298, -0.025874154806137084, 0.005210086703300476, 0.245654296875, 0.02731952667236328]",0.06130242347717285
"[16.710930824279785, 16.730930824279785, 16.750930824279784, 16.770930824279784, 16.790930824279783, 16.810930824279787, 16.830930824279786, 16.850930824279786, 16.870930824279785, 16.890930824279785, 16.910930824279784]","[0.015457527152640864, -0.055507844030845674, -0.0046319654977816154, -0.005538920834927478, 0.01648473131438325, 0.005219624379537531, 0.02663102601637358, 0.014830512786503535, -0.05351096311468915, -0.004182074207102395, -0.003590443493034758, 0.015792406793139292, 0.004714934097475828, 0.021555895591136402, 0.013682518751674996, -0.049207471124306255, -0.003197217840654189, -0.0008412726644142542, 0.01519590355023457, 0.0038602575992838185, 0.014470742281642942, 0.011897046176391864, -0.04253377257882009, -0.0017796408445449321, 0.0026558367812400834, 0.014622431458179505, 0.0026269521918799365, 0.00593826034247344, 0.009517685666285624, -0.03351028297242176, 7.50414551752725e-05, 0.00690398865339016, 0.013986534090092576, 0.0011355195196741383, -0.003040846496198757, 0.006750407417799879, -0.022987723207897222, 0.002126442548627848, 0.011369238173340044, 0.013279468989151168, -0.0005588501844980921, -0.011806773045130744, 0.003927171959611168, -0.012056253112654744, 0.004120975134538999, 0.015290114701671072, 0.012556374066938636, -0.002406821374207394, -0.020109784742872755, 0.0012515580695822192, -0.001412414127474547, 0.005884866580674595, 0.018211675721890825, 0.011872594630212344, -0.004348970153267403, -0.027744277485695606, -0.0011735852492489914, 0.008556762566208355, 0.007312804968298364, 0.019931963689844564, 0.01127731204128753, -0.006319760324965105, -0.03455768454282193, -0.0033178850823514148, 0.01769098519185221, 0.008355715966777139, 0.020442981439925068, 0.010809366557931336, -0.008252318387081663, -0.040442974998484045, -0.005196726071858641, 0.025979282696595534, 0.009008019013961935, 0.019872372932897005, 0.010494825957789935, -0.010082717759348506, -0.04532351453556469]","[-0.31122638093986005, -0.02111167682308891, -0.5334797543430977, -0.040625839035964596, -0.663286042077256, -0.048420273684449025, -0.7269557581470291, -0.04835331875122348, -0.7469819629066075, -0.04372245041893279, -0.7418852368206339, -0.037189413005737186, -0.7261806839210695, -0.030762646327056192, -0.7114472468507453, -0.02613430347536931, -0.7025203547093753, -0.023653847685569773, -0.6993917480074552, -0.022839153804635186]","[-0.03353010336946749, -0.07736047189320905, 0.02055743083703554, -0.03210171683846563, -0.07477551278123329, 0.019194249980135858, -0.02915614717487003, -0.06963496403343639, 0.017329709236094448, -0.024914851304204566, -0.06197944043699577, 0.015087036755902616, -0.019826292877772378, -0.05246415337717636, 0.012734821832841359, -0.01430943240226279, -0.0414690504753521, 0.010464067972193902, -0.008545678536426182, -0.029114397771408562, 0.0084025600639972, -0.0026819956130625933, -0.015608205489424432, 0.006692945408233619, 0.0031574659108626335, -0.0012072880598661406, 0.005463584845342595, 0.00885854784598683, 0.013807715077722271, 0.004805767000866101, 0.014306687279732166, 0.02913876823142658, 0.004754608267608873]","[-0.013656148850917815, -0.03314031511545182, 0.005335450172424316, -0.004084876990318301, -0.014648700296878814, 0.0023055672645568848, 0.100634765625, 0.0185302734375, -0.014421971678733825, -0.036378747224807745, 0.0059010982513427734, -0.004516638135910037, -0.016756812274456023, 0.002644747495651245, 0.1248046875, 0.021826171875, -0.015441337764263152, -0.03943405523896218, 0.006951719522476196, -0.0051247545242309595, -0.019152807235717773, 0.0030565857887268066, 0.13579120635986328, 0.0229248046875, -0.016470866441726684, -0.042732721567153936, 0.007557481527328491, -0.005619748747348788, -0.020909788250923156, 0.003326907753944397, 0.1500732421875, 0.0240234375, -0.017413715064525603, -0.045632860064506536, 0.008330315351486206, -0.0059313171267509485, -0.021819608449935912, 0.0035141408443450928, 0.153369140625, 0.0240234375]",0.060506343841552734
"[16.79052996635437, 16.81052996635437, 16.83052996635437, 16.85052996635437, 16.87052996635437, 16.89052996635437, 16.91052996635437, 16.93052996635437, 16.95052996635437, 16.97052996635437, 16.99052996635437]","[0.013642164821690419, -0.04938852298405535, -0.0037463446285253433, -0.0026286345105781253, 0.012720030578492348, 0.0045080881837562, 0.019806290516265247, 0.01282474807530733, -0.04622215706349381, -0.002984935428084675, -0.0007133992768242129, 0.012262091534167418, 0.0037697506605243744, 0.013862839003273217, 0.011387633188943357, -0.040840918050477175, -0.0018302135185294622, 0.001964212696384048, 0.011839457719113074, 0.0027224048553636773, 0.006433094011539895, 0.009339684339341545, -0.03319778931107414, -0.00026873193959879333, 0.005410722397174379, 0.011383403417267238, 0.0014602818049652454, -0.001764845729905679, 0.006863259288646266, -0.02410189440078419, 0.001454343699379003, 0.009024274643576448, 0.010897481359123839, -1.3072921584517871e-05, -0.010312021322667772, 0.00404925578337373, -0.013913085797728993, 0.0032307844412329716, 0.012661067031396887, 0.010357480462287709, -0.0016205642939809237, -0.01839830632783314, 0.0012177629343199424, -0.0036078510595476602, 0.004854610270858935, 0.015663899110852215, 0.009821619178288762, -0.0033152307448035103, -0.025811714851240508, -0.0014391560293415821, 0.006216382944870521, 0.006195469455988896, 0.017670614411455256, 0.009342836673336387, -0.005042376387581453, -0.032391707355155896, -0.003828378567900645, 0.015254951890354078, 0.007186279912954618, 0.018556307764402775, 0.008963861015431271, -0.006744002260286132, -0.03803504608789597, -0.005926813844584186, 0.023412033876318527, 0.007809934460302787, 0.018371612786253856, 0.00871434781200691, -0.00836313826813726, -0.04268498736298162, -0.007754646734523907, 0.03072338621901236, 0.008085787357052761, 0.017283394139540685, 0.008609644353203572, -0.009847251083894545, -0.04631356820865967]","[-0.39890017477575296, -0.030616466271992097, -0.5858758585798898, -0.05245194375392835, -0.6868304201361631, -0.062183904701851256, -0.7280278346135775, -0.06378509121552611, -0.7315222154673631, -0.0605970301644467, -0.7150710710530828, -0.05527746410805889, -0.6922179371312996, -0.04980433554046932, -0.6736330361846659, -0.04579463645293534, -0.6630483097503063, -0.04362623504157545, -0.6594608667295702, -0.04290963596558625]","[-0.030025132144901878, -0.0704121867400862, 0.016317270494045744, -0.027469627229937732, -0.06595742889542544, 0.014792406376629152, -0.02366273851410927, -0.05918564457608522, 0.012937486341805915, -0.018873413845951426, -0.05050839521789774, 0.010938863354414963, -0.01333722048868169, -0.03998593537433415, 0.008925299050026148, -0.007548467082778121, -0.028252744697997656, 0.007120953574185851, -0.0016827301394597427, -0.015494834082113051, 0.005630556648411833, 0.004121235575507587, -0.00195442952125946, 0.0045546639032667535, 0.009750352645210736, 0.01210364682766496, 0.003965231745238107, 0.015105269457316162, 0.026408483790490322, 0.003889859692061126, 0.020090627672626926, 0.040682560841659665, 0.0043015978322871185]","[-0.006070086896419524, -0.0034279361367225702, 0.0011667311191558838, -0.00207958302497864, -0.0024434348344802848, 0.000781819224357605, 0.025927734375, 0.0119384765625, -0.007358538150787353, -0.007519720494747167, 0.0014179050922393799, -0.0027854510307312036, -0.005043411791324615, 0.0009013861417770386, 0.025927734375, 0.0119384765625, -0.009701291263103484, -0.01572593897581101, 0.002190113067626953, -0.003916337406635287, -0.009436788201332091, 0.0012456923723220825, 0.045703125, 0.0141357421875, -0.010599965393543243, -0.019544838368892675, 0.0028910934925079346, -0.004144496536254885, -0.010854335665702819, 0.001421406865119934, 0.0951416015625, 0.0185302734375, -0.011627676129341125, -0.023149399459362036, 0.003362506628036499, -0.004212691700458529, -0.011837812304496764, 0.0016240626573562622, 0.0951416015625, 0.0185302734375]",0.06325387954711914
"[16.872019052505493, 16.892019052505493, 16.912019052505492, 16.932019052505492, 16.95201905250549, 16.972019052505495, 16.992019052505494, 17.012019052505494, 17.032019052505493, 17.052019052505493, 17.072019052505492]","[0.00993839285805846, -0.03627091914111332, -0.0007393917501433916, 0.0020924394564510694, 0.008259052036372068, 0.003355924346450126, 0.013123138165377536, 0.008990593057089206, -0.032422635290573654, 0.00016417553025342387, 0.004209866193420683, 0.008002539915435153, 0.002123967780484016, 0.0066384791698794925, 0.007412754227204295, -0.026393625088550553, 0.0013793366893691391, 0.007102139104663, 0.007727726129229613, 0.0008136767536888758, -0.0007141283926240125, 0.005339200706700251, -0.01896366774189653, 0.0026610799036915324, 0.010153099362523774, 0.007444096877941133, -0.0005471268807377618, -0.008726716390856896, 0.0028254772677308287, -0.010483376925720968, 0.0038981456567534567, 0.013148853206026732, 0.007132657525779809, -0.001896328871377087, -0.01676320403055926, -6.279685796978403e-05, -0.0014017759459777012, 0.004937763001020736, 0.015911332244582493, 0.0067868188542643685, -0.003218273039007844, -0.02413645159786944, -0.0029993265529553756, 0.0074729806173207325, 0.005669813870118778, 0.01790913250004533, 0.006463081972166037, -0.004480183270078693, -0.03066421981630804, -0.005783722770701052, 0.015680456973966566, 0.006050351121436384, 0.018885836162905453, 0.006207815079320388, -0.0056457592043189335, -0.036222889107915844, -0.008313990434862388, 0.023023009446184725, 0.006086549191415956, 0.01880080956228917, 0.006054260891865359, -0.006679374954992545, -0.04075033545225881, -0.010558881175457783, 0.029483706244503086, 0.005821326312198217, 0.01776702621907679, 0.006021096305382038, -0.0075491996721842565, -0.044232137162159346, -0.012532003924262299, 0.03515191689210304, 0.005318848383989587, 0.015992532007891535, 0.006112311032780382, -0.008229194901352849, -0.046681544477024904]","[-0.4783196224835424, -0.04386155849250934, -0.6177870432868088, -0.0772408000924382, -0.6815891215812456, -0.09676679305235909, -0.6949359632288298, -0.10626465903385807, -0.6785994775184109, -0.10909850343593425, -0.6489104811990498, -0.1080846538256535, -0.6179333197001712, -0.10545551733309148, -0.5950582869522992, -0.10303619943567358, -0.582655706174383, -0.10157170005101097, -0.5785708856010543, -0.1010530555085158]","[-0.02236469494812443, -0.05963861016245886, 0.011541093724149132, -0.01970373506897971, -0.054088169709679335, 0.01010795325924585, -0.016058100659873453, -0.046644335954163285, 0.008507883937176164, -0.011450042620376522, -0.037226407726564936, 0.006811265428114499, -0.006170467788598533, -0.026253515811321737, 0.005217596493431564, -0.0006915900707378242, -0.014301467998368178, 0.003906535543841905, 0.004838606597009409, -0.0016330127778001469, 0.0029603912801769994, 0.010303638000244364, 0.011467597698524123, 0.00244366776061522, 0.015608323507102062, 0.024720456885179765, 0.0023826856683282216, 0.020668589607314436, 0.03785705139026829, 0.002755073639145067, 0.02540311865888567, 0.05061299308764422, 0.00348669268900359]","[0.0019514465928077707, 0.02362199276685714, 0.0015401840209960938, -0.0010272779226303125, 0.006011990666389466, 0.00021673738956451416, -0.1333740234375, -0.0056396484375, 0.0005848610997200021, 0.019687728583812708, 0.0011061429977416992, -0.0016230188965797449, 0.0036234909892082223, 0.0001408308744430542, -0.12568359375, -0.004541015625, -0.0007625913023948661, 0.015929380059242243, 0.0009145438671112061, -0.0021321841239929223, 0.002081213355064393, 0.00020062923431396484, -0.0960205078125, -0.0012451171875, -0.0018697997331619254, 0.012654693424701685, 0.000888824462890625, -0.0022961192488670373, 0.0013975778818130502, 0.0002276301383972168, -0.0861328125, 0.0009521484375, -0.0027356540560722342, 0.00963477194309234, 0.0008890330791473389, -0.002011223948001864, 0.0015302876234054574, 0.0002730041742324829, -0.070751953125, 0.00205078125]",0.061788320541381836
"[16.951415061950684, 16.971415061950683, 16.991415061950683, 17.011415061950682, 17.031415061950682, 17.051415061950685, 17.071415061950685, 17.091415061950684, 17.111415061950684, 17.131415061950683, 17.151415061950683]","[0.007809570278028006, -0.026145766968963816, 0.000491364861494096, 0.0018835540472462598, 0.004168286533777582, 0.00010019876832196747, 0.003636184580804041, 0.0064499147680853, -0.021077438543623456, 0.0012267043137304866, 0.004096327284923558, 0.004117922136216115, -0.0008974043168334007, -0.0020963977689228757, 0.004552716475879152, -0.014756115858856323, 0.001999236225439933, 0.006627465837010285, 0.004047904186905772, -0.0017433553526528356, -0.008494987020289238, 0.002133686362381829, -0.0075177176131745954, 0.002700815567091838, 0.009252579011853694, 0.003945685503750386, -0.0023938026198972832, -0.01512054218864001, -0.0007693371765690457, 0.00019736091160064522, 0.0031745394764253155, 0.011737764859123617, 0.0038110302741995805, -0.0028986392113578056, -0.02146290416846792, -0.003980514709365676, 0.007963952198602285, 0.0033668918690564287, 0.013861965867178782, 0.0036583288299426773, -0.003291582241387873, -0.02707546527883424, -0.007184667885784262, 0.015238082079761862, 0.003282812997762792, 0.015258155816788539, 0.0035332095605917165, -0.003575025055342468, -0.031843472817287014, -0.010191769522566589, 0.021742897819909155, 0.0029575959679235936, 0.015780066062672255, 0.003467773933636055, -0.0037453855326016684, -0.03570429241534657, -0.012909208499318427, 0.027397617650055727, 0.002446085574554299, 0.0154494418420366, 0.0034803712437072275, -0.003796791811788461, -0.03864758695910015, -0.015313977475351351, 0.03225031725492339, 0.0018126229812020897, 0.014402186054542758, 0.0035763467149337795, -0.0037243639562589276, -0.040701230839291856, -0.017426657563542145, 0.03641841975860307, 0.001122411746160333, 0.012838999127091829, 0.003749524237557022, -0.0035267365445387495, -0.04191247216042454]","[-0.5263703518243593, -0.08740054716138311, -0.6099714862940223, -0.12794711672090056, -0.6373592147820372, -0.1517613318193076, -0.6291104598471786, -0.16342248062726453, -0.6017545289842253, -0.16697090806762863, -0.5679107655823421, -0.16581294035601915, -0.53655906837182, -0.16266871734006122, -0.5146029656876007, -0.1597513956155978, -0.5030557957649646, -0.1579791285222223, -0.49932422371236673, -0.15735098789778726]","[-0.014908291115487415, -0.03987673024094729, 0.005805988303617671, -0.012138319029748157, -0.03328111672973355, 0.004852204749226097, -0.008423781725033663, -0.025229095620976416, 0.0038477333947426473, -0.0038991159354182514, -0.015988670748634082, 0.0028990701406304, 0.0010981264961449355, -0.0059028089012564955, 0.002113225234205096, 0.006225798957883555, 0.004610871044699039, 0.0015632358630792709, 0.011371937755012551, 0.015318540855284724, 0.001280734483375845, 0.016449335979896285, 0.025986895097564133, 0.0012763688974510856, 0.021387345204301855, 0.03639974177185534, 0.0015319899142265392, 0.026123144946673227, 0.04635959440583637, 0.001999540704222369, 0.03059370326353683, 0.055679868696444146, 0.002604441392787038]","[0.013293919920921327, 0.05392397344112396, 0.006285756826400757, 0.0033639080166816687, 0.019749959766864777, 0.000489845871925354, -0.2443359375, -0.017724609375, 0.01200677251815796, 0.050431990623474116, 0.005508929491043091, 0.002734348857402799, 0.017912855207920075, 0.0003367811441421509, -0.235546875, -0.0166259765625, 0.010639643132686616, 0.046825879812240595, 0.004886835813522339, 0.001973778688907621, 0.015886513352394105, 0.00023925304412841797, -0.21796875, -0.0144287109375, 0.009169397711753846, 0.042981901764869684, 0.004289209842681885, 0.0011980987429618811, 0.014256989419460298, 0.00035065412521362305, -0.1992919921875, -0.013330078125, 0.0076757574677467355, 0.039192685484886164, 0.0036658942699432373, 0.0005916363835334754, 0.01283934509754181, 0.00040189921855926514, -0.19599609375, -0.013330078125]",0.06219053268432617
"[17.01211380958557, 17.03211380958557, 17.05211380958557, 17.07211380958557, 17.09211380958557, 17.112113809585573, 17.132113809585572, 17.152113809585572, 17.17211380958557, 17.19211380958557, 17.21211380958557]","[0.004956710202749564, -0.01395532286882245, 0.0004995956721949558, 0.0025092068976494634, 0.0015811831408732398, -0.0019406626191162074, -0.0001563182269836973, 0.0035866005308893526, -0.009056522926418675, 0.001055729192997403, 0.004943350740951131, 0.0016260511784487626, -0.0024211851405478973, -0.004768784797414776, 0.0016906808153929276, -0.0033680897062422785, 0.0015593070013425548, 0.007577734715329139, 0.0016384427285887943, -0.0025832562401068484, -0.009933384345953459, -0.000758565857754432, 0.002756297952588808, 0.001859858750399941, 0.010148139694157919, 0.0016281165159376316, -0.0024770560005640077, -0.015469206633172394, -0.0036302040551492165, 0.00895596928056702, 0.001907379490936049, 0.012327275096022225, 0.0016220758189950503, -0.0021818156238302563, -0.021187399618972282, -0.006996761971804381, 0.01541605895990525, 0.0017197233556985366, 0.014382928213800246, 0.0015846397070643267, -0.001805607558186288, -0.026320570897372487, -0.010458793958583642, 0.02161252491820265, 0.0013637025302320944, 0.015916215446634414, 0.0015601892744228664, -0.0013834057535740665, -0.03076003322830321, -0.013767935771129334, 0.027259310351831913, 0.000903297058503868, 0.01673706795281853, 0.001579376425806058, -0.0009344983479332296, -0.03444315874397875, -0.016794765020522986, 0.0322474966003073, 0.0003959682715438302, 0.016817350740656847, 0.001659691821702423, -0.0004666357748661341, -0.03735314101740798, -0.019496101917204706, 0.036587466747688695, -0.00010975359377887838, 0.0162423618948605, 0.0018067993624486987, 1.865894485451466e-05, -0.0395063735504614, -0.02188405058374941, 0.040357327646815905, -0.0005756043375336101, 0.015165787540086037, 0.002016397830177982, 0.0005209227004877539, -0.040935615525302095]","[-0.47753622133311846, -0.10688045674647559, -0.5692595161411794, -0.16259117526873326, -0.6079886338792795, -0.1951158291236415, -0.6120320587501332, -0.2108305138736396, -0.5962924836174143, -0.21537153118058813, -0.5723085300185923, -0.2134793716457896, -0.5484582029248836, -0.20893054330862962, -0.53119859139319, -0.2047828471288345, -0.5219441737670455, -0.20228648781834763, -0.5189161137328479, -0.20140899284926977]","[-0.010919266446687947, -0.021355548776994304, 0.002543276694511043, -0.00881838552037717, -0.01600505760481985, 0.0020635338819161575, -0.005752422515071354, -0.009690610376989817, 0.0015360993716093674, -0.0017609109412117796, -0.0024126451098540613, 0.0010141505645622217, 0.003094678059603284, 0.005824969172374406, 0.0005683172552064519, 0.008223154051584913, 0.014422251930557017, 0.00027693645271220646, 0.0135016627619029, 0.02318737668449078, 0.00016350810926901715, 0.01883305636552368, 0.0319314485513309, 0.0002405426568472535, 0.024137098770178333, 0.04048068797735871, 0.0005021514506466929, 0.029340422984059478, 0.04867800721247617, 0.0009217856940546554, 0.034366924123229614, 0.05637678351177344, 0.001453071327828681]","[0.02429792082309723, 0.08144445121288299, 0.013794302940368652, 0.00838339396715164, 0.03299394792318344, 0.0014333128929138184, -0.3245361328125, -0.03310527801513672, 0.023571727633476258, 0.07967179417610168, 0.01339578628540039, 0.007912241601943967, 0.0316084081530571, 0.0012487322092056274, -0.3179443359375, -0.03090801239013672, 0.022656595170497895, 0.0774844080209732, 0.012905597686767578, 0.007310584867000577, 0.0304671431183815, 0.001182451844215393, -0.305859375, -0.0276123046875, 0.021638763904571534, 0.07499084770679473, 0.012312620878219604, 0.006655209445953367, 0.028794264256954194, 0.0010623186826705933, -0.305859375, -0.0276123046875, 0.020480966031551362, 0.07231504619121551, 0.011598348617553711, 0.005845271730422971, 0.0272349471449852, 0.0009904056787490845, -0.2696044921875, -0.022119140625]",0.06699824333190918
"[17.13283634185791, 17.15283634185791, 17.17283634185791, 17.19283634185791, 17.21283634185791, 17.23283634185791, 17.25283634185791, 17.27283634185791, 17.29283634185791, 17.31283634185791, 17.33283634185791]","[-0.0023191385303804562, 0.014108683336185746, 0.00043009012074946733, 0.005293374368477478, 0.002626789963015224, -0.004277840665194463, -0.01621409519982407, -0.0035556371978533213, 0.018120977757806585, 0.0007768479088188614, 0.006182133780592571, 0.0027066367564407283, -0.00398314116655617, -0.019050413901569495, -0.005337165264122951, 0.022504152400883302, 0.0010112955061088507, 0.007347038613659996, 0.0027307488954457417, -0.003296498299545859, -0.021783474502231576, -0.00753712636966111, 0.026762032955495948, 0.0010527697733331471, 0.008450071597949187, 0.0027049464332543397, -0.0022074340540535467, -0.024262201215045208, -0.010233376400472482, 0.030992522425384732, 0.0009193677497630616, 0.009752294117140289, 0.0025825000474842762, -0.0007706639238325797, -0.02586394441225169, -0.013162960962076925, 0.03421847030019534, 0.0003433345073114825, 0.010553663935743174, 0.0024424451973399292, 0.0007106962490388161, -0.026949064280220775, -0.016046611658182455, 0.03657861357911091, -0.0004299860326089055, 0.0108729222799687, 0.0023058854175638044, 0.002174213066161748, -0.02753998798690419, -0.018723421777391284, 0.038229374676636875, -0.0012267229898261997, 0.010786407617269553, 0.0021822288911654227, 0.00357613377742097, -0.02767970546074246, -0.021121255274842873, 0.03932940734524915, -0.001933641117637773, 0.0104053501352462, 0.0020726878778918943, 0.004887573700402765, -0.02742933301360179, -0.023228879256654036, 0.040026562997735896, -0.0024864943299640336, 0.009854816713174583, 0.00197327828130642, 0.00608951337120095, -0.026859574137473044, -0.025071316697834113, 0.04044812677437135, -0.00285854164250664, 0.009256475922137705, 0.0018773295267261625, 0.007167842367763284, -0.02604086171613826]","[-0.5511609478491127, -0.13628928029147896, -0.5081799248144026, -0.18908486062236063, -0.46337999595829, -0.21884109455794765, -0.421321323970483, -0.23252968726733345, -0.3849411902591682, -0.23596182737973917, -0.35586294297927706, -0.2337684747313403, -0.33465221728565125, -0.22944051916144206, -0.32169670892325464, -0.22566264994522028, -0.3154627629534944, -0.22344853312427398, -0.31356324971416083, -0.2226862079442321]","[0.0028985561117360614, 0.023386232836296372, 0.0007971653997413952, 0.0058789086679942315, 0.028694543293523722, 0.0007309680298224208, 0.009416157485413024, 0.03388013522587929, 0.0006810395026475291, 0.013498942716024587, 0.038771945019865584, 0.0006568648880955763, 0.017657508394326227, 0.042711990603145455, 0.0005961478033720269, 0.02178401844216049, 0.04611104535611421, 0.0005731529516808109, 0.0258118795819553, 0.04894183665413232, 0.0005756676674604222, 0.029690217951795272, 0.051183126387112754, 0.0005919945946164518, 0.033380154260692185, 0.05282522904731435, 0.0006109302042922593, 0.036849205192340584, 0.053871160343163194, 0.000622741711013397, 0.04006493549995138, 0.05433522622053566, 0.0006199665137827104]","[0.028268178761005402, 0.08634694814682006, 0.017408370971679688, 0.0096577189207077, 0.033744936645030976, 0.0019487887620925903, -0.38056640625, -0.0517822265625, 0.027772022247314454, 0.08615427613258361, 0.017458856105804443, 0.00937351652383804, 0.033275818288326264, 0.0018875300884246826, -0.38056640625, -0.0517822265625, 0.02720648592710495, 0.08581347167491912, 0.01736152172088623, 0.008978494191169736, 0.03300296312570572, 0.0018191486597061157, -0.3498044967651367, -0.04189453125, 0.026629155337810517, 0.08538776040077209, 0.01705440878868103, 0.008550517940521238, 0.03306957131624222, 0.0018267333507537842, -0.3498044967651367, -0.04189453125, 0.02611201798915863, 0.08500719964504241, 0.01666015386581421, 0.008455120706558225, 0.03348249739408493, 0.0019010305404663086, -0.3498044967651367, -0.04189453125]",0.06494545936584473
"[17.21172046661377, 17.23172046661377, 17.25172046661377, 17.27172046661377, 17.291720466613768, 17.31172046661377, 17.33172046661377, 17.35172046661377, 17.37172046661377, 17.39172046661377, 17.41172046661377]","[-0.007053121959128975, 0.03104746817892712, 0.00035322524267298894, 0.0040570054380667546, 0.009158129917118667, -0.0056722270701862225, -0.025051170256398195, -0.008343171781727637, 0.034558525915551704, 0.00046253817418589126, 0.004369511644656247, 0.008900434622637881, -0.0047858338593762305, -0.025858490031355083, -0.010039835343153414, 0.03790445169598072, 0.0004454755280599196, 0.004918097733281381, 0.008569293087283492, -0.003373743367306004, -0.02624293038950234, -0.01224643069717687, 0.0411176932048477, 0.00030501599832859043, 0.005948335096065773, 0.00809758024923749, -0.0014054646849371048, -0.025653266143262212, -0.01472230775304059, 0.04318768549576457, -0.00021430584145281715, 0.006741812132453627, 0.007555994563956416, 0.0008690164093337083, -0.024569523714076703, -0.01737842883437263, 0.04397926034239302, -0.0011542222651744908, 0.007153969536344025, 0.006987951312404776, 0.003148914252194739, -0.023257598264401543, -0.019991315397962922, 0.043927196276563, -0.002192867094928183, 0.007361256705053615, 0.006408767769843695, 0.005346815383291047, -0.021799254891540255, -0.02243238419756818, 0.04335532708276164, -0.0031202164536139393, 0.0075055138514552545, 0.005827111037423608, 0.007397224937644819, -0.020273431813039332, -0.02464292960191677, 0.042493588105331125, -0.003817556278958209, 0.007692464003086548, 0.005247739794692769, 0.009254168723678112, -0.018754279850392186, -0.026611598736758037, 0.041496092345953896, -0.004236362241081774, 0.007992699559748365, 0.004673648025509234, 0.010886668413254811, -0.017308308300218882, -0.028355132519230896, 0.040459016924078606, -0.004378275860480245, 0.008444818394952048, 0.004107676160491028, 0.012273583999475887, -0.0159919354074696]","[-0.5004246778299352, -0.1610948222679707, -0.41200498577742256, -0.21417539464862567, -0.34820980677699426, -0.24460163029500206, -0.30440679046149427, -0.2593075169435291, -0.27606908977283146, -0.2639774918008589, -0.2590465305852171, -0.2630621856144461, -0.24973668657502648, -0.259863985648065, -0.24534761208300757, -0.2568792156568922, -0.24368497883906587, -0.2550936777633346, -0.24327451682324422, -0.2544761232921401]","[0.014637245539934618, 0.054504221156451926, 0.004896300730456993, 0.01740446162342324, 0.05871153744062774, 0.0046685578305236675, 0.020497178114545545, 0.06185694746660175, 0.004350315135577709, 0.02357180060191144, 0.0632166165253576, 0.003825285675187473, 0.026687705120803873, 0.06322061141658075, 0.0032717442215570713, 0.029709812686101067, 0.06228095894032126, 0.0027686188210385154, 0.03261037508326159, 0.06051142553036737, 0.0023127295618263766, 0.035370793131435097, 0.058022409567175526, 0.0019112414974582492, 0.03797891080920812, 0.05492664688674331, 0.001575592286607197, 0.040424939549190686, 0.05134349506432878, 0.0013173630811591508, 0.04269723273517734, 0.047401003017327525, 0.0011447612728590073]","[0.030220066964626313, 0.08113403022289276, 0.017942696809768677, 0.010576792740821836, 0.03030378168821335, 0.0023109614849090576, -0.435498046875, -0.09023418426513671, 0.02989997512102127, 0.08222372233867645, 0.017827481031417847, 0.010418810629844663, 0.030897220432758332, 0.0022134929895401, -0.4278076171875, -0.0825439453125, 0.029643034398555757, 0.0832103282213211, 0.017833590507507324, 0.010205262088775632, 0.031625157058238984, 0.002357006072998047, -0.422314453125, -0.079248046875, 0.029415732085704804, 0.0841001808643341, 0.017800122499465942, 0.010185763919353483, 0.032590797007083894, 0.00214269757270813, -0.4124267578125, -0.0737548828125, 0.029236784040927888, 0.08495015799999237, 0.01764807105064392, 0.010270126843452451, 0.03340858763456345, 0.002152174711227417, -0.404736328125, -0.0671630859375]",0.06069803237915039
"[17.29157590866089, 17.31157590866089, 17.331575908660888, 17.351575908660887, 17.371575908660887, 17.39157590866089, 17.41157590866089, 17.43157590866089, 17.45157590866089, 17.47157590866089, 17.491575908660888]","[-0.010017319906623351, 0.04093564776339438, -0.0006170578256154003, -0.0005123809202286536, 0.017849087134113262, -0.005534069695867742, -0.027400630031576785, -0.011530870594355067, 0.044179595084773995, -0.000547726069130114, 0.00018202776682107883, 0.017012174614018886, -0.0038913519199791106, -0.026403460889190586, -0.013593270422509891, 0.04737562183313105, -0.0005196208080599111, 0.0016845013585359947, 0.01601779137726032, -0.00164165547358103, -0.024556316816056956, -0.01598665682591316, 0.04948319660997011, -0.0008036636239230173, 0.0032514058287066738, 0.014921641117489153, 0.001022828617503932, -0.022316263557564105, -0.018640150345838973, 0.05035870026211095, -0.001435311855210966, 0.00473089989587647, 0.013760494857322423, 0.0038418951939757973, -0.019926012823990827, -0.02139864510348224, 0.05005140052368227, -0.002342319080300198, 0.005999962599915996, 0.012588844497076979, 0.0065419083189792535, -0.017718791479405357, -0.02407916188661586, 0.049093565955955036, -0.0032080727601379953, 0.007246572520120794, 0.011428340660772201, 0.009028318349748444, -0.015778480357128567, -0.026577814133510437, 0.047840686551648366, -0.0038467037135312184, 0.008578624042141913, 0.010295612543262136, 0.011233705429863582, -0.014167337399797796, -0.02884845682886425, 0.04651050597152936, -0.00417503531317385, 0.010038706324161319, 0.009203571645985587, 0.013115922648052222, -0.01292644840617432, -0.030883853155224444, 0.045220398684631305, -0.004184743518031405, 0.011620166434968233, 0.008162532157321416, 0.014652948396288966, -0.012077943334603745, -0.03269982767846487, 0.044020960653565075, -0.003916892747722847, 0.013282897847435662, 0.007181125944986885, 0.01583652552651307, -0.011627954305066864]","[-0.471489352059728, -0.20586126433013605, -0.3798536123081356, -0.25415938449415454, -0.323824959342364, -0.2809698645694521, -0.29334366662536726, -0.2931127498402221, -0.27985474270705524, -0.2960807315322533, -0.27645760216199255, -0.2941076570319005, -0.2779145791951094, -0.290291162178249, -0.28039907319658747, -0.28700088097239895, -0.28212795418391123, -0.28509856835707714, -0.28276444473477536, -0.28445419268178357]","[0.0239952549741691, 0.07748571202094601, 0.01099786297342531, 0.026316641225324844, 0.07917660397990423, 0.010000832358143086, 0.028550887304121808, 0.07862995070447365, 0.008695942587523042, 0.030821422631560846, 0.07626594735666448, 0.007369461709360259, 0.0330547470052478, 0.0724560377153094, 0.006153950199160985, 0.035227870324710864, 0.06776062579573239, 0.005159585695105218, 0.03734576032486192, 0.062421310888459036, 0.004381961439113624, 0.039414140892198635, 0.056662695691056086, 0.0038204851460261757, 0.041437934788955744, 0.050695417397039755, 0.003467859205763091, 0.043418851442472706, 0.04471898732220758, 0.003305214536894141, 0.04535289297043743, 0.03892311290836448, 0.0033008596908725707]","[0.03368713504076004, 0.07367790639400482, 0.017378032207489014, 0.012279645287990568, 0.026200270116329194, 0.0026537925004959106, -0.4519775390625, -0.1045166015625, 0.03320654278993607, 0.07451392114162445, 0.01752293109893799, 0.012063526296615598, 0.02656336671113968, 0.0026423633098602295, -0.4475830078125, -0.1001220703125, 0.03272380477190018, 0.07536960542201995, 0.01765701174736023, 0.011844605886936185, 0.026937505066394807, 0.0025707632303237915, -0.4475830078125, -0.1001220703125, 0.032271882355213166, 0.07622338235378265, 0.017790287733078003, 0.011597410523891447, 0.027245377957820893, 0.002532944083213806, -0.4475830078125, -0.1001220703125, 0.031813179910182954, 0.07712162435054778, 0.01791331171989441, 0.011483714663982389, 0.027656471192836762, 0.002549991011619568, -0.4475830078125, -0.1001220703125]",0.06298255920410156
"[17.372451066970825, 17.392451066970825, 17.412451066970824, 17.432451066970824, 17.452451066970823, 17.472451066970827, 17.492451066970826, 17.512451066970826, 17.532451066970825, 17.552451066970825, 17.572451066970824]","[-0.014087114730280216, 0.050349763459394986, -0.0007477163803271925, 0.0010650687338424325, 0.023592161942277597, -0.0037787197519220644, -0.02449025512435027, -0.015814494340025992, 0.05332805806537031, -0.0005134654612475062, 0.0030952957456883367, 0.022150213567880772, -0.0016399148716673656, -0.022631400644051305, -0.01793630706834764, 0.055334889522583454, -0.0005829728323824787, 0.005259261603612367, 0.020619385480275764, 0.0009847133440543422, -0.0205419873752604, -0.020405732207826023, 0.056182216020379164, -0.0010074465211268545, 0.007374763013496727, 0.019024132821194067, 0.003915973470818626, -0.018368894051513464, -0.023081466732133585, 0.05588852641757511, -0.0017042822659891605, 0.0093120002951204, 0.01741039902612019, 0.006936578153838197, -0.016346447069752253, -0.025884158721390972, 0.054608931610469306, -0.0026231426254585666, 0.011022070064121528, 0.015827652075954594, 0.009751291164710749, -0.014686219740799077, -0.028607119069337706, 0.05284970968671104, -0.0034518963656366337, 0.012646982976035769, 0.014302518714863507, 0.01226684136474301, -0.01343048581023884, -0.03113254421091812, 0.05093561425997519, -0.004017551817957057, 0.01425522238395901, 0.012853907519452056, 0.01442218653614055, -0.012599920189693189, -0.03340898099068478, 0.04905527626172371, -0.0042542193759521115, 0.015860462012446733, 0.011494350403272836, 0.01618602969698444, -0.012196117134224468, -0.03543047965803252, 0.04730210571473096, -0.004171867664041089, 0.017439256656720033, 0.010231492428269512, 0.01755006740339154, -0.01220437033784565, -0.03721827316403021, 0.045709045423389376, -0.0038282644113735906, 0.018946685313191644, 0.009069554025560827, 0.018520759019648548, -0.012596274906027787]","[-0.43884280823396804, -0.2445165870967216, -0.3556048777158257, -0.2940843932068623, -0.3068647320105824, -0.3202333897032676, -0.2818586240446535, -0.3305038167033629, -0.27188797514104135, -0.3310081210532989, -0.2702992773484633, -0.32648831442918735, -0.27234040590237946, -0.3204378827035653, -0.27481724535810065, -0.3156173999155935, -0.27639503908205726, -0.31291770635372773, -0.27694917737878644, -0.3120164151758714]","[0.0281869832095607, 0.08502540351473975, 0.01377455204107747, 0.02958238500242616, 0.08321207990905366, 0.012073625357146511, 0.031171367437830888, 0.0796977302621169, 0.010433222432322253, 0.03293954288730716, 0.07474835197522989, 0.00896575323796256, 0.03490580792727238, 0.06878109768499652, 0.0077627448083594786, 0.036966704082910695, 0.06234131850663571, 0.006866931597176329, 0.03911647247181893, 0.055686468327334815, 0.0062443708798189945, 0.04134857773034173, 0.049042546280325894, 0.005861965625738819, 0.04365455231368642, 0.04260848063728773, 0.005680127982440997, 0.04602112658526325, 0.03655998164866947, 0.005651540146491385, 0.04842666728420797, 0.031051768340380814, 0.005723166812215297]","[0.035769631922245027, 0.06958394646644592, 0.017203032970428467, 0.013188906693458555, 0.024464925587177277, 0.002942606806755066, -0.4541748046875, -0.1374755859375, 0.03560758179426193, 0.06986815631389617, 0.017105400562286377, 0.013153687798976896, 0.02452859824895859, 0.002908572554588318, -0.4541748046875, -0.136376953125, 0.035463442862033845, 0.07017823457717895, 0.01710692048072815, 0.013169900262355802, 0.02454254573583603, 0.002888590097427368, -0.4541748046875, -0.127587890625, 0.03529492563009262, 0.07056860029697418, 0.017117857933044434, 0.013154604220390317, 0.024555971682071687, 0.0028696656227111816, -0.4541748046875, -0.123193359375, 0.0351118648648262, 0.07098896205425262, 0.017117679119110107, 0.013140083038806913, 0.024635871708393098, 0.002831682562828064, -0.4541748046875, -0.118798828125]",0.060663461685180664
"[17.451443910598755, 17.471443910598754, 17.491443910598754, 17.511443910598754, 17.531443910598753, 17.551443910598756, 17.571443910598756, 17.591443910598755, 17.611443910598755, 17.631443910598755, 17.651443910598754]","[-0.018933098676525064, 0.057397550206973354, -5.843007182470111e-05, 0.007130173653814928, 0.024495464149605493, -0.0016277580736994992, -0.026975521267375253, -0.020590255812077456, 0.05924133455243561, -1.6380635745822125e-05, 0.008451443737142891, 0.02294651687024651, 0.0005157582157271144, -0.025001164526328234, -0.022547087191906116, 0.059792998426336466, -0.0004009877057008225, 0.00961702970913241, 0.02132214279196475, 0.0030890082167403772, -0.022494512095861244, -0.024663183420504917, 0.05895942971848231, -0.0011412050059123838, 0.010500949101013348, 0.019643447674175956, 0.005987659007627464, -0.019649086197230374, -0.026859679991154493, 0.056816534491248405, -0.0021662067889739573, 0.011068259171921788, 0.017947758008712653, 0.008999967896060484, -0.01673247427978059, -0.029087722163048793, 0.05354971540897415, -0.0034262667978245697, 0.011321159142839543, 0.016284071731885195, 0.011832803721362424, -0.014046318156072523, -0.03119377409817415, 0.04977715284546013, -0.004590543228878713, 0.011517128984858316, 0.014672858587710391, 0.014397100348686949, -0.011664655074354638, -0.03309861002924584, 0.04590034282412416, -0.005472164240179731, 0.01181061766653596, 0.01312937768560957, 0.016632001057136688, -0.009640744641817871, -0.034776268434336184, 0.04215554090211436, -0.005995367997462345, 0.012274018255233672, 0.011664550669384835, 0.018503163102470844, -0.008008328995118786, -0.036235329748487075, 0.038660867954358184, -0.006163587956604823, 0.01291860061083007, 0.010286054593192854, 0.01999694508796359, -0.0067840948734478775, -0.037503151973707356, 0.03545722942113118, -0.00603084082942967, 0.01371402462796725, 0.008999419993018575, 0.021113133055918044, -0.005970581283869782]","[-0.3354263477795203, -0.2610154082173032, -0.22182874622022736, -0.30312606102057815, -0.15244440297627695, -0.32407533677227596, -0.11436881292480057, -0.33103404727590374, -0.09694218091808059, -0.32969599682650486, -0.09176940892187505, -0.3243721230714688, -0.09260053096079197, -0.3181453682448634, -0.09495259523381977, -0.3134034358587429, -0.09669477910312717, -0.3108123430020028, -0.09734996279888283, -0.3099609770711301]","[0.032501841478082216, 0.08453128836175905, 0.014220902591693285, 0.03421008909878798, 0.08237281600319823, 0.012636629035555735, 0.03592161635183966, 0.07847375500613918, 0.011079858759814876, 0.03769992780985376, 0.07300874116076539, 0.009639318516469153, 0.03954653415820397, 0.0663568673484658, 0.008404472573275257, 0.04138309690907094, 0.0590892501293947, 0.0074378803659778114, 0.043197538700649574, 0.05144233478925253, 0.006722986876694481, 0.044980963921837924, 0.043623246929320736, 0.006246436928361909, 0.04672600577255559, 0.03581884832381732, 0.0059879670376092875, 0.04842391771276455, 0.02820309190128878, 0.005916480761172238, 0.05006161401591691, 0.020941223374538964, 0.0059894944573759545]","[0.038056200206279756, 0.06793876886367797, 0.017617374658584595, 0.014039569282531736, 0.024095749318599702, 0.0030169785022735596, -0.45087890625, -0.1726318359375, 0.037727093160152436, 0.0680726408958435, 0.017486661672592163, 0.013887242162227628, 0.02406770533323288, 0.003007069230079651, -0.4519775390625, -0.1693359375, 0.03737545555830002, 0.0682833582162857, 0.017411142587661743, 0.013700366699695585, 0.024191384971141816, 0.002963334321975708, -0.453076171875, -0.162744140625, 0.03700718826055527, 0.06849194467067718, 0.01739436388015747, 0.013535500252246854, 0.024311130702495576, 0.002972528338432312, -0.4541748046875, -0.15615234375, 0.036707272589206696, 0.06868488490581512, 0.0173703134059906, 0.013465032660961149, 0.024389779031276704, 0.0029648244380950928, -0.4541748046875, -0.15615234375]",0.06016850471496582
"[17.532405376434326, 17.552405376434326, 17.572405376434325, 17.592405376434325, 17.612405376434324, 17.632405376434328, 17.652405376434327, 17.672405376434327, 17.692405376434326, 17.712405376434326, 17.732405376434325]","[-0.024139875046535718, 0.06191742394257941, 0.001115899715932955, 0.01502512402907267, 0.023648779675162653, 0.00031194561675187835, -0.029002977354515968, -0.025616882580838208, 0.06241582605668239, 0.0007409252956889106, 0.015336472953689442, 0.022104356266539844, 0.002220223520449812, -0.027292667628195502, -0.027228091903779922, 0.0613686784038567, -0.00012165749927286852, 0.015131334305442704, 0.020503960677362657, 0.004642648468764514, -0.024706125114414768, -0.028891496938413128, 0.05871682473782921, -0.0014092373543740319, 0.014383176388362682, 0.018855869976031957, 0.007480986538724646, -0.021420346610156175, -0.030554305785543228, 0.05454479067371981, -0.003048882668639308, 0.013120148117705078, 0.01719223682764533, 0.010516994385262766, -0.017758800386876297, -0.0321817218328153, 0.04911218843278156, -0.004948059289122645, 0.011440260093954121, 0.01555642803367675, 0.013464264704288013, -0.01408187512847012, -0.033660196889284025, 0.04313463293156373, -0.00674258882806506, 0.009723057050498576, 0.013961278725776745, 0.016229778984793865, -0.010498684492292581, -0.034940372361686914, 0.0370866483893172, -0.00821697045638458, 0.008222777005080126, 0.012417105862929649, 0.018743351760243582, -0.0071030408185604335, -0.036016844712419026, 0.031254925052898945, -0.009272372163103886, 0.00708822007722059, 0.01093230923608499, 0.020957246661210894, -0.003972767675986157, -0.03691066536137287, 0.025788181840524196, -0.009895167528048634, 0.006383918530343506, 0.009514299600134049, 0.0228417165030165, -0.001170725930539958, -0.03765514628133618, 0.02074169753985854, -0.010128377354687228, 0.00611109628464951, 0.008170429609195931, 0.02437897505104336, 0.0012531188994529508]","[-0.19869760590903032, -0.2792462661713636, -0.053743942510293685, -0.31625227146736345, 0.038802998705208674, -0.3336082546146642, 0.09304157949400743, -0.33821953818458317, 0.12093138133736595, -0.33550410797667257, 0.1322024157486765, -0.3294995487670165, 0.13441319338981322, -0.32303190280389676, 0.13328595794982098, -0.31825696732825304, 0.1318956011606186, -0.31569263532476005, 0.13129248410110558, -0.3148593333376813]","[0.035673164226976084, 0.0768805733158926, 0.01376142106341316, 0.037507632820255044, 0.07518173235631043, 0.012485022662408252, 0.039320504690709024, 0.07173779354505028, 0.011175119804813782, 0.0411283418237427, 0.06661159815909912, 0.009886329008171657, 0.042917952094769785, 0.06014244463438567, 0.008703145357488395, 0.04461917889948008, 0.05285785683228106, 0.007699055866186022, 0.04620586531272397, 0.0449362574300447, 0.00688527989132437, 0.04766116507263973, 0.03652981700950697, 0.0062788138880671696, 0.048974285402887396, 0.027781890690659505, 0.005893235189588175, 0.050136439228294805, 0.018840978633950733, 0.005732996303822624, 0.051137661120855604, 0.009868961211483729, 0.00578873680461367]","[0.04279156571626663, 0.06529655456542968, 0.01823672652244568, 0.015533969485759733, 0.022798141300678254, 0.002963036298751831, -0.413525390625, -0.2110837936401367, 0.04232155328989029, 0.06567645967006683, 0.01821136474609375, 0.015472613954544065, 0.023026754915714265, 0.0030084699392318726, -0.4168212890625, -0.20888671875, 0.041815554559230805, 0.06599078476428985, 0.018134862184524536, 0.015284896576404569, 0.023317923605442048, 0.0030288249254226685, -0.42451171875, -0.2044921875, 0.041287770330905915, 0.06632889211177825, 0.018053919076919556, 0.015007630670070646, 0.023526688873767854, 0.003048032522201538, -0.43330078125, -0.197900390625, 0.040708249270915986, 0.06663041710853576, 0.01800316572189331, 0.014671527528762815, 0.023762171924114228, 0.0030578523874282837, -0.4376953125, -0.1946044921875]",0.06118035316467285
"[17.63300585746765, 17.65300585746765, 17.67300585746765, 17.69300585746765, 17.71300585746765, 17.733005857467653, 17.753005857467652, 17.773005857467652, 17.79300585746765, 17.81300585746765, 17.83300585746765]","[-0.028152939274033, 0.061989651045772434, 0.0011835929857081518, 0.01845385171990147, 0.022073904456590687, 0.0016173436473521498, -0.031058638158386987, -0.029540962683583694, 0.06155211741904982, 0.0003414375426615374, 0.01780312714762391, 0.020617900287946626, 0.003491266139896594, -0.029325487520832437, -0.031000504510738543, 0.05936704051892209, -0.0010531637216165894, 0.016450062191711263, 0.019093172837404443, 0.006007432626938392, -0.02633196216819469, -0.032466887689710074, 0.05534163690517203, -0.0029442538135387116, 0.014422791424440137, 0.017494458242724616, 0.009060240964011331, -0.022187606799661037, -0.03389466429456269, 0.049606527310793916, -0.005221196371022941, 0.011868475014640072, 0.015839632948339087, 0.012433235001688504, -0.01716961342000967, -0.03514622419823283, 0.04216164101854192, -0.00781317950563908, 0.008683168195499436, 0.014203546459588271, 0.015801664818279642, -0.01196912379602835, -0.03617023435617409, 0.033953244155927535, -0.010286346634924597, 0.0054355387606258646, 0.012594819878777004, 0.01905809076075146, -0.006744910728026077, -0.03696395971163849, 0.025618443243320778, -0.01237532306681158, 0.002519731971405239, 0.011022822242249814, 0.022113785419539275, -0.0016390270039860727, -0.0375544232601983, 0.01754975715475364, -0.013948874052413006, 0.00017955682400277559, 0.009497619999137417, 0.024900334387020138, 0.0032248957387488696, -0.03798301290243472, 0.009956902855537929, -0.01497571348970893, -0.0014644152863814623, 0.008030509802084076, 0.02736670350299625, 0.007740541698443488, -0.03829385654644623, 0.00292320800545817, -0.015493072931426627, -0.002387047398030497, 0.006634661210550893, 0.029474277693339317, 0.011816065718967832]","[-0.08851431221229045, -0.3130199108051116, 0.11252926333860927, -0.3449922412039629, 0.2433018157920058, -0.35852374198799003, 0.3218454141733796, -0.36042869625724955, 0.36375021472116986, -0.3559512812729533, 0.38194173083091476, -0.3489139691983631, 0.38669214015236536, -0.3419167061070794, 0.3860337908118803, -0.3369198695622091, 0.384480911245219, -0.3342875671641846, 0.38374229057527776, -0.33344292324594177]","[0.03977540922284839, 0.0715819832713751, 0.013209735438260317, 0.041767295599099974, 0.07056593041972015, 0.012101105160301273, 0.043670079668378436, 0.06755998137934327, 0.010890877057307069, 0.045410331311779295, 0.06247171366294513, 0.009609192241334608, 0.04688577413615258, 0.05546284315057237, 0.008331512198195945, 0.048181830856874885, 0.0472882721983483, 0.007216121724598956, 0.049273878315187813, 0.03812743043958289, 0.006294362681644294, 0.050150274176267384, 0.028123654369329287, 0.0056111669408362985, 0.050807517414572345, 0.017413299431905394, 0.005214655210222574, 0.051244657820112005, 0.006150535131873358, 0.005147331889282292, 0.05145977307681315, -0.005477179417061606, 0.005435436419187312]","[0.047377502381801606, 0.0598978042602539, 0.017273515462875366, 0.017455310308933256, 0.02031009441614151, 0.002802431583404541, -0.3552978515625, -0.2319580078125, 0.04686190730333328, 0.0606002002954483, 0.017568141222000122, 0.017225407743453977, 0.020690439105033875, 0.002874016761779785, -0.376171875, -0.224267578125, 0.04630925303697586, 0.06135953366756439, 0.017627626657485962, 0.016967029058933256, 0.022005727350711823, 0.002974867820739746, -0.3838623046875, -0.2231689453125, 0.04575583881139755, 0.06226017475128173, 0.017704635858535767, 0.01684191890954971, 0.02199064737558365, 0.0029348433017730713, -0.400341796875, -0.21767578125, 0.04517581111192703, 0.06311633586883544, 0.017803609371185303, 0.016493820333480833, 0.02238139307498932, 0.0029618144035339355, -0.400341796875, -0.2165771484375]",0.0608518123626709
"[17.692453145980835, 17.712453145980835, 17.732453145980834, 17.752453145980834, 17.772453145980833, 17.792453145980836, 17.812453145980836, 17.832453145980836, 17.852453145980835, 17.872453145980835, 17.892453145980834]","[-0.03179945693370308, 0.061281928307745454, -0.00123169243793993, 0.01972895234874608, 0.021886117105819138, 0.0034414221649065593, -0.03192609914285994, -0.03311746622542042, 0.06010713204865538, -0.0023043621080886005, 0.018435855550498023, 0.020424124560232886, 0.005673652371952347, -0.030092695072396234, -0.034461390085474594, 0.057206358472331735, -0.0038405755198267695, 0.01643237986127832, 0.018889270284060924, 0.008458435502645615, -0.026778258483686188, -0.03575225669573566, 0.05256546592056611, -0.005747913015227408, 0.013867057562971442, 0.01725933916208342, 0.011683397015131306, -0.021939285037678415, -0.03682344362451747, 0.04607948337190336, -0.007936549258383033, 0.01071166250873989, 0.015571297161412498, 0.015133109300140836, -0.016035168094633324, -0.037513395139642455, 0.03770934117523111, -0.010339787297549767, 0.006822360844888884, 0.013910884585195812, 0.01850192412411234, -0.009911366041923182, -0.03785740843964401, 0.02851629792707123, -0.012544924391669515, 0.0028761984334435193, 0.012282261308804715, 0.021690161893089234, -0.003754179214991658, -0.03791853424388709, 0.019211224001905107, -0.014311879510666696, -0.0006581427409982797, 0.010692802207594812, 0.024616333262162043, 0.002270479961597054, -0.03777047239620423, 0.0102281339806961, -0.015535786338937553, -0.003491554038906009, 0.009152611879605895, 0.02721942771434969, 0.008019041901191435, -0.037484792961673896, 0.0017947442597958004, -0.016210269878331008, -0.0054819775449324575, 0.00767467963844703, 0.029456175109149708, 0.01336834304713509, -0.037122521776784365, -0.006003059276015835, -0.016394189308437803, -0.006601004636911393, 0.006275131747018574, 0.03129610687198796, 0.01821139568058109]","[-0.02504013380427869, -0.3315832705799268, 0.20194395014572586, -0.3464698369956134, 0.34849860302781266, -0.3469788604568084, 0.4354644591568999, -0.33948128053712257, 0.4808224949452633, -0.32864037219972564, 0.49945643956022684, -0.3176325256816348, 0.5031802812901042, -0.3084031477184688, 0.5013245131489341, -0.30234283036259835, 0.49899565708387317, -0.29931178229989974, 0.49797766075958083, -0.29837223133308993]","[0.04154453659105073, 0.07050571144488904, 0.013312793750877017, 0.04401635291442618, 0.06941860101107089, 0.01223165333562104, 0.04631207948974625, 0.0661923790765635, 0.011024121845629509, 0.04818271866573909, 0.06053500294031933, 0.009684277696257126, 0.049593759044496366, 0.05270198561564188, 0.008336240723061827, 0.050714856578597756, 0.04356428275077828, 0.007174729702879468, 0.051511940695800895, 0.03332924589514619, 0.006234656946281891, 0.0519657439007708, 0.022160028238655816, 0.005570594948540286, 0.052067491136175814, 0.010209577495819744, 0.005243276560094046, 0.05181379383620177, -0.0023496918153598223, 0.005307675449364613, 0.051204231863587246, -0.015307179094897094, 0.0057989923924912645]","[0.05206820911169052, 0.04646650850772857, 0.01449674367904663, 0.02000993558168411, 0.01644506847858429, 0.00260220468044281, -0.2915771484375, -0.2484375, 0.0515993589758873, 0.04896650612354278, 0.01471218466758728, 0.019917637789249418, 0.01743148809671402, 0.00259612500667572, -0.3091552734375, -0.2429443359375, 0.05107777363061905, 0.05142087638378143, 0.014897346496582031, 0.019713111901283262, 0.019079012632369996, 0.0026913881301879883, -0.312451171875, -0.241845703125, 0.05059724098443985, 0.05369682013988494, 0.014950841665267944, 0.019330442631244657, 0.020385114312171937, 0.002765566110610962, -0.341015625, -0.23525390625, 0.050002207815647126, 0.0556008756160736, 0.01523900032043457, 0.018906057560443876, 0.021116813480854035, 0.0027871429920196533, -0.341015625, -0.23525390625]",0.06374454498291016
"[17.79143500328064, 17.81143500328064, 17.83143500328064, 17.85143500328064, 17.871435003280638, 17.89143500328064, 17.91143500328064, 17.93143500328064, 17.95143500328064, 17.97143500328064, 17.99143500328064]","[-0.036575834282996114, 0.05812409533132401, -0.004552295903573387, 0.019297773149810276, 0.02185557953875, 0.007555855854753036, -0.031522677902578976, -0.03757768837101412, 0.05608379444075999, -0.005450451938897592, 0.017379781542977518, 0.020314454924539573, 0.0099135968002158, -0.028890857245950804, -0.03849357695262047, 0.05230864537268958, -0.006721306029522731, 0.014839768653344788, 0.01868045278005336, 0.012655735147565484, -0.024409475895853672, -0.03912550645559836, 0.04657671884887171, -0.00829643665250888, 0.011645735611959435, 0.016961067573020114, 0.015675472707891398, -0.018330536295031716, -0.03928961733375134, 0.038770284373975186, -0.010095527773342458, 0.007702324966970398, 0.015216714860341438, 0.018786713995113682, -0.011387855497836014, -0.03899483675424024, 0.02922048007908439, -0.012024645386426957, 0.0031662195903277295, 0.013511974556813387, 0.021738191251749802, -0.004326722058526294, -0.03836508675215316, 0.01902754662133345, -0.013729308049960164, -0.001232576974320813, 0.011850083585281524, 0.024450454060071482, 0.002650960683632692, -0.03751744068263992, 0.008908447431218103, -0.015017001339865044, -0.005008539347151236, 0.01023978530198886, 0.026859620789384944, 0.009370535590304471, -0.03655131768445336, -0.0007189491384150391, -0.015818605186397716, -0.007883237526011746, 0.008693966934339152, 0.028920057331416945, 0.01568704116645234, -0.035543028376707385, -0.009655630008503587, -0.016151798039573773, -0.009743817606307999, 0.0072290735779898824, 0.03060264174537334, 0.02148075376081961, -0.03454488551630828, -0.017848811630388654, -0.01608886404213593, -0.010601374231649311, 0.005864708552531077, 0.03189100480390466, 0.026649348918034558]","[0.12152606300413814, -0.317188915289857, 0.35077419626686757, -0.3166370156962927, 0.49293712521085, -0.3081270391236949, 0.571927316477029, -0.2964278468142741, 0.6080428690216141, -0.284684525357855, 0.6178240001371549, -0.2747113740114322, 0.6141819124923533, -0.2673031895658157, 0.6074462176755379, -0.26282261330380585, 0.6026380187100128, -0.2607224471657418, 0.6008373854734164, -0.2601053203149742]","[0.04660512468216149, 0.06725446792488832, 0.013620287680080168, 0.04933958240108294, 0.06509814140977, 0.012476698995094182, 0.051475542442355415, 0.0604281673813265, 0.011160656119670875, 0.05289001691264672, 0.053172457186275945, 0.009737430602459796, 0.053726053287125985, 0.04386574099454821, 0.008387021824455942, 0.054104388667200354, 0.033313143338099316, 0.0072675515381113165, 0.053997602084177476, 0.021739536903390366, 0.006422753538903869, 0.05339559852325304, 0.00931941233532152, 0.0059162238852668025, 0.052299865615778485, -0.003783775387536714, 0.005814723352881135, 0.05071964235801074, -0.017384636269434317, 0.006173567594571772, 0.048672524009346185, -0.031256093387483475, 0.007020890061293805]","[0.05512358790636063, 0.024634563922882075, 0.011690318584442139, 0.021984875881671903, 0.008389351725578309, 0.0023549646139144897, -0.185009765625, -0.277001953125, 0.05561447685956955, 0.02810173630714416, 0.01199495792388916, 0.02199146964550018, 0.009747056126594544, 0.002342894673347473, -0.2036865234375, -0.27150859832763674, 0.05470897799730301, 0.031274893879890436, 0.012318789958953857, 0.02179078080654144, 0.011585620999336244, 0.0023773759603500366, -0.2234619140625, -0.266015625, 0.05422476476430893, 0.034322077035903925, 0.012510716915130615, 0.02140645750761032, 0.01263402944803238, 0.0023092180490493774, -0.22785625457763672, -0.2649169921875, 0.05402976816892624, 0.03711355626583099, 0.012543052434921265, 0.021019526505470273, 0.012882863938808442, 0.0022514909505844116, -0.2388427734375, -0.2627197265625]",0.0630340576171875
"[17.8725483417511, 17.892548341751098, 17.912548341751098, 17.932548341751097, 17.952548341751097, 17.9725483417511, 17.9925483417511, 18.0125483417511, 18.0325483417511, 18.0525483417511, 18.072548341751098]","[-0.03891830947487752, 0.052259091660357665, -0.006606850387815821, 0.016378351938128838, 0.021101503354381906, 0.010227417151360857, -0.029098386669489894, -0.03979723820995427, 0.04947432191525094, -0.007618431390754767, 0.014212146655493724, 0.019476705263369035, 0.012689891314588522, -0.025299250345789264, -0.040415195053594075, 0.04480302679848615, -0.008935957740932872, 0.011397539742950382, 0.017771305252180392, 0.01543600683038045, -0.019771666140460678, -0.04056961408697621, 0.038058656825522286, -0.010485871272760516, 0.00784158589650473, 0.01602271345257106, 0.018335086081181007, -0.013054671592036689, -0.040256134884005514, 0.02953119544555643, -0.012159647053113499, 0.0037546882849725503, 0.014272761502836266, 0.021197179181583217, -0.005746691925238227, -0.039492517773826084, 0.0197090840300567, -0.01379936100517616, -0.0006098220633507004, 0.012577765173317565, 0.023843095422957865, 0.0014872997436275678, -0.03844383904970562, 0.009592439501866619, -0.015127701890916678, -0.004584487667017007, 0.010942355437113738, 0.02620535284968402, 0.008452761980118597, -0.037245768585948226, -0.0001949927171088737, -0.016012179952864167, -0.007754162396680943, 0.009376601783477118, 0.028231711510423772, 0.014988282488785401, -0.0359998124216521, -0.009318508806941992, -0.016427840942094377, -0.009912778998934646, 0.00789425304746584, 0.029888002958126707, 0.020968635419549065, -0.034773799520559534, -0.017649585229856688, -0.016422491663614647, -0.011016214021337364, 0.006511867331375828, 0.031156617404493894, 0.026298106640405352, -0.03360634771849565, -0.02519153023525877, -0.016086658887828394, -0.011136129281222016, 0.005248151948338043, 0.03203293544326411, 0.030899564340534938]","[0.2550095191362129, -0.31459962243944267, 0.45205872684405457, -0.304582566207821, 0.565806692872393, -0.2912373639586548, 0.6209126642234486, -0.2778885349845125, 0.6379286245318934, -0.2664518809857623, 0.6332802958538667, -0.25775528663672337, 0.6195008663185, -0.2518535140852964, 0.6067454967146794, -0.24853019265373755, 0.5991059214036252, -0.24706890029577455, 0.5964586840686884, -0.24666434509066046]","[0.05093538833807276, 0.06214247912219317, 0.013424827126266692, 0.05311709334998138, 0.05864459579648118, 0.012145057971231665, 0.05454965313484772, 0.05255768216334289, 0.010730546583407552, 0.055289819521116446, 0.044159997908123305, 0.009318850760767106, 0.05538340519891061, 0.03396221009949718, 0.00805220903973991, 0.054987288482270635, 0.022665675101412486, 0.00707423559570497, 0.054097676208393786, 0.010493572663316186, 0.0064345134416132765, 0.05272251394184879, -0.002369243164731749, 0.0061946512462256464, 0.05087570940370689, -0.01574012858849816, 0.0064097456043090695, 0.04857598626560433, -0.02941130130271352, 0.0071127080896236095, 0.04585087249689912, -0.04313569308332621, 0.008299886340853213]","[0.05826126581430435, -0.004002889990806585, 0.011669814586639404, 0.023581423544883726, -0.0038071816563606253, 0.0027350038290023804, -0.1037109375, -0.2912841796875, 0.05809894746541977, -0.0003508314490318354, 0.011783093214035034, 0.02344793894290924, -0.0017342215180397025, 0.002677440643310547, -0.10700664520263672, -0.290185546875, 0.05794171041250229, 0.0033960133790969793, 0.01152336597442627, 0.02335608818531036, 0.0005939806103706369, 0.0026001334190368652, -0.1333740234375, -0.28798828125, 0.05768293684720993, 0.007193067669868464, 0.011340469121932983, 0.023093432867527006, 0.002447409391403199, 0.0024803727865219116, -0.1388671875, -0.2868896484375, 0.0573761368393898, 0.010832981765270228, 0.011226117610931396, 0.022823133254051206, 0.0036765912771224984, 0.002429097890853882, -0.145458984375, -0.285791015625]",0.05905914306640625
"[17.95322871208191, 17.97322871208191, 17.99322871208191, 18.013228712081908, 18.033228712081907, 18.05322871208191, 18.07322871208191, 18.09322871208191, 18.11322871208191, 18.13322871208191, 18.15322871208191]","[-0.04015523810648764, 0.04289641645901238, -0.008320002128957105, 0.01174539870713878, 0.01804696248924186, 0.013960994419700678, -0.024221138844086214, -0.040940786323982674, 0.0393418001969767, -0.009302385721733359, 0.009538343080486294, 0.01644740810860521, 0.01637956446584682, -0.019399608765268646, -0.041283955995740994, 0.03381351427025027, -0.010537628825857778, 0.006612643281936099, 0.014817447423001158, 0.018872767041190248, -0.013368551800507361, -0.0411526616827919, 0.026576471373510373, -0.011919012041619534, 0.0031858758957555716, 0.013184933852110505, 0.021262938799424112, -0.006553097008591695, -0.04054695001576456, 0.018110488156229503, -0.013282818584862261, -0.0004342937204033298, 0.011586617288768317, 0.023407330584596223, 0.0005330050922090615, -0.03943179506400542, 0.008957542063733287, -0.014400828844889562, -0.003995116162331365, 0.010068996450655987, 0.025266290455740525, 0.007304374490246369, -0.038043972133686925, -8.50094969767183e-05, -0.015135911337745996, -0.006952905236974184, 0.008631824947653978, 0.026807309072747764, 0.0135915962320678, -0.03655667819217269, -0.008553345387509221, -0.015453942214647845, -0.00900496503911469, 0.007280645295205305, 0.028008542471926256, 0.019264331531774884, -0.035083905063926, -0.01623447686416458, -0.015392593584425828, -0.010043017395888061, 0.0060247042333655835, 0.028861439412050154, 0.024234277962893076, -0.03368968525878416, -0.023088256121592172, -0.015033362188890197, -0.010103312065580823, 0.004875698129066855, 0.029369965305638596, 0.028446143045088475, -0.03240026579514618, -0.02917814723400452, -0.014478344442903024, -0.009318885833903409, 0.003846757885019795, 0.02954818899355995, 0.03186379823992344]","[0.35640764087266824, -0.31518551674481243, 0.5011362535797627, -0.2880033149256736, 0.574078799491285, -0.2655920338487071, 0.5985170859563598, -0.24872827235766745, 0.5934630158324156, -0.23720035811854473, 0.5737659547328638, -0.23016000561000677, 0.5504286823408743, -0.2264221719402275, 0.5324394975311857, -0.22480876081492884, 0.5224960053277785, -0.22430130301449364, 0.5191943083221037, -0.2242148407373367]","[0.05573731573323526, 0.052268813546562765, 0.01174558155814509, 0.05734574527773573, 0.0471049375163024, 0.010482917436394068, 0.05816925800535433, 0.03978437646203581, 0.009214538231265834, 0.05813660138095322, 0.030643171571233196, 0.00803568547132727, 0.0572892806411569, 0.02015099961832112, 0.007059653754803108, 0.055904935924407706, 0.00885858142504814, 0.006409137696372191, 0.054019734064086, -0.0030168604078655292, 0.006122539320238207, 0.05167112689449538, -0.015280558836515468, 0.006237570939028103, 0.04889503785078286, -0.027735034992790286, 0.006774369757448717, 0.0457291482281974, -0.04016348800033054, 0.007723511996644561, 0.042220688936921213, -0.05232326013592736, 0.009038049719452879]","[0.05836453086137772, -0.029226517677307134, 0.013516128063201904, 0.02424083718061447, -0.013657244086265563, 0.0034098923206329346, 0.008349609375, -0.29677734375, 0.05851287192106247, -0.026280938088893896, 0.01342061161994934, 0.024166584694385526, -0.011931354343891143, 0.0032671988010406494, -0.0015380859375, -0.29677734375, 0.0585530007481575, -0.023189826309680944, 0.013147413730621338, 0.024058245801925657, -0.010005625128746032, 0.003046184778213501, -0.0235107421875, -0.2956787109375, 0.0585881227850914, -0.0199836477637291, 0.012747466564178467, 0.02388576486110687, -0.008431257843971252, 0.0028896331787109375, -0.03779296875, -0.294580078125, 0.058607538998126985, -0.016878476738929754, 0.012321501970291138, 0.02372080155611038, -0.00741032713651657, 0.002792268991470337, -0.0421875, -0.294580078125]",0.05967378616333008
"[18.03163242340088, 18.05163242340088, 18.071632423400878, 18.091632423400878, 18.111632423400877, 18.13163242340088, 18.15163242340088, 18.17163242340088, 18.19163242340088, 18.21163242340088, 18.231632423400878]","[-0.041517072365707404, 0.028411676944230406, -0.009771811690730731, 0.008224584898549244, 0.013445222299179738, 0.018653719239501605, -0.016657250495969826, -0.04201215022006004, 0.024444013484251074, -0.01047919467038563, 0.006186464494808057, 0.012025791418514712, 0.02043648405410268, -0.012090841033453063, -0.042053292804201274, 0.018927775809987384, -0.011393215180038148, 0.0035847113882903014, 0.010640541518501806, 0.02199526884349444, -0.0067732351114452435, -0.041610930802233416, 0.012322070590348733, -0.012351284402982369, 0.0007375595034170763, 0.009305976253165288, 0.023224585679432905, -0.0009884864668270087, -0.0406319725363267, 0.005154411939738506, -0.01311708037272911, -0.002037367191577208, 0.008038202545247251, 0.024159606488250534, 0.00490095295295345, -0.03914398690811918, -0.002287508095456712, -0.013606462683836149, -0.004629196759611817, 0.00687018469273405, 0.02483596685543415, 0.010373320508879397, -0.037434124607578945, -0.009438582516277797, -0.013810146966357585, -0.0066300682768604844, 0.005790882569655881, 0.025265507964339226, 0.015302778479289826, -0.035696447619596464, -0.015989345982173588, -0.013764954726272123, -0.00783404124038981, 0.004796129534859314, 0.025460411642273188, 0.019600963147760008, -0.03404565058058826, -0.021819744309767557, -0.013534823537332449, -0.008194921277849567, 0.0038865560901229263, 0.025435534500422605, 0.02321884964008005, -0.032534610301014275, -0.02693706708203192, -0.013195197490101493, -0.007781668693645129, 0.0030660849969291544, 0.025209574923608404, 0.02613719202218812, -0.03117338153384812, -0.031421280328202045, -0.012821125887938068, -0.00673637232858535, 0.0023406436809548826, 0.024805506256544065, 0.02835262189039656]","[0.376853241778367, -0.2938830986614756, 0.47446627382162126, -0.25512890524041243, 0.5172242666111485, -0.2288340719328898, 0.5239884689120663, -0.2128702704248398, 0.5099709715995163, -0.20475188788082818, 0.4868783609360698, -0.2019505638463662, 0.4632136114017025, -0.2021304994126034, 0.44591782340983377, -0.20323428169979862, 0.43661522323225377, -0.20413858748732616, 0.43357346170902666, -0.20450247810596175]","[0.05928522887547594, 0.03094420391227226, 0.009678923876248469, 0.06032621931404014, 0.025227678358202166, 0.008793761289049407, 0.060443850853334924, 0.01815786704673794, 0.007970036020547688, 0.0595502314170564, 0.009979318075598265, 0.007244831434150001, 0.05779381188039334, 0.000919008547150213, 0.006691701763414493, 0.05549964344818159, -0.008555431243245426, 0.006395866726640165, 0.0527345568545996, -0.018266876521560782, 0.006370087691842663, 0.04955957193858507, -0.02805376985720809, 0.0066219611828475244, 0.04603066202019823, -0.037755708611209915, 0.007143915174916415, 0.04220474956859288, -0.04720435929386069, 0.007907851879474403, 0.038148704246209864, -0.0562201858886322, 0.00886307315258339]","[0.05625267869234085, -0.048306735605001455, 0.016393840312957764, 0.023633711719512937, -0.021696711122989654, 0.00448279082775116, 0.1237060546875, -0.298974609375, 0.05654800480604172, -0.046215048432350164, 0.015994131565093994, 0.023579009556770322, -0.020465741097927093, 0.004209399223327637, 0.0995361328125, -0.2978759765625, 0.05683671480417252, -0.04402838498353959, 0.015653401613235474, 0.023477078163623807, -0.01919142359495163, 0.003995880484580994, 0.0896484375, -0.298974609375, 0.057174613535404206, -0.04168173894286156, 0.015397459268569946, 0.02343596585988998, -0.018015491008758544, 0.0038356930017471313, 0.0687744140625, -0.2978759765625, 0.057490741670131684, -0.03934586271643639, 0.01504737138748169, 0.023522742772102354, -0.017000341951847076, 0.0037511885166168213, 0.0665771484375, -0.2978759765625]",0.06037545204162598
"[18.110918045043945, 18.130918045043945, 18.150918045043944, 18.170918045043944, 18.190918045043944, 18.210918045043947, 18.230918045043946, 18.250918045043946, 18.270918045043945, 18.290918045043945, 18.310918045043945]","[-0.04275419738997754, 0.014258561995526395, -0.00933101558568917, 0.007881320662924346, 0.009344874648124888, 0.0233744996834802, -0.009202842880828475, -0.04281944802100896, 0.009726005518833417, -0.009774174457213706, 0.005766973821752211, 0.008146043134967038, 0.02396932877864946, -0.005326448441249263, -0.042370621596135714, 0.004171137055500722, -0.010389856126766248, 0.003222585455992918, 0.007044439227930583, 0.024107014596195964, -0.0009878018341507677, -0.04133538345835573, -0.0018603959534623246, -0.010934629832774703, 0.0005854689313312978, 0.006046287909216443, 0.023853340732362435, 0.003539179310602083, -0.03973440617358566, -0.008070974759514165, -0.01131726752059031, -0.0019954263949274013, 0.005165761907980265, 0.02331047330835885, 0.007823051903073716, -0.03776120666061876, -0.013963146708328671, -0.01145658022691656, -0.004173254453523484, 0.004382528708669256, 0.02263671349825956, 0.011694934813373673, -0.035716590124834635, -0.019288998718504903, -0.011464698240776906, -0.005716051235943083, 0.003674932577121254, 0.021887276195961508, 0.015078845284782998, -0.03378467951196673, -0.02394723386885236, -0.011433792373873401, -0.006535682923259189, 0.00303078524148179, 0.02110317160859559, 0.017928783446201562, -0.03205590603799398, -0.027941395487550095, -0.01143318843507672, -0.00665477302770984, 0.0024449682338725217, 0.020313658294349755, 0.0202301062168781, -0.030552577458550202, -0.03134091186928558, -0.011509593965614564, -0.00617198455148875, 0.0019173243229641168, 0.019540518717966922, 0.02199038688628155, -0.029254253802279636, -0.034247105865163184, -0.011689355679771906, -0.005229847454963111, 0.0014507618994520502, 0.01880264926821841, 0.023226547730419978]","[0.43299760320609926, -0.24913839886213363, 0.4687424757281815, -0.20623631211790133, 0.4730524098142527, -0.18263630409788276, 0.45828061042846274, -0.17309828573657368, 0.43415381568896505, -0.17279216780408374, 0.4079605685513371, -0.17753297234747364, 0.384802244385053, -0.1839259078832623, 0.36894729734452913, -0.1890951040563984, 0.36072036355648646, -0.19203869906898471, 0.3580854812244496, -0.1930387860024206]","[0.06216666139697269, 0.003369602736145616, 0.009167763655385741, 0.06247727988960028, -0.0021309356818490777, 0.008672856180132804, 0.06163812290355253, -0.008144482421185817, 0.008185985604833412, 0.05974224050325905, -0.014531273478506357, 0.007745751263557921, 0.057082227984683875, -0.020972999223553668, 0.007402842664340437, 0.053900514430297974, -0.027408793909316387, 0.007192324434946773, 0.05028843807747463, -0.03376169462786294, 0.007120178175211045, 0.04632974965090364, -0.03995783845776302, 0.007188924706493793, 0.04210224339663782, -0.045920518966287016, 0.007393232954232332, 0.03768451289469654, -0.05156710113927865, 0.007717806615849199, 0.033165025526360914, -0.056808389588012265, 0.008136638514739225]","[0.052992498338222505, -0.05994178950786591, 0.01968085765838623, 0.023248345339298246, -0.02582044357061386, 0.005841657519340515, 0.2137939453125, -0.2978759765625, 0.05356190150976181, -0.058704318851232534, 0.019347667694091797, 0.02338174053430557, -0.0250990634560585, 0.005612581968307495, 0.19621601104736328, -0.298974609375, 0.054137220442295075, -0.0573948085308075, 0.018977731466293335, 0.023644835436344144, -0.024343306362628936, 0.005399182438850403, 0.1874267578125, -0.298974609375, 0.054670890629291535, -0.055948095768690115, 0.018676549196243286, 0.02387508817911148, -0.02379235827922821, 0.005311012268066406, 0.1720458984375, -0.298974609375, 0.05512676185369492, -0.054579845070838934, 0.01830872893333435, 0.023958251559734342, -0.02350244128704071, 0.005227997899055481, 0.1632568359375, -0.298974609375]",0.06133413314819336
"[18.19119882583618, 18.21119882583618, 18.23119882583618, 18.25119882583618, 18.27119882583618, 18.291198825836183, 18.311198825836183, 18.331198825836182, 18.351198825836182, 18.37119882583618, 18.39119882583618]","[-0.04177262146909416, -0.0012048095463636711, -0.007962894804524428, 0.0071949555864737, 0.007491923043668983, 0.025274565804723537, -0.0029813569440984055, -0.041618062729007144, -0.005876194790970683, -0.008566301932864227, 0.004964199614029729, 0.006455607020767673, 0.02479921266267763, 2.346425218064097e-05, -0.04088211581782859, -0.011024077197447966, -0.009231689053188252, 0.002451301097463066, 0.005558663490233997, 0.023893233024771164, 0.003237307024335501, -0.039564449824683795, -0.016318535406736775, -0.009850187618056743, -0.0001684772350263712, 0.004813245833368675, 0.02261723395331365, 0.006284751953986483, -0.03784813897849581, -0.021241944148685115, -0.010340568061748273, -0.0025117819607840307, 0.004188817866127245, 0.021111112401931007, 0.00906142907369944, -0.03584530836182396, -0.02543449770080781, -0.010584512688747173, -0.004317751113500717, 0.0036499650059410704, 0.019632384300527602, 0.011507567303946996, -0.03385045015426412, -0.02890808186693336, -0.01076952148692405, -0.005497745696126613, 0.003169325586416403, 0.018256843389526146, 0.013582466465719813, -0.032032598487617865, -0.0317252591513035, -0.011016198906050533, -0.006051722798522321, 0.0027312832221643734, 0.01703466627253966, 0.015267148138514276, -0.030463641751030317, -0.03398100728521257, -0.011388808996014197, -0.0060457766716974165, 0.0023289350360252417, 0.015993860032444043, 0.016565361531895, -0.02914779856638599, -0.035785166986736935, -0.011907798728287755, -0.005588308987413266, 0.0019612676042531055, 0.015146943698959952, 0.017495652876475767, -0.028049519879770814, -0.03724693729044164, -0.012562461544310996, -0.004808114393975192, 0.0016306549226899837, 0.014498280802310894, 0.018080539071432183]","[0.45819932857950035, -0.22949154075699707, 0.4452253886655269, -0.18527668885193802, 0.4209881465458357, -0.16405793379783137, 0.39173229279870647, -0.15865825483281407, 0.36221171638113636, -0.16288627582730092, 0.33583141866188176, -0.17169458877283605, 0.3148022128569089, -0.18123135421327663, 0.30116867760959937, -0.1883607307999572, 0.2943202188480694, -0.1922478490786627, 0.29216917429564837, -0.19353200641613766]","[0.06204254407926202, -0.023674740269866046, 0.010778304684837536, 0.06145421561319808, -0.0277534340056782, 0.010280961723585058, 0.05977504997586314, -0.03176648259983894, 0.009752670276766295, 0.057209321854021056, -0.035426624416675434, 0.009222568675951504, 0.053900332015822006, -0.03873326047007941, 0.00872399691754211, 0.05015379407455045, -0.04185149619621065, 0.00831425899955196, 0.046081136242345444, -0.0447908030488704, 0.00799773436268314, 0.041783681670455985, -0.04755067470979446, 0.0077789560102248245, 0.037354543444845234, -0.050121861249094124, 0.00765842027563135, 0.032884863255864705, -0.052487509580344316, 0.007630407161301811, 0.02847173761270394, -0.0546241396227547, 0.007681981367204216]","[0.046334629714488984, -0.06755924448370934, 0.021892279386520386, 0.021338508212566373, -0.02884960377216339, 0.006948351860046387, 0.2797119140625, -0.2868896484375, 0.04726066237688065, -0.06683327108621598, 0.02155807614326477, 0.021655500614643095, -0.02848015183210373, 0.006768643856048584, 0.2665283203125, -0.2912841796875, 0.04823811894655228, -0.0660276547074318, 0.021329522132873535, 0.022165112876892087, -0.028056914150714873, 0.006602615118026733, 0.2489501953125, -0.294580078125, 0.049252470791339875, -0.06507127210497857, 0.021124184131622314, 0.02267261662483215, -0.02770672196149826, 0.006547197699546814, 0.2467529296875, -0.2956787109375, 0.05023459142446518, -0.06411620453000069, 0.020986825227737427, 0.02305328913927078, -0.027405413031578063, 0.00648149847984314, 0.2401611328125, -0.29677734375]",0.06035923957824707
"[18.271867513656616, 18.291867513656616, 18.311867513656615, 18.331867513656615, 18.351867513656615, 18.371867513656618, 18.391867513656617, 18.411867513656617, 18.431867513656616, 18.451867513656616, 18.471867513656616]","[-0.0398792227171187, -0.016961862538928372, -0.008148679791980893, 0.004721084068276636, 0.007626018869289698, 0.026705344294565964, 0.003455883009129695, -0.039491197295340764, -0.021265016401961063, -0.008647563368545958, 0.0027244699666600387, 0.006665027852242559, 0.025505254783819653, 0.005679361074574714, -0.038503744760824896, -0.02566342241808837, -0.009142769953234636, 0.0005065263255278704, 0.005897596820343848, 0.023769602962570486, 0.007608539629003263, -0.037070854351152066, -0.02956540428304022, -0.009535608044273468, -0.0015284100885895728, 0.0052963678157718274, 0.021566806216433032, 0.009157364486103808, -0.03528710697838152, -0.03255948099262746, -0.009714468542093437, -0.0030964860588386448, 0.00481763586447565, 0.019128673840289493, 0.010321694208012341, -0.033255321148859866, -0.03444102132386522, -0.00960143923787184, -0.004022696284210953, 0.004409856863550782, 0.016784760262791062, 0.011167822078614687, -0.03126723676778415, -0.03547848278907599, -0.009476456144918634, -0.004373989826838709, 0.004043013716911635, 0.014636702925566614, 0.011696893269034574, -0.029484495656371665, -0.035898865957371524, -0.009509618094923998, -0.0042496317369873915, 0.0037012778900567017, 0.012752654379679618, 0.01192625501023144, -0.02797022417581168, -0.03589061846254704, -0.009782157443981502, -0.003768265159256573, 0.0033788832966871653, 0.011171100051156515, 0.011888984054912967, -0.026720666527872267, -0.03560577226453495, -0.010308712789049808, -0.0030542789890941726, 0.003076315374984501, 0.00990887965746422, 0.01162660795665361, -0.025694227815688427, -0.0351619797920394, -0.01105853091918194, -0.002225879312767487, 0.002797070561219482, 0.008970207719540766, 0.011180075290599627]","[0.4294620718129715, -0.2022469015371799, 0.36558761173910437, -0.15273405762538605, 0.3106436768120834, -0.12967413546919843, 0.2650889614752005, -0.12443414445711208, 0.2288625323715541, -0.12977862084506064, 0.20150205835780022, -0.1399655254991739, 0.18223616178849397, -0.15072961700356657, 0.17071422035053074, -0.15867824853595708, 0.1652401392478671, -0.16297414433403556, 0.16358430594066836, -0.16438339170962837]","[0.05952811914732825, -0.0459949682034666, 0.01342335777421999, 0.05828924385995782, -0.04902473130834384, 0.01280698166228067, 0.05613464125145562, -0.05125333195962378, 0.012101623099325387, 0.05311032045428554, -0.052608480592049034, 0.011332257208438445, 0.04941629779589407, -0.05323305142266843, 0.010558643774824183, 0.045368046776264936, -0.05344625027315297, 0.00985348447136758, 0.041083629214715645, -0.053292496075950435, 0.009218218665759892, 0.0366713086857966, -0.0528067214942638, 0.00865853345108114, 0.032231400158590606, -0.05202167463974838, 0.008178166885757676, 0.027861283634497358, -0.050971667809358134, 0.00777614027249296, 0.02366154913415297, -0.049693906754098904, 0.007445723082244005]","[0.03723614460229874, -0.0719479288905859, 0.02295398712158203, 0.01815219291448593, -0.030403250992298125, 0.007576093077659607, 0.324755859375, -0.27040996551513674, 0.03840868717432022, -0.0715792015194893, 0.02288079261779785, 0.01859770038127899, -0.030158208847045898, 0.007460311055183411, 0.3236572265625, -0.27150859832763674, 0.039615964353084565, -0.07112730331718922, 0.022812306880950928, 0.019214027309417722, -0.0298707058429718, 0.007373020052909851, 0.3104738235473633, -0.277001953125, 0.040903827011585236, -0.0705774374306202, 0.022747933864593506, 0.01981770315170288, -0.029646346509456634, 0.007338985800743103, 0.3060791015625, -0.2781005859375, 0.042163362562656403, -0.06996848843991757, 0.02269086241722107, 0.02040470459461212, -0.029471056699752807, 0.00730481743812561, 0.3038818359375, -0.2781005859375]",0.05997467041015625
"[18.351634979248047, 18.371634979248046, 18.391634979248046, 18.411634979248046, 18.431634979248045, 18.45163497924805, 18.471634979248048, 18.491634979248047, 18.511634979248047, 18.531634979248047, 18.551634979248046]","[-0.037642829599433165, -0.03163402026825253, -0.009711826959611427, 0.000353519846716576, 0.009511840663895408, 0.02738968070421316, 0.007671446958568404, -0.0369797857978866, -0.03520772995697363, -0.009967412457317644, -0.0015453283425987446, 0.008588462429612418, 0.025647726323465233, 0.009255629003373043, -0.035812491427685375, -0.03823306039499919, -0.010073778023336595, -0.003265813268569518, 0.007869255497539362, 0.023190415668761896, 0.010342158467515614, -0.034198294556744134, -0.04021196667223018, -0.009903811986750674, -0.004502594291684905, 0.007315379031002908, 0.02016998723493582, 0.010901944456346261, -0.03221793640759808, -0.04087532936162897, -0.009389221735329105, -0.005063793826037416, 0.006868333639526794, 0.016899304579659206, 0.011012968619710255, -0.02999104797202555, -0.04026018816891215, -0.008564138794826528, -0.004928580122317647, 0.00647361650527061, 0.013744171335137825, 0.01076150220563942, -0.02782873350914313, -0.038799067131323355, -0.007790641044859971, -0.004269985018100992, 0.006101513963501521, 0.010830357500613662, 0.01017616639560112, -0.025900857107992746, -0.03682250032984572, -0.0072862562760432886, -0.003258539455430921, 0.005739333055841555, 0.008244013576483116, 0.009301379690195061, -0.024271305973070666, -0.03457558967120344, -0.0071523857724118175, -0.002054500989705611, 0.005385803380705038, 0.006035743707146271, 0.008195111265105094, -0.02293275219473058, -0.03223287967058424, -0.007403850640904027, -0.0007998595687798126, 0.005046089268281593, 0.004229930580709322, 0.006921275092692208, -0.021838173363634736, -0.02991191302291024, -0.007996723635725778, 0.0003879052165059937, 0.004727704119614045, 0.0028354449770661575, 0.005541247226683506]","[0.35082147452686874, -0.15624151117351145, 0.2526044172533385, -0.09939225832244, 0.17662813838849897, -0.07301584550660521, 0.11964975741341767, -0.06704304784170252, 0.07850682920865883, -0.07312187083279065, 0.05020342790362331, -0.08468115189545546, 0.03196882465450601, -0.09687691536280317, 0.021804790952282434, -0.10586947582902757, 0.017240580963918336, -0.1107218634025305, 0.015917806543212756, -0.11231090059630208]","[0.05681682630750573, -0.06015527766869422, 0.016304921938744776, 0.055336177626350125, -0.0618076479696108, 0.01547687751853033, 0.05285284913789878, -0.06236901498126546, 0.014510791487626129, 0.049468921880094996, -0.061859836797931056, 0.013447716603602, 0.0454170813895729, -0.060520982597820794, 0.012362291258573244, 0.04103323812432347, -0.058655646938144734, 0.011330979338516123, 0.036441385341759336, -0.05628887431463836, 0.010363935560740334, 0.03175812366364594, -0.05344926118978055, 0.009476027082021332, 0.027093456157337492, -0.05017718290760964, 0.008679297872737912, 0.022554430205885545, -0.046527853711908485, 0.00797991689227917, 0.01825000238754826, -0.04257152590952629, 0.00737684260987681]","[0.02817890590429306, -0.07418586350977421, 0.02354493737220764, 0.01481477984189987, -0.031152719795703887, 0.007894173264503479, 0.3566162109375, -0.25283203125, 0.029162963688373567, -0.07403812035918236, 0.023555636405944824, 0.015318640255928037, -0.031026953995227813, 0.007854372262954712, 0.3566162109375, -0.25283203125, 0.030317967593669892, -0.07381774708628655, 0.023563772439956665, 0.01591680266857147, -0.03090629184246063, 0.00783829391002655, 0.3522216796875, -0.2572265625, 0.031545152723789216, -0.0735452737659216, 0.02353084087371826, 0.0165382183432579, -0.03077937865257263, 0.007820889353752136, 0.351123046875, -0.2572265625, 0.032747616827487946, -0.07317582555115223, 0.023505479097366333, 0.017045148396492002, -0.03069293701648712, 0.007803782820701599, 0.324755859375, -0.27040996551513674]",0.06722784042358398
"[18.43247652053833, 18.45247652053833, 18.47247652053833, 18.49247652053833, 18.51247652053833, 18.53247652053833, 18.55247652053833, 18.57247652053833, 18.59247652053833, 18.61247652053833, 18.63247652053833]","[-0.03538242433748508, -0.04223509890760162, -0.011848879438420815, -0.002798691769619563, 0.01133643814399551, 0.02724439934776819, 0.01202013946986399, -0.034434810661551206, -0.04501414821420248, -0.01180341161510403, -0.004251112308138572, 0.010435552299550793, 0.025167333259579327, 0.013048346261599633, -0.03298041264874031, -0.04670870955300804, -0.011377935771542901, -0.0052337732152008196, 0.009746095548123192, 0.02224964850048492, 0.01333838976898932, -0.03106396271779419, -0.04692554225734117, -0.010483937027321123, -0.0055377802784122646, 0.009222756294656562, 0.018682878791410753, 0.012857567124039296, -0.028780806689629856, -0.04560874824438447, -0.009169651201132287, -0.005150577783732167, 0.00881005207374285, 0.014775537239408573, 0.011638270265594889, -0.026318021370555517, -0.04269473990660516, -0.007481103334440562, -0.003956452166149861, 0.008427813511657452, 0.010941287373481236, 0.009991292205130415, -0.023964951582355384, -0.03882277755429893, -0.005861629897562147, -0.002273832248523943, 0.008049538408942215, 0.007324891043969487, 0.007986725876177561, -0.02187571445126653, -0.034462395996251, -0.0045847778560685485, -0.0003726332802003556, 0.007667905414614068, 0.004030681836657952, 0.005708335022839454, -0.020104003994093362, -0.0299430250330704, -0.0037866324999079374, 0.0015276707245455844, 0.007287818310197402, 0.001126130045959955, 0.0032492776350222076, -0.018636801460786754, -0.025481843011405332, -0.0034993150204967283, 0.003258977339916591, 0.006920461112254567, -0.0013489856847597758, 0.000704389201720502, -0.017424565093478735, -0.021209773176291268, -0.0036827237648992947, 0.0047032546181643336, 0.006578593502159366, -0.003371750839630271, -0.001837282240166499]","[0.27829758138382843, -0.10131847450878541, 0.1341410693031055, -0.04022090598583652, 0.028579030085606125, -0.010871903302505873, -0.0457221446750349, -0.002851464304203131, -0.0955321200614174, -0.007560811253918586, -0.12692093204030355, -0.018246647882047513, -0.14518259510771805, -0.02992517978374833, -0.15440504619704154, -0.038650863076112235, -0.1581723174835305, -0.0433910814242501, -0.15917573525423645, -0.044949076093044445]","[0.05109014439823767, -0.06935804183907823, 0.01844111806768911, 0.04919668688310752, -0.07033950103360986, 0.017518568236591037, 0.046392430287356845, -0.07002449893287377, 0.016428170211850723, 0.042833672086620034, -0.06840150995523331, 0.015198679882821864, 0.03878890755974851, -0.06554888359823963, 0.013880517363173084, 0.03450176012206696, -0.06193568542171102, 0.01257210273952758, 0.030074332749762345, -0.057562149270327545, 0.011295116480854794, 0.02560794168790448, -0.05245149405995875, 0.010079467222743332, 0.021202133088547903, -0.04665788141656968, 0.008955132766551355, 0.01695572849978122, -0.040266830882207394, 0.007948416719719464, 0.012969217728178606, -0.033392683739172924, 0.007078655905634612]","[0.023228293120861054, -0.07451134398579598, 0.0232679545879364, 0.013241247022151945, -0.03124150836467743, 0.008018076419830322, 0.3654052734375, -0.21767578125, 0.02356685495376587, -0.07457140311598778, 0.023333042860031128, 0.01339137622117996, -0.031295599579811095, 0.008040830492973328, 0.3676025390625, -0.2253662109375, 0.024041442036628724, -0.07458660788834096, 0.023378312587738037, 0.013701029801368711, -0.031370708882808684, 0.008054494857788086, 0.3676025390625, -0.228662109375, 0.02468593215942383, -0.07460075467824936, 0.023417800664901733, 0.014037073338031766, -0.03139375352859497, 0.008057057857513428, 0.368701171875, -0.2341552734375, 0.025350866675376893, -0.07457695566117764, 0.023458629846572876, 0.01428033479452133, -0.03137255662679672, 0.00804474949836731, 0.3676025390625, -0.23525390625]",0.06052398681640625
"[18.511903047561646, 18.531903047561645, 18.551903047561645, 18.571903047561644, 18.591903047561644, 18.611903047561647, 18.631903047561647, 18.651903047561646, 18.671903047561646, 18.691903047561645, 18.711903047561645]","[-0.03151660656169109, -0.050496285837164326, -0.013812092706448094, -0.005553545276727497, 0.012624493357516822, 0.02608087503868721, 0.016022755224794773, -0.030502731746899842, -0.05228730743701997, -0.013484732793912635, -0.006301275804587186, 0.011754842446404873, 0.02403406009410686, 0.016426826481921078, -0.02899250922822253, -0.05259696570597501, -0.012554255741279177, -0.006383530909574505, 0.011099905065924629, 0.021057240259372643, 0.015817613587669338, -0.027032306549482372, -0.05122152633202691, -0.011042833521344629, -0.005771549841573278, 0.010625942855107803, 0.01725398182095255, 0.014082909174161218, -0.02477080847058058, -0.04798650015442959, -0.00902313010385751, -0.004367570263844573, 0.010256751498510446, 0.012896203157703616, 0.011456304959115291, -0.022266415710135316, -0.04283591312484048, -0.006457751211563803, -0.0021087800145269163, 0.00990351713492198, 0.008494693824794073, 0.008365271989916627, -0.019805113638741313, -0.03661718167316319, -0.003890590774916116, 0.0005491072405104959, 0.009541941083507447, 0.004216606462032583, 0.004921708199953658, -0.01754786592842805, -0.02993954770759535, -0.0016744715246428856, 0.0032479006373465928, 0.00916955911084182, 0.00019041286950307928, 0.001248052302303332, -0.015562048096248723, -0.023216498373012033, -4.639971141153767e-06, 0.00572183458315244, 0.008797331014276913, -0.003491330026119727, -0.00252938334510011, -0.013851573334596148, -0.016706678738093735, 0.0010461501911806174, 0.0077901105741146354, 0.008442720033904097, -0.006763990951590567, -0.006287784507802463, -0.012383823522545103, -0.010552636866759382, 0.001493726549873777, 0.009346868880343126, 0.008124370357675072, -0.009581045110518575, -0.00991352631992396]","[0.18945573226887605, -0.06707564855786391, 0.0011014300515295944, 0.006203641114304029, -0.13216773230621445, 0.04627491611819385, -0.22191184340143455, 0.06331761633105973, -0.27863281128918826, 0.06582392946434172, -0.311591089167047, 0.06056561229705814, -0.3286967765998268, 0.05265691537729816, -0.33621160776672304, 0.04614369216050373, -0.3387938345683913, 0.04243295187985554, -0.3393542521649255, 0.04118027332801293]","[0.04218092776830007, -0.0750089558950302, 0.01961813515252331, 0.04020585764458895, -0.07564328034086643, 0.018735489706493524, 0.03756711329522977, -0.0748104513092196, 0.017654772882310876, 0.03440052134187477, -0.07224357819032967, 0.01634398894304745, 0.030798154336718397, -0.06807579158554944, 0.014846771521523028, 0.027022941149610347, -0.06288558140303824, 0.013295533378482105, 0.02314282619533925, -0.0566423984197133, 0.011729632689258196, 0.019232095698917817, -0.04936485565166837, 0.010203212260088357, 0.015369164206283648, -0.04112518667242737, 0.00877611336055395, 0.011634864214793872, -0.03204392801899436, 0.007508538143902843, 0.008112030822841731, -0.022282830414622534, 0.006453973980181438]","[0.021812354981899262, -0.07258678637444974, 0.021721631288528442, 0.013120547616481779, -0.03023212605714798, 0.007615074515342712, 0.3412353515625, -0.1814208984375, 0.02184890753030777, -0.07283301316201687, 0.02201366424560547, 0.013095342302322385, -0.03046986663341522, 0.0077384114265441895, 0.3522216796875, -0.1902099609375, 0.022045759320259095, -0.07332396730780602, 0.022203445434570312, 0.013222695076465604, -0.030723804771900176, 0.007834449410438538, 0.3544189453125, -0.1946044921875, 0.022264471113681794, -0.0735751822590828, 0.02231144905090332, 0.013375476682186124, -0.030960733234882354, 0.007886022329330444, 0.359912109375, -0.2011962890625, 0.022495893597602845, -0.07384709678590298, 0.02265825867652893, 0.013521731579303739, -0.031178163528442382, 0.007939934730529785, 0.359912109375, -0.2044921875]",0.06219148635864258
"[18.591670274734497, 18.611670274734497, 18.631670274734496, 18.651670274734496, 18.671670274734495, 18.6916702747345, 18.711670274734498, 18.731670274734498, 18.751670274734497, 18.771670274734497, 18.791670274734496]","[-0.028634235063682394, -0.054759314676319386, -0.015899319744876447, -0.005739574857655112, 0.013184015344729252, 0.02521332730834269, 0.018553189460551477, -0.0274462459113321, -0.055492290115997135, -0.015027821074778805, -0.0058126057942514036, 0.012392349876136062, 0.023223282222283377, 0.018028919223314108, -0.025756491591959755, -0.054548808856196375, -0.013416452977470513, -0.005243319159421286, 0.011829210418445611, 0.020081361978225572, 0.016215355484219172, -0.023650275314161372, -0.05161938117586108, -0.01111486400752524, -0.003918942426542854, 0.011441114270155622, 0.015846117697128292, 0.013202945832519063, -0.021135711434662394, -0.046549875023235425, -0.008117324090620099, -0.0017982207252842958, 0.011144392905706754, 0.010886569932901302, 0.009327191238611419, -0.01825763247592499, -0.039472707955203405, -0.004473699238922678, 0.0010623402545141439, 0.010851364341168962, 0.005757951995929763, 0.005050746631175557, -0.015330580960693334, -0.03137497879998269, -0.0008267949951564931, 0.0041364903191336505, 0.010541765272633489, 0.0006584069360010673, 0.0005191719127291952, -0.012545807262732167, -0.022948464157723697, 0.0023960219756490866, 0.007035942522111851, 0.010219408260623376, -0.004252689716528694, -0.004118064557150423, -0.009999734332028857, -0.014644170722436727, 0.004948002425285361, 0.009497206590759397, 0.009902321978465507, -0.008853104400336138, -0.00871624471628922, -0.00772158256916537, -0.006725846251258687, 0.006725541932595438, 0.011365083301690147, 0.009614855147792065, -0.013050469370279403, -0.013141388928792503, -0.005698594882738322, 0.0006790443409084531, 0.007731013111930757, 0.01257378339458445, 0.009381700789304455, -0.016772592680642004, -0.017273160567171552]","[0.0707127510046521, -0.015084649509377468, -0.1402009784938384, 0.07463563624368784, -0.2838486128888957, 0.1280043399723728, -0.3756324633170024, 0.15527580922806894, -0.42933398597443573, 0.1651982546627156, -0.4569061874065403, 0.1649449309020087, -0.4683439893951853, 0.16012685110420907, -0.47163900792820107, 0.15523797459105135, -0.4719157580504309, 0.15220661070167707, -0.4717117494286471, 0.1511365378464006]","[0.03260702194720633, -0.07838765157177985, 0.020216570703153636, 0.03103481958330434, -0.07867505511514716, 0.019390622218121045, 0.0290142690245907, -0.07707593808416302, 0.018266667456838803, 0.02647254382068276, -0.0733852915030857, 0.01680686847202928, 0.023505147920856118, -0.06784075261137534, 0.015087338047499621, 0.020345889639663106, -0.06100848061433828, 0.013264650044382709, 0.017021144486174533, -0.052858738081730916, 0.011411111342961355, 0.0135717196925913, -0.043436223941857754, 0.009618138600043569, 0.010049752276270363, -0.03285486981193442, 0.007985454609858778, 0.006515263404544225, -0.021284786027605307, 0.006612412899855258, 0.0030343692214744866, -0.008941371274884258, 0.0055854231615084515]","[0.01830594038963318, -0.06956703625619412, 0.019058585166931152, 0.011486046695709226, -0.02854982966184616, 0.00672796368598938, 0.2928955078125, -0.1418701171875, 0.01895511692762375, -0.07014937177300454, 0.019537687301635742, 0.01184057512283325, -0.029015252530574798, 0.006929948925971985, 0.307177734375, -0.1506589889526367, 0.019527403473854066, -0.07057966515421868, 0.019829154014587402, 0.012112819337844846, -0.02963724935054779, 0.00716826319694519, 0.3192626953125, -0.160546875, 0.02011958307027817, -0.0712689220905304, 0.020070761442184448, 0.01239010759592056, -0.030117066740989684, 0.007266789674758911, 0.3214599609375, -0.1616455078125, 0.020615627825260163, -0.0716390147805214, 0.02035650610923767, 0.012721360409259794, -0.03032372349500656, 0.007354304194450378, 0.324755859375, -0.16494140625]",0.0622859001159668
"[18.671915292739868, 18.691915292739868, 18.711915292739867, 18.731915292739867, 18.751915292739866, 18.77191529273987, 18.79191529273987, 18.81191529273987, 18.83191529273987, 18.851915292739868, 18.871915292739867]","[-0.02457312508059079, -0.05821787027308375, -0.01652627277716274, -0.007207971550271534, 0.013307267242987293, 0.024148842759751803, 0.01939899360483578, -0.023314094666126703, -0.05768419983505055, -0.015036478113831157, -0.00671503686695027, 0.01263126502634775, 0.021889414604438065, 0.018077668799800627, -0.02156631939314003, -0.05520412720456334, -0.012721173322625517, -0.005460458453993423, 0.012171783579939298, 0.01823252001916218, 0.015416167762696458, -0.01928382633074658, -0.05049315214798315, -0.009554886982541833, -0.003389684934145927, 0.011869038552940012, 0.013350246794010529, 0.011578278556374737, -0.01647235735973398, -0.04359000932911631, -0.005622046500739337, -0.0005877436635848307, 0.011641787266712212, 0.007669250307618473, 0.006903753494951839, -0.013225035057451831, -0.03475280362713496, -0.0010720531870242458, 0.0028260326728555725, 0.011405860872245134, 0.0017823780982284996, 0.001879968722768874, -0.009898908554769244, -0.025047407687957268, 0.0033774905951621127, 0.00629243764484289, 0.011147922435036572, -0.0040830203854859, -0.003326076999060963, -0.006715185120877166, -0.015202220801149002, 0.0072538644715176275, 0.009415492226543152, 0.010879960182190255, -0.009743689278711215, -0.008548359668516418, -0.003788952252286733, -0.005672666782699642, 0.010290261262326742, 0.011943640681021701, 0.010628064280856048, -0.015059163893815087, -0.013631931787129023, -0.0011587436690106499, 0.0032948696868029684, 0.012382952312965836, 0.013747020374026692, 0.010423642282154583, -0.019923164312739938, -0.018437849338843872, 0.0011858156663168442, 0.011601987393515716, 0.013548285669887737, 0.014792576304096167, 0.010296885451823772, -0.024251836356116843, -0.022844024828743145]","[-0.06209912715164873, 0.05475391484387545, -0.2816551902411868, 0.15542106044007392, -0.42610215677611046, 0.21525648040714893, -0.5137285713835241, 0.24559261928295875, -0.5607374648976006, 0.25622066800298904, -0.5810221582775001, 0.2552767257063334, -0.5860199299934707, 0.24920530907571598, -0.5848914987861915, 0.24321177510401323, -0.5828618989615485, 0.23952134309271167, -0.5819150273404309, 0.2382207783745843]","[0.025776963251381346, -0.0790605808246676, 0.02007353030136816, 0.02471542832939644, -0.0786089719026295, 0.01920042448089765, 0.023083549255638935, -0.0760390912111335, 0.017961132817809755, 0.02084796114995635, -0.07124141660327155, 0.016344608851624365, 0.018118162557211104, -0.06441889618790686, 0.014442128845034041, 0.015111689500242997, -0.05612112422497706, 0.012436651863375836, 0.011841901313092595, -0.046328668312601184, 0.010433767989073583, 0.008342780074959144, -0.03511726396277526, 0.00855575313473178, 0.004663806601793219, -0.022640744403770174, 0.006931065937223924, 0.0008651679992341954, -0.009110814172057502, 0.005683669344795916, -0.002984312146829815, 0.0052159749025557645, 0.004916184287544034]","[0.009686736226081849, -0.05999677851796151, 0.012590497732162476, 0.006085068666934965, -0.024319524109363555, 0.004301220178604126, 0.228076171875, -0.0990234375, 0.010649701416492463, -0.06106182038784028, 0.013625085353851318, 0.006730572068691251, -0.02446963095664978, 0.004569128155708313, 0.228076171875, -0.0990234375, 0.011545223951339723, -0.0622194953262806, 0.014418989419937134, 0.007336132907867429, -0.02474537694454193, 0.004895538091659546, 0.228076171875, -0.0990234375, 0.012436693370342256, -0.06330318972468377, 0.01510283350944519, 0.007937662982940671, -0.025541553437709807, 0.005218192934989929, 0.2401611328125, -0.1067138671875, 0.013318238615989686, -0.06446947008371354, 0.015567123889923096, 0.008442119443416593, -0.02668237143754959, 0.005610018968582153, 0.2599365234375, -0.118798828125]",0.07230401039123535
"[18.772136449813843, 18.792136449813842, 18.812136449813842, 18.83213644981384, 18.85213644981384, 18.872136449813844, 18.892136449813844, 18.912136449813843, 18.932136449813843, 18.952136449813842, 18.972136449813842]","[-0.01860490270216719, -0.0559790305394478, -0.012279325567745417, -0.007922803389442462, 0.01283315406121277, 0.020717857997897108, 0.017519465584895668, -0.017518761497164144, -0.05437826663847329, -0.010620897383067382, -0.0070924674389945715, 0.012236771476009139, 0.017668106368282976, 0.015647171944125335, -0.015807070699981534, -0.050616538854271205, -0.008056710121189798, -0.005416972248048306, 0.011843254447878775, 0.01320933383815912, 0.01255619685944911, -0.013436399689034602, -0.04462287533461231, -0.004647028233919525, -0.0029639422126729134, 0.011597069561922153, 0.007585476351492063, 0.008387624766946584, -0.01047881858239315, -0.036579402198465935, -0.0005741636139980705, 0.00011797965870871118, 0.011423100651821049, 0.001259749474882328, 0.003464201113249133, -0.007058798250372887, -0.026782890080068306, 0.003994266978856347, 0.0036980848103028733, 0.011243584025096195, -0.005120493955425918, -0.0017334301155505097, -0.003593390497819199, -0.016320792835927217, 0.008307205810745318, 0.007230258749966794, 0.011050516152825878, -0.01131473123244624, -0.007034536361405377, -0.00033194548017216163, -0.005914968923078186, 0.011894021750377968, 0.010338840119737003, 0.010861214067689395, -0.017139732267420868, -0.012274107059951753, 0.0026054998801147435, 0.004004695974431811, 0.014515306411147382, 0.012796719897122104, 0.01070610152556862, -0.022466220214551844, -0.01730296669063411, 0.0051901771675242365, 0.013227441397545385, 0.01610959786135624, 0.014499500501464476, 0.0106192478052591, -0.02720606205499903, -0.02199144956368916, 0.00744935291750935, 0.021692692512369587, 0.01674098749069993, 0.015437892665793212, 0.010631368510735904, -0.03129595215221216, -0.026228641171232067]","[-0.18022015633733895, 0.1266262094232064, -0.3938482621341598, 0.23092444264509543, -0.5292132134826744, 0.2883756786552339, -0.6065662259232114, 0.3128899275841114, -0.6436170560821273, 0.3163245499218904, -0.6553206975473662, 0.3083617540732855, -0.6537517310996167, 0.29648963546386414, -0.6484928061486898, 0.28667672018637347, -0.6444377051431132, 0.28105570780031486, -0.6428664496123029, 0.27914773743669424]","[0.02308384736671032, -0.07589525892674853, 0.018603470122049437, 0.02187957804116336, -0.07401064669349511, 0.017500446445984252, 0.019879244452840616, -0.06996873564824213, 0.016046827715767265, 0.017113881752588433, -0.06366052503632824, 0.014268551047755373, 0.013728903622194588, -0.05527867822597399, 0.012288397658284822, 0.010015871768234597, -0.045418370773944616, 0.010311510152138936, 0.006022723591122325, -0.03411549488219556, 0.008459595318905944, 0.0018142212411569325, -0.02149787973863404, 0.006861151245860064, -0.0025348493175927356, -0.007760469372083634, 0.005639239607195368, -0.006944217539424091, 0.006856473788379169, 0.004899798830751756, -0.011328592755823763, 0.02207770065118453, 0.004714533358943562]","[0.0022811720371246347, -0.040646585077047354, 0.006537526845932007, 0.002544291996955869, -0.018708313047885894, 0.0025001615285873413, 0.0907470703125, -0.026513671875, 0.0029169449806213388, -0.04279576092958451, 0.007293820381164551, 0.0023694566726684546, -0.018220605492591857, 0.002616196870803833, 0.1061279296875, -0.03420391082763672, 0.003530597150325776, -0.04489038363099099, 0.007923543453216553, 0.0024114332437515235, -0.018060246646404265, 0.0027421414852142334, 0.1390869140625, -0.052880859375, 0.004113821148872376, -0.04696355983614922, 0.008493483066558838, 0.0027544803261756873, -0.01868930661678314, 0.0028998106718063354, 0.1412841796875, -0.052880859375, 0.004767125308513642, -0.04899487495422364, 0.008976638317108154, 0.0032478279709815955, -0.020261028945446014, 0.003248274326324463, 0.1676513671875, -0.06826171875]",0.07089805603027344
"[18.872019052505493, 18.892019052505493, 18.912019052505492, 18.932019052505492, 18.95201905250549, 18.972019052505495, 18.992019052505494, 19.012019052505494, 19.032019052505493, 19.052019052505493, 19.072019052505492]","[-0.01327218675252293, -0.04703712065064695, -0.006463954993260155, -0.004543964867707341, 0.010644824092606463, 0.01441771016026107, 0.01494631487164665, -0.01227452676716729, -0.04469142410761168, -0.005067837460783174, -0.003349618259744179, 0.010192154633438087, 0.010822480272846869, 0.01214255666794303, -0.010621705127969183, -0.040214433153499866, -0.002819919566677716, -0.0014540571024728012, 0.00992229810150372, 0.0060619203799299705, 0.008299858914759938, -0.008346783006944301, -0.03372773054637305, 0.00012208552062170563, 0.0010039366034504606, 0.009785616942150792, 0.0003786441176599268, 0.003619047528650153, -0.005547462466372383, -0.02549349049137053, 0.0035515671225125034, 0.003869707796220481, 0.009716252591982924, -0.005781892813050496, -0.0015281716668153157, -0.0022995107144270716, -0.015898524172605094, 0.007325728552845995, 0.006952930565435552, 0.009656681451468621, -0.011793740966820789, -0.006729904930286866, 0.0009827189033968229, -0.005955009170524374, 0.010755562064498474, 0.009778580380455556, 0.009603859136073783, -0.017440543849720918, -0.011821255651261034, 0.004056203447355371, 0.0036963215246729056, 0.013436165505072838, 0.012046944235861405, 0.009575432341966483, -0.02256864037995911, -0.01665460392285409, 0.006807411525491899, 0.012705132979017358, 0.015190575285621124, 0.013606030777907844, 0.009598505137063925, -0.027081665667099335, -0.021108058810923716, 0.009212273346683883, 0.020932088254249043, 0.016011003682568716, 0.014420265883209871, 0.009700910959704273, -0.03092577642655322, -0.025085313683576953, 0.0113002417907886, 0.02837510108027957, 0.016002821165212285, 0.014538574330842666, 0.009904816226614314, -0.03407188120124337, -0.028510790037618063]","[-0.28131628738341996, 0.1657706903076841, -0.46359615471135024, 0.26229902438812985, -0.5701937121923432, 0.31255597194044293, -0.6227147925205737, 0.3310987368051719, -0.6396243054564924, 0.33007001436346284, -0.6360937134395495, 0.31914043189045027, -0.6239621155178338, 0.3055693277655632, -0.6125049719896138, 0.29494811193920456, -0.6055654391891695, 0.28903215033730517, -0.6031390974868511, 0.28705814217681314]","[0.0176646614065179, -0.070071668612814, 0.015451929168782907, 0.015776007911068035, -0.06650887172718267, 0.01417607932026943, 0.013210707697784096, -0.060736806338661076, 0.012631630533789462, 0.009983356650803188, -0.05273217303501543, 0.010889609559723734, 0.006210849707139143, -0.04279952722066449, 0.009103325667885187, 0.0022388175510386077, -0.031554999585767796, 0.007459386184994976, -0.0018661257915495444, -0.019139688108976483, 0.006067137558692259, -0.006032137165665974, -0.005755787663381362, 0.005031204662973465, -0.010187531000863892, 0.008358551599136455, 0.004436069895316308, -0.014263106430927763, 0.022944853348637828, 0.004334219852469179, -0.01819045517467255, 0.03772677364022359, 0.004733195153327596]","[-0.004353197455406188, -0.012290349602699285, 0.002181023359298706, -0.000996805047988894, -0.005782509386539458, 0.0008330494165420532, 0.030322265625, 0.01083984375, -0.0036176314353942862, -0.01627893596887589, 0.002298504114151001, -0.0007279359459877038, -0.0071568658351898184, 0.0009290426969528198, 0.0314208984375, 0.01083984375, -0.0027899166345596305, -0.020194357633590704, 0.0026324093341827393, -0.000100939786434176, -0.009702393949031829, 0.00122930109500885, 0.0599853515625, -0.008935546875, -0.0019381886124610892, -0.024303181469440466, 0.0031014680862426758, 0.0006380535006523108, -0.012576768338680266, 0.0014867782592773438, 0.06328125, -0.0100341796875, -0.0010052939653396598, -0.02842868715524674, 0.0035290420055389404, 0.0015676847934722876, -0.0152520632147789, 0.0017249435186386108, 0.0687744140625, -0.013330078125]",0.06761860847473145
"[18.954262733459473, 18.974262733459472, 18.994262733459472, 19.01426273345947, 19.03426273345947, 19.054262733459474, 19.074262733459474, 19.094262733459473, 19.114262733459473, 19.134262733459472, 19.154262733459472]","[-0.009116277490461872, -0.0376195577484378, -0.003517504522990899, -0.0009001291536388973, 0.00712547993628237, 0.00935039306827725, 0.011489591724402233, -0.00798965597439406, -0.0343991237827507, -0.0019282201176414279, 0.0005766879277492669, 0.006946541599401799, 0.005552626943282965, 0.00790454058644437, -0.0062226680367042635, -0.02927827345406558, 0.0004100738915685504, 0.002525881191762573, 0.006917176737592347, 0.0007464942549842412, 0.0035717455821268258, -0.003868867412681082, -0.02248819331954366, 0.0032963889543917066, 0.0047934547351549985, 0.006991350984442666, -0.004798888267482105, -0.0012239938015367441, -0.0009716155366560153, -0.014403515118504158, 0.006543728341075354, 0.007162784952660646, 0.007121585646969415, -0.010609794291215814, -0.006165210325496189, 0.0023199082368527014, -0.005506476419278938, 0.00991342419218405, 0.009427408435828896, 0.007267962596121294, -0.01616422734218125, -0.01092342122108484, 0.005620434462375837, 0.0033569850198714125, 0.012815077616281466, 0.011231643588378401, 0.007430634255473798, -0.021269945240359876, -0.015355886130468096, 0.00870539166539184, 0.011686434066713812, 0.014925292611912047, 0.012384983796542948, 0.007624594916504286, -0.025796584022879845, -0.01934645306730389, 0.011471040864558876, 0.019245320854813532, 0.016130948908850827, 0.012830386990454757, 0.00787053719873924, -0.02966999491971991, -0.022811809800004256, 0.01389671361292702, 0.025981718252349024, 0.01647069753052321, 0.01260972082240945, 0.008187725853510124, -0.032857362479647476, -0.025697797943898582, 0.016011172355811988, 0.031955948313074335, 0.016080082190041627, 0.011830085190874768, 0.008588773020669242, -0.035349506461716605, -0.027971219059227535]","[-0.3653585592388409, 0.2181005002312703, -0.49949465926663916, 0.30283854678356437, -0.5670938894191181, 0.3449111029010182, -0.5893380432234809, 0.35816232580850305, -0.583889831935994, 0.35404539597522705, -0.5648321749595695, 0.3415944348989351, -0.5427384288798754, 0.3275025670393702, -0.5257972697943603, 0.316810925611717, -0.516441158054106, 0.3109477497451714, -0.5133301928151228, 0.3090085252852009]","[0.010123465241081764, -0.0606261310092977, 0.011276292446766867, 0.008288993177995696, -0.0558502539606911, 0.010108234479059952, 0.005853447892930408, -0.04893641668557214, 0.008749069035643764, 0.002787839576116058, -0.04001556123610506, 0.007303441610688743, -0.0007230702407061695, -0.029463323672093367, 0.005920466468220198, -0.004399972965547727, -0.01782921763876777, 0.00474537696351085, -0.008182060554823956, -0.005327025984201761, 0.0038687581660727943, -0.012009424986424655, 0.0077983155656879966, 0.0033657628385661553, -0.015825840726558793, 0.02129248555560892, 0.0032828036097902746, -0.019578253502539944, 0.034899683533816006, 0.003628166199380445, -0.02321300515083813, 0.048358077955045875, 0.004364060301011108]","[-0.013480106532573699, 0.02990738451480865, 0.0024966001510620117, -0.005519434130191805, 0.010437754750251771, 0.0005155205726623535, -0.0960205078125, 0.0800537109375, -0.01224675977230072, 0.025807970762252802, 0.0017875134944915771, -0.004877551710605624, 0.009210480213165284, 0.0002823472023010254, -0.0938232421875, 0.078955078125, -0.011359946966171264, 0.021758155524730677, 0.0011800527572631836, -0.003976515746116641, 0.007010755896568299, 8.775293827056885e-05, -0.066357421875, 0.06357421875, -0.010400617659091949, 0.017457814514636988, 0.0010747015476226807, -0.003205030477046969, 0.004718212246894837, 0.0001538693904876709, -0.0586669921875, 0.0591796875, -0.0094510560631752, 0.012809538841247553, 0.0008877217769622803, -0.002615041351318362, 0.002281723380088807, 0.00024077296257019043, -0.0410888671875, 0.050390625]",0.06672382354736328
"[19.05187678337097, 19.07187678337097, 19.09187678337097, 19.11187678337097, 19.13187678337097, 19.151876783370973, 19.171876783370973, 19.191876783370972, 19.211876783370972, 19.23187678337097, 19.25187678337097]","[-0.0037896957331702125, -0.021182314446968054, 0.000586941379215574, 0.0036795929224092997, 0.0031605071794694813, 0.001905123831417959, 0.0032647969927518156, -0.002573730666875054, -0.01765526000864606, 0.001977500117246374, 0.004598860135916964, 0.003308842102037685, -0.0018192839790673958, -0.00046159332572533396, -0.0007041431135670203, -0.012606572034982484, 0.004014769717642521, 0.005779760743463104, 0.0035645113772411565, -0.006291863374892499, -0.004295066750098079, 0.0018179763709896231, -0.0064457245223646775, 0.006511336604187035, 0.007010904513032683, 0.003893319886039998, -0.011166237043299547, -0.007985780170183202, 0.004873446888663917, 0.00031345073665124034, 0.009194611339594637, 0.008072059795264918, 0.00426394976215379, -0.01603729200386453, -0.011336579165951656, 0.008271040167112007, 0.007116606801463872, 0.011760706218825355, 0.008739128180789597, 0.00466014401902698, -0.02053515316200389, -0.014255434281360432, 0.01165091736064806, 0.013453374654802399, 0.013786922122961747, 0.008883052597574987, 0.0050751910559966576, -0.024513688408453305, -0.01667099801997073, 0.014804101365274484, 0.019069398429446875, 0.01507250573737905, 0.008485300479619385, 0.005511296028662405, -0.02788434667292258, -0.018540110958825316, 0.01763497754935672, 0.023896953446454764, 0.015586130663598381, 0.007608806048451697, 0.005973930252451641, -0.030610137582807798, -0.01985039430015174, 0.02012585052930368, 0.02798950188229334, 0.015413094876393712, 0.006368474469463253, 0.006467278543432874, -0.03269114944749837, -0.020614340337882994, 0.022305375735391014, 0.031464101547474296, 0.014707092369497968, 0.0049044382923380475, 0.006990862408571415, -0.03414767969165122, -0.020860293205408723]","[-0.4005051186437616, 0.27588871932084036, -0.45588849253834146, 0.3446002606110381, -0.4679418622716324, 0.3761887472709083, -0.4533651465349207, 0.3831638606054805, -0.42542736997194425, 0.3757790419520566, -0.39410812522683536, 0.36203196445596064, -0.36634365557560805, 0.34776149163481285, -0.34737475694755626, 0.337276324336678, -0.3375698482041836, 0.33161947620935145, -0.33444328020913716, 0.32976509000371385]","[0.002220727139256029, -0.039575374376237704, 0.0056013097333718065, 0.0006902526873118209, -0.03316839160718521, 0.004730145974306765, -0.0015140263421606903, -0.025201404661434612, 0.003864784648587083, -0.004338285853201951, -0.016005485858656243, 0.003090584878876257, -0.007612952115708671, -0.005976434908410155, 0.002485396572736498, -0.011080833071732688, 0.004524042737755973, 0.0020994525956430365, -0.014683724418833588, 0.015262218410027284, 0.0019671798528300144, -0.018371146901630997, 0.02600844083974163, 0.0020999954278968502, -0.022097911231940603, 0.036548153679282436, 0.002482311172302687, -0.025819353301844927, 0.04668111190354329, 0.003070912150056948, -0.029485368256467304, 0.05621348991312036, 0.0037964721923380296]","[-0.01963414454460144, 0.05971074998378753, 0.0071916282176971436, -0.009721583938598635, 0.024615501821041108, 0.0010343343019485474, -0.17841796875, 0.1218017578125, -0.018929781556129455, 0.056881645321846, 0.006253361701965332, -0.009120173072814944, 0.023408001124858857, 0.0008270889520645142, -0.171826171875, 0.118505859375, -0.018223861396312713, 0.05372531116008758, 0.005620628595352173, -0.00831103256940842, 0.021437374711036683, 0.0006509870290756226, -0.1509521484375, 0.1086181640625, -0.017515974283218383, 0.05012136101722717, 0.00511738657951355, -0.00763252309560776, 0.01929969882965088, 0.0005009323358535767, -0.13447265625, 0.0998291015625, -0.01676999980211258, 0.046186321973800654, 0.004719197750091553, -0.007050379431247714, 0.01697147434949875, 0.0003750026226043701, -0.1333740234375, 0.0998291015625]",0.06147599220275879
"[19.132202625274658, 19.152202625274658, 19.172202625274657, 19.192202625274657, 19.212202625274656, 19.23220262527466, 19.25220262527466, 19.27220262527466, 19.29220262527466, 19.312202625274658, 19.332202625274657]","[0.0006859924721002912, -0.008244571477733912, 0.0015121497022832478, 0.0030057379233229442, 0.0008943027715855287, -0.0062959451721091185, -0.004416440611422144, 0.0021095516067543476, -0.0040956131954956445, 0.002650222788989899, 0.0036026618858901334, 0.001332082651566327, -0.0094297943133996, -0.007188396389403603, 0.004170547323838271, 0.0010394617651746409, 0.004395384830696313, 0.004356743741458596, 0.0018193131254394088, -0.012862436624797649, -0.009597174726253438, 0.006771147807072323, 0.006603509109048014, 0.0064723612715268785, 0.0050401231292754815, 0.0023264793155280492, -0.016300127380477297, -0.011471056796391012, 0.009738154691893168, 0.012013947433513592, 0.008552624528943214, 0.0054186590039118935, 0.0028392943540418917, -0.019497740835436903, -0.012790438204983386, 0.012881948206109252, 0.016791547346976982, 0.010344446861149121, 0.0052930213383603, 0.003359111869190077, -0.022288026863372522, -0.013667880024832145, 0.01593846722552175, 0.02079830574310538, 0.011642038066246885, 0.004719658687575003, 0.003874601699917537, -0.024599833174370412, -0.014100909205312904, 0.018759526387705866, 0.024026672221234356, 0.012381103178265919, 0.003797471489510805, 0.00437948413753722, -0.026403577185813827, -0.014106157629596602, 0.02128246398208471, 0.0265552388719498, 0.012599466374783713, 0.0026492297250237033, 0.004870097526306155, -0.027705635668454957, -0.013719544807457311, 0.023502253031960067, 0.028508854713999436, 0.012399293945166596, 0.0014041436652668042, 0.0053432548332615895, -0.028536899235431717, -0.012990917803260135, 0.025447248671984262, 0.030025447901279426, 0.011914105641713921, 0.00018349077206545147, 0.005794581655988726, -0.028940018891898, -0.011977134855141952]","[-0.4081245638564263, 0.30906548528721645, -0.3940011516525279, 0.35064922415196625, -0.3636347117565471, 0.36676308530551044, -0.32642928171098956, 0.36663990553907516, -0.289258144435667, 0.35764416483619554, -0.25674381756730624, 0.345350809680553, -0.23157296965337323, 0.33368702193839417, -0.2156611380984624, 0.3254528380189811, -0.20784773651081362, 0.32111234397803545, -0.20544206715477817, 0.3197101302362202]","[-0.004601545484154812, -0.011555613303972478, 0.0013671762360791817, -0.006467232183469784, -0.00431588411831596, 0.0011209750704028743, -0.008835516282289069, 0.003444019914570884, 0.0009609038405606896, -0.011634994920318942, 0.011350513170590215, 0.0008976510592861864, -0.014723285969276523, 0.01915512776281192, 0.0009347066434317597, -0.017902762521699644, 0.02676175281021198, 0.0010691971577494463, -0.021126353404297138, 0.034022112227759305, 0.0012939860489882271, -0.02435712884028285, 0.040802247246821466, 0.0015890894081098672, -0.027563475182503572, 0.04698723656443882, 0.0019252570396335322, -0.030713824350299568, 0.05247937365461075, 0.0022676428411321226, -0.03377181423793685, 0.05719349097161741, 0.0025793214344473903]","[-0.02352819049358368, 0.07644330859184265, 0.013022541999816895, -0.011661551213264468, 0.031091188848018647, 0.0026641637086868286, -0.259716796875, 0.175634765625, -0.023241968989372253, 0.0749955415725708, 0.012361466884613037, -0.011391072785854342, 0.030038645327091218, 0.0024193674325942993, -0.246533203125, 0.1657470703125, -0.0228327756524086, 0.07323642969131469, 0.011912167072296143, -0.011003627693653109, 0.028742765843868257, 0.0021879374980926514, -0.2410400390625, 0.1613525390625, -0.0223880877494812, 0.07116886377334594, 0.011470437049865723, -0.010649948632717135, 0.027414625346660615, 0.0020390301942825317, -0.22675762176513672, 0.1525634765625, -0.02186524325609207, 0.06897280514240264, 0.010950922966003418, -0.010212934827804568, 0.026341011583805085, 0.001920059323310852, -0.224560546875, 0.1503664016723633]",0.059923410415649414
"[19.21247148513794, 19.23247148513794, 19.25247148513794, 19.272471485137938, 19.292471485137938, 19.31247148513794, 19.33247148513794, 19.35247148513794, 19.37247148513794, 19.39247148513794, 19.41247148513794]","[0.0054771523993122516, 0.005633447923490165, 0.0006917905813545175, -0.0003194271093420119, 0.0029479304460157353, -0.013506985586577803, -0.01081579614154473, 0.007032904399563355, 0.010100779734881153, 0.0017313572887875405, 0.00013293257545115775, 0.0033992217647180983, -0.015336683543496281, -0.011888878073396758, 0.009105045705881075, 0.01495305888138784, 0.0033347324529129784, 0.0007443721194917361, 0.0038403495077345665, -0.017149847194793365, -0.012301924049369384, 0.011552441478263141, 0.019569361396958623, 0.005166187820113243, 0.0012662865627597912, 0.004251597453238025, -0.018820748985091663, -0.012014384664368955, 0.01421378465233947, 0.0234540350563795, 0.0069093582396964216, 0.0014986732084736022, 0.0046321887924142685, -0.02030232539113022, -0.011157774877043218, 0.01704693491581784, 0.026307095836288426, 0.008421970450041942, 0.0012482943084589765, 0.005002360380640058, -0.02153226076070381, -0.010054652532131758, 0.01983879917462035, 0.02830876675590763, 0.009638727996142394, 0.0007110687236280526, 0.005348392398268837, -0.022494858682870787, -0.008758625398368657, 0.022463567554303517, 0.02963943253569764, 0.010556839546196704, 5.2679249509367535e-05, 0.005661670051355859, -0.02319579742040185, -0.00732552120575086, 0.024860438431972155, 0.030467161533580596, 0.01121506732335853, -0.000594263152125508, 0.005937758466009195, -0.023657837418963264, -0.005812762454105569, 0.027013497459639393, 0.030938515728730808, 0.011674935790027718, -0.0011311824096636226, 0.006175288804603444, -0.023913895892375147, -0.004276945097322181, 0.02893435404302928, 0.03117293741488081, 0.01200534043054056, -0.0014924374006452094, 0.00637486766066025, -0.023999823770615436, -0.0027713323662870016]","[-0.3936985297475996, 0.3156859259892812, -0.3307266908045352, 0.34558287948831745, -0.27701000486206045, 0.35907611099824177, -0.23349535674347177, 0.36198236871452166, -0.20010028374145244, 0.3588850039843775, -0.17601871102096275, 0.3532206411209243, -0.15997398525560438, 0.3474079697432873, -0.15085730807743172, 0.3431687702466734, -0.14672684166162453, 0.3408949382990409, -0.14552874349988956, 0.34015288374694747]","[-0.01143765689855858, 0.02277300110813174, 0.0013239131690609973, -0.013326987262580747, 0.029159889319420262, 0.00144422849879966, -0.015531064496276503, 0.034896793179808316, 0.0015248357582455796, -0.018049292426372432, 0.039765676239657655, 0.0015712723454992528, -0.020845230577149598, 0.04376143572816105, 0.0016084657044808104, -0.023679447008426724, 0.04707145503717758, 0.0016510267168259318, -0.02651779851421754, 0.049699138930894726, 0.0016914483652650247, -0.029337218378054253, 0.05165558012952065, 0.0017245233913083524, -0.032119759148158344, 0.05296213692923457, 0.0017485013900939705, -0.03484770513834312, 0.05365081021156737, 0.001765073491055702, -0.03749970148017723, 0.05376321317150934, 0.001778435605182871]","[-0.025762939989566802, 0.08167482316493987, 0.01607319712638855, -0.012579432940483096, 0.03320853954553604, 0.003644496202468872, -0.3091552734375, 0.2206787109375, -0.025505276560783385, 0.08156413733959197, 0.015872210264205933, -0.012420065021514895, 0.03277308291196823, 0.0034257173538208008, -0.299267578125, 0.2096925735473633, -0.02520067447423935, 0.08124569952487945, 0.01577720046043396, -0.011963128364086154, 0.03204189783334732, 0.0032144486904144287, -0.2959716796875, 0.2052980422973633, -0.024877833366394042, 0.08065275251865386, 0.015683233737945557, -0.011766328728199008, 0.031731968581676484, 0.003178119659423828, -0.2871824264526367, 0.1987060546875, -0.02454464340209961, 0.08000490963459014, 0.015422940254211426, -0.011508978223800662, 0.031203811824321748, 0.0030099302530288696, -0.2849853515625, 0.1965087890625]",0.05961918830871582
"[19.272469997406006, 19.292469997406005, 19.312469997406005, 19.332469997406005, 19.352469997406004, 19.372469997406007, 19.392469997406007, 19.412469997406006, 19.432469997406006, 19.452469997406006, 19.472469997406005]","[0.010022559121733554, 0.019579041021806923, 0.0018697244775879053, -0.0006548863868638725, 0.008084325526214298, -0.01641564064578785, -0.012739808614757889, 0.011453778318232582, 0.023381131754768893, 0.0030131884668876505, -0.00012769852978986924, 0.008149694080408141, -0.016905071513424193, -0.012387166839550545, 0.013226723840249794, 0.026928830956116364, 0.004515001576812056, 0.0004175189037153318, 0.008183615978658562, -0.01736820041026449, -0.011336460433774556, 0.01523303664946636, 0.029747062499819957, 0.0060571924193969316, 0.0007720488992084156, 0.008199260817693458, -0.017948070101881014, -0.009728516558064818, 0.017474343062678064, 0.03156042327945517, 0.007456235208540968, 0.0007377657648451266, 0.008229089591805162, -0.018753696609967355, -0.007907360246368778, 0.020103622022059574, 0.03272937386900096, 0.008984896664724837, 0.0004504353500686868, 0.008273369867949487, -0.019563562153640992, -0.006062657074635406, 0.022863633518716193, 0.03343772694286466, 0.010524225963477489, 0.0001006950842049927, 0.008315045033963067, -0.020355458643357836, -0.004257669834562283, 0.025584002661238392, 0.03382937227283586, 0.011996603499813694, -0.00017876283118689826, 0.008344424228982617, -0.021118477002558412, -0.0025466623336917633, 0.02816276485020375, 0.03401231731819362, 0.01335633887636142, -0.00030610495783100025, 0.008357684692989505, -0.021850176583412383, -0.000974636150462865, 0.03054894674303888, 0.03406396872248438, 0.014580985016016996, -0.00024186656167444703, 0.008355347304938868, -0.02255285693034637, 0.00042216763924836186, 0.032726760471410266, 0.03403706218934072, 0.015663793573277796, 2.013439943633686e-05, 0.008340832239374122, -0.023229708917205126, 0.001615126281399057]","[-0.29870431004640685, 0.28740805665221525, -0.24891254886272812, 0.3342906008445147, -0.213401221022254, 0.364033859409064, -0.1894133725743874, 0.38126847340866254, -0.17426113557307144, 0.38990564109925774, -0.16548189074063627, 0.39312431949214843, -0.1609449380600636, 0.39341858366303045, -0.15896641880148477, 0.3927341636201783, -0.15829369866094903, 0.3921019204415379, -0.15814975026250627, 0.39184327942251446]","[-0.016748091925621322, 0.04540291108201666, 0.004049611841445255, -0.018076951557208787, 0.049038112360833885, 0.0038227052129453654, -0.01965515705118781, 0.0514875879237211, 0.003520685074494434, -0.02165340675722538, 0.052912971129143394, 0.003229024696651983, -0.024074484091332504, 0.05371644151349164, 0.003018212423308242, -0.02659439185233392, 0.05392069669687993, 0.002833848185231247, -0.029189623979615664, 0.053609053309358945, 0.0026858136645340203, -0.031847383272076035, 0.05286592185528294, 0.002583561450815175, -0.034559024023261165, 0.05177735018243901, 0.0025347002489333192, -0.037314597317519516, 0.050431089922518435, 0.0025438987718517936, -0.040098281541637526, 0.0489157549898076, 0.002611947263759351]","[-0.027832577168941497, 0.0797950267791748, 0.016913801431655884, -0.013061627066135409, 0.03141733056306839, 0.0038559138774871826, -0.3234375, 0.23935546875, -0.027407387435436248, 0.08017514050006866, 0.017005950212478638, -0.01285536519289017, 0.031421175062656403, 0.003788173198699951, -0.3223388671875, 0.23935546875, -0.026976058423519134, 0.08055620789527893, 0.017004817724227905, -0.012645646250247958, 0.03160891479253769, 0.003743290901184082, -0.3201416015625, 0.2360595703125, -0.026621515095233916, 0.08092793226242065, 0.016912728548049927, -0.012664831495285037, 0.03205951100587845, 0.003793075680732727, -0.31904296875, 0.2349609375, -0.026319028973579406, 0.08134409189224243, 0.016746968030929565, -0.012637651777267458, 0.032466595828533173, 0.0037648528814315796, -0.3157470703125, 0.23056640625]",0.06044363975524902
"[19.35185933113098, 19.37185933113098, 19.39185933113098, 19.41185933113098, 19.43185933113098, 19.451859331130983, 19.471859331130982, 19.491859331130982, 19.51185933113098, 19.53185933113098, 19.55185933113098]","[0.014284587221232907, 0.0335188272600649, 0.0024684661619859436, -0.0013956110429182117, 0.01633333594606594, -0.019047424630993903, -0.013765643812207058, 0.01569079724588268, 0.03650575110318224, 0.0037055353847523136, -0.0007929520095190064, 0.01586334669044598, -0.018515637993134253, -0.012059422530640584, 0.0173346966049564, 0.038827355147377195, 0.005168933192319187, -0.0002241756366116607, 0.015367269768141179, -0.018148058658952852, -0.00975739420740249, 0.019239163114727315, 0.040159228097926186, 0.006658441586796733, 9.284953707889975e-05, 0.014869580882225704, -0.018086152647271165, -0.007119337586503693, 0.021576135116516244, 0.040835732392838525, 0.008433194168636688, 0.0003009753266847429, 0.014367191103060421, -0.01813619634491062, -0.004285860530788864, 0.02420370237302861, 0.040693193554501024, 0.010273755162592057, 0.00026550998880176327, 0.013887334539279091, -0.018349698218770867, -0.001653748926623088, 0.026916782073567312, 0.0400898306023831, 0.012137647831308182, 0.00022913197692161423, 0.01342261242780819, -0.018721782311870824, 0.0007061456418738419, 0.029576653094500152, 0.03926684604646762, 0.01397880861582039, 0.00033837905338220337, 0.01297106890234627, -0.019245860997545303, 0.002742362938767201, 0.03209818802012787, 0.03837433808529486, 0.015751072857824514, 0.0006619483909860858, 0.012534843168821603, -0.019912918725814382, 0.004422401678623128, 0.03443742754934647, 0.03749588644643783, 0.01741140598010289, 0.0012096737531437371, 0.01211884376159518, -0.02071079040034008, 0.005729834524133338, 0.03657990784448162, 0.036670512929095324, 0.018922568278396935, 0.0019506094777034405, 0.011729522971945652, -0.021623338316062852, 0.006660304233943408]","[-0.28939028019591245, 0.32487754846019334, -0.21550344810647762, 0.36012255567085705, -0.16986005744011715, 0.3843033071581873, -0.14450537063880198, 0.3998815063979033, -0.1327227978128851, 0.40904867277148943, -0.12912416083292927, 0.41372284829886974, -0.12962401197598286, 0.4155544118650544, -0.13120152140069913, 0.4159889151866863, -0.13238846216380803, 0.4159505789669988, -0.13283869049599617, 0.41588342530375655]","[-0.02235404820179898, 0.06881564732566181, 0.008988086417168972, -0.02347393719830948, 0.06966503879017916, 0.00810020277318202, -0.02493733356413541, 0.06910305261227467, 0.007212447964077384, -0.02684853446307378, 0.06748943148828523, 0.006440387333648712, -0.028983205438046555, 0.06480506500347305, 0.005741724464886744, -0.03119631985330651, 0.061537974044585386, 0.005198908096568644, -0.03348604333996086, 0.05788133118983119, 0.0048107304140661, -0.03585680074249353, 0.05401212892729079, 0.004573965784111067, -0.03831356430166366, 0.050092560528610885, 0.004479156872634782, -0.04085706826060531, 0.046271462659314366, 0.004509329663971329, -0.04347955541279469, 0.04268481455052253, 0.004640627203027492]","[-0.03134295547008514, 0.07453193664550781, 0.0169064998626709, -0.01452223143577576, 0.029127260506153108, 0.004388719797134399, -0.334423828125, 0.26682147979736326, -0.030877607107162475, 0.0752297282218933, 0.017023563385009766, -0.014337538993358614, 0.029336875140666963, 0.004349961876869202, -0.334423828125, 0.26572284698486326, -0.030403347849845885, 0.07594088613986968, 0.017077147960662842, -0.014106399631500247, 0.029665266931056977, 0.004278257489204407, -0.3355224609375, 0.263525390625, -0.029940055847167968, 0.07668409645557403, 0.017134815454483032, -0.013986974275112155, 0.03017923778295517, 0.004276171326637268, -0.33662109375, 0.261328125, -0.029513495206832885, 0.07749209702014923, 0.017136484384536743, -0.013932532882690432, 0.03078048473596573, 0.004272028803825378, -0.3355224609375, 0.2602294921875]",0.05997729301452637
"[19.43221139907837, 19.45221139907837, 19.47221139907837, 19.492211399078368, 19.512211399078367, 19.53221139907837, 19.55221139907837, 19.57221139907837, 19.59221139907837, 19.61221139907837, 19.63221139907837]","[0.019346133149565226, 0.04467254792941167, 0.00683681347320616, -0.0001366209123730611, 0.023186538229976607, -0.02156629816832848, -0.014112993711118052, 0.020479618364710236, 0.046622036751875776, 0.007724143225844453, 0.0003277799998820815, 0.022256262656187114, -0.02086097274703402, -0.011768677216037159, 0.021849026293162134, 0.047578438547493426, 0.00864729463459468, 0.0005804815212627033, 0.021321400160155466, -0.020308218548951675, -0.008891896035932706, 0.023628320643920966, 0.04778079169315166, 0.009852850388149124, 0.0007533206110638718, 0.02036022015240444, -0.01970529685799013, -0.005491350632213843, 0.0256775470013, 0.04700061780434346, 0.011117731536312746, 0.0007359260699033676, 0.019388613186377485, -0.019124592238551782, -0.0018917346791956643, 0.02791807231152851, 0.0451638544834242, 0.012302424334674725, 0.0004051901024075627, 0.018447783445834618, -0.018671007696345186, 0.001435241072255041, 0.030193727733594907, 0.042797005738220005, 0.013472936040420477, 7.788107574486602e-05, 0.017535481730026652, -0.01836486272763819, 0.004408021435733986, 0.03240063060810575, 0.04024859852809542, 0.014656784275099376, -5.62562980152345e-05, 0.016653784113526443, -0.018220731773013126, 0.006968562184258471, 0.03447680343668176, 0.03772955945972378, 0.01585259634007805, 9.07316804451845e-05, 0.015807794579852204, -0.018246709084806308, 0.00908175273723809, 0.03639217132646006, 0.03535103277536694, 0.01703962909296456, 0.0005307020524135752, 0.015004440207741714, -0.0184442103362931, 0.010731581860197624, 0.03813922733795853, 0.0331578492340931, 0.01818641124595279, 0.0012235227314390514, 0.014251422587412887, -0.018808040692812007, 0.011915918175645511]","[-0.24812740289540716, 0.33435596344101354, -0.14245646184342667, 0.35281707389772937, -0.07771096372368104, 0.3657167704916785, -0.042166649715761804, 0.3741987997447809, -0.02602734704872768, 0.37929088102940306, -0.021493100534727902, 0.38191848475018164, -0.02268181565054674, 0.38292094162372387, -0.02523871773139923, 0.38313418643329195, -0.027085642809296963, 0.3830921715378778, -0.027776390255110337, 0.3830472025104569]","[-0.02551942793787676, 0.08041798425115454, 0.012829600491349069, -0.026836979419503137, 0.07984783748107027, 0.011604129040152511, -0.028567648352019637, 0.07792513131467782, 0.01043791081591161, -0.03055237501470809, 0.07443359053397325, 0.009282173032764351, -0.0327335950087444, 0.06970329258310226, 0.008256922734058758, -0.0349485577496611, 0.0643310442237448, 0.007451378602397085, -0.03718915136933787, 0.05854383327966595, 0.0068558932803926, -0.03945265574142187, 0.05254466579754036, 0.006463613680764535, -0.04173779154132884, 0.04651758870394662, 0.00626152198858243, -0.0440413196932532, 0.04063227602699193, 0.00622662934215823, -0.0463546510163082, 0.035046668671538495, 0.0063255938050632565]","[-0.03410954976081848, 0.06951847076416015, 0.0164850652217865, -0.015688940203189852, 0.026778628885746003, 0.004561096429824829, -0.321240234375, 0.2822021484375, -0.033923985600471496, 0.07003083229064941, 0.01649567484855652, -0.015622197902202609, 0.02699475532770157, 0.004525706171989441, -0.325634765625, 0.2778076171875, -0.03367950224876404, 0.07057222127914428, 0.01655307412147522, -0.015497899866104128, 0.027232592761516572, 0.004496708512306213, -0.32783203125, 0.276708984375, -0.03337880426645279, 0.07118646204471588, 0.016616523265838623, -0.015360660171508791, 0.027510126888751985, 0.004465803503990173, -0.330029296875, 0.2734130859375, -0.033022770822048186, 0.07183354496955871, 0.016676276922225952, -0.01523430577516556, 0.027864193379879, 0.004465848207473755, -0.330029296875, 0.2734130859375]",0.06236529350280762
"[19.512140035629272, 19.532140035629272, 19.55214003562927, 19.57214003562927, 19.59214003562927, 19.612140035629274, 19.632140035629273, 19.652140035629273, 19.672140035629273, 19.692140035629272, 19.71214003562927]","[0.023825375501540482, 0.05134206905636379, 0.011884665032667828, 0.002201586731770264, 0.02624957791556759, -0.023869222515774717, -0.01287381379739507, 0.024677028940207575, 0.0523043914488496, 0.012207275172402818, 0.0025372455516001315, 0.025099989490396043, -0.023386919289222784, -0.010672951976370661, 0.02587620063437749, 0.05249958443111254, 0.01272291404120651, 0.0027293154399318123, 0.02392250416123496, -0.02260539868195848, -0.007715032863900268, 0.02727711283579501, 0.0515764358455811, 0.013196569443894952, 0.0026576480615348296, 0.0227068285940416, -0.021560781731874687, -0.00412233027775298, 0.02879763650256768, 0.049370054617115834, 0.01349031365872366, 0.0022367179918545955, 0.021474662954172927, -0.02036733706383881, -0.00023029048745454889, 0.03043050589536264, 0.045863040300083154, 0.013556166041662317, 0.001350546632855821, 0.020276704607014518, -0.019178418360753773, 0.003438419745948039, 0.032071671699310446, 0.0417171375967405, 0.013575062139022856, 0.0003875491997545167, 0.019112732459251987, -0.018044670312161597, 0.006798400505201902, 0.03365346960367679, 0.03737665559552474, 0.013660897705935352, -0.00040682298904533244, 0.017986111366690618, -0.017010384559256884, 0.0097855845772932, 0.0351362415889333, 0.03311625203133116, 0.013872600330358947, -0.0009026830245964171, 0.01690256945943955, -0.01611167621389986, 0.012356603507942248, 0.03650095006387601, 0.029085614226830807, 0.014226971461548445, -0.0010580727493856128, 0.015869200925170752, -0.01537603777926456, 0.014485463804060975, 0.03774283525969225, 0.02534922665742581, 0.014711176846445621, -0.0008930356864028323, 0.014893704887992944, -0.014822770880824945, 0.016159023674556922]","[-0.19035781885340283, 0.3168737662286834, -0.05286563631999882, 0.31786753350020625, 0.03442546195343777, 0.318838115693762, 0.08527087607725699, 0.31980365199170274, 0.1112488540819353, 0.3206952534643179, 0.12167933987286528, 0.32141726604291154, 0.1237074031471932, 0.32190232886119385, 0.12266364437871337, 0.3221834573316817, 0.12138794483713988, 0.32231532732486523, 0.12083735497232362, 0.32235562752498276]","[-0.028576981308601646, 0.08184538847102907, 0.014289574853702636, -0.030374881803646003, 0.08090202471212127, 0.01314193815730924, -0.032329202632976006, 0.07827080974387846, 0.011915046637426485, -0.03445115608693716, 0.07397570281988974, 0.010694709211362508, -0.03668417991595341, 0.06833725854429229, 0.009585386926753259, -0.03884360271312293, 0.06199121865423329, 0.008669119073328346, -0.040913236471177505, 0.05514981346151604, 0.007941000068611537, -0.0428834366055435, 0.047996382638043844, 0.007404893609708196, -0.04474879253909436, 0.04069601883253737, 0.007061378429199738, -0.046506621690411754, 0.033405114412313974, 0.00690155156769201, -0.048155167526939824, 0.026277445161920987, 0.006904307116326613]","[-0.035326125264167785, 0.06689205169677734, 0.01629340648651123, -0.015673770821094515, 0.026088928639888764, 0.004663392901420593, -0.2893796920776367, 0.30087890625, -0.03525322878360748, 0.06696755588054656, 0.01635974645614624, -0.01577012917995453, 0.025943597614765168, 0.004660889506340027, -0.2937744140625, 0.298681640625, -0.03520000556111336, 0.06704726219177246, 0.0163746178150177, -0.015883296048641207, 0.025811185896396638, 0.00465218722820282, -0.2981689453125, 0.2975830078125, -0.03512323850393295, 0.06715763509273528, 0.016382426023483276, -0.015939443624019625, 0.025808026850223542, 0.004657447338104248, -0.305859375, 0.2953857421875, -0.03500708022713661, 0.06734901070594787, 0.016397535800933838, -0.015871285712718966, 0.025885542690753938, 0.004646375775337219, -0.308056640625, 0.294287109375]",0.06146979331970215
"[19.59199857711792, 19.61199857711792, 19.63199857711792, 19.65199857711792, 19.671998577117918, 19.69199857711792, 19.71199857711792, 19.73199857711792, 19.75199857711792, 19.77199857711792, 19.79199857711792]","[0.02742174264090304, 0.05465013504673683, 0.01614784780878288, 0.00538197058334747, 0.02669883905281656, -0.02588949280097304, -0.012035466379281254, 0.02835864594568862, 0.05474419167154407, 0.016149550477472834, 0.005313911186640099, 0.025466786770203392, -0.025422454926992428, -0.009625772504765439, 0.029484963173117457, 0.05358943782329666, 0.01597666277824716, 0.0048290937192559105, 0.02419124761109296, -0.024415632853846046, -0.006277577311158949, 0.030694398457140584, 0.05092002378566491, 0.015484779622939674, 0.003841643332196675, 0.02287351879198155, -0.02291734075803302, -0.0022507046764345708, 0.031961119006994505, 0.046645165756416654, 0.014637443904439973, 0.0022527842257805465, 0.0215537647113198, -0.021071989810645734, 0.0019390628915159334, 0.03313909177326933, 0.04116828378140942, 0.013486563452260455, 0.00030624640390924615, 0.020254269022131375, -0.01909617684132792, 0.005992204330991996, 0.03421290377968449, 0.035183389356099236, 0.012313751183439631, -0.0015960900031348735, 0.018979361770220506, -0.017077983321506472, 0.009814911159514278, 0.035179206321425203, 0.02915045548867411, 0.011306697013646057, -0.0031999407759059893, 0.01773595846768386, -0.015096878015557357, 0.013330703844808608, 0.03604179386359131, 0.02334656601958692, 0.010573491407962623, -0.004371039461028006, 0.01653238017446851, -0.013221074239340927, 0.01648112235350444, 0.0368081497968907, 0.017914183943240975, 0.010158726591942559, -0.005067125276928061, 0.015377721734020772, -0.011507122175730338, 0.019223088428050594, 0.03748724741781824, 0.012904533888746579, 0.010059843971485788, -0.0053115565944842616, 0.014281561082031213, -0.010000964260571295, 0.021524752043728744]","[-0.0356879150175203, 0.3061894940944265, 0.1076197303796525, 0.2858139847772305, 0.19769552399747417, 0.27203127009784517, 0.24918925222262486, 0.26350704665725294, 0.2744403369096829, 0.25886050315280174, 0.2834200234454382, 0.25679576725893766, 0.2838200093695192, 0.2561969953358386, 0.2815221635170221, 0.25623494737466745, 0.27954506113948696, 0.2564041191230645, 0.2787581236186025, 0.25649126056817706]","[-0.03223866961862054, 0.07807918974294914, 0.014477486075397561, -0.03435154687346875, 0.07679912736060279, 0.013401237645354058, -0.03659218107225248, 0.0737051870241392, 0.012233474967761282, -0.038867817425479956, 0.06888714419753184, 0.011041698418662538, -0.04096781611607048, 0.06282298830275179, 0.00991396629049568, -0.04289524229390684, 0.0559551200107542, 0.0089201144847868, -0.0446372941623443, 0.04845149371364643, 0.008081376329591272, -0.04618404618120975, 0.04045461723323873, 0.007425609977164349, -0.047530200703409964, 0.03209889615356154, 0.006977129201026777, -0.04867631632350777, 0.023524769880657992, 0.006750242769261394, -0.04962859186760937, 0.014887241614406577, 0.006744363587815272]","[-0.03747590461373329, 0.06466809809207916, 0.016084492206573486, -0.016455359077453616, 0.02545361763238907, 0.004712790250778198, -0.272900390625, 0.3041748046875, -0.03724848309159279, 0.06497845947742462, 0.016089409589767456, -0.016344986176490786, 0.025581663310527802, 0.004689157009124756, -0.2783935546875, 0.303076171875, -0.036968743592500686, 0.06528904438018798, 0.016119003295898438, -0.01617691597938538, 0.025681545794010163, 0.004694342613220215, -0.2805908203125, 0.303076171875, -0.03665493631362915, 0.06559356451034545, 0.016154766082763672, -0.0160589136838913, 0.025800024926662446, 0.004694059491157532, -0.2860837936401367, 0.3019775390625, -0.036330973893404006, 0.0659182459115982, 0.016177594661712646, -0.015950537538528445, 0.025938113987445832, 0.00468774139881134, -0.2860837936401367, 0.3019775390625]",0.060539960861206055
"[19.672349214553833, 19.692349214553833, 19.712349214553832, 19.73234921455383, 19.75234921455383, 19.772349214553834, 19.792349214553834, 19.812349214553834, 19.832349214553833, 19.852349214553833, 19.872349214553832]","[0.029543799911268653, 0.05411828697615661, 0.017870427513284524, 0.007347502909668897, 0.02592946701277065, -0.02661982994980734, -0.01137470664272471, 0.030631765939392777, 0.05363260616443126, 0.017719861808917617, 0.006803458895000171, 0.02473157346221919, -0.026204890811518493, -0.008985039924147599, 0.03181592070124551, 0.051599420720728324, 0.017167077035369068, 0.005629651850854317, 0.023485206479215648, -0.025110311652280237, -0.005561427198021929, 0.033052185159172735, 0.047780372311504754, 0.016153351212194706, 0.003725045557312203, 0.022193197516571814, -0.023321605485755195, -0.0014178854121732944, 0.03417956715845525, 0.04246870391481201, 0.014751462432435664, 0.0013768425334531034, 0.020850254365525574, -0.020934902652053156, 0.0032602483256547405, 0.03508205716536457, 0.035639962550567686, 0.012852148640287523, -0.001448160893701477, 0.01951155215052225, -0.01831106594064863, 0.007932587400475907, 0.03580627896937078, 0.02813750900131343, 0.010855752259547675, -0.004258666268019733, 0.01818602700196111, -0.015569074214955032, 0.012485182253374314, 0.0363924618656551, 0.020529775930089533, 0.009038612064159289, -0.006729674411496874, 0.016884679186444332, -0.012817419368133666, 0.016818410421381835, 0.03687295502079339, 0.013167744213878035, 0.007570474269305736, -0.008674221575297819, 0.015619432593268057, -0.010150929397076168, 0.0208485537969312, 0.037272192275296004, 0.006239771649153707, 0.006534412098763836, -0.010014067060453342, 0.014402712919048533, -0.007650204612423387, 0.02450598858771931, 0.03760770062019949, -0.00017842641098362883, 0.005947389490432422, -0.010751457371470803, 0.0132474621702429, -0.005382883948087511, 0.027731682418952443]","[0.044292207001123955, 0.3057370752409298, 0.22221634403583496, 0.26630028010700146, 0.336943837310634, 0.23934598825833492, 0.40509076317037485, 0.22224546802602924, 0.4408551658510865, 0.2124314755867657, 0.45588029661900764, 0.20756968097559375, 0.45931758438468595, 0.2056760053821238, 0.45828157113259205, 0.2052385891414876, 0.45669845098794126, 0.20529099503354264, 0.45598417476685194, 0.20536744223686626]","[-0.03556675090207184, 0.07281632945344496, 0.014119002327123376, -0.03765031062959734, 0.07168735680807936, 0.013138821994979732, -0.03980367050145861, 0.06874853344210496, 0.012051711479007743, -0.04180030118077749, 0.06407139893347091, 0.010884763273502962, -0.04360308329951623, 0.05770755011858819, 0.009691049454760847, -0.04521450960403084, 0.05034638189267282, 0.008606402218012121, -0.04663117907743253, 0.0421439292542134, 0.007670269762976467, -0.047847621562295606, 0.033223761159775655, 0.006931887051395691, -0.04886060409675519, 0.023702601687074942, 0.006439744483704324, -0.049672712325058876, 0.013712074785714456, 0.006234102410443754, -0.05029367655336836, 0.003412404981317785, 0.006339174631185607]","[-0.0384858606159687, 0.06249911487102508, 0.0151003897190094, -0.015874727880954745, 0.02518004721403122, 0.004592865705490112, -0.2014892578125, 0.3041748046875, -0.03839942270517349, 0.06299909353256225, 0.01538953185081482, -0.016026630318164828, 0.02548049932718277, 0.0046759843826293945, -0.21796875, 0.3052734375, -0.03820178487896919, 0.06345177590847015, 0.015514791011810303, -0.015968865966796877, 0.025870030581951142, 0.004717841744422913, -0.2366455078125, 0.3052734375, -0.03787905925512314, 0.06394892334938049, 0.01555168628692627, -0.015867418861389163, 0.02604437416791916, 0.004724174737930298, -0.237744140625, 0.3052734375, -0.0376713407933712, 0.06423405706882476, 0.015550345182418823, -0.015811345791816714, 0.02602609044313431, 0.00470365583896637, -0.2443359375, 0.3052734375]",0.06251955032348633
"[19.772159099578857, 19.792159099578857, 19.812159099578857, 19.832159099578856, 19.852159099578856, 19.87215909957886, 19.89215909957886, 19.912159099578858, 19.932159099578858, 19.952159099578857, 19.972159099578857]","[0.03276048834710045, 0.05139898845848693, 0.019650608832429514, 0.006427857488177164, 0.025483935414032002, -0.02780235631337802, -0.010362519888624066, 0.033761923677445745, 0.050193512487737964, 0.019026895595154223, 0.005350792514640025, 0.02428229659271158, -0.027236645365740005, -0.0075986998952417865, 0.03479629013919946, 0.0471204079268782, 0.01782651414094427, 0.0034667407640736362, 0.02301501564945929, -0.025710660905321717, -0.0037834987358662748, 0.03567287394683015, 0.04232318687806789, 0.01609899481181987, 0.001056124988173104, 0.021640601313568122, -0.023171243864583482, 0.001089830508448284, 0.03625211116019422, 0.035671067882837595, 0.013754206109495005, -0.0018735559883089165, 0.020190001329568823, -0.019887350843486966, 0.006586189092611062, 0.03650255847197612, 0.027277147512546274, 0.010811786134393733, -0.0053005938491479405, 0.01873201212603744, -0.01628121436023657, 0.012104928281842287, 0.036534706809432785, 0.018145841864115587, 0.007798212282539452, -0.008652662927161839, 0.01728410171227012, -0.012513294121480363, 0.017509342371945714, 0.03643206600823727, 0.008948286038604624, 0.00507451834682335, -0.011553491428987947, 0.015864729083280387, -0.008728470741695226, 0.022678446469746826, 0.036253538303218535, 9.24505287857177e-05, 0.0028600158763470137, -0.013789654038751912, 0.014492020797322171, -0.0050522253289387795, 0.02750949011247695, 0.03603728713949975, -0.00820961865479782, 0.0012592821872205822, -0.015275812227448041, 0.013183622023819438, -0.0015906565484890122, 0.031915873976979287, 0.03580552616942725, -0.015880402337423292, 0.000289832381255018, -0.016021193694196016, 0.011957177610755595, 0.001566956298900004, 0.03582280123067058]","[0.1631064248542902, 0.27056767746831695, 0.37065010486257916, 0.2119227546351361, 0.5028215970987265, 0.17259889380464669, 0.5797372075224076, 0.1482652476434468, 0.618532809494001, 0.1348325895428511, 0.6332195988939177, 0.12866172608698145, 0.6347872963617026, 0.12670269828157613, 0.6319255816835894, 0.12661294668079273, 0.6292263798823551, 0.1269740255283124, 0.6281217514773674, 0.12717684989048017]","[-0.037668707741076224, 0.06895330528225863, 0.013907479058620886, -0.039873240692904766, 0.06782318218576888, 0.012937746206869605, -0.04195107154788258, 0.0647310190140935, 0.011812552767469064, -0.043832241692099094, 0.05933445298746687, 0.010527520491458553, -0.04548416006826761, 0.05196069162660377, 0.009210371285687913, -0.0469044611206062, 0.04336773379124459, 0.008019297618989008, -0.04808199564480953, 0.0337202395971814, 0.007017847706468405, -0.04900214646620071, 0.023143815596295525, 0.006281575145002716, -0.04965463357019795, 0.011760058481828928, 0.005886366492829254, -0.050039637391255054, -0.0002838674947058806, 0.0058986782821195405, -0.050170284006404664, -0.012797071853287711, 0.0063632493713248195]","[-0.04288691112399101, 0.0538964956998825, 0.013571500778198242, -0.01643810353279114, 0.022158717572689057, 0.003970637917518616, -0.1564453125, 0.3041748046875, -0.0420600605905056, 0.05538200736045837, 0.013691097497940063, -0.016110240733623507, 0.02272728627920151, 0.003992870450019836, -0.1729248046875, 0.3041748046875, -0.04119907149672508, 0.05683984756469726, 0.013820439577102661, -0.0156147100687027, 0.023266410291194917, 0.004276111721992493, -0.1729248046875, 0.3041748046875, -0.04041339287161827, 0.05822352468967437, 0.013926595449447632, -0.015279009258747103, 0.02390741354227066, 0.004298418760299683, -0.1729248046875, 0.3041748046875, -0.03969969803094864, 0.05944978594779968, 0.01402619481086731, -0.014960467135906222, 0.02445026284456253, 0.004295423626899719, -0.1729248046875, 0.3041748046875]",0.06258106231689453
"[19.853370904922485, 19.873370904922485, 19.893370904922484, 19.913370904922484, 19.933370904922484, 19.953370904922487, 19.973370904922486, 19.993370904922486, 20.013370904922485, 20.033370904922485, 20.053370904922485]","[0.03442874740125328, 0.04841356809307039, 0.019484070618078206, 0.004472163654695715, 0.025243882599856077, -0.028035875190787114, -0.008756045660679293, 0.03541812274450955, 0.04631517160765721, 0.018463096731003926, 0.002854089334711154, 0.024015930996230013, -0.027003728750635947, -0.005622098130675557, 0.03623434410837397, 0.042583292875020495, 0.016891339980728157, 0.0007337887448088692, 0.02267413663880444, -0.024842817867312024, -0.001271556481808481, 0.036724019508024744, 0.036987001750760896, 0.01466580347297933, -0.0018790972800040709, 0.021215390099991682, -0.021688470551024616, 0.004069595819762583, 0.03684668906138614, 0.029576690068870922, 0.011836837260123209, -0.004905378398362448, 0.019680562930977998, -0.017853440651542367, 0.009958685992266252, 0.03666374509902074, 0.02056517723650282, 0.008531920809488957, -0.008305379538178276, 0.018148841265138962, -0.013771649371516936, 0.015768105677086138, 0.036311612097879836, 0.011003133153780487, 0.0053112217651265755, -0.011497299961486, 0.01664346587788205, -0.00962224490066661, 0.021353870702019877, 0.03588549076353734, 0.0015710579456177064, 0.0025410746347178993, -0.014114773457256874, 0.015186373294662076, -0.0055594708214285644, 0.026592574117188593, 0.035445028223718464, -0.007341185644791469, 0.00042434044516646385, -0.015968798649065998, 0.013796840897833578, -0.0017080419131996324, 0.031386478162442076, 0.035021560724923, -0.015557235584059222, -0.0009652243339377755, -0.017007288141598673, 0.012491910130924041, 0.001834574698070236, 0.03566030667497538, 0.03462622474586713, -0.023043355684785143, -0.0016481822079131908, -0.017276145047547868, 0.011287702682847988, 0.004991601152651747, 0.03935367313504406]","[0.25754752507536327, 0.2282319619150485, 0.4609105581267258, 0.1675607664463447, 0.5833011187995115, 0.1298951387833139, 0.6475701792376671, 0.10947969744475022, 0.6729236460748824, 0.10105070727247298, 0.674848510699726, 0.1000275075306841, 0.6655270758986134, 0.10257753582172968, 0.6552403792279538, 0.10563827853242784, 0.6486551573790916, 0.10768809949725489, 0.6463057922283711, 0.10844449093558182]","[-0.03912455213085919, 0.06733772281912831, 0.013728283622953974, -0.04119368631109799, 0.0657340370746331, 0.012681161142913844, -0.043091332504312074, 0.061776207742514355, 0.011428461250369892, -0.04478512485487096, 0.05544028679444679, 0.01004679584037449, -0.04626507505900346, 0.04709578778792123, 0.008681051241738125, -0.04750080102221865, 0.03753585369780277, 0.007499922615063603, -0.04847611475332059, 0.0269428881313174, 0.006576808473687912, -0.04917279448098766, 0.015460473361907034, 0.005993341274577624, -0.04957983444909164, 0.003229590802441784, 0.005825768301512824, -0.04969989614490755, -0.009581340583436848, 0.006133599472812001, -0.0495514513337969, -0.022758045059294574, 0.0069463119345085644]","[-0.04798003116250038, 0.04105443656444549, 0.011964857578277588, -0.016998916184902194, 0.016489265322685243, 0.0037757456302642822, -0.053173828125, 0.296484375, -0.04719082096219063, 0.04313076436519622, 0.012018144130706787, -0.016801133072376254, 0.017449108719825746, 0.003762185573577881, -0.0608642578125, 0.2975830078125, -0.046554317861795425, 0.044819229841232294, 0.0121326744556427, -0.016761600291728976, 0.01828574186563492, 0.003783181309700012, -0.0872314453125, 0.30087890625, -0.0460844991505146, 0.04650309085845947, 0.012440741062164307, -0.017110563135147097, 0.0187951380610466, 0.0038274526596069336, -0.097119140625, 0.3019775390625, -0.04570506715774536, 0.048079961538314814, 0.012910246849060059, -0.017384722149372103, 0.019372438848018647, 0.0038656890392303467, -0.10810527801513672, 0.3019775390625]",0.06210923194885254
"[19.932955980300903, 19.952955980300903, 19.972955980300902, 19.992955980300902, 20.0129559803009, 20.032955980300905, 20.052955980300904, 20.072955980300904, 20.092955980300903, 20.112955980300903, 20.132955980300903]","[0.03577876684823503, 0.042962586616866395, 0.018014275939212784, 0.0011247113532149254, 0.02461629053954651, -0.027282500133848395, -0.006491121974145715, 0.036677087695850194, 0.04018803692956157, 0.01673978950276168, -0.0007920981873108366, 0.023329422295591432, -0.02561487155019545, -0.0025286190420100107, 0.03727862302230117, 0.03571010207067464, 0.014854971024260866, -0.003114735875592171, 0.021934914336894373, -0.022966528240880822, 0.0024211243828845203, 0.03753233662794595, 0.029565351078871042, 0.012417045869819647, -0.005745665279768343, 0.02045163012800443, -0.019545780572334005, 0.00801406096945076, 0.03749360260279712, 0.02197428908202544, 0.009597604651475768, -0.008593726795738292, 0.01893757541102502, -0.015677609723160242, 0.013716688813053485, 0.037177208100303595, 0.013466896964932666, 0.006617309482616776, -0.011397804394069207, 0.01744814138973472, -0.011751013623241924, 0.019117456610595992, 0.03673453306871768, 0.00493680911581691, 0.003965017676202711, -0.013695748725549971, 0.016006788696593537, -0.0079315603058491, 0.02409036363926469, 0.036263154745202655, -0.003088672043712162, 0.001926346425917755, -0.015238576224186107, 0.014632375808131719, -0.004348473329839036, 0.02853768341469962, 0.03581672298052725, -0.010361385619772635, 0.0006221411161583635, -0.015946603445997812, 0.01333914353491472, -0.0010943436545836271, 0.03239396322595908, 0.03541628910412134, -0.016827301231137227, 5.062321418308802e-05, -0.015863179671416976, 0.012138433631689791, 0.0017673842598665273, 0.035619273111042335, 0.03506196710818332, -0.022549389445676384, 0.00012848089792569706, -0.015111196709567832, 0.01104072637606793, 0.004191851189329478, 0.03818835915439033]","[0.3567177945867131, 0.20353424875382228, 0.5037883633297118, 0.1525592918117414, 0.5767501794386571, 0.1254423133243263, 0.5996901059051104, 0.11516880951606069, 0.5924707479309543, 0.11549594220059604, 0.5706258476958751, 0.1212177209200024, 0.5455006529631197, 0.12835066297908176, 0.5263778064345367, 0.1340106153432774, 0.5158961010108802, 0.13721532259392533, 0.512438397417009, 0.13830396143274334]","[-0.040311031841840705, 0.06485054068778373, 0.013238672615218938, -0.04225698174243031, 0.06215325129634053, 0.012042759693536631, -0.04407041952023394, 0.05714109886943142, 0.010703149243895815, -0.04569996984836555, 0.04999225146605735, 0.009326948455000483, -0.04705053334583331, 0.04124105124496413, 0.008063342864152556, -0.04816798378151543, 0.031484061162782684, 0.0070562590537868175, -0.04902936877016284, 0.020901788943249677, 0.0063678107516409455, -0.04961325000231431, 0.009652875111241244, 0.006057814246544613, -0.049909319110163386, -0.0020948019770310466, 0.006171038608528079, -0.04992309984250376, -0.014142204376906164, 0.006726266581185136, -0.04967594594481062, -0.026249071204155427, 0.007705472038137984]","[-0.05420937964320183, 0.020447285473346705, 0.010876625776290894, -0.019074856555461886, 0.006575731396675111, 0.003914043307304382, 0.003955078125, 0.2876953125, -0.05361350455880165, 0.02303671240806579, 0.01105603575706482, -0.01904919675588608, 0.007447345018386842, 0.0039040595293045044, 0.003955078125, 0.2876953125, -0.053036784917116164, 0.025504851341247553, 0.011080294847488403, -0.019002682781219485, 0.00844665414094925, 0.0038927048444747925, 0.003955078125, 0.2876953125, -0.05239756980538368, 0.02808582186698913, 0.01103702187538147, -0.01889724216461182, 0.00941144472360611, 0.0038285106420516968, 0.003955078125, 0.2876953125, -0.0516556558907032, 0.030740180611610407, 0.011135578155517578, -0.018656446850299838, 0.010585022926330567, 0.0037927627563476562, 0.003955078125, 0.2876953125]",0.06150674819946289
