TrajectoryID,u1,u2,u3,u4,u5,u6
0,0.0,0.0,0.0,0.0,-0.0,-0.0
1,-0.018153640438052558,0.07935466883055442,0.04065018507428944,0.07935466883055442,-0.01089218426283153,-0.06775030845714906
2,-0.036307280876105116,0.15870933766110884,0.08130037014857888,0.15870933766110884,-0.02178436852566306,-0.13550061691429813
3,-0.05446092131415767,0.23806400649166323,0.12195055522286831,0.23806400649166323,-0.03267655278849459,-0.20325092537144718
4,-0.07261456175221023,0.3174186753222177,0.16260074029715776,0.3174186753222177,-0.04356873705132612,-0.27100123382859626
5,-0.0907682021902628,0.3967733441527721,0.20325092537144723,0.3967733441527721,-0.054460921314157654,-0.3387515422857454
6,-0.10892184262831534,0.47612801298332647,0.24390111044573662,0.47612801298332647,-0.06535310557698917,-0.40650185074289436
7,-0.1270754830663679,0.5554826818138809,0.2845512955200261,0.5554826818138809,-0.0762452898398207,-0.47425215920004354
8,-0.14522912350442047,0.6348373506444354,0.32520148059431553,0.6348373506444354,-0.08713747410265224,-0.5420024676571925
9,-0.16338276394247303,0.7141920194749898,0.365851665668605,0.7141920194749898,-0.09802965836548377,-0.6097527761143416
10,-0.1815364043805256,0.7935466883055442,0.40650185074289447,0.7935466883055442,-0.10892184262831531,-0.6775030845714908
11,-0.19969004481857816,0.8729013571360987,0.4471520358171839,0.8729013571360987,-0.11981402689114685,-0.7452533930286398
12,-0.21784368525663067,0.9522560259666529,0.48780222089147324,0.9522560259666529,-0.13070621115397835,-0.8130037014857887
13,-0.23599732569468324,1.0316106947972072,0.5284524059657626,1.0316106947972072,-0.14159839541680985,-0.8807540099429377
14,-0.2541509661327358,1.1109653636277619,0.5691025910400522,1.1109653636277619,-0.1524905796796414,-0.9485043184000871
15,-0.27230460657078837,1.190320032458316,0.6097527761143415,1.190320032458316,-0.16338276394247292,-1.0162546268572359
16,-0.29045824700884093,1.2696747012888707,0.6504029611886311,1.2696747012888707,-0.17427494820530448,-1.084004935314385
17,-0.3086118874468935,1.3490293701194251,0.6910531462629205,1.3490293701194251,-0.18516713246813601,-1.1517552437715342
18,-0.32676552788494606,1.4283840389499796,0.73170333133721,1.4283840389499796,-0.19605931673096755,-1.2195055522286833
19,-0.3449191683229986,1.507738707780534,0.7723535164114994,1.507738707780534,-0.20695150099379908,-1.2872558606858324
20,-0.3630728087610512,1.5870933766110884,0.8130037014857889,1.5870933766110884,-0.21784368525663061,-1.3550061691429816
21,-0.3812264491991037,1.6664480454416428,0.8536538865600782,1.6664480454416428,-0.22873586951946212,-1.4227564776001302
22,-0.3993800896371563,1.7458027142721975,0.8943040716343678,1.7458027142721975,-0.2396280537822937,-1.4905067860572796
23,-0.4175337300752088,1.8251573831027514,0.934954256708657,1.8251573831027514,-0.25052023804512513,-1.5582570945144283
24,-0.43568737051326134,1.9045120519333059,0.9756044417829465,1.9045120519333059,-0.2614124223079567,-1.6260074029715774
25,-0.45384101095131396,1.9838667207638605,1.0162546268572359,1.9838667207638605,-0.27230460657078825,-1.6937577114287266
26,-0.47199465138936647,2.0632213895944145,1.0569048119315252,2.0632213895944145,-0.2831967908336197,-1.7615080198858755
27,-0.49014829182741904,2.1425760584249693,1.097554997005815,2.1425760584249693,-0.29408897509645127,-1.8292583283430248
28,-0.5083019322654716,2.2219307272555238,1.1382051820801045,2.2219307272555238,-0.3049811593592828,-1.8970086368001742
29,-0.5264555727035243,2.301285396086078,1.178855367154394,2.301285396086078,-0.3158733436221144,-1.9647589452573233
30,-0.5446092131415767,2.380640064916632,1.219505552228683,2.380640064916632,-0.32676552788494584,-2.0325092537144718
31,-0.5627628535796293,2.459994733747187,1.2601557373029726,2.459994733747187,-0.3376577121477774,-2.1002595621716207
32,-0.5809164940176819,2.5393494025777414,1.3008059223772621,2.5393494025777414,-0.34854989641060896,-2.16800987062877
33,-0.5990701344557344,2.6187040714082954,1.3414561074515514,2.6187040714082954,-0.35944208067344047,-2.2357601790859194
34,-0.617223774893787,2.6980587402388503,1.382106292525841,2.6980587402388503,-0.37033426493627203,-2.3035104875430683
35,-0.6353774153318396,2.7774134090694047,1.4227564776001305,2.7774134090694047,-0.3812264491991036,-2.3712607960002177
36,-0.6535310557698921,2.856768077899959,1.46340666267442,2.856768077899959,-0.3921186334619351,-2.4390111044573666
37,-0.6716846962079447,2.9361227467305135,1.5040568477487093,2.9361227467305135,-0.4030108177247666,-2.5067614129145155
38,-0.6898383366459973,3.015477415561068,1.5447070328229988,3.015477415561068,-0.41390300198759816,-2.574511721371665
39,-0.7079919770840498,3.094832084391622,1.5853572178972883,3.094832084391622,-0.42479518625042967,-2.6422620298288138
40,-0.7261456175221024,3.174186753222177,1.6260074029715779,3.174186753222177,-0.43568737051326123,-2.710012338285963
41,-0.7442992579601548,3.253541422052731,1.6666575880458672,3.253541422052731,-0.44657955477609274,-2.7777626467431116
42,-0.7624528983982074,3.3328960908832856,1.7073077731201565,3.3328960908832856,-0.45747173903892424,-2.8455129552002605
43,-0.7806065388362601,3.41225075971384,1.747957958194446,3.41225075971384,-0.46836392330175586,-2.9132632636574103
44,-0.7987601792743126,3.491605428544395,1.7886081432687355,3.491605428544395,-0.4792561075645874,-2.981013572114559
45,-0.8169138197123652,3.570960097374949,1.829258328343025,3.570960097374949,-0.4901482918274189,-3.0487638805717086
46,-0.8350674601504176,3.650314766205503,1.869908513417314,3.650314766205503,-0.5010404760902503,-3.1165141890288566
47,-0.8532211005884702,3.7296694350360577,1.9105586984916039,3.7296694350360577,-0.5119326603530819,-3.1842644974860064
48,-0.8713747410265227,3.8090241038666117,1.951208883565893,3.8090241038666117,-0.5228248446159134,-3.252014805943155
49,-0.8895283814645754,3.888378772697166,1.991859068640183,3.888378772697166,-0.5337170288787451,-3.3197651144003046
50,-0.9076820219026279,3.967733441527721,2.0325092537144718,3.967733441527721,-0.5446092131415765,-3.387515422857453
51,-0.9258356623406806,4.047088110358276,2.0731594387887617,4.047088110358276,-0.5555013974044081,-3.455265731314603
52,-0.9439893027787329,4.126442779188829,2.1138096238630504,4.126442779188829,-0.5663935816672394,-3.523016039771751
53,-0.9621429432167854,4.205797448019384,2.15445980893734,4.205797448019384,-0.577285765930071,-3.5907663482289
54,-0.9802965836548381,4.285152116849939,2.19510999401163,4.285152116849939,-0.5881779501929025,-3.6585166566860496
55,-0.9984502240928907,4.3645067856804936,2.2357601790859194,4.3645067856804936,-0.5990701344557342,-3.726266965143199
56,-1.0166038645309432,4.4438614545110475,2.276410364160209,4.4438614545110475,-0.6099623187185657,-3.7940172736003484
57,-1.0347575049689959,4.5232161233416015,2.317060549234498,4.5232161233416015,-0.6208545029813972,-3.861767582057497
58,-1.0529111454070486,4.602570792172156,2.357710734308788,4.602570792172156,-0.6317466872442288,-3.9295178905146466
59,-1.071064785845101,4.68192546100271,2.398360919383077,4.68192546100271,-0.6426388715070603,-3.997268198971795
60,-1.0892184262831535,4.761280129833264,2.439011104457366,4.761280129833264,-0.6535310557698917,-4.0650185074289436
61,-1.1073720667212061,4.840634798663819,2.479661289531656,4.840634798663819,-0.6644232400327234,-4.132768815886093
62,-1.1255257071592586,4.919989467494374,2.520311474605945,4.919989467494374,-0.6753154242955548,-4.200519124343241
63,-1.143679347597311,4.999344136324928,2.5609616596802347,4.999344136324928,-0.6862076085583864,-4.268269432800391
64,-1.1618329880353637,5.078698805155483,2.6016118447545242,5.078698805155483,-0.6970997928212179,-4.33601974125754
65,-1.1799866284734162,5.158053473986037,2.6422620298288138,5.158053473986037,-0.7079919770840495,-4.403770049714689
66,-1.1981402689114689,5.237408142816591,2.682912214903103,5.237408142816591,-0.7188841613468809,-4.471520358171839
67,-1.2162939093495213,5.316762811647146,2.723562399977392,5.316762811647146,-0.7297763456097125,-4.539270666628987
68,-1.234447549787574,5.396117480477701,2.764212585051682,5.396117480477701,-0.7406685298725441,-4.607020975086137
69,-1.2526011902256264,5.4754721493082545,2.804862770125971,5.4754721493082545,-0.7515607141353755,-4.6747712835432855
70,-1.2707548306636791,5.554826818138809,2.845512955200261,5.554826818138809,-0.7624528983982072,-4.742521592000435
71,-1.2889084711017318,5.634181486969364,2.8861631402745505,5.634181486969364,-0.7733450826610387,-4.810271900457584
72,-1.3070621115397842,5.713536155799918,2.92681332534884,5.713536155799918,-0.7842372669238702,-4.878022208914733
73,-1.3252157519778367,5.792890824630472,2.967463510423129,5.792890824630472,-0.7951294511867015,-4.945772517371882
74,-1.3433693924158894,5.872245493461027,3.0081136954974186,5.872245493461027,-0.8060216354495332,-5.013522825829031
75,-1.3615230328539418,5.951600162291582,3.048763880571708,5.951600162291582,-0.8169138197123647,-5.08127313428618
76,-1.3796766732919945,6.030954831122136,3.0894140656459976,6.030954831122136,-0.8278060039751963,-5.14902344274333
77,-1.397830313730047,6.11030949995269,3.1300642507202867,6.11030949995269,-0.8386981882380277,-5.216773751200478
78,-1.4159839541680996,6.189664168783244,3.1707144357945767,6.189664168783244,-0.8495903725008593,-5.2845240596576275
79,-1.434137594606152,6.269018837613799,3.2113646208688658,6.269018837613799,-0.8604825567636908,-5.352274368114776
80,-1.4522912350442048,6.348373506444354,3.2520148059431557,6.348373506444354,-0.8713747410265225,-5.420024676571926
81,-1.470444875482257,6.427728175274908,3.2926649910174444,6.427728175274908,-0.8822669252893538,-5.487774985029073
82,-1.4885985159203097,6.507082844105462,3.3333151760917343,6.507082844105462,-0.8931591095521855,-5.555525293486223
83,-1.5067521563583623,6.586437512936016,3.3739653611660234,6.586437512936016,-0.9040512938150169,-5.623275601943373
84,-1.5249057967964148,6.665792181766571,3.414615546240313,6.665792181766571,-0.9149434780778485,-5.691025910400521
85,-1.5430594372344675,6.745146850597125,3.4552657313146025,6.745146850597125,-0.92583566234068,-5.758776218857671
86,-1.5612130776725202,6.82450151942768,3.495915916388892,6.82450151942768,-0.9367278466035117,-5.826526527314821
87,-1.5793667181105726,6.903856188258235,3.5365661014631815,6.903856188258235,-0.947620030866343,-5.8942768357719695
88,-1.5975203585486253,6.98321085708879,3.577216286537471,6.98321085708879,-0.9585122151291748,-5.962027144229118
89,-1.6156739989866775,7.062565525919343,3.61786647161176,7.062565525919343,-0.9694043993920061,-6.029777452686267
90,-1.6338276394247304,7.141920194749898,3.65851665668605,7.141920194749898,-0.9802965836548378,-6.097527761143417
91,-1.6519812798627824,7.221274863580451,3.6991668417603383,7.221274863580451,-0.9911887679176691,-6.165278069600564
92,-1.670134920300835,7.300629532411006,3.739817026834628,7.300629532411006,-1.0020809521805005,-6.233028378057713
93,-1.688288560738888,7.379984201241561,3.7804672119089178,7.379984201241561,-1.0129731364433323,-6.300778686514863
94,-1.7064422011769405,7.4593388700721155,3.8211173969832077,7.4593388700721155,-1.0238653207061639,-6.368528994972013
95,-1.7245958416149934,7.53869353890267,3.8617675820574977,7.53869353890267,-1.0347575049689954,-6.4362793034291625
96,-1.7427494820530454,7.618048207733223,3.902417767131786,7.618048207733223,-1.0456496892318268,-6.50402961188631
97,-1.760903122491098,7.697402876563778,3.943067952206075,7.697402876563778,-1.0565418734946583,-6.571779920343459
98,-1.7790567629291507,7.776757545394332,3.983718137280366,7.776757545394332,-1.0674340577574901,-6.639530228800609
99,-1.7972104033672034,7.856112214224887,4.024368322354655,7.856112214224887,-1.0783262420203217,-6.707280537257758
100,-1.8153640438052558,7.935466883055442,4.0650185074289436,7.935466883055442,-1.089218426283153,-6.775030845714906
101,-1.8335176842433083,8.014821551885996,4.105668692503234,8.014821551885996,-1.1001106105459844,-6.842781154172056
102,-1.8516713246813612,8.094176220716552,4.1463188775775235,8.094176220716552,-1.1110027948088161,-6.910531462629206
103,-1.8698249651194137,8.173530889547106,4.186969062651813,8.173530889547106,-1.1218949790716475,-6.978281771086355
104,-1.8879786055574659,8.252885558377658,4.227619247726101,8.252885558377658,-1.1327871633344788,-7.046032079543502
105,-1.9061322459955183,8.332240227208214,4.268269432800391,8.332240227208214,-1.1436793475973104,-7.113782388000652
106,-1.9242858864335708,8.411594896038768,4.30891961787468,8.411594896038768,-1.154571531860142,-7.1815326964578
107,-1.9424395268716237,8.490949564869322,4.34956980294897,8.490949564869322,-1.1654637161229737,-7.2492830049149495
108,-1.9605931673096761,8.570304233699877,4.39021998802326,8.570304233699877,-1.176355900385805,-7.317033313372099
109,-1.9787468077477288,8.649658902530431,4.430870173097549,8.649658902530431,-1.1872480846486366,-7.384783621829248
110,-1.9969004481857815,8.729013571360987,4.471520358171839,8.729013571360987,-1.1981402689114684,-7.452533930286398
111,-2.015054088623834,8.808368240191541,4.512170543246128,8.808368240191541,-1.2090324531742997,-7.520284238743546
112,-2.0332077290618864,8.887722909022095,4.552820728320418,8.887722909022095,-1.2199246374371313,-7.588034547200697
113,-2.051361369499939,8.967077577852649,4.5934709133947065,8.967077577852649,-1.2308168216999629,-7.655784855657845
114,-2.0695150099379918,9.046432246683203,4.634121098468996,9.046432246683203,-1.2417090059627944,-7.723535164114994
115,-2.087668650376044,9.125786915513759,4.6747712835432855,9.125786915513759,-1.2526011902256258,-7.791285472572143
116,-2.105822290814097,9.205141584344313,4.715421468617576,9.205141584344313,-1.2634933744884576,-7.859035781029293
117,-2.1239759312521493,9.284496253174868,4.756071653691865,9.284496253174868,-1.2743855587512891,-7.926786089486441
118,-2.142129571690202,9.36385092200542,4.796721838766154,9.36385092200542,-1.2852777430141207,-7.99453639794359
119,-2.1602832121282547,9.443205590835976,4.837372023840444,9.443205590835976,-1.296169927276952,-8.062286706400739
120,-2.178436852566307,9.522560259666529,4.878022208914732,9.522560259666529,-1.3070621115397834,-8.130037014857887
121,-2.1965904930043596,9.601914928497084,4.918672393989022,9.601914928497084,-1.3179542958026151,-8.197787323315037
122,-2.2147441334424123,9.681269597327638,4.959322579063312,9.681269597327638,-1.3288464800654467,-8.265537631772187
123,-2.2328977738804645,9.760624266158192,4.999972764137601,9.760624266158192,-1.339738664328278,-8.333287940229335
124,-2.251051414318517,9.839978934988748,5.04062294921189,9.839978934988748,-1.3506308485911096,-8.401038248686483
125,-2.2692050547565694,9.919333603819302,5.08127313428618,9.919333603819302,-1.3615230328539412,-8.468788557143633
126,-2.287358695194622,9.998688272649856,5.121923319360469,9.998688272649856,-1.3724152171167727,-8.536538865600782
127,-2.3055123356326748,10.07804294148041,5.162573504434758,10.07804294148041,-1.383307401379604,-8.60428917405793
128,-2.3236659760707274,10.157397610310966,5.2032236895090485,10.157397610310966,-1.3941995856424358,-8.67203948251508
129,-2.3418196165087797,10.23675227914152,5.243873874583337,10.23675227914152,-1.4050917699052672,-8.739789790972228
130,-2.3599732569468324,10.316106947972074,5.2845240596576275,10.316106947972074,-1.415983954168099,-8.807540099429378
131,-2.378126897384885,10.395461616802628,5.325174244731916,10.395461616802628,-1.4268761384309303,-8.875290407886528
132,-2.3962805378229377,10.474816285633182,5.365824429806206,10.474816285633182,-1.4377683226937619,-8.943040716343678
133,-2.4144341782609904,10.554170954463737,5.406474614880496,10.554170954463737,-1.4486605069565937,-9.010791024800827
134,-2.4325878186990426,10.633525623294291,5.447124799954784,10.633525623294291,-1.459552691219425,-9.078541333257974
135,-2.4507414591370953,10.712880292124847,5.487774985029074,10.712880292124847,-1.4704448754822566,-9.146291641715123
136,-2.468895099575148,10.792234960955401,5.528425170103364,10.792234960955401,-1.4813370597450881,-9.214041950172273
137,-2.4870487400132006,10.871589629785955,5.569075355177654,10.871589629785955,-1.49222924400792,-9.281792258629423
138,-2.505202380451253,10.950944298616509,5.609725540251942,10.950944298616509,-1.503121428270751,-9.349542567086571
139,-2.5233560208893056,11.030298967447063,5.650375725326232,11.030298967447063,-1.5140136125335826,-9.41729287554372
140,-2.5415096613273582,11.109653636277619,5.691025910400522,11.109653636277619,-1.5249057967964144,-9.48504318400087
141,-2.5596633017654105,11.189008305108173,5.7316760954748105,11.189008305108173,-1.5357979810592455,-9.552793492458017
142,-2.5778169422034636,11.268362973938729,5.772326280549101,11.268362973938729,-1.5466901653220775,-9.620543800915168
143,-2.595970582641516,11.347717642769283,5.81297646562339,11.347717642769283,-1.5575823495849086,-9.688294109372316
144,-2.6141242230795685,11.427072311599836,5.85362665069768,11.427072311599836,-1.5684745338477404,-9.756044417829466
145,-2.632277863517621,11.50642698043039,5.8942768357719695,11.50642698043039,-1.579366718110572,-9.823794726286614
146,-2.6504315039556734,11.585781649260944,5.934927020846258,11.585781649260944,-1.590258902373403,-9.891545034743764
147,-2.668585144393726,11.6651363180915,5.975577205920548,11.6651363180915,-1.6011510866362348,-9.959295343200914
148,-2.6867387848317787,11.744490986922054,6.016227390994837,11.744490986922054,-1.6120432708990664,-10.027045651658062
149,-2.7048924252698314,11.82384565575261,6.056877576069128,11.82384565575261,-1.6229354551618982,-10.094795960115214
150,-2.7230460657078837,11.903200324583164,6.097527761143416,11.903200324583164,-1.6338276394247293,-10.16254626857236
151,-2.7411997061459368,11.982554993413718,6.138177946217706,11.982554993413718,-1.644719823687561,-10.23029657702951
152,-2.759353346583989,12.061909662244272,6.178828131291995,12.061909662244272,-1.6556120079503927,-10.29804688548666
153,-2.7775069870220417,12.141264331074826,6.219478316366285,12.141264331074826,-1.6665041922132242,-10.36579719394381
154,-2.795660627460094,12.22061899990538,6.260128501440573,12.22061899990538,-1.6773963764760553,-10.433547502400955
155,-2.813814267898146,12.299973668735934,6.300778686514861,12.299973668735934,-1.6882885607388867,-10.501297810858103
156,-2.8319679083361993,12.379328337566488,6.341428871589153,12.379328337566488,-1.6991807450017187,-10.569048119315255
157,-2.8501215487742515,12.458683006397042,6.382079056663441,12.458683006397042,-1.71007292926455,-10.636798427772403
158,-2.868275189212304,12.538037675227597,6.4227292417377315,12.538037675227597,-1.7209651135273816,-10.704548736229553
159,-2.886428829650357,12.617392344058151,6.463379426812021,12.617392344058151,-1.7318572977902131,-10.772299044686703
160,-2.9045824700884095,12.696747012888707,6.5040296118863115,12.696747012888707,-1.742749482053045,-10.840049353143852
161,-2.922736110526462,12.776101681719261,6.5446797969606,12.776101681719261,-1.7536416663158765,-10.907799661601
162,-2.940889750964514,12.855456350549815,6.585329982034889,12.855456350549815,-1.7645338505787076,-10.975549970058147
163,-2.959043391402567,12.93481101938037,6.625980167109179,12.93481101938037,-1.7754260348415394,-11.043300278515298
164,-2.9771970318406193,13.014165688210923,6.666630352183469,13.014165688210923,-1.786318219104371,-11.111050586972446
165,-2.995350672278672,13.093520357041479,6.707280537257757,13.093520357041479,-1.7972104033672025,-11.178800895429596
166,-3.0135043127167247,13.172875025872033,6.747930722332047,13.172875025872033,-1.8081025876300338,-11.246551203886746
167,-3.0316579531547774,13.252229694702589,6.788580907406337,13.252229694702589,-1.8189947718928656,-11.314301512343896
168,-3.0498115935928296,13.331584363533143,6.829231092480626,13.331584363533143,-1.829886956155697,-11.382051820801042
169,-3.0679652340308823,13.410939032363697,6.8698812775549145,13.410939032363697,-1.8407791404185285,-11.449802129258192
170,-3.086118874468935,13.49029370119425,6.910531462629205,13.49029370119425,-1.85167132468136,-11.517552437715342
171,-3.1042725149069876,13.569648370024805,6.9511816477034944,13.569648370024805,-1.8625635089441916,-11.585302746172491
172,-3.1224261553450403,13.64900303885536,6.991831832777784,13.64900303885536,-1.8734556932070234,-11.653053054629641
173,-3.1405797957830925,13.728357707685914,7.0324820178520735,13.728357707685914,-1.8843478774698545,-11.72080336308679
174,-3.158733436221145,13.80771237651647,7.073132202926363,13.80771237651647,-1.895240061732686,-11.788553671543939
175,-3.1768870766591975,13.887067045347024,7.1137823880006525,13.887067045347024,-1.9061322459955177,-11.856303980001087
176,-3.1950407170972506,13.96642171417758,7.154432573074942,13.96642171417758,-1.9170244302583497,-11.924054288458237
177,-3.2131943575353024,14.045776383008132,7.195082758149232,14.045776383008132,-1.9279166145211808,-11.991804596915385
178,-3.231347997973355,14.125131051838686,7.23573294322352,14.125131051838686,-1.9388087987840121,-12.059554905372535
179,-3.2495016384114077,14.204485720669242,7.27638312829781,14.204485720669242,-1.9497009830468437,-12.127305213829683
180,-3.267655278849461,14.283840389499796,7.3170333133721,14.283840389499796,-1.9605931673096757,-12.195055522286834
181,-3.2858089192875126,14.36319505833035,7.357683498446389,14.36319505833035,-1.9714853515725066,-12.26280583074398
182,-3.303962559725565,14.442549727160902,7.3983336835206766,14.442549727160902,-1.9823775358353382,-12.330556139201128
183,-3.3221162001636175,14.52190439599146,7.438983868594968,14.52190439599146,-1.9932697200981697,-12.398306447658278
184,-3.34026984060167,14.601259064822012,7.479634053669256,14.601259064822012,-2.004161904361001,-12.466056756115426
185,-3.3584234810397224,14.680613733652566,7.520284238743546,14.680613733652566,-2.015054088623833,-12.533807064572578
186,-3.376577121477776,14.759968402483121,7.5609344238178355,14.759968402483121,-2.0259462728866646,-12.601557373029726
187,-3.394730761915828,14.839323071313675,7.601584608892125,14.839323071313675,-2.0368384571494955,-12.669307681486874
188,-3.412884402353881,14.918677740144231,7.6422347939664155,14.918677740144231,-2.0477306414123277,-12.737057989944025
189,-3.4310380427919327,14.998032408974783,7.682884979040702,14.998032408974783,-2.0586228256751586,-12.804808298401172
190,-3.4491916832299867,15.07738707780534,7.723535164114995,15.07738707780534,-2.069515009937991,-12.872558606858325
191,-3.4673453236680385,15.156741746635893,7.764185349189282,15.156741746635893,-2.080407194200822,-12.940308915315471
192,-3.4854989641060907,15.236096415466447,7.804835534263572,15.236096415466447,-2.0912993784636535,-13.00805922377262
193,-3.5036526045441434,15.315451084297003,7.845485719337862,15.315451084297003,-2.1021915627264853,-13.075809532229771
194,-3.521806244982196,15.394805753127557,7.88613590441215,15.394805753127557,-2.1130837469893167,-13.143559840686917
195,-3.5399598854202483,15.474160421958112,7.92678608948644,15.474160421958112,-2.123975931252148,-13.211310149144067
196,-3.5581135258583014,15.553515090788665,7.967436274560732,15.553515090788665,-2.1348681155149802,-13.279060457601219
197,-3.576267166296354,15.632869759619222,8.00808645963502,15.632869759619222,-2.1457602997778116,-13.346810766058367
198,-3.594420806734407,15.712224428449774,8.04873664470931,15.712224428449774,-2.1566524840406434,-13.414561074515516
199,-3.612574447172459,15.79157909728033,8.0893868297836,15.79157909728033,-2.1675446683034747,-13.482311382972668
200,-3.6307280876105117,15.870933766110884,8.130037014857887,15.870933766110884,-2.178436852566306,-13.550061691429812
201,-3.648881728048564,15.950288434941438,8.170687199932178,15.950288434941438,-2.189329036829138,-13.617811999886964
202,-3.6670353684866166,16.029643103771992,8.211337385006468,16.029643103771992,-2.2002212210919687,-13.685562308344112
203,-3.6851890089246693,16.108997772602546,8.251987570080757,16.108997772602546,-2.2111134053548005,-13.75331261680126
204,-3.7033426493627224,16.188352441433103,8.292637755155047,16.188352441433103,-2.2220055896176323,-13.821062925258412
205,-3.721496289800774,16.267707110263657,8.333287940229335,16.267707110263657,-2.2328977738804636,-13.888813233715558
206,-3.7396499302388273,16.34706177909421,8.373938125303626,16.34706177909421,-2.243789958143295,-13.95656354217271
207,-3.757803570676879,16.426416447924765,8.414588310377914,16.426416447924765,-2.2546821424061267,-14.024313850629857
208,-3.7759572111149318,16.505771116755316,8.455238495452202,16.505771116755316,-2.2655743266689576,-14.092064159087004
209,-3.7941108515529844,16.585125785585873,8.495888680526493,16.585125785585873,-2.27646651093179,-14.159814467544155
210,-3.8122644919910367,16.664480454416427,8.536538865600782,16.664480454416427,-2.2873586951946208,-14.227564776001303
211,-3.8304181324290894,16.74383512324698,8.57718905067507,16.74383512324698,-2.2982508794574525,-14.295315084458451
212,-3.8485717728671416,16.823189792077535,8.61783923574936,16.823189792077535,-2.309143063720284,-14.3630653929156
213,-3.8667254133051943,16.90254446090809,8.658489420823651,16.90254446090809,-2.3200352479831157,-14.430815701372751
214,-3.8848790537432474,16.981899129738643,8.69913960589794,16.981899129738643,-2.3309274322459475,-14.498566009829899
215,-3.903032694181299,17.061253798569197,8.739789790972228,17.061253798569197,-2.341819616508779,-14.566316318287049
216,-3.9211863346193523,17.140608467399755,8.78043997604652,17.140608467399755,-2.35271180077161,-14.634066626744199
217,-3.939339975057404,17.21996313623031,8.821090161120807,17.21996313623031,-2.363603985034442,-14.701816935201345
218,-3.9574936154954576,17.299317805060863,8.861740346195099,17.299317805060863,-2.3744961692972733,-14.769567243658496
219,-3.97564725593351,17.378672473891417,8.902390531269388,17.378672473891417,-2.385388353560105,-14.837317552115648
220,-3.993800896371563,17.458027142721974,8.943040716343678,17.458027142721974,-2.396280537822937,-14.905067860572796
221,-4.011954536809615,17.537381811552525,8.983690901417967,17.537381811552525,-2.407172722085768,-14.972818169029944
222,-4.030108177247668,17.616736480383082,9.024341086492257,17.616736480383082,-2.4180649063485995,-15.040568477487092
223,-4.04826181768572,17.696091149213636,9.064991271566544,17.696091149213636,-2.4289570906114313,-15.108318785944242
224,-4.066415458123773,17.77544581804419,9.105641456640836,17.77544581804419,-2.4398492748742626,-15.176069094401393
225,-4.0845690985618255,17.854800486874744,9.146291641715125,17.854800486874744,-2.4507414591370944,-15.243819402858541
226,-4.102722738999878,17.934155155705298,9.186941826789413,17.934155155705298,-2.4616336433999257,-15.31156971131569
227,-4.120876379437931,18.013509824535852,9.227592011863704,18.013509824535852,-2.4725258276627575,-15.379320019772841
228,-4.1390300198759835,18.092864493366406,9.268242196937992,18.092864493366406,-2.483418011925589,-15.447070328229987
229,-4.157183660314036,18.172219162196964,9.308892382012283,18.172219162196964,-2.4943101961884206,-15.514820636687137
230,-4.175337300752088,18.251573831027518,9.349542567086571,18.251573831027518,-2.5052023804512515,-15.582570945144287
231,-4.193490941190141,18.33092849985807,9.39019275216086,18.33092849985807,-2.5160945647140838,-15.650321253601435
232,-4.211644581628194,18.410283168688625,9.430842937235152,18.410283168688625,-2.526986748976915,-15.718071562058586
233,-4.229798222066246,18.48963783751918,9.471493122309441,18.48963783751918,-2.537878933239747,-15.785821870515734
234,-4.247951862504299,18.568992506349737,9.51214330738373,18.568992506349737,-2.5487711175025782,-15.853572178972883
235,-4.2661055029423505,18.648347175180287,9.552793492458019,18.648347175180287,-2.5596633017654096,-15.92132248743003
236,-4.284259143380404,18.72770184401084,9.593443677532308,18.72770184401084,-2.5705554860282414,-15.98907279588718
237,-4.302412783818456,18.807056512841395,9.634093862606598,18.807056512841395,-2.5814476702910727,-16.05682310434433
238,-4.320566424256509,18.886411181671953,9.674744047680887,18.886411181671953,-2.592339854553904,-16.124573412801478
239,-4.338720064694561,18.965765850502507,9.715394232755175,18.965765850502507,-2.603232038816736,-16.192323721258624
240,-4.356873705132614,19.045120519333057,9.756044417829465,19.045120519333057,-2.6141242230795667,-16.260074029715774
241,-4.375027345570666,19.124475188163615,9.796694602903756,19.124475188163615,-2.6250164073423985,-16.327824338172924
242,-4.393180986008719,19.20382985699417,9.837344787978044,19.20382985699417,-2.6359085916052303,-16.395574646630074
243,-4.411334626446772,19.283184525824723,9.877994973052335,19.283184525824723,-2.646800775868062,-16.463324955087224
244,-4.4294882668848246,19.362539194655277,9.918645158126624,19.362539194655277,-2.6576929601308934,-16.531075263544373
245,-4.447641907322876,19.441893863485834,9.959295343200912,19.441893863485834,-2.6685851443937247,-16.598825572001523
246,-4.465795547760929,19.521248532316385,9.999945528275202,19.521248532316385,-2.679477328656556,-16.66657588045867
247,-4.483949188198981,19.60060320114694,10.040595713349491,19.60060320114694,-2.6903695129193874,-16.73432618891582
248,-4.502102828637034,19.679957869977496,10.08124589842378,19.679957869977496,-2.701261697182219,-16.802076497372965
249,-4.520256469075087,19.75931253880805,10.12189608349807,19.75931253880805,-2.712153881445051,-16.86982680583012
250,-4.538410109513139,19.838667207638604,10.16254626857236,19.838667207638604,-2.7230460657078823,-16.937577114287265
251,-4.556563749951191,19.918021876469155,10.203196453646648,19.918021876469155,-2.733938249970713,-17.00532742274441
252,-4.574717390389244,19.997376545299712,10.243846638720939,19.997376545299712,-2.7448304342335454,-17.073077731201565
253,-4.592871030827298,20.07673121413027,10.284496823795228,20.07673121413027,-2.7557226184963772,-17.140828039658714
254,-4.6110246712653495,20.15608588296082,10.325147008869516,20.15608588296082,-2.766614802759208,-17.20857834811586
255,-4.629178311703401,20.235440551791374,10.365797193943807,20.235440551791374,-2.77750698702204,-17.27632865657301
256,-4.647331952141455,20.31479522062193,10.406447379018097,20.31479522062193,-2.7883991712848717,-17.34407896503016
257,-4.665485592579507,20.394149889452482,10.447097564092385,20.394149889452482,-2.7992913555477026,-17.41182927348731
258,-4.683639233017559,20.47350455828304,10.487747749166674,20.47350455828304,-2.8101835398105344,-17.479579581944456
259,-4.701792873455613,20.552859227113593,10.528397934240965,20.552859227113593,-2.821075724073366,-17.54732989040161
260,-4.719946513893665,20.632213895944147,10.569048119315255,20.632213895944147,-2.831967908336198,-17.615080198858756
261,-4.7381001543317165,20.7115685647747,10.609698304389543,20.7115685647747,-2.842860092599029,-17.682830507315906
262,-4.75625379476977,20.790923233605255,10.650348489463832,20.790923233605255,-2.8537522768618606,-17.750580815773056
263,-4.774407435207823,20.870277902435813,10.690998674538124,20.870277902435813,-2.8646444611246924,-17.818331124230205
264,-4.792561075645875,20.949632571266363,10.731648859612411,20.949632571266363,-2.8755366453875237,-17.886081432687355
265,-4.810714716083927,21.028987240096917,10.7722990446867,21.028987240096917,-2.886428829650355,-17.9538317411445
266,-4.828868356521981,21.108341908927475,10.812949229760992,21.108341908927475,-2.8973210139131873,-18.021582049601655
267,-4.847021996960033,21.187696577758032,10.853599414835283,21.187696577758032,-2.9082131981760186,-18.089332358058805
268,-4.865175637398085,21.267051246588583,10.894249599909568,21.267051246588583,-2.91910538243885,-18.157082666515947
269,-4.883329277836138,21.346405915419137,10.93489978498386,21.346405915419137,-2.9299975667016818,-18.2248329749731
270,-4.901482918274191,21.425760584249694,10.975549970058148,21.425760584249694,-2.940889750964513,-18.292583283430247
271,-4.919636558712242,21.505115253080245,11.016200155132438,21.505115253080245,-2.9517819352273444,-18.360333591887397
272,-4.937790199150296,21.584469921910802,11.056850340206728,21.584469921910802,-2.9626741194901762,-18.428083900344546
273,-4.955943839588349,21.663824590741356,11.097500525281017,21.663824590741356,-2.9735663037530076,-18.495834208801696
274,-4.974097480026401,21.74317925957191,11.138150710355308,21.74317925957191,-2.98445848801584,-18.563584517258846
275,-4.992251120464452,21.822533928402464,11.178800895429596,21.822533928402464,-2.9953506722786702,-18.631334825715992
276,-5.010404760902506,21.901888597233018,11.219451080503884,21.901888597233018,-3.006242856541502,-18.699085134173142
277,-5.028558401340559,21.981243266063576,11.260101265578177,21.981243266063576,-3.0171350408043343,-18.766835442630295
278,-5.046712041778611,22.060597934894126,11.300751450652465,22.060597934894126,-3.028027225067165,-18.83458575108744
279,-5.064865682216664,22.13995260372468,11.341401635726754,22.13995260372468,-3.038919409329997,-18.902336059544588
280,-5.0830193226547165,22.219307272555238,11.382051820801044,22.219307272555238,-3.0498115935928287,-18.97008636800174
281,-5.101172963092769,22.298661941385795,11.422702005875335,22.298661941385795,-3.06070377785566,-19.03783667645889
282,-5.119326603530821,22.378016610216346,11.463352190949621,22.378016610216346,-3.071595962118491,-19.105586984916034
283,-5.1374802439688745,22.4573712790469,11.504002376023912,22.4573712790469,-3.082488146381323,-19.173337293373187
284,-5.155633884406927,22.536725947877457,11.544652561098202,22.536725947877457,-3.093380330644155,-19.241087601830337
285,-5.173787524844978,22.616080616708008,11.58530274617249,22.616080616708008,-3.104272514906986,-19.308837910287483
286,-5.191941165283032,22.695435285538565,11.62595293124678,22.695435285538565,-3.115164699169817,-19.376588218744633
287,-5.210094805721084,22.77478995436912,11.666603116321069,22.77478995436912,-3.1260568834326494,-19.444338527201783
288,-5.228248446159137,22.854144623199673,11.70725330139536,22.854144623199673,-3.1369490676954808,-19.512088835658933
289,-5.246402086597189,22.933499292030227,11.74790348646965,22.933499292030227,-3.147841251958312,-19.579839144116082
290,-5.264555727035242,23.01285396086078,11.788553671543939,23.01285396086078,-3.158733436221144,-19.64758945257323
291,-5.282709367473294,23.09220862969134,11.829203856618227,23.09220862969134,-3.1696256204839752,-19.71533976103038
292,-5.300863007911347,23.17156329852189,11.869854041692516,23.17156329852189,-3.180517804746806,-19.78309006948753
293,-5.3190166483493995,23.250917967352443,11.910504226766806,23.250917967352443,-3.1914099890096383,-19.850840377944674
294,-5.337170288787452,23.330272636183,11.951154411841095,23.330272636183,-3.2023021732724697,-19.918590686401828
295,-5.355323929225505,23.409627305013558,11.991804596915387,23.409627305013558,-3.2131943575353015,-19.986340994858978
296,-5.3734775696635575,23.48898197384411,12.032454781989674,23.48898197384411,-3.224086541798133,-20.054091303316124
297,-5.39163121010161,23.568336642674662,12.073104967063966,23.568336642674662,-3.2349787260609646,-20.121841611773274
298,-5.409784850539663,23.64769131150522,12.113755152138255,23.64769131150522,-3.2458709103237964,-20.189591920230427
299,-5.4279384909777155,23.727045980335774,12.154405337212545,23.727045980335774,-3.256763094586628,-20.257342228687573
300,-5.446092131415767,23.806400649166328,12.195055522286832,23.806400649166328,-3.2676552788494586,-20.32509253714472
301,-5.46424577185382,23.885755317996882,12.235705707361124,23.885755317996882,-3.278547463112291,-20.392842845601873
302,-5.4823994122918736,23.965109986827436,12.276355892435411,23.965109986827436,-3.289439647375122,-20.46059315405902
303,-5.500553052729925,24.04446465565799,12.317006077509701,24.04446465565799,-3.300331831637954,-20.52834346251617
304,-5.518706693167978,24.123819324488544,12.35765626258399,24.123819324488544,-3.3112240159007853,-20.59609377097332
305,-5.53686033360603,24.203173993319098,12.39830644765828,24.203173993319098,-3.3221162001636166,-20.663844079430465
306,-5.555013974044083,24.28252866214965,12.43895663273257,24.28252866214965,-3.3330083844264484,-20.73159438788762
307,-5.573167614482134,24.361883330980202,12.479606817806856,24.361883330980202,-3.3439005686892793,-20.79934469634476
308,-5.591321254920188,24.44123799981076,12.520257002881147,24.44123799981076,-3.3547927529521107,-20.86709500480191
309,-5.60947489535824,24.520592668641314,12.560907187955438,24.520592668641314,-3.365684937214943,-20.93484531325906
310,-5.627628535796292,24.599947337471868,12.601557373029722,24.599947337471868,-3.3765771214777733,-21.002595621716207
311,-5.645782176234344,24.67930200630242,12.642207558104014,24.67930200630242,-3.3874693057406056,-21.070345930173357
312,-5.6639358166723985,24.758656675132976,12.682857743178307,24.758656675132976,-3.3983614900034373,-21.13809623863051
313,-5.68208945711045,24.838011343963533,12.723507928252594,24.838011343963533,-3.409253674266269,-21.20584654708766
314,-5.700243097548503,24.917366012794083,12.764158113326882,24.917366012794083,-3.4201458585291,-21.273596855544806
315,-5.718396737986555,24.99672068162464,12.804808298401174,24.99672068162464,-3.431038042791932,-21.341347164001956
316,-5.736550378424608,25.076075350455195,12.845458483475463,25.076075350455195,-3.441930227054763,-21.409097472459106
317,-5.75470401886266,25.155430019285745,12.886108668549753,25.155430019285745,-3.452822411317595,-21.476847780916252
318,-5.772857659300714,25.234784688116303,12.926758853624042,25.234784688116303,-3.4637145955804263,-21.544598089373405
319,-5.7910112997387655,25.31413935694686,12.967409038698332,25.31413935694686,-3.474606779843258,-21.61234839783055
320,-5.809164940176819,25.393494025777414,13.008059223772623,25.393494025777414,-3.48549896410609,-21.680098706287705
321,-5.82731858061487,25.472848694607965,13.048709408846907,25.472848694607965,-3.4963911483689203,-21.747849014744848
322,-5.845472221052924,25.552203363438522,13.0893595939212,25.552203363438522,-3.507283332631753,-21.815599323202
323,-5.863625861490976,25.631558032269076,13.13000977899549,25.631558032269076,-3.518175516894584,-21.88334963165915
324,-5.881779501929028,25.71091270109963,13.170659964069777,25.71091270109963,-3.529067701157415,-21.951099940116293
325,-5.899933142367081,25.790267369930184,13.211310149144067,25.790267369930184,-3.539959885420247,-22.018850248573447
326,-5.918086782805134,25.86962203876074,13.251960334218358,25.86962203876074,-3.5508520696830788,-22.086600557030597
327,-5.936240423243187,25.948976707591296,13.292610519292648,25.948976707591296,-3.56174425394591,-22.154350865487746
328,-5.954394063681239,26.028331376421846,13.333260704366937,26.028331376421846,-3.572636438208742,-22.222101173944893
329,-5.972547704119291,26.107686045252404,13.373910889441225,26.107686045252404,-3.5835286224715728,-22.289851482402042
330,-5.990701344557344,26.187040714082958,13.414561074515515,26.187040714082958,-3.594420806734405,-22.357601790859192
331,-6.008854984995396,26.266395382913508,13.455211259589804,26.266395382913508,-3.605312990997236,-22.42535209931634
332,-6.027008625433449,26.345750051744066,13.495861444664094,26.345750051744066,-3.6162051752600677,-22.493102407773492
333,-6.045162265871502,26.425104720574623,13.536511629738383,26.425104720574623,-3.6270973595228995,-22.560852716230638
334,-6.063315906309555,26.504459389405177,13.577161814812674,26.504459389405177,-3.6379895437857313,-22.62860302468779
335,-6.0814695467476065,26.583814058235728,13.617811999886962,26.583814058235728,-3.648881728048562,-22.696353333144938
336,-6.099623187185659,26.663168727066285,13.658462184961252,26.663168727066285,-3.659773912311394,-22.764103641602084
337,-6.117776827623713,26.74252339589684,13.699112370035543,26.74252339589684,-3.6706660965742257,-22.831853950059237
338,-6.135930468061765,26.821878064727393,13.739762555109829,26.821878064727393,-3.681558280837057,-22.899604258516383
339,-6.154084108499816,26.901232733557947,13.78041274018412,26.901232733557947,-3.6924504650998884,-22.967354566973533
340,-6.17223774893787,26.9805874023885,13.82106292525841,26.9805874023885,-3.70334264936272,-23.035104875430683
341,-6.190391389375923,27.05994207121906,13.8617131103327,27.05994207121906,-3.714234833625552,-23.102855183887833
342,-6.208545029813975,27.13929674004961,13.902363295406989,27.13929674004961,-3.7251270178883833,-23.170605492344983
343,-6.226698670252027,27.218651408880167,13.94301348048128,27.218651408880167,-3.7360192021512146,-23.238355800802132
344,-6.244852310690081,27.29800607771072,13.983663665555568,27.29800607771072,-3.746911386414047,-23.306106109259282
345,-6.263005951128134,27.377360746541278,14.02431385062986,27.377360746541278,-3.7578035706768786,-23.373856417716432
346,-6.281159591566185,27.45671541537183,14.064964035704147,27.45671541537183,-3.768695754939709,-23.44160672617358
347,-6.299313232004238,27.536070084202386,14.105614220778437,27.536070084202386,-3.779587939202541,-23.509357034630725
348,-6.31746687244229,27.61542475303294,14.146264405852726,27.61542475303294,-3.790480123465372,-23.577107343087878
349,-6.335620512880342,27.69477942186349,14.186914590927016,27.69477942186349,-3.801372307728204,-23.644857651545024
350,-6.353774153318395,27.774134090694048,14.227564776001305,27.774134090694048,-3.8122644919910353,-23.712607960002174
351,-6.3719277937564485,27.853488759524602,14.268214961075595,27.853488759524602,-3.8231566762538676,-23.780358268459327
352,-6.390081434194501,27.93284342835516,14.308865146149884,27.93284342835516,-3.8340488605166994,-23.848108576916474
353,-6.408235074632554,28.01219809718571,14.349515331224174,28.01219809718571,-3.8449410447795307,-23.915858885373623
354,-6.426388715070605,28.091552766016264,14.390165516298463,28.091552766016264,-3.8558332290423616,-23.98360919383077
355,-6.444542355508659,28.17090743484682,14.430815701372753,28.17090743484682,-3.866725413305194,-24.051359502287923
356,-6.46269599594671,28.250262103677372,14.47146588644704,28.250262103677372,-3.8776175975680243,-24.11910981074507
357,-6.480849636384764,28.32961677250793,14.512116071521332,28.32961677250793,-3.888509781830857,-24.18686011920222
358,-6.499003276822815,28.408971441338483,14.55276625659562,28.408971441338483,-3.8994019660936874,-24.254610427659365
359,-6.517156917260869,28.48832611016904,14.59341644166991,28.48832611016904,-3.9102941503565196,-24.32236073611652
360,-6.535310557698922,28.56768077899959,14.6340666267442,28.56768077899959,-3.9211863346193514,-24.39011104457367
361,-6.553464198136973,28.64703544783014,14.674716811818485,28.64703544783014,-3.932078518882181,-24.457861353030808
362,-6.571617838575025,28.7263901166607,14.715366996892778,28.7263901166607,-3.942970703145013,-24.52561166148796
363,-6.589771479013078,28.80574478549125,14.756017181967065,28.80574478549125,-3.953862887407845,-24.59336196994511
364,-6.60792511945113,28.885099454321804,14.796667367041353,28.885099454321804,-3.9647550716706763,-24.661112278402257
365,-6.626078759889184,28.96445412315236,14.837317552115646,28.96445412315236,-3.975647255933508,-24.72886258685941
366,-6.644232400327235,29.04380879198292,14.877967737189936,29.04380879198292,-3.9865394401963394,-24.796612895316557
367,-6.662386040765288,29.12316346081347,14.918617922264222,29.12316346081347,-3.9974316244591708,-24.864363203773703
368,-6.68053968120334,29.202518129644023,14.959268107338511,29.202518129644023,-4.008323808722002,-24.932113512230853
369,-6.698693321641394,29.28187279847458,14.999918292412803,29.28187279847458,-4.019215992984834,-24.999863820688002
370,-6.716846962079445,29.36122746730513,15.040568477487092,29.36122746730513,-4.030108177247666,-25.067614129145156
371,-6.735000602517499,29.44058213613569,15.081218662561382,29.44058213613569,-4.0410003615104975,-25.135364437602302
372,-6.753154242955552,29.519936804966243,15.121868847635671,29.519936804966243,-4.051892545773329,-25.203114746059452
373,-6.771307883393604,29.599291473796796,15.16251903270996,29.599291473796796,-4.06278473003616,-25.2708650545166
374,-6.789461523831656,29.67864614262735,15.20316921778425,29.67864614262735,-4.073676914298991,-25.338615362973748
375,-6.807615164269709,29.758000811457904,15.243819402858541,29.758000811457904,-4.084569098561824,-25.4063656714309
376,-6.825768804707762,29.837355480288462,15.284469587932831,29.837355480288462,-4.0954612828246555,-25.47411597988805
377,-6.8439224451458145,29.916710149119012,15.325119773007117,29.916710149119012,-4.106353467087486,-25.541866288345194
378,-6.862076085583865,29.996064817949566,15.365769958081405,29.996064817949566,-4.117245651350317,-25.609616596802343
379,-6.880229726021919,30.075419486780124,15.406420143155698,30.075419486780124,-4.12813783561315,-25.677366905259497
380,-6.898383366459973,30.15477415561068,15.44707032822999,30.15477415561068,-4.139030019875982,-25.74511721371665
381,-6.916537006898024,30.234128824441232,15.487720513304277,30.234128824441232,-4.149922204138812,-25.812867522173793
382,-6.934690647336077,30.313483493271786,15.528370698378565,30.313483493271786,-4.160814388401644,-25.880617830630943
383,-6.952844287774129,30.392838162102343,15.569020883452854,30.392838162102343,-4.171706572664476,-25.94836813908809
384,-6.9709979282121814,30.472192830932894,15.609671068527144,30.472192830932894,-4.182598756927307,-26.01611844754524
385,-6.989151568650236,30.55154749976345,15.650321253601437,30.55154749976345,-4.193490941190139,-26.083868756002392
386,-7.007305209088287,30.630902168594005,15.690971438675724,30.630902168594005,-4.204383125452971,-26.151619064459542
387,-7.0254588495263395,30.71025683742456,15.731621623750014,30.71025683742456,-4.2152753097158016,-26.219369372916688
388,-7.043612489964392,30.789611506255113,15.7722718088243,30.789611506255113,-4.226167493978633,-26.287119681373834
389,-7.061766130402446,30.868966175085667,15.812921993898591,30.868966175085667,-4.237059678241465,-26.354869989830988
390,-7.079919770840497,30.948320843916225,15.85357217897288,30.948320843916225,-4.247951862504296,-26.422620298288134
391,-7.098073411278551,31.02767551274678,15.894222364047174,31.02767551274678,-4.258844046767129,-26.49037060674529
392,-7.116227051716603,31.10703018157733,15.934872549121463,31.10703018157733,-4.2697362310299605,-26.558120915202437
393,-7.1343806921546555,31.186384850407887,15.97552273419575,31.186384850407887,-4.2806284152927905,-26.62587122365958
394,-7.152534332592708,31.265739519238444,16.01617291927004,31.265739519238444,-4.291520599555623,-26.693621532116733
395,-7.170687973030759,31.345094188068995,16.056823104344325,31.345094188068995,-4.302412783818454,-26.76137184057388
396,-7.188841613468814,31.42444885689955,16.09747328941862,31.42444885689955,-4.313304968081287,-26.829122149031033
397,-7.206995253906867,31.503803525730106,16.13812347449291,31.503803525730106,-4.324197152344118,-26.896872457488186
398,-7.225148894344918,31.58315819456066,16.1787736595672,31.58315819456066,-4.335089336606949,-26.964622765945336
399,-7.243302534782971,31.662512863391214,16.219423844641486,31.662512863391214,-4.345981520869781,-27.03237307440248
400,-7.261456175221023,31.741867532221768,16.260074029715774,31.741867532221768,-4.356873705132612,-27.100123382859625
401,-7.279609815659077,31.821222201052322,16.30072421479007,31.821222201052322,-4.367765889395444,-27.167873691316778
402,-7.297763456097128,31.900576869882876,16.341374399864357,31.900576869882876,-4.378658073658276,-27.235623999773928
403,-7.3159170965351805,31.97993153871343,16.382024584938645,31.97993153871343,-4.3895502579211065,-27.303374308231078
404,-7.334070736973233,32.059286207543984,16.422674770012936,32.059286207543984,-4.400442442183937,-27.371124616688224
405,-7.352224377411288,32.138640876374545,16.463324955087224,32.138640876374545,-4.41133462644677,-27.438874925145374
406,-7.3703780178493385,32.21799554520509,16.503975140161515,32.21799554520509,-4.422226810709601,-27.50662523360252
407,-7.388531658287391,32.297350214035646,16.544625325235803,32.297350214035646,-4.433118994972433,-27.57437554205967
408,-7.406685298725445,32.37670488286621,16.585275510310094,32.37670488286621,-4.444011179235265,-27.642125850516823
409,-7.4248389391634975,32.456059551696754,16.625925695384385,32.456059551696754,-4.4549033634980955,-27.709876158973973
410,-7.442992579601548,32.535414220527315,16.66657588045867,32.535414220527315,-4.465795547760927,-27.777626467431116
411,-7.461146220039601,32.61476888935787,16.707226065532957,32.61476888935787,-4.476687732023759,-27.845376775888266
412,-7.479299860477655,32.69412355818842,16.747876250607252,32.69412355818842,-4.48757991628659,-27.91312708434542
413,-7.497453500915707,32.77347822701898,16.78852643568154,32.77347822701898,-4.498472100549422,-27.980877392802565
414,-7.515607141353758,32.85283289584953,16.829176620755828,32.85283289584953,-4.5093642848122535,-28.048627701259715
415,-7.533760781791813,32.932187564680085,16.869826805830122,32.932187564680085,-4.520256469075086,-28.11637800971687
416,-7.5519144222298635,33.01154223351063,16.910476990904403,33.01154223351063,-4.531148653337915,-28.184128318174007
417,-7.570068062667914,33.090896902341186,16.951127175978694,33.090896902341186,-4.542040837600747,-28.251878626631154
418,-7.588221703105969,33.17025157117175,16.991777361052986,33.17025157117175,-4.55293302186358,-28.31962893508831
419,-7.606375343544021,33.2496062400023,17.032427546127273,33.2496062400023,-4.563825206126411,-28.387379243545457
420,-7.624528983982073,33.328960908832855,17.073077731201565,33.328960908832855,-4.5747173903892415,-28.455129552002607
421,-7.642682624420127,33.40831557766341,17.113727916275856,33.40831557766341,-4.585609574652074,-28.52287986045976
422,-7.660836264858179,33.48767024649396,17.15437810135014,33.48767024649396,-4.596501758914905,-28.590630168916903
423,-7.678989905296231,33.56702491532452,17.19502828642443,33.56702491532452,-4.607393943177737,-28.658380477374052
424,-7.697143545734283,33.64637958415507,17.23567847149872,33.64637958415507,-4.618286127440568,-28.7261307858312
425,-7.715297186172336,33.725734252985625,17.276328656573014,33.725734252985625,-4.6291783117033996,-28.793881094288352
426,-7.7334508266103885,33.80508892181618,17.316978841647302,33.80508892181618,-4.640070495966231,-28.861631402745502
427,-7.751604467048441,33.88444359064673,17.357629026721586,33.88444359064673,-4.650962680229063,-28.929381711202645
428,-7.769758107486495,33.96379825947729,17.39827921179588,33.96379825947729,-4.661854864491895,-28.997132019659798
429,-7.787911747924546,34.04315292830785,17.43892939687017,34.04315292830785,-4.672747048754726,-29.064882328116948
430,-7.806065388362598,34.122507597138394,17.479579581944456,34.122507597138394,-4.683639233017558,-29.132632636574098
431,-7.824219028800653,34.201862265968956,17.52022976701875,34.201862265968956,-4.694531417280389,-29.20038294503125
432,-7.842372669238705,34.28121693479951,17.56087995209304,34.28121693479951,-4.70542360154322,-29.268133253488397
433,-7.860526309676759,34.36057160363006,17.601530137167327,34.36057160363006,-4.716315785806053,-29.335883561945547
434,-7.878679950114808,34.43992627246062,17.642180322241614,34.43992627246062,-4.727207970068884,-29.40363387040269
435,-7.896833590552863,34.51928094129117,17.682830507315906,34.51928094129117,-4.738100154331716,-29.471384178859843
436,-7.914987230990915,34.598635610121725,17.723480692390197,34.598635610121725,-4.7489923385945465,-29.539134487316993
437,-7.933140871428969,34.67799027895228,17.76413087746449,34.67799027895228,-4.759884522857379,-29.606884795774146
438,-7.95129451186702,34.75734494778283,17.804781062538776,34.75734494778283,-4.77077670712021,-29.674635104231296
439,-7.969448152305072,34.83669961661339,17.845431247613064,34.83669961661339,-4.781668891383042,-29.74238541268844
440,-7.987601792743126,34.91605428544395,17.886081432687355,34.91605428544395,-4.792561075645874,-29.810135721145592
441,-8.005755433181177,34.995408954274495,17.92673161776164,34.995408954274495,-4.803453259908704,-29.877886029602735
442,-8.02390907361923,35.07476362310505,17.967381802835934,35.07476362310505,-4.814345444171536,-29.945636338059888
443,-8.042062714057284,35.15411829193561,18.008031987910226,35.15411829193561,-4.825237628434369,-30.01338664651704
444,-8.060216354495337,35.233472960766164,18.048682172984513,35.233472960766164,-4.836129812697199,-30.081136954974184
445,-8.078369994933388,35.31282762959671,18.0893323580588,35.31282762959671,-4.847021996960031,-30.148887263431334
446,-8.09652363537144,35.39218229842727,18.12998254313309,35.39218229842727,-4.857914181222863,-30.216637571888484
447,-8.114677275809495,35.471536967257826,18.170632728207384,35.471536967257826,-4.868806365485694,-30.284387880345637
448,-8.132830916247546,35.55089163608838,18.21128291328167,35.55089163608838,-4.879698549748525,-30.352138188802787
449,-8.150984556685598,35.630246304918934,18.25193309835596,35.630246304918934,-4.890590734011357,-30.419888497259933
450,-8.169138197123651,35.70960097374949,18.29258328343025,35.70960097374949,-4.901482918274189,-30.487638805717083
451,-8.187291837561704,35.78895564258004,18.333233468504538,35.78895564258004,-4.91237510253702,-30.55538911417423
452,-8.205445477999756,35.868310311410596,18.373883653578826,35.868310311410596,-4.9232672867998515,-30.62313942263138
453,-8.223599118437807,35.94766498024115,18.414533838653117,35.94766498024115,-4.934159471062683,-30.69088973108853
454,-8.241752758875862,36.027019649071704,18.45518402372741,36.027019649071704,-4.945051655325515,-30.758640039545682
455,-8.259906399313914,36.10637431790226,18.495834208801696,36.10637431790226,-4.955943839588346,-30.826390348002832
456,-8.278060039751967,36.18572898673281,18.536484393875984,36.18572898673281,-4.966836023851178,-30.894140656459975
457,-8.29621368019002,36.26508365556337,18.577134578950275,36.26508365556337,-4.9777282081140095,-30.961890964917128
458,-8.314367320628072,36.34443832439393,18.617784764024567,36.34443832439393,-4.988620392376841,-31.029641273374274
459,-8.332520961066123,36.42379299322448,18.658434949098854,36.42379299322448,-4.999512576639672,-31.097391581831424
460,-8.350674601504176,36.503147662055035,18.699085134173142,36.503147662055035,-5.010404760902503,-31.165141890288574
461,-8.36882824194223,36.58250233088559,18.739735319247433,36.58250233088559,-5.021296945165336,-31.23289219874572
462,-8.386981882380281,36.66185699971614,18.78038550432172,36.66185699971614,-5.0321891294281675,-31.30064250720287
463,-8.405135522818334,36.7412116685467,18.821035689396012,36.7412116685467,-5.0430813136909975,-31.368392815660016
464,-8.423289163256388,36.82056633737725,18.861685874470304,36.82056633737725,-5.05397349795383,-31.436143124117173
465,-8.44144280369444,36.899921006207805,18.90233605954459,36.899921006207805,-5.064865682216662,-31.50389343257432
466,-8.459596444132492,36.97927567503836,18.942986244618883,36.97927567503836,-5.075757866479494,-31.57164374103147
467,-8.477750084570545,37.05863034386891,18.983636429693167,37.05863034386891,-5.086650050742324,-31.63939404948861
468,-8.495903725008597,37.137985012699474,19.02428661476746,37.137985012699474,-5.0975422350051565,-31.707144357945765
469,-8.51405736544665,37.21733968153002,19.06493679984175,37.21733968153002,-5.108434419267988,-31.774894666402915
470,-8.532211005884701,37.296694350360575,19.105586984916037,37.296694350360575,-5.119326603530819,-31.84264497486006
471,-8.550364646322755,37.376049019191136,19.14623716999033,37.376049019191136,-5.130218787793651,-31.910395283317218
472,-8.568518286760808,37.45540368802168,19.186887355064616,37.45540368802168,-5.141110972056483,-31.97814559177436
473,-8.586671927198857,37.53475835685224,19.2275375401389,37.53475835685224,-5.152003156319313,-32.0458959002315
474,-8.604825567636912,37.61411302568279,19.268187725213195,37.61411302568279,-5.162895340582145,-32.11364620868866
475,-8.622979208074964,37.693467694513345,19.308837910287483,37.693467694513345,-5.173787524844976,-32.18139651714581
476,-8.641132848513019,37.772822363343906,19.349488095361774,37.772822363343906,-5.184679709107808,-32.249146825602956
477,-8.659286488951068,37.85217703217445,19.390138280436062,37.85217703217445,-5.195571893370639,-32.3168971340601
478,-8.677440129389122,37.931531701005014,19.43078846551035,37.931531701005014,-5.206464077633472,-32.38464744251725
479,-8.695593769827175,38.01088636983557,19.47143865058464,38.01088636983557,-5.2173562618963025,-32.452397750974406
480,-8.713747410265228,38.090241038666115,19.51208883565893,38.090241038666115,-5.228248446159133,-32.52014805943155
481,-8.731901050703279,38.169595707496676,19.55273902073322,38.169595707496676,-5.239140630421966,-32.5878983678887
482,-8.750054691141331,38.24895037632723,19.59338920580751,38.24895037632723,-5.250032814684797,-32.65564867634585
483,-8.768208331579386,38.328305045157784,19.634039390881803,38.328305045157784,-5.260924998947629,-32.723398984803005
484,-8.786361972017438,38.40765971398834,19.674689575956087,38.40765971398834,-5.2718171832104606,-32.79114929326015
485,-8.80451561245549,38.48701438281889,19.71533976103038,38.48701438281889,-5.282709367473292,-32.8588996017173
486,-8.822669252893544,38.566369051649446,19.75598994610467,38.566369051649446,-5.293601551736124,-32.92664991017445
487,-8.840822893331595,38.64572372048,19.796640131178954,38.64572372048,-5.304493735998954,-32.99440021863159
488,-8.858976533769649,38.72507838931055,19.83729031625325,38.72507838931055,-5.315385920261787,-33.06215052708875
489,-8.8771301742077,38.80443305814111,19.877940501327537,38.80443305814111,-5.326278104524619,-33.1299008355459
490,-8.895283814645753,38.88378772697167,19.918590686401824,38.88378772697167,-5.3371702887874495,-33.197651144003046
491,-8.913437455083805,38.963142395802215,19.959240871476116,38.963142395802215,-5.348062473050281,-33.26540145246019
492,-8.931591095521858,39.04249706463277,19.999891056550403,39.04249706463277,-5.358954657313112,-33.33315176091734
493,-8.94974473595991,39.12185173346333,20.040541241624695,39.12185173346333,-5.369846841575945,-33.400902069374496
494,-8.967898376397962,39.20120640229388,20.081191426698982,39.20120640229388,-5.380739025838775,-33.46865237783164
495,-8.986052016836016,39.28056107112444,20.12184161177327,39.28056107112444,-5.391631210101607,-33.53640268628879
496,-9.004205657274069,39.35991573995499,20.16249179684756,39.35991573995499,-5.402523394364438,-33.60415299474593
497,-9.022359297712121,39.439270408785546,20.203141981921853,39.439270408785546,-5.413415578627271,-33.67190330320309
498,-9.040512938150174,39.5186250776161,20.24379216699614,39.5186250776161,-5.424307762890102,-33.73965361166024
499,-9.058666578588227,39.597979746446654,20.284442352070432,39.597979746446654,-5.435199947152933,-33.80740392011739
500,0.0,0.0,0.0,0.0,-0.0,-0.0
501,-0.1307166894457176,0.5713994191406445,0.2927047958451722,0.5713994191406445,-0.07843001366743052,-0.48784132640862043
502,-0.2614333788914352,1.142798838281289,0.5854095916903445,1.142798838281289,-0.15686002733486104,-0.9756826528172409
503,-0.39215006833715266,1.7141982574219332,0.8781143875355165,1.7141982574219332,-0.23529004100229148,-1.463523979225861
504,-0.5228667577828704,2.285597676562578,1.170819183380689,2.285597676562578,-0.3137200546697221,-1.9513653056344817
505,-0.6535834472285877,2.856997095703222,1.463523979225861,2.856997095703222,-0.3921500683371525,-2.4392066320431014
506,-0.7843001366743053,3.4283965148438664,1.756228775071033,3.4283965148438664,-0.47058008200458296,-2.927047958451722
507,-0.9150168261200229,3.999795933984511,2.048933570916205,3.999795933984511,-0.5490100956720135,-3.4148892848603416
508,-1.0457335155657408,4.571195353125156,2.341638366761378,4.571195353125156,-0.6274401093394442,-3.9027306112689635
509,-1.176450205011458,5.1425947722658,2.63434316260655,5.1425947722658,-0.7058701230068745,-4.390571937677583
510,-1.3071668944571755,5.713994191406444,2.927047958451722,5.713994191406444,-0.784300136674305,-4.878413264086203
511,-1.4378835839028932,6.2853936105470884,3.219752754296894,6.2853936105470884,-0.8627301503417355,-5.366254590494823
512,-1.5686002733486106,6.856793029687733,3.512457550142066,6.856793029687733,-0.9411601640091659,-5.854095916903444
513,-1.6993169627943288,7.428192448828378,3.805162345987239,7.428192448828378,-1.0195901776765968,-6.341937243312065
514,-1.8300336522400458,7.999591867969022,4.09786714183241,7.999591867969022,-1.098020191344027,-6.829778569720683
515,-1.9607503416857635,8.570991287109667,4.390571937677582,8.570991287109667,-1.1764502050114574,-7.317619896129305
516,-2.0914670311314816,9.142390706250312,4.683276733522756,9.142390706250312,-1.2548802186788883,-7.805461222537927
517,-2.2221837205771986,9.713790125390956,4.975981529367928,9.713790125390956,-1.3333102323463186,-8.293302548946546
518,-2.352900410022916,10.2851895445316,5.2686863252131,10.2851895445316,-1.411740246013749,-8.781143875355166
519,-2.4836170994686335,10.856588963672243,5.561391121058271,10.856588963672243,-1.4901702596811794,-9.268985201763785
520,-2.614333788914351,11.427988382812888,5.854095916903444,11.427988382812888,-1.56860027334861,-9.756826528172406
521,-2.7450504783600693,11.999387801953533,6.146800712748617,11.999387801953533,-1.6470302870160407,-10.244667854581028
522,-2.8757671678057863,12.570787221094177,6.439505508593788,12.570787221094177,-1.725460300683471,-10.732509180989647
523,-3.006483857251504,13.14218664023482,6.73221030443896,13.14218664023482,-1.8038903143509015,-11.220350507398265
524,-3.1372005466972213,13.713586059375466,7.024915100284132,13.713586059375466,-1.8823203280183318,-11.708191833806888
525,-3.267917236142939,14.284985478516113,7.3176198961293055,14.284985478516113,-1.9607503416857628,-12.19603316021551
526,-3.3986339255886575,14.856384897656756,7.610324691974478,14.856384897656756,-2.0391803553531935,-12.68387448662413
527,-3.529350615034373,15.427784316797396,7.903029487819648,15.427784316797396,-2.117610369020623,-13.171715813032748
528,-3.6600673044800915,15.999183735938043,8.19573428366482,15.999183735938043,-2.196040382688054,-13.659557139441366
529,-3.7907839939258094,16.570583155078687,8.488439079509993,16.570583155078687,-2.274470396355485,-14.147398465849989
530,-3.921500683371527,17.141982574219334,8.781143875355164,17.141982574219334,-2.3529004100229147,-14.63523979225861
531,-4.052217372817244,17.713381993359977,9.073848671200338,17.713381993359977,-2.431330423690346,-15.123081118667232
532,-4.182934062262963,18.284781412500624,9.366553467045511,18.284781412500624,-2.5097604373577767,-15.610922445075854
533,-4.313650751708678,18.856180831641264,9.659258262890681,18.856180831641264,-2.5881904510252065,-16.098763771484467
534,-4.444367441154397,19.42758025078191,9.951963058735856,19.42758025078191,-2.6666204646926372,-16.58660509789309
535,-4.575084130600114,19.998979669922555,10.244667854581026,19.998979669922555,-2.745050478360067,-17.07444642430171
536,-4.705800820045832,20.5703790890632,10.5373726504262,20.5703790890632,-2.823480492027498,-17.562287750710333
537,-4.83651750949155,21.141778508203846,10.830077446271373,21.141778508203846,-2.901910505694929,-18.050129077118953
538,-4.967234198937267,21.713177927344486,11.122782242116543,21.713177927344486,-2.980340519362359,-18.53797040352757
539,-5.097950888382985,22.284577346485133,11.415487037961716,22.284577346485133,-3.0587705330297896,-19.025811729936194
540,-5.228667577828702,22.855976765625776,11.708191833806888,22.855976765625776,-3.13720054669722,-19.51365305634481
541,-5.35938426727442,23.42737618476642,12.00089662965206,23.42737618476642,-3.2156305603646507,-20.00149438275343
542,-5.490100956720139,23.998775603907067,12.293601425497235,23.998775603907067,-3.2940605740320814,-20.489335709162056
543,-5.620817646165855,24.57017502304771,12.586306221342404,24.57017502304771,-3.3724905876995117,-20.977177035570673
544,-5.751534335611573,25.141574442188354,12.879011017187576,25.141574442188354,-3.450920601366942,-21.465018361979293
545,-5.88225102505729,25.712973861328997,13.171715813032748,25.712973861328997,-3.5293506150343728,-21.952859688387914
546,-6.012967714503008,26.28437328046964,13.46442060887792,26.28437328046964,-3.607780628701803,-22.44070101479653
547,-6.1436844039487255,26.85577269961029,13.757125404723094,26.85577269961029,-3.686210642369234,-22.92854234120516
548,-6.2744010933944425,27.42717211875093,14.049830200568264,27.42717211875093,-3.7646406560366636,-23.416383667613776
549,-6.405117782840161,27.99857153789158,14.342534996413438,27.99857153789158,-3.843070669704095,-23.904224994022396
550,-6.535834472285878,28.569970957032226,14.635239792258611,28.569970957032226,-3.9215006833715256,-24.39206632043102
551,-6.666551161731596,29.141370376172866,14.927944588103783,29.141370376172866,-3.999930697038956,-24.879907646839637
552,-6.797267851177315,29.712769795313513,15.220649383948956,29.712769795313513,-4.078360710706387,-25.36774897324826
553,-6.927984540623032,30.284169214454156,15.513354179794126,30.284169214454156,-4.156790724373817,-25.85559029965688
554,-7.058701230068746,30.855568633594793,15.806058975639296,30.855568633594793,-4.235220738041246,-26.343431626065495
555,-7.189417919514465,31.426968052735443,16.09876377148447,31.426968052735443,-4.3136507517086775,-26.831272952474116
556,-7.320134608960183,31.998367471876087,16.39146856732964,31.998367471876087,-4.392080765376108,-27.319114278882733
557,-7.450851298405903,32.569766891016734,16.684173363174818,32.569766891016734,-4.470510779043539,-27.80695560529136
558,-7.581567987851619,33.141166310157374,16.976878159019986,33.141166310157374,-4.54894079271097,-28.294796931699977
559,-7.712284677297335,33.712565729298014,17.269582954865157,33.712565729298014,-4.6273708063784,-28.782638258108594
560,-7.843001366743054,34.28396514843867,17.56228775071033,34.28396514843867,-4.7058008200458294,-29.27047958451722
561,-7.973718056188773,34.85536456757931,17.854992546555504,34.85536456757931,-4.784230833713261,-29.75832091092584
562,-8.104434745634489,35.426763986719955,18.147697342400676,35.426763986719955,-4.862660847380692,-30.246162237334463
563,-8.235151435080207,35.9981634058606,18.44040213824585,35.9981634058606,-4.941090861048123,-30.734003563743084
564,-8.365868124525926,36.56956282500125,18.733106934091023,36.56956282500125,-5.019520874715553,-31.221844890151708
565,-8.49658481397164,37.14096224414189,19.02581172993619,37.14096224414189,-5.097950888382982,-31.709686216560318
566,-8.627301503417357,37.71236166328253,19.318516525781362,37.71236166328253,-5.176380902050413,-32.197527542968935
567,-8.758018192863076,38.283761082423176,19.611221321626537,38.283761082423176,-5.254810915717843,-32.68536886937756
568,-8.888734882308794,38.85516050156382,19.903926117471713,38.85516050156382,-5.3332409293852745,-33.17321019578618
569,-9.019451571754514,39.42655992070447,20.196630913316884,39.42655992070447,-5.411670943052706,-33.66105152219481
570,-9.150168261200228,39.99795933984511,20.489335709162052,39.99795933984511,-5.490100956720134,-34.14889284860342
571,-9.280884950645946,40.56935875898575,20.782040505007227,40.56935875898575,-5.568530970387566,-34.636734175012045
572,-9.411601640091664,41.1407581781264,21.0747453008524,41.1407581781264,-5.646960984054996,-35.124575501420665
573,-9.542318329537382,41.71215759726704,21.367450096697567,41.71215759726704,-5.725390997722426,-35.61241682782928
574,-9.6730350189831,42.28355701640769,21.660154892542746,42.28355701640769,-5.803821011389858,-36.100258154237906
575,-9.803751708428818,42.85495643554833,21.952859688387914,42.85495643554833,-5.882251025057288,-36.58809948064653
576,-9.934468397874534,43.42635585468897,22.245564484233086,43.42635585468897,-5.960681038724718,-37.07594080705514
577,-10.065185087320252,43.997755273829625,22.538269280078257,43.997755273829625,-6.0391110523921485,-37.56378213346376
578,-10.19590177676597,44.569154692970265,22.830974075923432,44.569154692970265,-6.117541066059579,-38.05162345987239
579,-10.326618466211688,45.140554112110905,23.1236788717686,45.140554112110905,-6.19597107972701,-38.539464786281
580,-10.457335155657404,45.71195353125155,23.416383667613776,45.71195353125155,-6.27440109339444,-39.02730611268962
581,-10.588051845103125,46.28335295039221,23.70908846345895,46.28335295039221,-6.3528311070618715,-39.51514743909825
582,-10.71876853454884,46.85475236953284,24.00179325930412,46.85475236953284,-6.431261120729301,-40.00298876550686
583,-10.849485223994556,47.42615178867348,24.294498055149287,47.42615178867348,-6.509691134396731,-40.490830091915484
584,-10.980201913440277,47.99755120781413,24.58720285099447,47.99755120781413,-6.588121148064163,-40.97867141832411
585,-11.110918602885992,48.56895062695477,24.879907646839634,48.56895062695477,-6.666551161731593,-41.466512744732725
586,-11.24163529233171,49.14035004609542,25.17261244268481,49.14035004609542,-6.744981175399023,-41.954354071141346
587,-11.37235198177743,49.71174946523607,25.46531723852998,49.71174946523607,-6.823411189066455,-42.44219539754997
588,-11.503068671223145,50.28314888437671,25.758022034375152,50.28314888437671,-6.901841202733884,-42.93003672395859
589,-11.633785360668861,50.854548303517355,26.050726830220327,50.854548303517355,-6.980271216401315,-43.41787805036721
590,-11.76450205011458,51.425947722657995,26.343431626065495,51.425947722657995,-7.0587012300687455,-43.90571937677583
591,-11.895218739560297,51.99734714179864,26.636136421910667,51.99734714179864,-7.1371312437361745,-44.39356070318444
592,-12.025935429006015,52.56874656093928,26.92884121775584,52.56874656093928,-7.215561257403606,-44.88140202959306
593,-12.156652118451735,53.140145980079936,27.22154601360102,53.140145980079936,-7.293991271071038,-45.3692433560017
594,-12.287368807897451,53.71154539922058,27.51425080944619,53.71154539922058,-7.372421284738468,-45.85708468241032
595,-12.418085497343167,54.282944818361216,27.806955605291357,54.282944818361216,-7.450851298405897,-46.34492600881892
596,-12.548802186788885,54.85434423750186,28.09966040113653,54.85434423750186,-7.529281312073327,-46.83276733522755
597,-12.679518876234605,55.42574365664251,28.392365196981707,55.42574365664251,-7.60771132574076,-47.32060866163618
598,-12.810235565680323,55.99714307578316,28.685069992826875,55.99714307578316,-7.68614133940819,-47.80844998804479
599,-12.940952255126037,56.5685424949238,28.977774788672047,56.5685424949238,-7.764571353075619,-48.29629131445341
600,-12.940952255126037,56.5685424949238,28.977774788672047,56.5685424949238,-7.764571353075619,-48.29629131445341
601,-12.940952255126037,56.5685424949238,28.977774788672047,56.5685424949238,-7.764571353075619,-48.29629131445341
602,-12.940952255126037,56.5685424949238,28.977774788672047,56.5685424949238,-7.764571353075619,-48.29629131445341
603,-12.940952255126037,56.5685424949238,28.977774788672047,56.5685424949238,-7.764571353075619,-48.29629131445341
604,-12.940952255126037,56.5685424949238,28.977774788672047,56.5685424949238,-7.764571353075619,-48.29629131445341
605,-12.940952255126037,56.5685424949238,28.977774788672047,56.5685424949238,-7.764571353075619,-48.29629131445341
606,-12.940952255126037,56.5685424949238,28.977774788672047,56.5685424949238,-7.764571353075619,-48.29629131445341
607,-12.940952255126037,56.5685424949238,28.977774788672047,56.5685424949238,-7.764571353075619,-48.29629131445341
608,-12.940952255126037,56.5685424949238,28.977774788672047,56.5685424949238,-7.764571353075619,-48.29629131445341
609,-12.940952255126037,56.5685424949238,28.977774788672047,56.5685424949238,-7.764571353075619,-48.29629131445341
610,-12.940952255126037,56.5685424949238,28.977774788672047,56.5685424949238,-7.764571353075619,-48.29629131445341
611,-12.940952255126037,56.5685424949238,28.977774788672047,56.5685424949238,-7.764571353075619,-48.29629131445341
612,-12.940952255126037,56.5685424949238,28.977774788672047,56.5685424949238,-7.764571353075619,-48.29629131445341
613,-12.940952255126037,56.5685424949238,28.977774788672047,56.5685424949238,-7.764571353075619,-48.29629131445341
614,-12.940952255126037,56.5685424949238,28.977774788672047,56.5685424949238,-7.764571353075619,-48.29629131445341
615,-12.940952255126037,56.5685424949238,28.977774788672047,56.5685424949238,-7.764571353075619,-48.29629131445341
616,-12.940952255126037,56.5685424949238,28.977774788672047,56.5685424949238,-7.764571353075619,-48.29629131445341
617,-12.940952255126037,56.5685424949238,28.977774788672047,56.5685424949238,-7.764571353075619,-48.29629131445341
618,-12.940952255126037,56.5685424949238,28.977774788672047,56.5685424949238,-7.764571353075619,-48.29629131445341
619,-12.940952255126037,56.5685424949238,28.977774788672047,56.5685424949238,-7.764571353075619,-48.29629131445341
620,-12.940952255126037,56.5685424949238,28.977774788672047,56.5685424949238,-7.764571353075619,-48.29629131445341
621,-12.940952255126037,56.5685424949238,28.977774788672047,56.5685424949238,-7.764571353075619,-48.29629131445341
622,-12.940952255126037,56.5685424949238,28.977774788672047,56.5685424949238,-7.764571353075619,-48.29629131445341
623,-12.940952255126037,56.5685424949238,28.977774788672047,56.5685424949238,-7.764571353075619,-48.29629131445341
624,-12.940952255126037,56.5685424949238,28.977774788672047,56.5685424949238,-7.764571353075619,-48.29629131445341
625,-12.940952255126037,56.5685424949238,28.977774788672047,56.5685424949238,-7.764571353075619,-48.29629131445341
626,-12.940952255126037,56.5685424949238,28.977774788672047,56.5685424949238,-7.764571353075619,-48.29629131445341
627,-12.940952255126037,56.5685424949238,28.977774788672047,56.5685424949238,-7.764571353075619,-48.29629131445341
628,-12.940952255126037,56.5685424949238,28.977774788672047,56.5685424949238,-7.764571353075619,-48.29629131445341
629,-12.940952255126037,56.5685424949238,28.977774788672047,56.5685424949238,-7.764571353075619,-48.29629131445341
630,-12.940952255126037,56.5685424949238,28.977774788672047,56.5685424949238,-7.764571353075619,-48.29629131445341
631,-12.940952255126037,56.5685424949238,28.977774788672047,56.5685424949238,-7.764571353075619,-48.29629131445341
632,-12.940952255126037,56.5685424949238,28.977774788672047,56.5685424949238,-7.764571353075619,-48.29629131445341
633,-12.940952255126037,56.5685424949238,28.977774788672047,56.5685424949238,-7.764571353075619,-48.29629131445341
634,-12.940952255126037,56.5685424949238,28.977774788672047,56.5685424949238,-7.764571353075619,-48.29629131445341
635,-12.940952255126037,56.5685424949238,28.977774788672047,56.5685424949238,-7.764571353075619,-48.29629131445341
636,-12.940952255126037,56.5685424949238,28.977774788672047,56.5685424949238,-7.764571353075619,-48.29629131445341
637,-12.940952255126037,56.5685424949238,28.977774788672047,56.5685424949238,-7.764571353075619,-48.29629131445341
638,-12.940952255126037,56.5685424949238,28.977774788672047,56.5685424949238,-7.764571353075619,-48.29629131445341
639,-12.940952255126037,56.5685424949238,28.977774788672047,56.5685424949238,-7.764571353075619,-48.29629131445341
640,-12.940952255126037,56.5685424949238,28.977774788672047,56.5685424949238,-7.764571353075619,-48.29629131445341
641,-12.940952255126037,56.5685424949238,28.977774788672047,56.5685424949238,-7.764571353075619,-48.29629131445341
642,-12.940952255126037,56.5685424949238,28.977774788672047,56.5685424949238,-7.764571353075619,-48.29629131445341
643,-12.940952255126037,56.5685424949238,28.977774788672047,56.5685424949238,-7.764571353075619,-48.29629131445341
644,-12.940952255126037,56.5685424949238,28.977774788672047,56.5685424949238,-7.764571353075619,-48.29629131445341
645,-12.940952255126037,56.5685424949238,28.977774788672047,56.5685424949238,-7.764571353075619,-48.29629131445341
646,-12.940952255126037,56.5685424949238,28.977774788672047,56.5685424949238,-7.764571353075619,-48.29629131445341
647,-12.940952255126037,56.5685424949238,28.977774788672047,56.5685424949238,-7.764571353075619,-48.29629131445341
648,-12.940952255126037,56.5685424949238,28.977774788672047,56.5685424949238,-7.764571353075619,-48.29629131445341
649,-12.940952255126037,56.5685424949238,28.977774788672047,56.5685424949238,-7.764571353075619,-48.29629131445341
650,-12.940952255126037,56.5685424949238,28.977774788672047,56.5685424949238,-7.764571353075619,-48.29629131445341
651,-12.940952255126037,56.5685424949238,28.977774788672047,56.5685424949238,-7.764571353075619,-48.29629131445341
652,-12.940952255126037,56.5685424949238,28.977774788672047,56.5685424949238,-7.764571353075619,-48.29629131445341
653,-12.940952255126037,56.5685424949238,28.977774788672047,56.5685424949238,-7.764571353075619,-48.29629131445341
654,-12.940952255126037,56.5685424949238,28.977774788672047,56.5685424949238,-7.764571353075619,-48.29629131445341
655,-12.940952255126037,56.5685424949238,28.977774788672047,56.5685424949238,-7.764571353075619,-48.29629131445341
656,-12.940952255126037,56.5685424949238,28.977774788672047,56.5685424949238,-7.764571353075619,-48.29629131445341
657,-12.940952255126037,56.5685424949238,28.977774788672047,56.5685424949238,-7.764571353075619,-48.29629131445341
658,-12.940952255126037,56.5685424949238,28.977774788672047,56.5685424949238,-7.764571353075619,-48.29629131445341
659,-12.940952255126037,56.5685424949238,28.977774788672047,56.5685424949238,-7.764571353075619,-48.29629131445341
660,-12.940952255126037,56.5685424949238,28.977774788672047,56.5685424949238,-7.764571353075619,-48.29629131445341
661,-12.940952255126037,56.5685424949238,28.977774788672047,56.5685424949238,-7.764571353075619,-48.29629131445341
662,-12.940952255126037,56.5685424949238,28.977774788672047,56.5685424949238,-7.764571353075619,-48.29629131445341
663,-12.940952255126037,56.5685424949238,28.977774788672047,56.5685424949238,-7.764571353075619,-48.29629131445341
664,-12.940952255126037,56.5685424949238,28.977774788672047,56.5685424949238,-7.764571353075619,-48.29629131445341
665,-12.940952255126037,56.5685424949238,28.977774788672047,56.5685424949238,-7.764571353075619,-48.29629131445341
666,-12.940952255126037,56.5685424949238,28.977774788672047,56.5685424949238,-7.764571353075619,-48.29629131445341
667,-12.940952255126037,56.5685424949238,28.977774788672047,56.5685424949238,-7.764571353075619,-48.29629131445341
668,-12.940952255126037,56.5685424949238,28.977774788672047,56.5685424949238,-7.764571353075619,-48.29629131445341
669,-12.940952255126037,56.5685424949238,28.977774788672047,56.5685424949238,-7.764571353075619,-48.29629131445341
670,-12.940952255126037,56.5685424949238,28.977774788672047,56.5685424949238,-7.764571353075619,-48.29629131445341
671,-12.940952255126037,56.5685424949238,28.977774788672047,56.5685424949238,-7.764571353075619,-48.29629131445341
672,-12.940952255126037,56.5685424949238,28.977774788672047,56.5685424949238,-7.764571353075619,-48.29629131445341
673,-12.940952255126037,56.5685424949238,28.977774788672047,56.5685424949238,-7.764571353075619,-48.29629131445341
674,-12.940952255126037,56.5685424949238,28.977774788672047,56.5685424949238,-7.764571353075619,-48.29629131445341
675,-12.940952255126037,56.5685424949238,28.977774788672047,56.5685424949238,-7.764571353075619,-48.29629131445341
676,-12.940952255126037,56.5685424949238,28.977774788672047,56.5685424949238,-7.764571353075619,-48.29629131445341
677,-12.940952255126037,56.5685424949238,28.977774788672047,56.5685424949238,-7.764571353075619,-48.29629131445341
678,-12.940952255126037,56.5685424949238,28.977774788672047,56.5685424949238,-7.764571353075619,-48.29629131445341
679,-12.940952255126037,56.5685424949238,28.977774788672047,56.5685424949238,-7.764571353075619,-48.29629131445341
680,-12.940952255126037,56.5685424949238,28.977774788672047,56.5685424949238,-7.764571353075619,-48.29629131445341
681,-12.940952255126037,56.5685424949238,28.977774788672047,56.5685424949238,-7.764571353075619,-48.29629131445341
682,-12.940952255126037,56.5685424949238,28.977774788672047,56.5685424949238,-7.764571353075619,-48.29629131445341
683,-12.940952255126037,56.5685424949238,28.977774788672047,56.5685424949238,-7.764571353075619,-48.29629131445341
684,-12.940952255126037,56.5685424949238,28.977774788672047,56.5685424949238,-7.764571353075619,-48.29629131445341
685,-12.940952255126037,56.5685424949238,28.977774788672047,56.5685424949238,-7.764571353075619,-48.29629131445341
686,-12.940952255126037,56.5685424949238,28.977774788672047,56.5685424949238,-7.764571353075619,-48.29629131445341
687,-12.940952255126037,56.5685424949238,28.977774788672047,56.5685424949238,-7.764571353075619,-48.29629131445341
688,-12.940952255126037,56.5685424949238,28.977774788672047,56.5685424949238,-7.764571353075619,-48.29629131445341
689,-12.940952255126037,56.5685424949238,28.977774788672047,56.5685424949238,-7.764571353075619,-48.29629131445341
690,-12.940952255126037,56.5685424949238,28.977774788672047,56.5685424949238,-7.764571353075619,-48.29629131445341
691,-12.940952255126037,56.5685424949238,28.977774788672047,56.5685424949238,-7.764571353075619,-48.29629131445341
692,-12.940952255126037,56.5685424949238,28.977774788672047,56.5685424949238,-7.764571353075619,-48.29629131445341
693,-12.940952255126037,56.5685424949238,28.977774788672047,56.5685424949238,-7.764571353075619,-48.29629131445341
694,-12.940952255126037,56.5685424949238,28.977774788672047,56.5685424949238,-7.764571353075619,-48.29629131445341
695,-12.940952255126037,56.5685424949238,28.977774788672047,56.5685424949238,-7.764571353075619,-48.29629131445341
696,-12.940952255126037,56.5685424949238,28.977774788672047,56.5685424949238,-7.764571353075619,-48.29629131445341
697,-12.940952255126037,56.5685424949238,28.977774788672047,56.5685424949238,-7.764571353075619,-48.29629131445341
698,-12.940952255126037,56.5685424949238,28.977774788672047,56.5685424949238,-7.764571353075619,-48.29629131445341
699,-12.940952255126037,56.5685424949238,28.977774788672047,56.5685424949238,-7.764571353075619,-48.29629131445341
700,-12.940952255126037,56.5685424949238,28.977774788672047,56.5685424949238,-7.764571353075619,-48.29629131445341
701,-12.927968022094138,56.51178475997906,28.94870009824863,56.51178475997906,-7.75678081325648,-48.24783349708105
702,-12.91498378906224,56.45502702503432,28.919625407825215,56.45502702503432,-7.74899027343734,-48.19937567970869
703,-12.901999556030342,56.39826929008958,28.890550717401798,56.39826929008958,-7.741199733618202,-48.15091786233633
704,-12.889015322998443,56.34151155514484,28.86147602697838,56.34151155514484,-7.733409193799062,-48.10246004496397
705,-12.876031089966544,56.2847538202001,28.832401336554966,56.2847538202001,-7.725618653979923,-48.05400222759161
706,-12.863046856934645,56.22799608525536,28.803326646131545,56.22799608525536,-7.717828114160784,-48.005544410219244
707,-12.850062623902748,56.171238350310624,28.77425195570813,56.171238350310624,-7.710037574341645,-47.957086592846885
708,-12.837078390870845,56.11448061536588,28.74517726528471,56.11448061536588,-7.702247034522504,-47.90862877547452
709,-12.824094157838948,56.05772288042114,28.716102574861296,56.05772288042114,-7.694456494703365,-47.86017095810216
710,-12.811109924807045,56.0009651454764,28.687027884437878,56.0009651454764,-7.686665954884225,-47.81171314072979
711,-12.798125691775148,55.94420741053166,28.65795319401446,55.94420741053166,-7.678875415065085,-47.763255323357434
712,-12.785141458743249,55.88744967558692,28.628878503591043,55.88744967558692,-7.6710848752459455,-47.714797505985075
713,-12.77215722571135,55.83069194064218,28.59980381316763,55.83069194064218,-7.663294335426807,-47.666339688612716
714,-12.759172992679451,55.773934205697444,28.57072912274421,55.773934205697444,-7.655503795607668,-47.61788187124035
715,-12.746188759647554,55.717176470752705,28.541654432320797,55.717176470752705,-7.647713255788529,-47.56942405386799
716,-12.733204526615655,55.660418735807966,28.51257974189738,55.660418735807966,-7.639922715969389,-47.52096623649563
717,-12.720220293583756,55.60366100086323,28.483505051473962,55.60366100086323,-7.63213217615025,-47.47250841912327
718,-12.707236060551857,55.54690326591849,28.454430361050548,55.54690326591849,-7.624341636331112,-47.42405060175091
719,-12.69425182751996,55.49014553097375,28.42535567062713,55.49014553097375,-7.616551096511972,-47.375592784378554
720,-12.681267594488057,55.43338779602901,28.39628098020371,55.43338779602901,-7.608760556692832,-47.32713496700619
721,-12.66828336145616,55.37663006108427,28.3672062897803,55.37663006108427,-7.600970016873694,-47.27867714963383
722,-12.65529912842426,55.31987232613953,28.338131599356878,55.31987232613953,-7.593179477054553,-47.23021933226146
723,-12.64231489539236,55.26311459119478,28.30905690893346,55.26311459119478,-7.585388937235412,-47.1817615148891
724,-12.629330662360461,55.20635685625004,28.279982218510042,55.20635685625004,-7.577598397416273,-47.13330369751674
725,-12.616346429328562,55.1495991213053,28.25090752808662,55.1495991213053,-7.569807857597134,-47.08484588014437
726,-12.603362196296663,55.09284138636056,28.221832837663207,55.09284138636056,-7.562017317777995,-47.03638806277201
727,-12.590377963264764,55.03608365141582,28.19275814723979,55.03608365141582,-7.554226777958855,-46.98793024539965
728,-12.577393730232863,54.97932591647108,28.16368345681638,54.97932591647108,-7.546436238139717,-46.939472428027294
729,-12.564409497200964,54.922568181526344,28.13460876639296,54.922568181526344,-7.538645698320575,-46.891014610654935
730,-12.551425264169067,54.865810446581605,28.105534075969544,54.865810446581605,-7.530855158501437,-46.842556793282576
731,-12.538441031137168,54.809052711636866,28.07645938554613,54.809052711636866,-7.523064618682297,-46.79409897591022
732,-12.52545679810527,54.75229497669213,28.047384695122712,54.75229497669213,-7.5152740788631585,-46.74564115853785
733,-12.51247256507337,54.69553724174739,28.018310004699295,54.69553724174739,-7.507483539044019,-46.69718334116549
734,-12.499488332041473,54.63877950680265,27.98923531427588,54.63877950680265,-7.49969299922488,-46.64872552379313
735,-12.486504099009572,54.58202177185791,27.96016062385246,54.58202177185791,-7.49190245940574,-46.600267706420766
736,-12.473519865977673,54.52526403691317,27.931085933429046,54.52526403691317,-7.484111919586601,-46.55180988904841
737,-12.460535632945776,54.46850630196843,27.902011243005628,54.46850630196843,-7.4763213797674615,-46.50335207167605
738,-12.447551399913873,54.411748567023686,27.872936552582207,54.411748567023686,-7.468530839948322,-46.45489425430368
739,-12.434567166881976,54.35499083207895,27.843861862158793,54.35499083207895,-7.460740300129183,-46.40643643693132
740,-12.421582933850075,54.29823309713421,27.81478717173537,54.29823309713421,-7.452949760310042,-46.357978619558956
741,-12.408598700818176,54.24147536218947,27.785712481311958,54.24147536218947,-7.445159220490903,-46.30952080218659
742,-12.39561446778628,54.18471762724473,27.75663779088854,54.18471762724473,-7.437368680671764,-46.26106298481423
743,-12.38263023475438,54.12795989229999,27.727563100465122,54.12795989229999,-7.429578140852625,-46.21260516744187
744,-12.369646001722481,54.07120215735525,27.69848841004171,54.07120215735525,-7.421787601033485,-46.16414735006951
745,-12.356661768690582,54.01444442241051,27.66941371961829,54.01444442241051,-7.413997061214347,-46.115689532697154
746,-12.343677535658683,53.957686687465774,27.640339029194873,53.957686687465774,-7.406206521395207,-46.067231715324795
747,-12.330693302626784,53.900928952521035,27.61126433877146,53.900928952521035,-7.3984159815760675,-46.01877389795243
748,-12.317709069594885,53.844171217576296,27.582189648348045,53.844171217576296,-7.390625441756928,-45.970316080580076
749,-12.304724836562988,53.78741348263156,27.553114957924628,53.78741348263156,-7.382834901937789,-45.92185826320772
750,-12.291740603531089,53.73065574768682,27.524040267501213,53.73065574768682,-7.37504436211865,-45.87340044583536
751,-12.278756370499188,53.67389801274208,27.494965577077792,53.67389801274208,-7.36725382229951,-45.82494262846299
752,-12.265772137467286,53.61714027779733,27.46589088665437,53.61714027779733,-7.359463282480369,-45.77648481109062
753,-12.252787904435388,53.560382542852594,27.436816196230957,53.560382542852594,-7.351672742661231,-45.72802699371826
754,-12.23980367140349,53.503624807907855,27.407741505807543,53.503624807907855,-7.3438822028420905,-45.6795691763459
755,-12.22681943837159,53.446867072963116,27.378666815384122,53.446867072963116,-7.336091663022951,-45.631111358973534
756,-12.213835205339691,53.39010933801838,27.349592124960704,53.39010933801838,-7.328301123203811,-45.582653541601175
757,-12.200850972307792,53.33335160307364,27.32051743453729,53.33335160307364,-7.320510583384673,-45.534195724228816
758,-12.187866739275895,53.2765938681289,27.291442744113873,53.2765938681289,-7.312720043565533,-45.48573790685646
759,-12.174882506243994,53.21983613318416,27.262368053690455,53.21983613318416,-7.304929503746394,-45.4372800894841
760,-12.161898273212095,53.16307839823942,27.23329336326704,53.16307839823942,-7.297138963927255,-45.38882227211173
761,-12.148914040180198,53.10632066329468,27.204218672843623,53.10632066329468,-7.289348424108115,-45.34036445473937
762,-12.135929807148297,53.04956292834994,27.175143982420206,53.04956292834994,-7.281557884288976,-45.291906637367006
763,-12.122945574116399,52.992805193405204,27.14606929199679,52.992805193405204,-7.273767344469836,-45.24344881999465
764,-12.109961341084501,52.936047458460465,27.11699460157337,52.936047458460465,-7.265976804650697,-45.19499100262229
765,-12.096977108052602,52.879289723515726,27.087919911149957,52.879289723515726,-7.258186264831558,-45.14653318524993
766,-12.083992875020702,52.82253198857099,27.05884522072654,52.82253198857099,-7.250395725012419,-45.09807536787756
767,-12.071008641988804,52.76577425362625,27.029770530303125,52.76577425362625,-7.24260518519328,-45.04961755050521
768,-12.058024408956905,52.70901651868151,27.00069583987971,52.70901651868151,-7.23481464537414,-45.00115973313285
769,-12.045040175925003,52.65225878373676,26.971621149456286,52.65225878373676,-7.227024105554999,-44.95270191576048
770,-12.032055942893106,52.59550104879202,26.942546459032872,52.59550104879202,-7.21923356573586,-44.90424409838812
771,-12.019071709861207,52.538743313847284,26.913471768609455,52.538743313847284,-7.21144302591672,-44.85578628101576
772,-12.006087476829308,52.481985578902545,26.884397078186037,52.481985578902545,-7.203652486097582,-44.8073284636434
773,-11.993103243797409,52.425227843957806,26.855322387762623,52.425227843957806,-7.195861946278442,-44.758870646271035
774,-11.98011901076551,52.36847010901307,26.826247697339205,52.36847010901307,-7.188071406459303,-44.710412828898676
775,-11.96713477773361,52.31171237406833,26.79717300691579,52.31171237406833,-7.180280866640163,-44.66195501152632
776,-11.954150544701712,52.25495463912359,26.768098316492374,52.25495463912359,-7.172490326821024,-44.61349719415396
777,-11.941166311669813,52.19819690417885,26.739023626068953,52.19819690417885,-7.164699787001884,-44.56503937678159
778,-11.928182078637914,52.14143916923411,26.70994893564554,52.14143916923411,-7.156909247182745,-44.51658155940923
779,-11.915197845606015,52.08468143428937,26.68087424522212,52.08468143428937,-7.1491187073636056,-44.468123742036866
780,-11.902213612574116,52.02792369934463,26.651799554798707,52.02792369934463,-7.141328167544467,-44.41966592466451
781,-11.889229379542217,51.971165964399894,26.62272486437529,51.971165964399894,-7.133537627725327,-44.37120810729215
782,-11.876245146510318,51.914408229455155,26.593650173951872,51.914408229455155,-7.125747087906189,-44.32275028991979
783,-11.863260913478417,51.85765049451041,26.56457548352845,51.85765049451041,-7.117956548087047,-44.274292472547415
784,-11.850276680446518,51.80089275956567,26.535500793105033,51.80089275956567,-7.110166008267908,-44.225834655175056
785,-11.83729244741462,51.74413502462093,26.50642610268162,51.74413502462093,-7.102375468448769,-44.177376837802704
786,-11.824308214382722,51.68737728967619,26.477351412258205,51.68737728967619,-7.094584928629629,-44.12891902043034
787,-11.81132398135082,51.63061955473145,26.448276721834787,51.63061955473145,-7.086794388810491,-44.08046120305798
788,-11.798339748318924,51.573861819786714,26.419202031411373,51.573861819786714,-7.079003848991351,-44.03200338568562
789,-11.785355515287025,51.517104084841975,26.390127340987956,51.517104084841975,-7.0712133091722125,-43.98354556831326
790,-11.772371282255126,51.460346349897236,26.361052650564538,51.460346349897236,-7.063422769353072,-43.9350877509409
791,-11.759387049223227,51.4035886149525,26.33197796014112,51.4035886149525,-7.055632229533932,-43.886629933568535
792,-11.746402816191328,51.34683088000776,26.302903269717703,51.34683088000776,-7.047841689714793,-43.83817211619617
793,-11.733418583159429,51.29007314506302,26.27382857929429,51.29007314506302,-7.040051149895654,-43.78971429882381
794,-11.72043435012753,51.23331541011828,26.24475388887087,51.23331541011828,-7.032260610076515,-43.74125648145145
795,-11.70745011709563,51.17655767517354,26.215679198447454,51.17655767517354,-7.024470070257376,-43.69279866407909
796,-11.694465884063732,51.1197999402288,26.18660450802404,51.1197999402288,-7.016679530438236,-43.64434084670673
797,-11.681481651031833,51.06304220528406,26.157529817600622,51.06304220528406,-7.008888990619097,-43.595883029334374
798,-11.668497417999934,51.006284470339324,26.128455127177205,51.006284470339324,-7.001098450799957,-43.54742521196201
799,-11.655513184968033,50.94952673539457,26.099380436753783,50.94952673539457,-6.993307910980817,-43.49896739458964
800,-11.642528951936134,50.89276900044983,26.070305746330366,50.89276900044983,-6.985517371161677,-43.450509577217275
801,-11.629544718904235,50.83601126550509,26.04123105590695,50.83601126550509,-6.9777268313425385,-43.402051759844916
802,-11.616560485872336,50.779253530560354,26.012156365483534,50.779253530560354,-6.969936291523399,-43.35359394247256
803,-11.603576252840437,50.722495795615615,25.983081675060117,50.722495795615615,-6.96214575170426,-43.3051361251002
804,-11.59059201980854,50.665738060670876,25.954006984636703,50.665738060670876,-6.95435521188512,-43.25667830772784
805,-11.577607786776639,50.60898032572614,25.924932294213285,50.60898032572614,-6.94656467206598,-43.20822049035547
806,-11.56462355374474,50.5522225907814,25.89585760378987,50.5522225907814,-6.9387741322468415,-43.15976267298311
807,-11.551639320712843,50.49546485583666,25.866782913366453,50.49546485583666,-6.930983592427702,-43.111304855610754
808,-11.538655087680942,50.43870712089192,25.837708222943036,50.43870712089192,-6.923193052608562,-43.062847038238395
809,-11.525670854649043,50.38194938594718,25.80863353251962,50.38194938594718,-6.915402512789424,-43.014389220866036
810,-11.512686621617146,50.32519165100244,25.779558842096204,50.32519165100244,-6.907611972970285,-42.96593140349367
811,-11.499702388585247,50.2684339160577,25.750484151672786,50.2684339160577,-6.8998214331511445,-42.91747358612131
812,-11.486718155553346,50.211676181112956,25.721409461249365,50.211676181112956,-6.892030893332004,-42.869015768748945
813,-11.473733922521447,50.15491844616822,25.692334770825948,50.15491844616822,-6.8842403535128645,-42.82055795137658
814,-11.460749689489548,50.09816071122348,25.663260080402534,50.09816071122348,-6.876449813693726,-42.77210013400422
815,-11.447765456457649,50.04140297627874,25.634185389979116,50.04140297627874,-6.868659273874586,-42.72364231663186
816,-11.43478122342575,49.984645241334,25.6051106995557,49.984645241334,-6.8608687340554475,-42.6751844992595
817,-11.421796990393851,49.92788750638926,25.576036009132284,49.92788750638926,-6.853078194236308,-42.62672668188714
818,-11.408812757361952,49.87112977144452,25.546961318708867,49.87112977144452,-6.845287654417168,-42.578268864514776
819,-11.395828524330053,49.81437203649978,25.51788662828545,49.81437203649978,-6.837497114598028,-42.52981104714241
820,-11.382844291298156,49.757614301555044,25.488811937862035,49.757614301555044,-6.82970657477889,-42.48135322977006
821,-11.369860058266255,49.700856566610305,25.459737247438614,49.700856566610305,-6.82191603495975,-42.43289541239769
822,-11.356875825234356,49.644098831665566,25.4306625570152,49.644098831665566,-6.814125495140611,-42.38443759502533
823,-11.343891592202457,49.58734109672083,25.401587866591782,49.58734109672083,-6.806334955321471,-42.33597977765297
824,-11.330907359170558,49.53058336177609,25.37251317616837,49.53058336177609,-6.798544415502333,-42.287521960280614
825,-11.317923126138659,49.47382562683135,25.343438485744954,49.47382562683135,-6.790753875683193,-42.239064142908255
826,-11.304938893106762,49.41706789188661,25.314363795321537,49.41706789188661,-6.7829633358640535,-42.190606325535896
827,-11.291954660074863,49.36031015694187,25.28528910489812,49.36031015694187,-6.775172796044914,-42.14214850816354
828,-11.278970427042964,49.30355242199713,25.256214414474705,49.30355242199713,-6.767382256225775,-42.09369069079118
829,-11.265986194011061,49.246794687052386,25.22713972405128,49.246794687052386,-6.759591716406634,-42.045232873418804
830,-11.253001960979162,49.19003695210765,25.198065033627866,49.19003695210765,-6.751801176587495,-41.996775056046445
831,-11.240017727947265,49.13327921716291,25.16899034320445,49.13327921716291,-6.7440106367683565,-41.94831723867408
832,-11.227033494915366,49.07652148221817,25.139915652781035,49.07652148221817,-6.736220096949217,-41.89985942130172
833,-11.214049261883467,49.01976374727343,25.110840962357617,49.01976374727343,-6.728429557130077,-41.85140160392936
834,-11.201065028851568,48.96300601232869,25.081766271934196,48.96300601232869,-6.720639017310937,-41.802943786556995
835,-11.18808079581967,48.90624827738395,25.052691581510786,48.90624827738395,-6.712848477491799,-41.75448596918464
836,-11.175096562787768,48.84949054243921,25.023616891087364,48.84949054243921,-6.705057937672659,-41.706028151812276
837,-11.162112329755871,48.792732807494474,24.994542200663947,48.792732807494474,-6.69726739785352,-41.65757033443992
838,-11.149128096723972,48.735975072549735,24.965467510240533,48.735975072549735,-6.68947685803438,-41.60911251706755
839,-11.136143863692073,48.679217337604996,24.936392819817115,48.679217337604996,-6.681686318215242,-41.56065469969519
840,-11.123159630660174,48.62245960266026,24.9073181293937,48.62245960266026,-6.673895778396101,-41.51219688232283
841,-11.110175397628273,48.565701867715504,24.878243438970276,48.565701867715504,-6.666105238576961,-41.46373906495046
842,-11.097191164596374,48.508944132770765,24.849168748546862,48.508944132770765,-6.658314698757821,-41.41528124757811
843,-11.084206931564475,48.452186397826026,24.82009405812345,48.452186397826026,-6.6505241589386825,-41.36682343020575
844,-11.071222698532576,48.39542866288129,24.79101936770003,48.39542866288129,-6.642733619119543,-41.31836561283338
845,-11.058238465500677,48.33867092793655,24.761944677276617,48.33867092793655,-6.634943079300404,-41.26990779546102
846,-11.045254232468778,48.28191319299181,24.7328699868532,48.28191319299181,-6.627152539481265,-41.221449978088664
847,-11.03226999943688,48.22515545804707,24.703795296429778,48.22515545804707,-6.619361999662124,-41.1729921607163
848,-11.01928576640498,48.16839772310233,24.674720606006364,48.16839772310233,-6.611571459842985,-41.12453434334394
849,-11.006301533373081,48.11163998815759,24.645645915582946,48.11163998815759,-6.603780920023846,-41.07607652597158
850,-10.993317300341182,48.05488225321285,24.61657122515953,48.05488225321285,-6.595990380204706,-41.02761870859922
851,-10.980333067309283,47.99812451826811,24.587496534736115,47.99812451826811,-6.588199840385568,-40.979160891226854
852,-10.967348834277384,47.941366783323375,24.558421844312697,47.941366783323375,-6.580409300566428,-40.930703073854495
853,-10.954364601245487,47.884609048378636,24.529347153889283,47.884609048378636,-6.5726187607472895,-40.882245256482136
854,-10.941380368213588,47.8278513134339,24.500272463465866,47.8278513134339,-6.564828220928149,-40.83378743910978
855,-10.92839613518169,47.77109357848916,24.471197773042448,47.77109357848916,-6.55703768110901,-40.78532962173742
856,-10.91541190214979,47.71433584354442,24.442123082619034,47.71433584354442,-6.549247141289872,-40.73687180436505
857,-10.90242766911789,47.65757810859968,24.413048392195613,47.65757810859968,-6.541456601470731,-40.688413986992686
858,-10.88944343608599,47.60082037365494,24.3839737017722,47.60082037365494,-6.5336660616515925,-40.639956169620326
859,-10.876459203054091,47.544062638710194,24.354899011348778,47.544062638710194,-6.525875521832452,-40.59149835224796
860,-10.863474970022192,47.487304903765455,24.32582432092536,47.487304903765455,-6.518084982013313,-40.5430405348756
861,-10.850490736990292,47.430547168820716,24.296749630501946,47.430547168820716,-6.510294442194172,-40.49458271750324
862,-10.837506503958396,47.37378943387598,24.267674940078532,47.37378943387598,-6.502503902375034,-40.44612490013088
863,-10.824522270926497,47.31703169893124,24.238600249655114,47.31703169893124,-6.494713362555895,-40.397667082758524
864,-10.811538037894595,47.2602739639865,24.209525559231697,47.2602739639865,-6.486922822736755,-40.34920926538616
865,-10.798553804862697,47.20351622904176,24.18045086880828,47.20351622904176,-6.4791322829176154,-40.3007514480138
866,-10.785569571830798,47.14675849409702,24.151376178384865,47.14675849409702,-6.471341743098477,-40.25229363064144
867,-10.7725853387989,47.09000075915228,24.122301487961447,47.09000075915228,-6.463551203279337,-40.20383581326908
868,-10.759601105767,47.03324302420754,24.093226797538026,47.03324302420754,-6.455760663460197,-40.155377995896714
869,-10.746616872735103,46.976485289262804,24.064152107114616,46.976485289262804,-6.447970123641058,-40.106920178524355
870,-10.733632639703202,46.919727554318065,24.035077416691195,46.919727554318065,-6.4401795838219185,-40.05846236115199
871,-10.720648406671303,46.862969819373326,24.00600272626778,46.862969819373326,-6.432389044002779,-40.01000454377963
872,-10.707664173639404,46.80621208442859,23.976928035844363,46.80621208442859,-6.42459850418364,-39.96154672640727
873,-10.694679940607504,46.74945434948384,23.947853345420942,46.74945434948384,-6.4168079643645,-39.913088909034904
874,-10.681695707575605,46.6926966145391,23.918778654997524,46.6926966145391,-6.40901742454536,-39.86463109166254
875,-10.668711474543707,46.63593887959436,23.88970396457411,46.63593887959436,-6.4012268847262215,-39.816173274290186
876,-10.655727241511807,46.579181144649624,23.86062927415069,46.579181144649624,-6.393436344907081,-39.76771545691782
877,-10.642743008479908,46.522423409704885,23.831554583727275,46.522423409704885,-6.385645805087942,-39.71925763954546
878,-10.629758775448009,46.465665674760146,23.802479893303857,46.465665674760146,-6.377855265268803,-39.670799822173095
879,-10.61677454241611,46.40890793981541,23.773405202880443,46.40890793981541,-6.370064725449664,-39.622342004800736
880,-10.603790309384213,46.35215020487067,23.744330512457026,46.35215020487067,-6.3622741856305245,-39.573884187428376
881,-10.590806076352314,46.29539246992593,23.715255822033612,46.29539246992593,-6.354483645811386,-39.525426370056024
882,-10.577821843320415,46.23863473498119,23.686181131610198,46.23863473498119,-6.346693105992246,-39.47696855268366
883,-10.564837610288516,46.18187700003645,23.65710644118678,46.18187700003645,-6.338902566173107,-39.4285107353113
884,-10.551853377256615,46.12511926509171,23.628031750763363,46.12511926509171,-6.331112026353966,-39.38005291793893
885,-10.538869144224716,46.06836153014697,23.598957060339945,46.06836153014697,-6.3233214865348275,-39.331595100566574
886,-10.525884911192819,46.011603795202234,23.569882369916527,46.011603795202234,-6.315530946715688,-39.283137283194215
887,-10.51290067816092,45.954846060257495,23.540807679493113,45.954846060257495,-6.307740406896549,-39.234679465821856
888,-10.49991644512902,45.898088325312756,23.511732989069696,45.898088325312756,-6.29994986707741,-39.18622164844949
889,-10.48693221209712,45.84133059036801,23.482658298646275,45.84133059036801,-6.29215932725827,-39.13776383107713
890,-10.47394797906522,45.78457285542327,23.453583608222857,45.78457285542327,-6.284368787439129,-39.089306013704764
891,-10.46096374603332,45.72781512047853,23.42450891779944,45.72781512047853,-6.27657824761999,-39.0408481963324
892,-10.447979513001423,45.67105738553379,23.395434227376025,45.67105738553379,-6.2687877078008505,-38.99239037896004
893,-10.434995279969524,45.614299650589054,23.366359536952608,45.614299650589054,-6.260997167981712,-38.94393256158768
894,-10.422011046937625,45.557541915644315,23.33728484652919,45.557541915644315,-6.253206628162572,-38.89547474421532
895,-10.409026813905726,45.500784180699576,23.308210156105776,45.500784180699576,-6.2454160883434335,-38.84701692684296
896,-10.396042580873827,45.44402644575484,23.279135465682355,45.44402644575484,-6.237625548524293,-38.798559109470595
897,-10.38305834784193,45.3872687108101,23.250060775258945,45.3872687108101,-6.229835008705154,-38.750101292098236
898,-10.370074114810029,45.33051097586536,23.220986084835523,45.33051097586536,-6.222044468886015,-38.70164347472587
899,-10.357089881778132,45.27375324092062,23.19191139441211,45.27375324092062,-6.214253929066876,-38.65318565735352
900,-10.344105648746229,45.21699550597587,23.16283670398869,45.21699550597587,-6.206463389247736,-38.60472783998115
901,-10.331121415714332,45.160237771031134,23.133762013565274,45.160237771031134,-6.198672849428596,-38.55627002260879
902,-10.318137182682433,45.103480036086395,23.104687323141857,45.103480036086395,-6.190882309609457,-38.507812205236434
903,-10.305152949650532,45.046722301141656,23.07561263271844,45.046722301141656,-6.183091769790317,-38.45935438786407
904,-10.292168716618635,44.98996456619692,23.04653794229502,44.98996456619692,-6.175301229971177,-38.4108965704917
905,-10.279184483586734,44.93320683125218,23.017463251871607,44.93320683125218,-6.167510690152038,-38.36243875311934
906,-10.266200250554835,44.87644909630744,22.98838856144819,44.87644909630744,-6.159720150332899,-38.31398093574698
907,-10.253216017522938,44.8196913613627,22.959313871024772,44.8196913613627,-6.1519296105137595,-38.265523118374624
908,-10.240231784491039,44.76293362641796,22.930239180601358,44.76293362641796,-6.144139070694621,-38.217065301002265
909,-10.22724755145914,44.70617589147322,22.90116449017794,44.70617589147322,-6.136348530875481,-38.1686074836299
910,-10.214263318427241,44.64941815652848,22.872089799754526,44.64941815652848,-6.128557991056343,-38.12014966625754
911,-10.201279085395342,44.592660421583744,22.84301510933111,44.592660421583744,-6.120767451237202,-38.07169184888518
912,-10.188294852363441,44.535902686639005,22.813940418907688,44.535902686639005,-6.1129769114180625,-38.023234031512814
913,-10.175310619331542,44.479144951694266,22.784865728484274,44.479144951694266,-6.105186371598923,-37.974776214140455
914,-10.162326386299645,44.42238721674953,22.755791038060856,44.42238721674953,-6.097395831779784,-37.926318396768096
915,-10.149342153267746,44.36562948180479,22.72671634763744,44.36562948180479,-6.089605291960645,-37.87786057939574
916,-10.136357920235847,44.30887174686005,22.697641657214024,44.30887174686005,-6.081814752141506,-37.82940276202337
917,-10.123373687203948,44.25211401191531,22.668566966790607,44.25211401191531,-6.0740242123223664,-37.78094494465101
918,-10.11038945417205,44.19535627697057,22.639492276367193,44.19535627697057,-6.066233672503228,-37.73248712727865
919,-10.097405221140152,44.13859854202583,22.610417585943775,44.13859854202583,-6.058443132684087,-37.68402930990629
920,-10.08442098810825,44.08184080708108,22.581342895520354,44.08184080708108,-6.050652592864947,-37.63557149253393
921,-10.07143675507635,44.02508307213634,22.55226820509694,44.02508307213634,-6.042862053045807,-37.58711367516157
922,-10.058452522044451,43.9683253371916,22.523193514673522,43.9683253371916,-6.035071513226669,-37.5386558577892
923,-10.045468289012554,43.91156760224686,22.49411882425011,43.91156760224686,-6.02728097340753,-37.49019804041684
924,-10.032484055980655,43.85480986730212,22.46504413382669,43.85480986730212,-6.01949043358839,-37.441740223044484
925,-10.019499822948756,43.798052132357384,22.435969443403273,43.798052132357384,-6.011699893769251,-37.393282405672124
926,-10.006515589916857,43.741294397412645,22.40689475297986,43.741294397412645,-6.003909353950111,-37.344824588299765
927,-9.993531356884956,43.684536662467906,22.377820062556438,43.684536662467906,-5.996118814130972,-37.2963667709274
928,-9.980547123853057,43.62777892752317,22.34874537213302,43.62777892752317,-5.988328274311832,-37.24790895355504
929,-9.967562890821158,43.57102119257842,22.319670681709603,43.57102119257842,-5.980537734492692,-37.199451136182674
930,-9.95457865778926,43.51426345763368,22.290595991286185,43.51426345763368,-5.972747194673553,-37.15099331881031
931,-9.94159442475736,43.45750572268894,22.26152130086277,43.45750572268894,-5.964956654854414,-37.10253550143795
932,-9.928610191725461,43.400747987744204,22.232446610439354,43.400747987744204,-5.957166115035275,-37.05407768406559
933,-9.91562595869356,43.343990252799465,22.203371920015933,43.343990252799465,-5.949375575216134,-37.00561986669322
934,-9.902641725661663,43.287232517854726,22.174297229592522,43.287232517854726,-5.9415850353969955,-36.95716204932087
935,-9.889657492629764,43.23047478290999,22.1452225391691,43.23047478290999,-5.933794495577856,-36.908704231948505
936,-9.876673259597865,43.17371704796525,22.116147848745687,43.17371704796525,-5.926003955758716,-36.86024641457614
937,-9.863689026565966,43.11695931302051,22.08707315832227,43.11695931302051,-5.918213415939578,-36.81178859720378
938,-9.850704793534067,43.06020157807577,22.057998467898855,43.06020157807577,-5.910422876120438,-36.76333077983143
939,-9.83772056050217,43.00344384313103,22.02892377747544,43.00344384313103,-5.902632336301299,-36.71487296245907
940,-9.82473632747027,42.94668610818629,21.999849087052024,42.94668610818629,-5.894841796482159,-36.6664151450867
941,-9.81175209443837,42.88992837324155,21.970774396628606,42.88992837324155,-5.88705125666302,-36.61795732771434
942,-9.798767861406471,42.833170638296814,21.94169970620519,42.833170638296814,-5.87926071684388,-36.56949951034198
943,-9.785783628374572,42.776412903352075,21.91262501578177,42.776412903352075,-5.871470177024741,-36.52104169296962
944,-9.772799395342673,42.719655168407336,21.883550325358357,42.719655168407336,-5.8636796372056015,-36.47258387559726
945,-9.759815162310776,42.6628974334626,21.85447563493494,42.6628974334626,-5.855889097386463,-36.4241260582249
946,-9.746830929278877,42.60613969851786,21.82540094451152,42.60613969851786,-5.848098557567323,-36.37566824085254
947,-9.733846696246976,42.54938196357312,21.796326254088108,42.54938196357312,-5.840308017748184,-36.327210423480174
948,-9.720862463215079,42.49262422862838,21.76725156366469,42.49262422862838,-5.832517477929045,-36.278752606107815
949,-9.707878230183177,42.43586649368363,21.73817687324127,42.43586649368363,-5.824726938109904,-36.23029478873544
950,-9.69489399715128,42.379108758738894,21.70910218281785,42.379108758738894,-5.816936398290765,-36.18183697136308
951,-9.68190976411938,42.322351023794155,21.680027492394434,42.322351023794155,-5.809145858471625,-36.133379153990724
952,-9.668925531087481,42.265593288849416,21.65095280197102,42.265593288849416,-5.801355318652487,-36.084921336618365
953,-9.655941298055582,42.20883555390468,21.621878111547602,42.20883555390468,-5.793564778833347,-36.036463519246006
954,-9.642957065023683,42.15207781895994,21.592803421124184,42.15207781895994,-5.7857742390142075,-35.98800570187365
955,-9.629972831991784,42.0953200840152,21.56372873070077,42.0953200840152,-5.777983699195068,-35.93954788450128
956,-9.616988598959885,42.03856234907046,21.534654040277353,42.03856234907046,-5.770193159375929,-35.89109006712892
957,-9.604004365927986,41.98180461412572,21.50557934985394,41.98180461412572,-5.762402619556789,-35.84263224975656
958,-9.591020132896087,41.92504687918098,21.47650465943052,41.92504687918098,-5.75461207973765,-35.7941744323842
959,-9.578035899864188,41.86828914423624,21.447429969007104,41.86828914423624,-5.7468215399185105,-35.745716615011844
960,-9.56505166683229,41.811531409291504,21.41835527858369,41.811531409291504,-5.739031000099372,-35.69725879763948
961,-9.552067433800387,41.75477367434675,21.389280588160265,41.75477367434675,-5.73124046028023,-35.64880098026711
962,-9.53908320076849,41.69801593940201,21.36020589773685,41.69801593940201,-5.723449920461091,-35.600343162894745
963,-9.52609896773659,41.64125820445727,21.331131207313433,41.64125820445727,-5.715659380641951,-35.551885345522386
964,-9.513114734704692,41.584500469512534,21.302056516890016,41.584500469512534,-5.707868840822813,-35.50342752815003
965,-9.500130501672793,41.527742734567795,21.2729818264666,41.527742734567795,-5.700078301003673,-35.45496971077767
966,-9.487146268640895,41.470984999623056,21.243907136043184,41.470984999623056,-5.692287761184534,-35.40651189340531
967,-9.474162035608996,41.41422726467832,21.214832445619766,41.41422726467832,-5.684497221365395,-35.35805407603295
968,-9.461177802577096,41.35746952973358,21.18575775519635,41.35746952973358,-5.676706681546254,-35.309596258660584
969,-9.448193569545197,41.30071179478884,21.15668306477293,41.30071179478884,-5.668916141727116,-35.26113844128822
970,-9.435209336513298,41.2439540598441,21.127608374349517,41.2439540598441,-5.661125601907976,-35.21268062391586
971,-9.422225103481399,41.18719632489936,21.0985336839261,41.18719632489936,-5.653335062088837,-35.1642228065435
972,-9.409240870449501,41.13043858995462,21.069458993502682,41.13043858995462,-5.645544522269698,-35.11576498917114
973,-9.396256637417602,41.07368085500988,21.040384303079268,41.07368085500988,-5.637753982450559,-35.06730717179878
974,-9.383272404385703,41.016923120065144,21.01130961265585,41.016923120065144,-5.62996344263142,-35.018849354426415
975,-9.370288171353804,40.960165385120405,20.982234922232436,40.960165385120405,-5.622172902812281,-34.970391537054056
976,-9.357303938321905,40.903407650175666,20.95316023180902,40.903407650175666,-5.61438236299314,-34.9219337196817
977,-9.344319705290005,40.84664991523093,20.9240855413856,40.84664991523093,-5.606591823174001,-34.87347590230934
978,-9.331335472258106,40.78989218028618,20.895010850962183,40.78989218028618,-5.59880128335486,-34.82501808493697
979,-9.318351239226207,40.73313444534144,20.865936160538766,40.73313444534144,-5.591010743535722,-34.77656026756461
980,-9.305367006194308,40.6763767103967,20.83686147011535,40.6763767103967,-5.583220203716582,-34.72810245019225
981,-9.292382773162409,40.619618975451964,20.807786779691934,40.619618975451964,-5.575429663897443,-34.67964463281989
982,-9.279398540130508,40.562861240507225,20.778712089268513,40.562861240507225,-5.567639124078303,-34.63118681544752
983,-9.266414307098609,40.506103505562486,20.7496373988451,40.506103505562486,-5.559848584259163,-34.58272899807516
984,-9.253430074066712,40.44934577061775,20.72056270842168,40.44934577061775,-5.552058044440024,-34.5342711807028
985,-9.240445841034813,40.39258803567301,20.691488017998264,40.39258803567301,-5.544267504620885,-34.48581336333044
986,-9.227461608002914,40.33583030072827,20.66241332757485,40.33583030072827,-5.536476964801746,-34.437355545958084
987,-9.214477374971015,40.27907256578353,20.633338637151432,40.27907256578353,-5.528686424982607,-34.38889772858572
988,-9.201493141939117,40.22231483083879,20.604263946728018,40.22231483083879,-5.520895885163467,-34.34043991121336
989,-9.188508908907217,40.16555709589405,20.5751892563046,40.16555709589405,-5.513105345344329,-34.291982093841
990,-9.175524675875316,40.108799360949305,20.546114565881176,40.108799360949305,-5.505314805525187,-34.24352427646863
991,-9.162540442843417,40.052041626004566,20.517039875457762,40.052041626004566,-5.497524265706048,-34.19506645909627
992,-9.14955620981152,39.995283891059835,20.487965185034348,39.995283891059835,-5.489733725886909,-34.146608641723915
993,-9.13657197677962,39.938526156115095,20.45889049461093,39.938526156115095,-5.48194318606777,-34.098150824351556
994,-9.123587743747722,39.88176842117035,20.429815804187513,39.88176842117035,-5.474152646248631,-34.04969300697919
995,-9.110603510715823,39.82501068622561,20.4007411137641,39.82501068622561,-5.466362106429491,-34.00123518960683
996,-9.097619277683924,39.76825295128087,20.371666423340685,39.76825295128087,-5.4585715666103525,-33.95277737223447
997,-9.084635044652025,39.71149521633613,20.342591732917267,39.71149521633613,-5.450781026791212,-33.90431955486211
998,-9.071650811620124,39.65473748139139,20.313517042493846,39.65473748139139,-5.442990486972072,-33.85586173748975
999,-9.058666578588227,39.597979746446654,20.284442352070432,39.597979746446654,-5.435199947152933,-33.80740392011739
