ID,x1,y1,z1,x2,y2,z2,x3,y3,z3,qx1,qy1,qz1,w1,qx2,qy2,qz2,w2,qx3,qy3,qz3,w3,phi1,phi2,phi3,phi4,phi5,phi6
0,0.09868984669446945,-0.10788367688655853,0.1026434376835823,0.11037248373031616,-0.20357155799865723,0.10020893812179565,0.12604689598083496,-0.31532683968544006,0.10116279870271683,-0.012335516512393951,0.0015441040741279721,-0.032811712473630905,-0.9993842840194702,-0.002784007228910923,0.002644167747348547,-0.0909113883972168,-0.9958515763282776,0.0006635969621129334,-0.002695314586162567,0.07469670474529266,0.997202455997467,5.193359375,1.0195465087890625,-8.021484375,-4.7578125,-5.681640625,9.310546875
1,0.09868913143873215,-0.1078675389289856,0.10264227539300919,0.11037161946296692,-0.20357024669647217,0.10020927339792252,0.12604449689388275,-0.3153337240219116,0.1011594831943512,-0.012038630433380604,0.0015298601938411593,-0.03312230855226517,-0.9993776679039001,-0.0027655591256916523,0.0026728527154773474,-0.09094366431236267,-0.9958486557006836,0.0007562151295132935,-0.0027108120266348124,0.0746702179312706,0.9972043633460999,5.193359375,1.1074371337890625,-8.021484375,-4.7578125,-5.681640625,9.310546875
2,0.09869219362735748,-0.1078978180885315,0.10263834148645401,0.11037323623895645,-0.20356889069080353,0.10020674020051956,0.12603859603405,-0.3153276741504669,0.10115881264209747,-0.012555118650197983,0.0015495087718591094,-0.03261256590485573,-0.9993880391120911,-0.002776395296677947,0.0026512062177062035,-0.09093055129051208,-0.9958499073982239,0.0007176351500675082,-0.0028310567140579224,0.07476316392421722,0.9971970915794373,5.193359375,1.0195465087890625,-8.021484375,-4.7578125,-5.59375,9.310546875
3,0.0986894816160202,-0.10788913816213608,0.10264323651790619,0.1103741005063057,-0.20357012748718262,0.10020315647125244,0.12603779137134552,-0.3153291940689087,0.10115622729063034,-0.012399014085531235,0.0015643007354810834,-0.03273418918251991,-0.9993860125541687,-0.002784356474876404,0.0026523193810135126,-0.09089938551187515,-0.9958526492118835,0.00073187833186239,-0.002785580465570092,0.07474257051944733,0.997198760509491,5.193359375,1.0195465087890625,-8.021484375,-4.7578125,-5.681640625,9.22265625
4,0.09868982434272766,-0.10787032544612885,0.1026453971862793,0.11037319153547287,-0.20357048511505127,0.10020673274993896,0.12604251503944397,-0.3153274357318878,0.10115617513656616,-0.012131109833717346,0.0015500047011300921,-0.033033158630132675,-0.9993794560432434,-0.0028142407536506653,0.002620360581204295,-0.09090489894151688,-0.9958521723747253,0.0006908649811521173,-0.002720468444749713,0.07475073635578156,0.9971982836723328,5.10546875,1.0195465087890625,-8.021484375,-4.7578125,-5.681640625,9.22265625
5,0.09868711978197098,-0.10795672982931137,0.1026483029127121,0.11037132143974304,-0.20356865227222443,0.10020574182271957,0.12604156136512756,-0.3153266906738281,0.10115695744752884,-0.013538341037929058,0.0016828266670927405,-0.031711503863334656,-0.9994039535522461,-0.002700401935726404,0.0026370214764028788,-0.09095777571201324,-0.9958476424217224,0.0006649213028140366,-0.002740988740697503,0.07473395764827728,0.997199535369873,4.75390625,0.9316558837890625,-7.23046875,-4.40625,-5.154296875,8.431640625
6,0.09868721663951874,-0.1080317571759224,0.10266139358282089,0.11033165454864502,-0.2037634700536728,0.1002037301659584,0.12606491148471832,-0.315350741147995,0.10114596039056778,-0.01237445417791605,0.001651630736887455,-0.030928468331694603,-0.9994437098503113,-0.003543582046404481,0.0025881079491227865,-0.08769725263118744,-0.9961376190185547,0.0005008282023482025,-0.0027505788020789623,0.0742533728480339,0.9972355365753174,4.2265625,0.755859375,-6.087890625,-4.0546875,-4.626953125,7.640625
7,0.09893117100000381,-0.10809061676263809,0.10270293056964874,0.11004486680030823,-0.2039921134710312,0.10027885437011719,0.12605027854442596,-0.3155169188976288,0.10106882452964783,-0.010910221375524998,0.0012141487095505,-0.030736086890101433,-0.9994673132896423,-0.0011243341723456979,0.0019082693615928292,-0.08179177343845367,-0.99664705991745,-0.0008495760266669095,-0.002478216076269746,0.07311905175447464,0.997319757938385,2.99609375,0.66796875,-4.681640625,-2.912109375,-3.30859375,5.1797027587890625
8,0.0990719273686409,-0.1081407442688942,0.1024012565612793,0.11015503108501434,-0.20397651195526123,0.10023608803749084,0.1259208470582962,-0.3155357241630554,0.10115936398506165,-0.012653536163270473,0.0010318014537915587,-0.030710192397236824,-0.999447762966156,0.003022771794348955,0.0017150224884971976,-0.07764539867639542,-0.9969750046730042,-0.0012402381980791688,-0.002209061523899436,0.07048177719116211,0.9975098967552185,2.8203125,0.66796875,-4.06640625,-2.7363128662109375,-3.1328125,4.740234375
9,0.099566750228405,-0.107991062104702,0.10221200436353683,0.11054837703704834,-0.20356279611587524,0.09978964179754257,0.1255401372909546,-0.3153752386569977,0.10120517015457153,-0.01269305869936943,0.0005536398966796696,-0.03377210721373558,-0.9993488192558289,0.0015990778338164091,0.0021339203231036663,-0.07242092490196228,-0.9973706603050232,-0.0034367521293461323,-0.0026882148813456297,0.06710365414619446,0.9977364540100098,1.6777496337890625,0.66796875,-2.572265625,-1.681640625,-1.9902191162109375,2.71875
10,0.10002477467060089,-0.10786908119916916,0.10209712386131287,0.11088800430297852,-0.2032688856124878,0.0995008572936058,0.124940425157547,-0.3153703212738037,0.10115859657526016,-0.011854574084281921,0.0010002555791288614,-0.03543220832943916,-0.9993013143539429,-0.0003220182261429727,0.002178496215492487,-0.06796862930059433,-0.9976850152015686,-0.007272202055901289,-0.0030548623763024807,0.06348484009504318,0.9979516863822937,1.150390625,0.66796875,-1.693359375,-1.06640625,-1.462890625,1.83984375
11,0.09999924153089523,-0.10776779800653458,0.1020275130867958,0.11073591560125351,-0.2031194567680359,0.09942708164453506,0.12417013943195343,-0.31551647186279297,0.10136984288692474,-0.01168652530759573,0.0007878690375946462,-0.03431347385048866,-0.9993425011634827,-0.000783525116275996,0.002095599425956607,-0.06532037258148193,-0.9978618025779724,-0.007822687737643719,-0.003035206813365221,0.05746198818087578,0.9983124136924744,1.0625,0.66796875,-1.4296875,-0.890625,-1.287109375,1.400390625
12,0.09974763542413712,-0.10775124281644821,0.10221978276968002,0.11003123223781586,-0.203046053647995,0.09971822053194046,0.12336400896310806,-0.315598726272583,0.10150124877691269,-0.010786004364490509,0.0005859742523171008,-0.03205133602023125,-0.9994279146194458,-0.001684138085693121,0.0019355189288035035,-0.06232444941997528,-0.9980526566505432,-0.008606400340795517,0.003861077129840851,0.05293237790465355,0.9985536336898804,0.7109375,0.66796875,-0.9023284912109375,-0.451171875,-0.935546875,0.78515625
13,0.09933817386627197,-0.10780678689479828,0.10251153260469437,0.10895019769668579,-0.20301125943660736,0.10009230673313141,0.1217002272605896,-0.31569573283195496,0.10181157290935516,-0.010455536656081676,0.0009325133869424462,-0.028964223340153694,-0.9995253682136536,-0.002018310595303774,0.0013540294021368027,-0.05900975689291954,-0.9982544779777527,-0.008689865469932556,0.003931515384465456,0.05138184502720833,0.998633623123169,0.623046875,0.66796875,-0.7265472412109375,-0.36328125,-0.759765625,0.5214996337890625
14,0.09881486743688583,-0.10775994509458542,0.10269326716661453,0.10767316818237305,-0.2029877007007599,0.1005183532834053,0.11977265030145645,-0.3157868981361389,0.10219395160675049,-0.009633323177695274,0.0012480668956413865,-0.02607075124979019,-0.9996129274368286,-0.0023189112544059753,0.001433728844858706,-0.05574424937367439,-0.9984413385391235,-0.008021003566682339,0.0034049300011247396,0.049439702183008194,0.9987391829490662,0.447265625,0.755859375,-0.462890625,-0.01171875,-0.671875,0.08203125
15,0.09844763576984406,-0.10771071165800095,0.10296566784381866,0.10653239488601685,-0.20299816131591797,0.10077687352895737,0.11764667183160782,-0.315876841545105,0.10250262916088104,-0.008281951770186424,0.0011952884960919619,-0.023274995386600494,-0.9996941089630127,-0.003189083654433489,0.001621102448552847,-0.05165799334645271,-0.9986584186553955,-0.008046121336519718,0.0029378037434071302,0.04714665561914444,0.9988513588905334,0.359375,0.755859375,-0.287109375,0.076171875,-0.583984375,-0.09375
16,0.09809011220932007,-0.107749804854393,0.10307350009679794,0.10543100535869598,-0.20303243398666382,0.10098719596862793,0.11535555124282837,-0.3161402940750122,0.10282298177480698,-0.008056038059294224,0.0011721040355041623,-0.020751046016812325,-0.9997515678405762,-0.0032989138271659613,0.0016781840240582824,-0.04802064225077629,-0.9988394975662231,-0.007277509663254023,0.0019371071830391884,0.043022822588682175,0.9990457892417908,0.359375,0.755859375,-0.287109375,0.076171875,-0.583984375,-0.09375
17,0.09783656895160675,-0.10774410516023636,0.10318224132061005,0.1043872982263565,-0.2031657099723816,0.10112914443016052,0.11300051212310791,-0.31640002131462097,0.10310374945402145,-0.00768781965598464,0.0014355735620483756,-0.019110998138785362,-0.9997867941856384,-0.003403152571991086,0.0014656995190307498,-0.042305607348680496,-0.9990978240966797,-0.007148532196879387,0.001993803307414055,0.03831459581851959,0.9992382526397705,0.359375,0.755859375,-0.287109375,0.076171875,-0.583984375,-0.09375
18,0.09762722253799438,-0.10772515088319778,0.10325568169355392,0.1033492386341095,-0.20326916873455048,0.10119921714067459,0.1104961559176445,-0.3166155517101288,0.10335379093885422,-0.007014369126409292,0.001422123285010457,-0.017661448568105698,-0.9998183846473694,-0.0036428000312298536,0.0011412710882723331,-0.036709003150463104,-0.9993187785148621,-0.007322033401578665,0.0016587169375270605,0.033873528242111206,0.9993979334831238,0.359375,0.755859375,-0.287109375,0.076171875,-0.583984375,-0.09375
19,0.09738240391016006,-0.10776980966329575,0.10331205278635025,0.10226308554410934,-0.2034132033586502,0.10124015063047409,0.10788103938102722,-0.3165493309497833,0.10369221866130829,-0.007344238925725222,0.0015133648412302136,-0.015449835918843746,-0.9998525381088257,-0.003841039491817355,0.0008238193113356829,-0.030376022681593895,-0.9995309114456177,-0.013379165902733803,-0.0009626861428841949,0.030461972579360008,0.9994459748268127,0.18359375,0.9316558837890625,-0.0234375,0.427734375,-0.49609375,-0.4453125
20,0.09711901843547821,-0.10779666155576706,0.10337918996810913,0.10110743343830109,-0.20357246696949005,0.10135532170534134,0.10531540960073471,-0.3167133927345276,0.10397206246852875,-0.0069809057749807835,0.0010959133505821228,-0.013430340215563774,-0.9998849034309387,-0.003670061705633998,0.0007700606365688145,-0.02463633380830288,-0.9996894598007202,-0.014434264041483402,-0.0009223732631653547,0.024970153346657753,0.9995835423469543,0.095703125,1.0195465087890625,0.064453125,0.603515625,-0.49609375,-0.4453125
21,0.09676588326692581,-0.10783413797616959,0.10351427644491196,0.0998571440577507,-0.20372840762138367,0.10151549428701401,0.1026616171002388,-0.31682083010673523,0.10424728691577911,-0.006646531634032726,0.001428383169695735,-0.01117163896560669,-0.9999145865440369,-0.0036721541546285152,0.0006257082568481565,-0.018356818705797195,-0.9998246431350708,-0.014773296192288399,-0.0008114828378893435,0.020596671849489212,0.9996784329414368,0.095703125,1.0195465087890625,0.064453125,0.603515625,-0.49609375,-0.4453125
22,0.09646337479352951,-0.10790187865495682,0.10367605835199356,0.09844058007001877,-0.2038259357213974,0.10173837095499039,0.09986462444067001,-0.3168303072452545,0.10455112159252167,-0.007174411788582802,0.0014627587515860796,-0.007728921715170145,-0.9999433159828186,-0.0035445119719952345,0.0003568846732378006,-0.011059033684432507,-0.999932587146759,-0.01463321689516306,-0.000849780859425664,0.017704714089632034,0.9997358918190002,0.095703125,1.0195465087890625,0.064453125,0.603515625,-0.49609375,-0.4453125
23,0.09601054340600967,-0.1079120859503746,0.10381652414798737,0.0968334898352623,-0.20396529138088226,0.10190998017787933,0.09713523834943771,-0.3167979419231415,0.10485374182462692,-0.00558470981195569,0.0011888447916135192,-0.0050557320937514305,-0.9999709129333496,-0.004332962911576033,9.961231626220979e-06,-0.0041563562117516994,-0.9999819993972778,-0.015343715436756611,3.92327165172901e-05,0.015789644792675972,0.9997575879096985,0.095703125,1.0195465087890625,0.064453125,0.603515625,-0.49609375,-0.4453125
24,0.09544334560632706,-0.10795312374830246,0.1040574163198471,0.09519775956869125,-0.20398423075675964,0.10214836150407791,0.09456228464841843,-0.3167637884616852,0.10513205081224442,-0.004068861715495586,0.0010985046392306685,-0.0009547875379212201,-0.9999907612800598,-0.005225281696766615,-0.0002180078881792724,0.00035500022931955755,-0.9999862909317017,-0.016209790483117104,0.0002757481997832656,0.013193059712648392,0.999781608581543,0.095703125,1.0195465087890625,0.064453125,0.603515625,-0.49609375,-0.4453125
25,0.09477593004703522,-0.10791507363319397,0.10435124486684799,0.0936831533908844,-0.2040083259344101,0.10247142612934113,0.0921323373913765,-0.3167339563369751,0.10535402595996857,-0.0012681935913860798,0.0010004929499700665,0.0018021006835624576,-0.999997079372406,-0.006188808009028435,0.0003565243387129158,0.003744579618796706,-0.9999737739562988,-0.0167104359716177,0.0005687836674042046,0.00991598330438137,0.999811053276062,-0.080078125,1.0195465087890625,0.328125,0.955078125,-0.49609375,-0.796875
26,0.09432073682546616,-0.10776516050100327,0.10449051856994629,0.09219048917293549,-0.20402269065380096,0.10351721942424774,0.08972371369600296,-0.3166598379611969,0.10555707663297653,0.004962325561791658,-0.0010694118682295084,0.00198037875816226,-0.9999851584434509,-0.004588794894516468,0.009091136045753956,0.007768516428768635,-0.9999180436134338,-0.016622651368379593,0.0007516638725064695,0.007144956383854151,0.9998360872268677,-0.080078125,1.1074371337890625,0.328125,0.955078125,-0.408203125,-0.884765625
27,0.09386152774095535,-0.10775010287761688,0.10471010208129883,0.09091369062662125,-0.20394910871982574,0.10379751771688461,0.0875321477651596,-0.3165763020515442,0.10577121376991272,0.0066029466688632965,-0.0009112566476687789,0.004312818869948387,-0.9999685883522034,-0.005808948073536158,0.009314414113759995,0.011168782599270344,-0.999877393245697,-0.016041982918977737,0.0015125236241146922,0.004653855226933956,0.9998593926429749,-0.080078125,1.0195465087890625,0.328125,1.04296875,-0.49609375,-0.884765625
28,0.09341120719909668,-0.10778793692588806,0.10490485280752182,0.0897291898727417,-0.2038784623146057,0.10395857691764832,0.08557091653347015,-0.31650370359420776,0.10593420267105103,0.007512390613555908,-0.001224955776706338,0.008210149593651295,-0.9999373555183411,-0.0065079848282039165,0.00976778008043766,0.013551360927522182,-0.9998393058776855,-0.01611979864537716,0.001184397959150374,0.0020673228427767754,0.9998672604560852,-0.080078125,1.1074371337890625,0.416015625,1.130859375,-0.408203125,-0.97265625
29,0.0929381400346756,-0.1078084334731102,0.10499544441699982,0.08862204849720001,-0.20381557941436768,0.10403619706630707,0.08388057351112366,-0.31640490889549255,0.10603195428848267,0.008228997699916363,-0.0016081598587334156,0.011212912388145924,-0.9999020099639893,-0.00689197052270174,0.009936419315636158,0.015628177672624588,-0.9998047351837158,-0.01718168705701828,0.001035102060995996,-0.00018969475058838725,0.9998519420623779,-0.16796875,1.1953277587890625,0.50390625,1.21875,-0.408203125,-1.060546875
30,0.09256882220506668,-0.10780167579650879,0.10505501925945282,0.08769674599170685,-0.20375196635723114,0.10409766435623169,0.0824013501405716,-0.31631654500961304,0.10616007447242737,0.009205859154462814,-0.0016834065318107605,0.013370794244110584,-0.9998668432235718,-0.007032513152807951,0.010047711431980133,0.017507165670394897,-0.9997715950012207,-0.017060210928320885,0.0006185272359289229,-0.0021255153696984053,0.9998521208763123,-0.16796875,1.37109375,0.591796875,1.39453125,-0.49609375,-1.1484375
31,0.09231244027614594,-0.10775379836559296,0.10515284538269043,0.08699057251214981,-0.20366431772708893,0.10424109548330307,0.08120543509721756,-0.31623390316963196,0.10625113546848297,0.010525580495595932,-0.0019225816940888762,0.014798736199736595,-0.9998332858085632,-0.007263526786118746,0.009952729567885399,0.01921791397035122,-0.9997394680976868,-0.016016844660043716,0.0008995226817205548,-0.004288633354008198,0.9998621344566345,-0.255859375,1.458984375,0.591796875,1.482421875,-0.408203125,-1.236328125
32,0.09215248376131058,-0.10774733871221542,0.1052931696176529,0.0865446925163269,-0.20359814167022705,0.10445565730333328,0.08030951023101807,-0.31616196036338806,0.1063033789396286,0.011473063379526138,-0.002098246943205595,0.016020342707633972,-0.9998037219047546,-0.007228410802781582,0.010088418610394001,0.020513227209448814,-0.9997125864028931,-0.015009003691375256,0.001058781985193491,-0.006811109837144613,0.9998636245727539,-0.255859375,1.546875,0.767578125,1.658203125,-0.408203125,-1.412109375
33,0.09206727892160416,-0.10786063224077225,0.10544310510158539,0.08630847930908203,-0.20356962084770203,0.10464849323034286,0.07965087890625,-0.3160994350910187,0.10629109293222427,0.010788504965603352,-0.002091817557811737,0.01852322742342949,-0.999768078327179,-0.007761517073959112,0.010286885313689709,0.021473515778779984,-0.9996864199638367,-0.014472669921815395,0.0006892657256685197,-0.009041089564561844,0.9998542666435242,-0.255859375,1.72265625,0.767578125,1.74609375,-0.49609375,-1.5
34,0.0920744389295578,-0.10783315449953079,0.1054675504565239,0.08620782196521759,-0.20355728268623352,0.10470883548259735,0.07928701490163803,-0.3160809874534607,0.10625611990690231,0.011627505533397198,-0.0022769190836697817,0.018414104357361794,-0.9997602701187134,-0.00792561937123537,0.01029964815825224,0.022227320820093155,-0.999668538570404,-0.013195239938795567,0.0005904570571146905,-0.011362375691533089,0.9998483061790466,-0.34375,1.8984375,0.85546875,1.921875,-0.49609375,-1.67578125
35,0.09209629148244858,-0.10778046399354935,0.10540837794542313,0.08624822646379471,-0.20354175567626953,0.10465874522924423,0.07914523780345917,-0.31606072187423706,0.10612409561872482,0.012247011065483093,-0.0024106402415782213,0.017741069197654724,-0.9997646808624268,-0.008039548993110657,0.010212268680334091,0.022474046796560287,-0.9996629953384399,-0.012089202180504799,0.0006746861035935581,-0.01317542977631092,0.9998399019241333,-0.34375,1.986328125,0.943359375,2.0976715087890625,-0.408203125,-1.763671875
36,0.09219242632389069,-0.10774441808462143,0.10537656396627426,0.08639540523290634,-0.20350950956344604,0.10452068597078323,0.07920931279659271,-0.31604519486427307,0.10588329285383224,0.012332048267126083,-0.0023491554893553257,0.017322678118944168,-0.9997711777687073,-0.008404161781072617,0.010137728415429592,0.022684777155518532,-0.9996560215950012,-0.011276839300990105,0.0007632349734194577,-0.014646322466433048,0.9998289346694946,-0.34375,2.07421875,0.943359375,2.1855621337890625,-0.49609375,-1.763671875
37,0.0923043042421341,-0.10775303095579147,0.1052999272942543,0.08661958575248718,-0.2035156935453415,0.10438983142375946,0.07946078479290009,-0.3160514533519745,0.10563331842422485,0.012113544158637524,-0.002306961687281728,0.016984404996037483,-0.9997797012329102,-0.008625668473541737,0.009952181950211525,0.02268088236451149,-0.999656081199646,-0.010854875668883324,0.000786930148024112,-0.015297621488571167,0.9998237490653992,-0.431640625,2.25,1.03125,2.2734527587890625,-0.49609375,-1.8515625
38,0.09245047718286514,-0.1078060120344162,0.10523149371147156,0.0868990570306778,-0.20354604721069336,0.1042696088552475,0.07986167073249817,-0.31607696413993835,0.10536178201436996,0.011476797051727772,-0.0022810848895460367,0.01718752272427082,-0.9997838139533997,-0.008845322765409946,0.009859513491392136,0.02253042533993721,-0.9996584057807922,-0.010124989785254002,0.00024228269467130303,-0.015444631688296795,0.9998295307159424,-0.431640625,2.337890625,1.03125,2.2734527587890625,-0.49609375,-1.939453125
39,0.09260199218988419,-0.107781782746315,0.10517394542694092,0.08722232282161713,-0.20356954634189606,0.10415685921907425,0.08049120008945465,-0.31611955165863037,0.10497003048658371,0.011873532086610794,-0.0024532482493668795,0.016195043921470642,-0.9997953176498413,-0.009195809252560139,0.0098107373341918,0.02227804623544216,-0.9996614456176758,-0.009324530139565468,0.0009846525499597192,-0.015384645201265812,0.9998376965522766,-0.431640625,2.42578125,1.03125,2.3613433837890625,-0.49609375,-2.02734375
40,0.0927686020731926,-0.10774006694555283,0.10508909821510315,0.08760087937116623,-0.20356987416744232,0.10397249460220337,0.08118674904108047,-0.3161216676235199,0.10457763820886612,0.012107313610613346,-0.0026866619009524584,0.01538325846195221,-0.9998047947883606,-0.009616473689675331,0.009966821409761906,0.02193879708647728,-0.9996634125709534,-0.008967665024101734,0.0002197944704676047,-0.01473128329962492,0.9998512864112854,-0.431640625,2.513671875,1.03125,2.4492340087890625,-0.49609375,-2.115234375
41,0.09298974275588989,-0.10775088518857956,0.10496019572019577,0.08807111531496048,-0.20359008014202118,0.1036854237318039,0.08203528076410294,-0.3161635100841522,0.10412764549255371,0.011306851170957088,-0.00255572353489697,0.014774775132536888,-0.9998236298561096,-0.009845111519098282,0.00975059624761343,0.021480288356542587,-0.9996733069419861,-0.008276855573058128,0.00012067145144101232,-0.014363789930939674,0.9998626112937927,-0.431640625,2.513671875,1.119140625,2.537109375,-0.49609375,-2.115234375
42,0.0932600349187851,-0.10777226835489273,0.10481919348239899,0.08866798877716064,-0.20362588763237,0.10341265797615051,0.08294293284416199,-0.3162418007850647,0.10363408178091049,0.01053273119032383,-0.0023191890213638544,0.013675817288458347,-0.9998483657836914,-0.010413621552288532,0.009716696105897427,0.02090894989669323,-0.9996799826622009,-0.007374243810772896,0.0002158861025236547,-0.014214567840099335,0.9998718500137329,-0.431640625,2.6015625,1.119140625,2.625,-0.49609375,-2.203125
43,0.09355536848306656,-0.10774991661310196,0.10464642941951752,0.08935025334358215,-0.20366635918617249,0.10308800637722015,0.08390919864177704,-0.3163287043571472,0.10316126048564911,0.010268805548548698,-0.002018633997067809,0.011613817885518074,-0.9998778104782104,-0.010808082297444344,0.009532380849123001,0.02033732458949089,-0.9996893405914307,-0.006178455427289009,2.220643546024803e-05,-0.014221197925508022,0.9998798370361328,-0.51953125,2.6015625,1.119140625,2.625,-0.49609375,-2.203125
44,0.09384511411190033,-0.10803315788507462,0.10461989790201187,0.09007446467876434,-0.2036934196949005,0.10283422470092773,0.08493754267692566,-0.3163766860961914,0.10270224511623383,0.0022143598180264235,0.0006705991690978408,0.01519121415913105,-0.9998819828033447,-0.011231247335672379,0.009561488404870033,0.0198717899620533,-0.999693751335144,-0.004994188901036978,0.00020171282812952995,-0.014110466465353966,0.999888002872467,-0.51953125,2.77734375,1.20703125,2.712890625,-0.49609375,-2.291015625
45,0.09418019652366638,-0.10796495527029037,0.10447172820568085,0.09077616780996323,-0.2036960870027542,0.10257511585950851,0.08592741936445236,-0.3164028823375702,0.10223919153213501,0.0017489312449470162,0.00027697766199707985,0.012964987196028233,-0.9999144673347473,-0.011525819078087807,0.009322690777480602,0.01937974989414215,-0.9997023940086365,-0.0036619757302105427,0.00024253033916465938,-0.01408880390226841,0.9998940229415894,-0.51953125,2.865234375,1.20703125,2.80078125,-0.49609375,-2.466796875
46,0.09444950520992279,-0.10795589536428452,0.10437242686748505,0.09142504632472992,-0.2037162482738495,0.10235384106636047,0.08688773214817047,-0.31642910838127136,0.10182645171880722,0.0007225770386867225,0.00029934110352769494,0.011567745357751846,-0.9999328851699829,-0.011606746353209019,0.009052491746842861,0.018569650128483772,-0.9997193217277527,-0.002817020518705249,-9.271566523239017e-05,-0.013852283358573914,0.9999001622200012,-0.51953125,2.953125,1.294921875,2.80078125,-0.49609375,-2.466796875
47,0.09468450397253036,-0.10792960971593857,0.10423896461725235,0.09202474355697632,-0.20373499393463135,0.10211795568466187,0.08780642598867416,-0.31646010279655457,0.10136933624744415,-8.382914529647678e-05,0.0005719393375329673,0.009885729290544987,-0.9999510049819946,-0.012211414985358715,0.009322315454483032,0.017977530136704445,-0.9997203946113586,-0.0018622959032654762,-0.00036869343603029847,-0.013534530997276306,0.999906599521637,-0.51953125,3.12890625,1.294921875,2.888671875,-0.49609375,-2.5546875
48,0.09488914161920547,-0.10789816081523895,0.10407745093107224,0.0925382599234581,-0.20373819768428802,0.10182850807905197,0.08863839507102966,-0.3164706230163574,0.10095594823360443,-0.0006938446313142776,0.0006098052253946662,0.008382938802242279,-0.9999644756317139,-0.012161116115748882,0.009097952395677567,0.01710626669228077,-0.999738335609436,-0.0012190459528937936,-0.0004252634244039655,-0.013082204386591911,0.9999136924743652,-0.51953125,3.12890625,1.294921875,2.888671875,-0.49609375,-2.5546875
49,0.09507974982261658,-0.10782565921545029,0.10395466536283493,0.09302565455436707,-0.20371755957603455,0.10158354789018631,0.08938021957874298,-0.31649014353752136,0.10057321935892105,-0.0009028928470797837,0.00044697531848214567,0.006866284180432558,-0.9999759793281555,-0.012924924492835999,0.009051098488271236,0.01644301787018776,-0.9997403025627136,-0.0001425237423973158,-0.00021832679340150207,-0.013184837996959686,0.9999130964279175,-0.51953125,3.216796875,1.3828125,3.064453125,-0.49609375,-2.642578125
50,0.09521644562482834,-0.10784400254487991,0.10386410355567932,0.09343528002500534,-0.20369303226470947,0.1013820618391037,0.09003633260726929,-0.316489577293396,0.10022512823343277,-0.0022482096683233976,0.0006961820181459188,0.00653512729331851,-0.9999759793281555,-0.01353640016168356,0.009228148497641087,0.015602837316691875,-0.9997440576553345,0.00042528932681307197,2.5888301024679095e-05,-0.013134610839188099,0.99991375207901,-0.51953125,3.216796875,1.3828125,3.064453125,-0.49609375,-2.73046875
51,0.09534680843353271,-0.10781703144311905,0.10380887985229492,0.0937824621796608,-0.20368005335330963,0.10122682899236679,0.09055092930793762,-0.3164854347705841,0.09993962943553925,-0.002481794683262706,0.0007071834406815469,0.005517743062227964,-0.9999815225601196,-0.013827390968799591,0.008966216817498207,0.014773865230381489,-0.9997551441192627,0.0008084592991508543,0.00017602226580493152,-0.013177275657653809,0.9999129176139832,-0.51953125,3.3046875,1.3828125,3.064453125,-0.49609375,-2.73046875
52,0.09542224556207657,-0.10781083256006241,0.10376933217048645,0.09403026103973389,-0.2036656141281128,0.10111244022846222,0.09092079848051071,-0.31648457050323486,0.09968549758195877,-0.0028687373269349337,0.0007679309346713126,0.005026784259825945,-0.9999829530715942,-0.014224928803741932,0.008832952007651329,0.01427130214869976,-0.9997579455375671,0.0017165858298540115,-7.003614882705733e-05,-0.013285525143146515,0.9999103546142578,-0.607421875,3.392578125,1.470703125,3.240234375,-0.49609375,-2.818359375
53,0.09547697007656097,-0.10779111087322235,0.1037418395280838,0.09419461339712143,-0.20363225042819977,0.1010296568274498,0.09116479754447937,-0.31646135449409485,0.09944865852594376,-0.0029503097757697105,0.0007002524216659367,0.004648754373192787,-0.9999846816062927,-0.014612938277423382,0.008778919465839863,0.013850442133843899,-0.999758780002594,0.0025275805965065956,-0.0002519879781175405,-0.013545317575335503,0.9999050498008728,-0.607421875,3.392578125,1.470703125,3.240234375,-0.49609375,-2.818359375
54,0.09550978243350983,-0.10776393860578537,0.10373570024967194,0.09430337697267532,-0.2036077082157135,0.10095500946044922,0.0912923812866211,-0.3164384067058563,0.09924188256263733,-0.0028185942210257053,0.0007089952705428004,0.0041517349891364574,-0.9999872446060181,-0.015072927810251713,0.008813893422484398,0.01354105956852436,-0.9997559189796448,0.0032084083650261164,-0.000356402772013098,-0.014044443145394325,0.9998961687088013,-0.607421875,3.392578125,1.470703125,3.240234375,-0.49609375,-2.818359375
55,0.09553052484989166,-0.10778096318244934,0.10371392965316772,0.09433981031179428,-0.203596830368042,0.10088944435119629,0.0912596806883812,-0.31642261147499084,0.09909476339817047,-0.0032744775526225567,0.000705717655364424,0.004326836206018925,-0.9999850988388062,-0.015407988801598549,0.008814524859189987,0.01360415294766426,-0.9997499585151672,0.0037653795443475246,-0.00037056635483168066,-0.014652608893811703,0.9998855590820312,-0.607421875,3.392578125,1.470703125,3.240234375,-0.49609375,-2.818359375
56,0.09552858024835587,-0.10782139003276825,0.10370546579360962,0.09430993348360062,-0.20359157025814056,0.10086912661790848,0.09108753502368927,-0.31641829013824463,0.09900514781475067,-0.0039002972189337015,0.000846301147248596,0.004833918996155262,-0.9999804496765137,-0.01556775439530611,0.00879700854420662,0.013809164986014366,-0.9997448325157166,0.004870905540883541,-0.0003610870335251093,-0.015572956763207912,0.9998669028282166,-0.607421875,3.392578125,1.470703125,3.240234375,-0.49609375,-2.818359375
57,0.09549445658922195,-0.10776600241661072,0.10373329371213913,0.09419719129800797,-0.20356875658035278,0.10089295357465744,0.09081365168094635,-0.3163539469242096,0.09891191869974136,-0.0029505910351872444,0.0007033892907202244,0.004125355277210474,-0.9999868869781494,-0.015664462000131607,0.008785562589764595,0.014078985899686813,-0.9997396469116211,0.005393706262111664,-0.00035460887011140585,-0.016362303867936134,0.9998515844345093,-0.607421875,3.744140625,1.646484375,3.50390625,-0.49609375,-3.08203125
58,0.09543193876743317,-0.10776365548372269,0.10377197712659836,0.0940234437584877,-0.20354489982128143,0.10093609243631363,0.09040749073028564,-0.31631171703338623,0.09885630756616592,-0.0029095117934048176,0.0007644572760909796,0.004294799640774727,-0.9999862909317017,-0.015692591667175293,0.008869210258126259,0.014372947625815868,-0.9997342824935913,0.005994198843836784,-0.00020386978576425463,-0.017127487808465958,0.9998353719711304,-0.607421875,3.744140625,1.55859375,3.50390625,-0.49609375,-3.08203125
59,0.09536346048116684,-0.10779029130935669,0.10379539430141449,0.09378350526094437,-0.2035260945558548,0.10097014904022217,0.08987285196781158,-0.31626537442207336,0.09884960204362869,-0.003293239511549473,0.0007837526500225067,0.004997669253498316,-0.9999818205833435,-0.015750674530863762,0.008911035023629665,0.014734062366187572,-0.9997276663780212,0.006196341477334499,-7.651026680832729e-05,-0.017772933468222618,0.9998229146003723,-0.607421875,3.744140625,1.55859375,3.50390625,-0.49609375,-3.08203125
60,0.09524433314800262,-0.10785218328237534,0.10382650047540665,0.09347434341907501,-0.20350562036037445,0.10100407153367996,0.08923818171024323,-0.31622546911239624,0.09883018583059311,-0.004138879477977753,0.000943305785767734,0.006132826209068298,-0.9999722242355347,-0.01590060442686081,0.008919667452573776,0.015231626108288765,-0.9997178316116333,0.006207014434039593,-0.0003326001751702279,-0.018686974421143532,0.9998060464859009,-0.607421875,3.744140625,1.55859375,3.50390625,-0.49609375,-3.08203125
61,0.0951315388083458,-0.10778463631868362,0.10386385768651962,0.09314274787902832,-0.20348067581653595,0.10104317218065262,0.0885932669043541,-0.31618884205818176,0.09885671734809875,-0.002882326254621148,0.0006837015971541405,0.005548357963562012,-0.9999802708625793,-0.01610981673002243,0.00894780084490776,0.015917770564556122,-0.9997035264968872,0.0066046989522874355,-0.0002380601508775726,-0.019963130354881287,0.9997788667678833,-0.607421875,3.744140625,1.55859375,3.50390625,-0.49609375,-3.08203125
62,0.09504899382591248,-0.10774382948875427,0.103908970952034,0.09284184128046036,-0.2034507542848587,0.10112346708774567,0.08787404745817184,-0.3161485493183136,0.09890773892402649,-0.0021290758159011602,0.0005999798304401338,0.005377913825213909,-0.9999831318855286,-0.016292722895741463,0.009119225665926933,0.01661492884159088,-0.9996876120567322,0.0072020054794847965,-0.00024145084898918867,-0.021420171484351158,0.9997445940971375,-0.607421875,3.744140625,1.55859375,3.50390625,-0.49609375,-3.08203125
63,0.0949581116437912,-0.10774995386600494,0.10400410741567612,0.09255596250295639,-0.20342862606048584,0.10124697536230087,0.08714327216148376,-0.3161003887653351,0.09895462542772293,-0.002016066573560238,0.0006720476085320115,0.005800075363367796,-0.9999809861183167,-0.01628105156123638,0.00919311959296465,0.01738269254565239,-0.9996741414070129,0.007550073321908712,-5.792985757580027e-05,-0.02273455448448658,0.9997130632400513,-0.6953125,4.0078125,1.646484375,3.767578125,-0.49609375,-3.345703125
64,0.09484779089689255,-0.10778367519378662,0.10406822711229324,0.09222085773944855,-0.20342619717121124,0.10132694989442825,0.0864170715212822,-0.31607988476753235,0.09900587797164917,-0.002357126446440816,0.0007358886068686843,0.0065569146536290646,-0.9999754428863525,-0.016339905560016632,0.009005355648696423,0.018396006897091866,-0.9996566772460938,0.007548139896243811,-0.00014060483954381198,-0.024332204833626747,0.999675452709198,-0.6953125,4.0078125,1.734375,3.767578125,-0.49609375,-3.345703125
65,0.09475146979093552,-0.1077791377902031,0.10409469157457352,0.09187883883714676,-0.20341768860816956,0.1013425886631012,0.08569616824388504,-0.3160727918148041,0.09907379001379013,-0.0022196508944034576,0.0006830203346908092,0.006972731556743383,-0.9999729990959167,-0.016474224627017975,0.008873995393514633,0.019542140886187553,-0.9996339678764343,0.007438088301569223,-0.0003012105589732528,-0.02592933177947998,0.9996361136436462,-0.6953125,4.095703125,1.734375,3.85546875,-0.49609375,-3.345703125
66,0.09466556459665298,-0.10775666683912277,0.10410453379154205,0.09157265722751617,-0.20339587330818176,0.1013374775648117,0.08499623090028763,-0.31604433059692383,0.09912820160388947,-0.001966912532225251,0.0004950969596393406,0.0073072523809969425,-0.9999712705612183,-0.016493914648890495,0.009045791812241077,0.020534668117761612,-0.9996121525764465,0.007106067147105932,-0.00038922246312722564,-0.027593465521931648,0.99959397315979,-0.6953125,4.095703125,1.734375,3.943359375,-0.49609375,-3.43359375
67,0.09458360821008682,-0.10778306424617767,0.10413134098052979,0.09131835401058197,-0.2033587396144867,0.10134971886873245,0.08435730636119843,-0.31598955392837524,0.0991721898317337,-0.0026029476430267096,0.0004915991448797286,0.008382363244891167,-0.9999613761901855,-0.01652440056204796,0.008974761702120304,0.021336767822504044,-0.999595582485199,0.006805869285017252,-0.00033932423684746027,-0.029524242505431175,0.9995408654212952,-0.6953125,4.18359375,1.822265625,4.03125,-0.583984375,-3.521484375
68,0.094524085521698,-0.10778141021728516,0.10416799783706665,0.09108665585517883,-0.20333385467529297,0.1014118418097496,0.08374593406915665,-0.3159451186656952,0.09926021844148636,-0.0026318004820495844,0.0004200824478175491,0.008935602381825447,-0.9999566078186035,-0.016409536823630333,0.008793453685939312,0.022234411910176277,-0.9995794296264648,0.006995411589741707,-0.00011800380889326334,-0.03182969614863396,0.9994688034057617,-0.783203125,4.271484375,1.91015625,4.119140625,-0.583984375,-3.609375
69,0.09446258097887039,-0.1077956110239029,0.10420861840248108,0.09088003635406494,-0.20331764221191406,0.10154184699058533,0.08315514773130417,-0.3159189224243164,0.09937161952257156,-0.0025694442447274923,0.0004173525085207075,0.009475131519138813,-0.9999517202377319,-0.016094159334897995,0.008791866712272167,0.02304711937904358,-0.9995661973953247,0.007570395711809397,-0.00029159983387216926,-0.03407666087150574,0.9993905425071716,-0.783203125,4.359375,1.91015625,4.294921875,-0.583984375,-3.609375
70,0.09441672265529633,-0.10777214169502258,0.10428450256586075,0.09069781005382538,-0.2032865434885025,0.10169757902622223,0.08263074606657028,-0.3158892095088959,0.09945391863584518,-0.001837714109569788,0.00028410981758497655,0.009479781612753868,-0.9999533891677856,-0.016110511496663094,0.00905947107821703,0.02391728200018406,-0.9995431303977966,0.00838340912014246,-0.00027636761660687625,-0.03644311800599098,0.9993005990982056,-0.783203125,4.623046875,1.998046875,4.3828125,-0.583984375,-3.78515625
71,0.09438332170248032,-0.10775323957204819,0.10433807224035263,0.09053664654493332,-0.20325230062007904,0.1018090546131134,0.08211911469697952,-0.31583172082901,0.09952591359615326,-0.0011619057040661573,0.00011972259380854666,0.0096298698335886,-0.999953031539917,-0.016038645058870316,0.009146198630332947,0.024646993726491928,-0.9995257258415222,0.009224697947502136,-0.0004863602516707033,-0.038732849061489105,0.9992069005966187,-0.87109375,4.623046875,1.998046875,4.470703125,-0.583984375,-3.873046875
72,0.09435003250837326,-0.10778256505727768,0.10436996817588806,0.0904017984867096,-0.203223317861557,0.10189671814441681,0.08165338635444641,-0.3157723546028137,0.09955806285142899,-0.001682907110080123,0.00020374017185531557,0.010425159707665443,-0.9999442100524902,-0.015807291492819786,0.00905018113553524,0.02537449263036251,-0.9995120763778687,0.00975750107318163,-0.00038539868546649814,-0.04102626442909241,0.9991104602813721,-0.87109375,4.88671875,2.0859375,4.646484375,-0.671875,-4.048828125
73,0.09431784600019455,-0.10778795927762985,0.10439005494117737,0.09026988595724106,-0.20320211350917816,0.10192256420850754,0.08122824877500534,-0.3157340884208679,0.09955262392759323,-0.0017343155341222882,0.0002393943868810311,0.010736767202615738,-0.9999409317970276,-0.015726426616311073,0.009054131805896759,0.026073193177580833,-0.9994953870773315,0.010315180756151676,-0.0003475154226180166,-0.0433749258518219,0.9990056157112122,-0.87109375,4.88671875,2.173828125,4.734375,-0.671875,-4.048828125
74,0.09429952502250671,-0.1077888235449791,0.10439679771661758,0.09015150368213654,-0.20317697525024414,0.1019073873758316,0.08077967166900635,-0.31570500135421753,0.09947498142719269,-0.0018504854524508119,0.0002799576614052057,0.011044398881494999,-0.9999373555183411,-0.01589774712920189,0.009015841409564018,0.026771914213895798,-0.9994744658470154,0.011119128204882145,-0.00028103034128434956,-0.04543142393231392,0.998905599117279,-0.958984375,5.0625,2.26171875,4.91015625,-0.671875,-4.1367034912109375
75,0.09428524971008301,-0.10772170126438141,0.1043853908777237,0.09001566469669342,-0.20314940810203552,0.10187191516160965,0.08037292957305908,-0.31565770506858826,0.09937076270580292,-0.0008051958284340799,1.388796681567328e-05,0.010321861132979393,-0.9999464154243469,-0.016156664118170738,0.009034305810928345,0.02744384855031967,-0.9994519352912903,0.011924822814762592,-0.00019177913782186806,-0.04726549610495567,0.9988111257553101,-0.958984375,5.150390625,2.26171875,5.0859375,-0.671875,-4.2245941162109375
76,0.09424977749586105,-0.10773520916700363,0.10439339280128479,0.08988302946090698,-0.2031174600124359,0.10183598846197128,0.07997681945562363,-0.3156067132949829,0.09919529408216476,-0.001151049742475152,7.288061897270381e-05,0.010865182615816593,-0.9999403953552246,-0.016341084614396095,0.008903035894036293,0.028162090107798576,-0.999430239200592,0.01261758990585804,-6.66829218971543e-05,-0.04888701066374779,0.9987246990203857,-0.958984375,5.150390625,2.349609375,5.173828125,-0.759765625,-4.3124847412109375
77,0.09422319382429123,-0.10773750394582748,0.10440054535865784,0.08974887430667877,-0.2030894160270691,0.1017981469631195,0.07957088202238083,-0.31555458903312683,0.09901701658964157,-0.0014156085671857,9.098727605305612e-05,0.011282647028565407,-0.9999353885650635,-0.01649649441242218,0.00891600176692009,0.028831105679273605,-0.9994083642959595,0.013310975395143032,-0.00038959988160058856,-0.05046631023287773,0.9986370205879211,-1.046875,5.326171875,2.349609375,5.26171875,-0.671875,-4.4003753662109375
78,0.09418868273496628,-0.10777275264263153,0.10437841713428497,0.08960435539484024,-0.2030619978904724,0.1017238199710846,0.0791848748922348,-0.31550073623657227,0.09877561032772064,-0.0020600594580173492,0.00021603262575808913,0.01198567170649767,-0.9999260902404785,-0.01665194146335125,0.008986889384686947,0.02955586276948452,-0.9993841052055359,0.014225429855287075,-0.0003174515732098371,-0.051640741527080536,0.9985643625259399,-1.046875,5.326171875,2.349609375,5.26171875,-0.759765625,-4.4882659912109375
79,0.0941709652543068,-0.10769679397344589,0.10435938835144043,0.08945683389902115,-0.20302818715572357,0.10162686556577682,0.07883145660161972,-0.3154396712779999,0.0985088050365448,-0.000929099100176245,2.8911643312312663e-05,0.01109708845615387,-0.9999380111694336,-0.017205804586410522,0.00904830638319254,0.03029814548790455,-0.9993519186973572,0.014970415271818638,-0.0007404122152365744,-0.052591439336538315,0.9985036253929138,-1.046875,5.4140625,2.4375,5.349609375,-0.671875,-4.5761566162109375
80,0.09414994716644287,-0.10768168419599533,0.10434582084417343,0.08932911604642868,-0.20299755036830902,0.10150755196809769,0.07853800058364868,-0.3153870105743408,0.09817183017730713,-0.0008529630140401423,1.9590755982790142e-05,0.011209541000425816,-0.9999368190765381,-0.018014125525951385,0.00909009575843811,0.031098952516913414,-0.9993126392364502,0.015719514340162277,-0.0004415329312905669,-0.05368388071656227,0.9984341859817505,-1.046875,5.5898590087890625,2.525390625,5.4375,-0.671875,-4.6640625
81,0.09414079040288925,-0.1077042743563652,0.10432187467813492,0.08924389630556107,-0.20296335220336914,0.10136255621910095,0.07824606448411942,-0.31534188985824585,0.09781564027070999,-0.001483066938817501,0.00011986200843239203,0.011792145669460297,-0.9999294281005859,-0.018610592931509018,0.009066243655979633,0.03159546107053757,-0.9992863535881042,0.016369417309761047,-0.0003543620405253023,-0.05486364662647247,0.9983596205711365,-1.046875,5.5898590087890625,2.525390625,5.525390625,-0.759765625,-4.6640625
82,0.09414027631282806,-0.10773137211799622,0.10427014529705048,0.089190274477005,-0.20294708013534546,0.10118696838617325,0.07798498123884201,-0.3153100609779358,0.09744621813297272,-0.0020487706642597914,0.00017767571262083948,0.012156934477388859,-0.9999240636825562,-0.01920696347951889,0.008914553560316563,0.032160818576812744,-0.9992583990097046,0.017034415155649185,-0.0005754674202762544,-0.056079067289829254,0.9982808232307434,-1.134765625,5.6777496337890625,2.61328125,5.61328125,-0.759765625,-4.83984375
83,0.09415845572948456,-0.10766825824975967,0.10421650856733322,0.08914899080991745,-0.20291493833065033,0.10098417848348618,0.077756866812706,-0.31526023149490356,0.09707848727703094,-0.0012815977679565549,-1.2491763300204184e-05,0.011409863829612732,-0.9999340772628784,-0.019877469167113304,0.00871957652270794,0.03271259367465973,-0.9992290735244751,0.01795683056116104,-0.0006107904482632875,-0.0572948195040226,0.9981956481933594,-1.134765625,5.7656402587890625,2.525390625,5.701171875,-0.759765625,-4.83984375
84,0.09417470544576645,-0.10765458643436432,0.10415245592594147,0.08910977840423584,-0.20288348197937012,0.10079367458820343,0.0775480791926384,-0.3152018189430237,0.09667538106441498,-0.0013957838527858257,-0.00012211038847453892,0.011349310167133808,-0.9999346733093262,-0.020475080236792564,0.008673304691910744,0.033248696476221085,-0.9991998076438904,0.018841927871108055,-0.0003384192823432386,-0.05840059742331505,0.9981153607368469,-1.134765625,5.8535308837890625,2.61328125,5.7890625,-0.759765625,-4.927734375
85,0.09418649226427078,-0.1076672300696373,0.10412078350782394,0.08905898034572601,-0.2028595507144928,0.10063617676496506,0.07733546942472458,-0.31515517830848694,0.09627752751111984,-0.0018552201800048351,-0.00011628113134065643,0.011604920960962772,-0.9999309182167053,-0.021160971373319626,0.008709773421287537,0.033764347434043884,-0.9991678595542908,0.019532928243279457,-0.0003246053820475936,-0.059393081814050674,0.9980435967445374,-1.134765625,5.9414215087890625,2.701171875,5.876953125,-0.759765625,-5.015625
86,0.09418255090713501,-0.10766959935426712,0.10408619791269302,0.08899959921836853,-0.20283406972885132,0.10048019140958786,0.07715679705142975,-0.3151087760925293,0.09591902047395706,-0.00211128918454051,-0.00012333091581240296,0.011836805380880833,-0.9999277591705322,-0.021805664524435997,0.008715396746993065,0.03422094136476517,-0.9991384744644165,0.02029944583773613,-0.0005360198556445539,-0.06048264354467392,0.9979627132415771,-1.22265625,6.0293121337890625,2.701171875,5.876953125,-0.84765625,-5.015625
87,0.09418870508670807,-0.10763240605592728,0.10404185950756073,0.08911058306694031,-0.20313318073749542,0.09953940659761429,0.07698298245668411,-0.3150622546672821,0.09554216265678406,-0.0017666697967797518,-0.000178147412952967,0.01144085917621851,-0.9999330639839172,-0.027584310621023178,0.00025369846844114363,0.04072602838277817,-0.9987895488739014,0.021506763994693756,-0.00021915047545917332,-0.06139132380485535,0.997882068157196,-1.22265625,6.1171875,2.701171875,5.96484375,-0.84765625,-5.103515625
88,0.09420040249824524,-0.10762583464384079,0.10399923473596573,0.08906234055757523,-0.203115314245224,0.09940794110298157,0.07613874971866608,-0.31528240442276,0.09504295140504837,-0.0017412669258192182,-0.0002766568504739553,0.011392010375857353,-0.999933660030365,-0.028172405436635017,0.000304333952954039,0.04132703319191933,-0.9987484216690063,0.029578177258372307,-0.00798314344137907,-0.06436175107955933,0.9974562525749207,-1.134765625,6.205078125,2.7890625,6.052734375,-0.84765625,-5.19140625
89,0.0942026898264885,-0.10761035233736038,0.10398675501346588,0.08901418745517731,-0.20309937000274658,0.09930548071861267,0.07597944140434265,-0.31522300839424133,0.09471450746059418,-0.0016595488414168358,-0.0002876704093068838,0.011268538422882557,-0.9999350905418396,-0.02878049574792385,0.0002636502031236887,0.041925955563783646,-0.9987061619758606,0.030247533693909645,-0.008255749009549618,-0.06521453708410263,0.9973786473274231,-1.22265625,6.29296875,2.7890625,6.140625,-0.84765625,-5.279296875
90,0.09421208500862122,-0.10762150585651398,0.10397640615701675,0.08899600058794022,-0.20308715105056763,0.0991969108581543,0.07584621757268906,-0.3151710331439972,0.0944041982293129,-0.0020338313188403845,-0.00017979710537474602,0.011532008647918701,-0.9999314546585083,-0.029396742582321167,0.0003237841883674264,0.04236584156751633,-0.9986695647239685,0.030907921493053436,-0.008462217636406422,-0.06612800806760788,0.9972965121269226,-1.22265625,6.380859375,2.876953125,6.228515625,-0.84765625,-5.3671875
91,0.0942172259092331,-0.10765466094017029,0.1039133071899414,0.08898400515317917,-0.20307329297065735,0.09904506057500839,0.07566896826028824,-0.31509464979171753,0.09412024915218353,-0.002886579604819417,-0.00012340370449237525,0.012080996297299862,-0.9999228715896606,-0.029922617599368095,0.0003148900286760181,0.04284057021141052,-0.9986336827278137,0.03124105930328369,-0.008438710123300552,-0.06676109880208969,0.997244119644165,-1.22265625,6.46875,2.876953125,6.31640625,-0.84765625,-5.3671875
92,0.09425102174282074,-0.10759125649929047,0.10385365784168243,0.08894424140453339,-0.20305822789669037,0.09888330101966858,0.07550394535064697,-0.31503644585609436,0.09385652095079422,-0.0020228256471455097,-0.00040433346293866634,0.011163484305143356,-0.9999355673789978,-0.0304306261241436,0.00020321818010415882,0.04342824965715408,-0.9985930323600769,0.03174335137009621,-0.008421496488153934,-0.06746461242437363,0.9971810579299927,-1.22265625,6.556640625,2.96484375,6.404296875,-0.935546875,-5.455078125
93,0.09426249563694,-0.10756539553403854,0.1038212925195694,0.088915154337883,-0.20304307341575623,0.09876913577318192,0.0753459632396698,-0.3149789571762085,0.09364009648561478,-0.0017725061625242233,-0.0006926051573827863,0.011224035173654556,-0.9999352693557739,-0.03090456873178482,0.00017870163719635457,0.04391523078083992,-0.9985571503639221,0.03220093995332718,-0.008587359450757504,-0.06828804314136505,0.9971088767051697,-1.310546875,6.556640625,2.96484375,6.404296875,-0.935546875,-5.54296875
94,0.09426536411046982,-0.10759205371141434,0.10382220894098282,0.08888525515794754,-0.20302726328372955,0.09874102473258972,0.07521118223667145,-0.3149532675743103,0.09347096085548401,-0.0023296568542718887,-0.0006360473926179111,0.011770346201956272,-0.9999278783798218,-0.031209733337163925,0.00017034307529684156,0.044238295406103134,-0.9985333681106567,0.03339140862226486,-0.008752028457820415,-0.06972590833902359,0.9969688057899475,-1.310546875,6.556640625,2.96484375,6.404296875,-0.935546875,-5.54296875
95,0.09425397962331772,-0.10761602967977524,0.10385511070489883,0.08887436985969543,-0.20302215218544006,0.09873740375041962,0.07506802678108215,-0.31488192081451416,0.09332812577486038,-0.0027989705558866262,-0.0003255703777540475,0.011832254938781261,-0.9999260902404785,-0.03164483979344368,0.00018035969696938992,0.0446634367108345,-0.9985008239746094,0.03404301032423973,-0.008849666453897953,-0.07052059471607208,0.9968900680541992,-1.310546875,6.556640625,2.96484375,6.404296875,-0.935546875,-5.54296875
96,0.09427744895219803,-0.107591912150383,0.10385087132453918,0.08885251730680466,-0.2030036449432373,0.09873811155557632,0.07490799576044083,-0.3148038685321808,0.09321049600839615,-0.0023136374074965715,-0.0006675131735391915,0.011978629976511002,-0.999925434589386,-0.031770553439855576,0.00017424173711333424,0.04500897601246834,-0.998481273651123,0.03445257619023323,-0.008856178261339664,-0.07112845778465271,0.9968326687812805,-1.310546875,6.556640625,2.96484375,6.404296875,-0.935546875,-5.54296875
97,0.09427093714475632,-0.10754536092281342,0.103835828602314,0.0888022631406784,-0.20299382507801056,0.09871306270360947,0.07473572343587875,-0.31475844979286194,0.09309887886047363,-0.0015384063590317965,-0.0007453728467226028,0.011249587871134281,-0.9999352693557739,-0.031878985464572906,0.00020038813818246126,0.045254185795784,-0.9984667301177979,0.03479205444455147,-0.008911242708563805,-0.07183891534805298,0.9967694282531738,-1.310546875,6.556640625,2.96484375,6.404296875,-0.935546875,-5.54296875
98,0.09424371272325516,-0.10757666081190109,0.10383706539869308,0.08872393518686295,-0.2029859572649002,0.09866885840892792,0.07456190139055252,-0.31474414467811584,0.09299414604902267,-0.0020755489822477102,-0.0006324239657260478,0.011855053715407848,-0.9999274611473083,-0.03215416893362999,0.00035933739854954183,0.04562228545546532,-0.9984411001205444,0.03516470268368721,-0.008900145068764687,-0.07250825315713882,0.9967080354690552,-1.310546875,6.556640625,2.96484375,6.404296875,-0.935546875,-5.54296875
99,0.09421771764755249,-0.10757789015769958,0.10383187234401703,0.08862866461277008,-0.20298011600971222,0.09862334281206131,0.07436153292655945,-0.31473037600517273,0.09290404617786407,-0.002278875093907118,-0.0006002203444950283,0.012028364464640617,-0.9999249577522278,-0.03247348219156265,0.000283986097201705,0.045972343534231186,-0.9984147548675537,0.035585034638643265,-0.008783683180809021,-0.0731225237250328,0.9966492652893066,-1.310546875,6.556640625,2.96484375,6.404296875,-0.935546875,-5.54296875
100,0.09418340772390366,-0.10757497698068619,0.10382965952157974,0.08853515982627869,-0.20296745002269745,0.09860636293888092,0.07415803521871567,-0.3146957457065582,0.09285803139209747,-0.0023223261814564466,-0.000561549502890557,0.0121685229241848,-0.9999231696128845,-0.03253137320280075,0.00029099974199198186,0.046278469264507294,-0.9983987808227539,0.035649366676807404,-0.008941242471337318,-0.07334714382886887,0.9966290593147278,-1.310546875,6.556640625,2.96484375,6.404296875,-0.935546875,-5.54296875
101,0.09415823966264725,-0.10754477232694626,0.1038387194275856,0.08844608068466187,-0.2029632180929184,0.09860820323228836,0.07396254688501358,-0.3146733343601227,0.09284953773021698,-0.0017709893872961402,-0.0006379500264301896,0.011792928911745548,-0.9999287724494934,-0.03267190232872963,0.00024850957561284304,0.0466034859418869,-0.9983790516853333,0.03556380793452263,-0.009058130905032158,-0.07367731630802155,0.9966066479682922,-1.3984375,6.908203125,3.140625,6.755859375,-0.935546875,-5.806640625
102,0.09413211047649384,-0.10753680020570755,0.10385872423648834,0.08837289363145828,-0.2029588520526886,0.09862996637821198,0.07378901541233063,-0.31466296315193176,0.09286511689424515,-0.0015294969780370593,-0.0006296219653449953,0.011810772120952606,-0.999928891658783,-0.03271834924817085,0.0002112979127559811,0.046875763684511185,-0.9983648061752319,0.0358671098947525,-0.009186643175780773,-0.07414796203374863,0.9965596795082092,-1.3984375,6.99609375,3.140625,6.755859375,-0.935546875,-5.89453125
103,0.0941074937582016,-0.10756701231002808,0.10388480871915817,0.08830807358026505,-0.20295852422714233,0.09866361320018768,0.0736227035522461,-0.31464993953704834,0.09289576858282089,-0.0021126901265233755,-0.000513685867190361,0.012378239072859287,-0.9999210238456726,-0.03277670964598656,0.00012352134217508137,0.04709243401885033,-0.9983526468276978,0.036158185452222824,-0.009229863062500954,-0.07448724657297134,0.9965234994888306,-1.3984375,6.99609375,3.140625,6.8437652587890625,-0.84765625,-5.806640625
104,0.09407483041286469,-0.10756783932447433,0.10390601307153702,0.08823174238204956,-0.20295195281505585,0.09869731217622757,0.07349380850791931,-0.3146521747112274,0.09295511990785599,-0.0020332608837634325,-0.0005197596619836986,0.012602417729794979,-0.9999184608459473,-0.03293526545166969,0.00013514285092242062,0.047359660267829895,-0.9983348250389099,0.03648519888520241,-0.009258787147700787,-0.07510404288768768,0.9964650273323059,-1.3984375,7.083984375,3.140625,6.8437652587890625,-0.935546875,-5.89453125
105,0.09405095875263214,-0.10754881799221039,0.10392145067453384,0.08817645907402039,-0.20294076204299927,0.0987444669008255,0.07339448481798172,-0.31464293599128723,0.09303408861160278,-0.0016815406270325184,-0.0005433349288068712,0.012553848326206207,-0.9999197125434875,-0.03287220373749733,0.0001148002702393569,0.04747455567121506,-0.9983314871788025,0.036514248698949814,-0.009158104658126831,-0.07566862553358078,0.9964222311973572,-1.3984375,7.171875,3.228515625,6.9316558837890625,-0.935546875,-5.982421875
106,0.09404592216014862,-0.10753405094146729,0.10394273698329926,0.08816368877887726,-0.20292994379997253,0.09882178902626038,0.07333825528621674,-0.31463631987571716,0.09312138706445694,-0.0014675945276394486,-0.0006357203819788992,0.012511681765317917,-0.9999205470085144,-0.032833606004714966,0.00012695953773800284,0.04779672250151634,-0.9983173608779907,0.036739129573106766,-0.00907256081700325,-0.07650312781333923,0.9963509440422058,-1.3984375,7.171875,3.228515625,7.0195465087890625,-1.0234375,-6.0703125
107,0.09406818449497223,-0.10753784328699112,0.10398285835981369,0.0881979912519455,-0.20292702317237854,0.09889981895685196,0.07330700755119324,-0.3146457076072693,0.09322075545787811,-0.001532845664769411,-0.0006385387969203293,0.012672788463532925,-0.9999183416366577,-0.032826852053403854,0.00011142752919113263,0.0479695200920105,-0.9983092546463013,0.03754539415240288,-0.00902497861534357,-0.07795204222202301,0.9962090849876404,-1.3984375,7.34765625,3.31640625,7.1074371337890625,-1.0234375,-6.158203125
108,0.09409913420677185,-0.1075306311249733,0.10400071740150452,0.08826862275600433,-0.2029174119234085,0.09897556155920029,0.0732736736536026,-0.3146232068538666,0.09333119541406631,-0.0013984092511236668,-0.0007681138231419027,0.012640782631933689,-0.9999188184738159,-0.032679542899131775,3.9337362977676094e-05,0.04817207157611847,-0.9983043670654297,0.038289133459329605,-0.00907880812883377,-0.07937610149383545,0.9960678219795227,-1.486328125,7.435546875,3.404296875,7.283203125,-1.0234375,-6.24609375
109,0.09415239840745926,-0.10753515362739563,0.10401495546102524,0.08832670003175735,-0.2028990238904953,0.09905298054218292,0.07321938872337341,-0.31457242369651794,0.09343640506267548,-0.001506041968241334,-0.0009012513910420239,0.012699062936007977,-0.9999178647994995,-0.03255434334278107,-8.114778211165685e-06,0.04849233850836754,-0.9982929229736328,0.03877820819616318,-0.009108484722673893,-0.08058000355958939,0.9959518909454346,-1.486328125,7.5234375,3.4921875,7.37109375,-1.0234375,-6.421875
110,0.0941699966788292,-0.1075248122215271,0.10404302179813385,0.08836081624031067,-0.20288275182247162,0.09913124144077301,0.07313879579305649,-0.3145068883895874,0.09351305663585663,-0.0011561820283532143,-0.000963837665040046,0.012550328858196735,-0.999920129776001,-0.032346487045288086,-7.023689249763265e-05,0.04880224168300629,-0.9982845783233643,0.038988277316093445,-0.009312360547482967,-0.08158066123723984,0.9958603382110596,-1.57421875,7.69921875,3.580078125,7.546875,-1.0234375,-6.509765625
111,0.09418323636054993,-0.10751785337924957,0.1040770411491394,0.08834576606750488,-0.2028663158416748,0.09919615089893341,0.0730413869023323,-0.31446507573127747,0.0935477614402771,-0.001069937483407557,-0.0010760287987068295,0.012660037726163864,-0.9999187588691711,-0.03225916251540184,-7.168044248828664e-05,0.04919883608818054,-0.9982679486274719,0.0395575575530529,-0.009461656212806702,-0.08280535787343979,0.9957354664802551,-1.57421875,7.787109375,3.66796875,7.634765625,-1.0234375,-6.59765625
112,0.09416177123785019,-0.10751528292894363,0.10409259051084518,0.08830743283033371,-0.2028471827507019,0.09922420233488083,0.07287541031837463,-0.3144277036190033,0.0935196653008461,-0.0011636106064543128,-0.0009808294707909226,0.012758552096784115,-0.9999174475669861,-0.032300569117069244,-4.400176476337947e-05,0.049530092626810074,-0.9982501864433289,0.040176209062337875,-0.009579591453075409,-0.08399806916713715,0.9956096410751343,-1.57421875,7.962890625,3.755859375,7.72265625,-1.111328125,-6.685546875
113,0.09415922313928604,-0.1075025200843811,0.10409276932477951,0.08823460340499878,-0.20281603932380676,0.09919078648090363,0.07264341413974762,-0.3143593370914459,0.09343455731868744,-0.0010451764101162553,-0.0010764537146314979,0.012845573015511036,-0.9999163746833801,-0.03247448056936264,-8.547632751287892e-05,0.05005841702222824,-0.998218297958374,0.04065122455358505,-0.009801501408219337,-0.08494251221418381,0.9955080151557922,-1.57421875,8.05078125,3.66796875,7.810546875,-1.111328125,-6.685546875
114,0.0941309854388237,-0.10749604552984238,0.10405906289815903,0.08813831955194473,-0.20278549194335938,0.09910888224840164,0.07240484654903412,-0.3142804205417633,0.09330301731824875,-0.001027348218485713,-0.0009822694119066,0.012912478297948837,-0.9999157190322876,-0.032672520726919174,-7.951365114422515e-05,0.05063476040959358,-0.9981827735900879,0.040985919535160065,-0.009799640625715256,-0.08573337644338608,0.995426595211029,-1.662109375,8.138671875,3.755859375,7.986328125,-1.111328125,-6.861328125
115,0.09411163628101349,-0.10748235881328583,0.10403431206941605,0.08804351091384888,-0.20275217294692993,0.09903757274150848,0.07211827486753464,-0.3142036199569702,0.09313492476940155,-0.0009473224054090679,-0.0009901593439280987,0.01292240060865879,-0.999915599822998,-0.03290935233235359,-5.749917181674391e-05,0.05119520425796509,-0.9981463551521301,0.04149958863854408,-0.009940269403159618,-0.08653964102268219,0.9953340888023376,-1.662109375,8.2265625,3.8437652587890625,8.07421875,-1.111328125,-6.94921875
116,0.09408484399318695,-0.10747473686933517,0.10403648018836975,0.08792310208082199,-0.20272362232208252,0.0989718958735466,0.07182744145393372,-0.3141117990016937,0.09295517206192017,-0.0009901936864480376,-0.000968484440818429,0.013070188462734222,-0.9999136924743652,-0.033275727182626724,-5.5522643378935754e-05,0.051860254257917404,-0.9980998635292053,0.04203532636165619,-0.009976133704185486,-0.08748355507850647,0.9952287077903748,-1.662109375,8.314453125,3.8437652587890625,8.162109375,-1.111328125,-7.037109375
117,0.09402773529291153,-0.10757967084646225,0.10403581708669662,0.08780025690793991,-0.20269520580768585,0.09893426299095154,0.07148716598749161,-0.31401896476745605,0.09274580329656601,-0.002813718980178237,-0.0005329675623215735,0.01491086371243,-0.9998847246170044,-0.033458348363637924,1.4965646641940111e-06,0.052328452467918396,-0.9980692863464355,0.04245097190141678,-0.009985917247831821,-0.0885915756225586,0.9951130151748657,-1.75,8.40234375,3.8437652587890625,8.25,-1.111328125,-7.125
118,0.09400096535682678,-0.10745090246200562,0.10403788089752197,0.08765701204538345,-0.20266753435134888,0.0988452211022377,0.07114298641681671,-0.3139224052429199,0.09251248836517334,-0.000864234403707087,-0.0008308833348564804,0.013287896290421486,-0.9999110102653503,-0.03403740003705025,0.00010532746819080785,0.05307890474796295,-0.9980100989341736,0.04281856492161751,-0.010323268361389637,-0.08951634913682938,0.9950109720230103,-1.75,8.490234375,3.8437652587890625,8.25,-1.111328125,-7.125
119,0.09396146982908249,-0.10766589641571045,0.10407169163227081,0.08752351999282837,-0.2026437669992447,0.09872336685657501,0.07077658176422119,-0.3138476312160492,0.09225429594516754,-0.006004167255014181,0.0007862953352741897,0.017393961548805237,-0.9998303651809692,-0.03441349416971207,3.784260479733348e-05,0.05378396809101105,-0.9979594349861145,0.043615929782390594,-0.010464436374604702,-0.09056707471609116,0.9948798418045044,-1.75,8.578125,3.8437652587890625,8.337890625,-1.19921875,-7.212890625
120,0.09394238889217377,-0.1076602190732956,0.10405632853507996,0.08739714324474335,-0.20262554287910461,0.09861265867948532,0.07040420174598694,-0.31378281116485596,0.09198832511901855,-0.006065460853278637,0.00077379762660712,0.017559733241796494,-0.9998271465301514,-0.03501741215586662,-1.473071188229369e-05,0.05472578853368759,-0.9978871941566467,0.04442005604505539,-0.01083322986960411,-0.09187094122171402,0.9947207570075989,-1.837890625,8.75390625,3.9316558837890625,8.42578125,-1.111328125,-7.30078125
121,0.09390939027070999,-0.10768646001815796,0.10404592007398605,0.08727801591157913,-0.202601820230484,0.09851153194904327,0.07003814727067947,-0.313717246055603,0.09169260412454605,-0.006703033111989498,0.0008244869532063603,0.018308943137526512,-0.9998095631599426,-0.03558715432882309,1.1983064496234874e-06,0.05546652898192406,-0.9978261590003967,0.04540756717324257,-0.010926040820777416,-0.09359339624643326,0.9945144653320312,-1.75,8.75390625,3.9316558837890625,8.513671875,-1.19921875,-7.388671875
122,0.09388305246829987,-0.10767718404531479,0.10403024405241013,0.0871557667851448,-0.202583447098732,0.09840355068445206,0.06965944916009903,-0.3136184513568878,0.09138716012239456,-0.006769898347556591,0.0008373877499252558,0.01849587820470333,-0.9998056888580322,-0.036274299025535583,8.39068234199658e-05,0.056236084550619125,-0.9977583289146423,0.04599301517009735,-0.011123084463179111,-0.09487684071063995,0.9943638443946838,-1.837890625,8.841796875,4.0195465087890625,8.6015625,-1.19921875,-7.4765625
123,0.09386549144983292,-0.1076795905828476,0.10399872809648514,0.08702658861875534,-0.20255860686302185,0.09826583415269852,0.06927232444286346,-0.31350523233413696,0.09108217060565948,-0.006905770860612392,0.000854377169162035,0.018800506368279457,-0.9997991323471069,-0.036740992218256,0.00013476952153723687,0.05697007104754448,-0.9976996779441833,0.04600745439529419,-0.011257951147854328,-0.09583862125873566,0.9942694306373596,-1.837890625,8.841796875,4.1074371337890625,8.689453125,-1.19921875,-7.4765625
124,0.09383583813905716,-0.10770506411790848,0.1039704754948616,0.08687897771596909,-0.20253151655197144,0.09811807423830032,0.06885510683059692,-0.313419371843338,0.09078175574541092,-0.007617669645696878,0.0009919969597831368,0.019546959549188614,-0.9997794032096863,-0.03739791736006737,0.00027960349689237773,0.05780394747853279,-0.9976271986961365,0.046371981501579285,-0.0112858135253191,-0.09708245098590851,0.9941315054893494,-1.837890625,9.017578125,4.1074371337890625,8.77734375,-1.19921875,-7.564453125
125,0.09379959106445312,-0.107666015625,0.10394781827926636,0.0867135152220726,-0.20250855386257172,0.09797937422990799,0.06845032423734665,-0.31334951519966125,0.09047520905733109,-0.007382899522781372,0.0008876245119608939,0.019388481974601746,-0.9997844696044922,-0.038147199898958206,0.00031501185731031,0.05873383954167366,-0.9975445866584778,0.04736650362610817,-0.011324194259941578,-0.09846095740795135,0.9939485192298889,-1.837890625,9.10546875,4.1074371337890625,8.865234375,-1.19921875,-7.65234375
126,0.0937492623925209,-0.10769663751125336,0.10392867773771286,0.08654338121414185,-0.20248013734817505,0.09785610437393188,0.06803973764181137,-0.3132818043231964,0.0901569128036499,-0.008261729963123798,0.0009349869797006249,0.02037431113421917,-0.9997579455375671,-0.03874815255403519,0.00039705014205537736,0.05958924442529678,-0.9974706172943115,0.04834518954157829,-0.011363816447556019,-0.1000334620475769,0.9937439560890198,-1.837890625,9.10546875,4.1953277587890625,8.953125,-1.287109375,-7.65234375
127,0.09371215105056763,-0.10764756798744202,0.10390458256006241,0.08637675642967224,-0.20244455337524414,0.09774098545312881,0.0676179826259613,-0.31318438053131104,0.08987141400575638,-0.007742930203676224,0.0007808823138475418,0.020135894417762756,-0.9997670650482178,-0.03914345055818558,0.0004706542531494051,0.060467708855867386,-0.9974023103713989,0.04884941130876541,-0.011289643123745918,-0.1012696698307991,0.9935948848724365,-1.92578125,9.28125,4.1953277587890625,9.041015625,-1.287109375,-7.828125
128,0.09366465359926224,-0.10778271406888962,0.10389010608196259,0.08621247857809067,-0.20241893827915192,0.09764180332422256,0.06721106171607971,-0.31308072805404663,0.08959260582923889,-0.010167893953621387,0.0012340081157162786,0.02255992218852043,-0.9996930956840515,-0.03957679867744446,0.00048211668035946786,0.06125256419181824,-0.9973373413085938,0.0494629368185997,-0.011178149841725826,-0.10238008201122284,0.9934519529342651,-1.92578125,9.28125,4.283203125,9.041015625,-1.287109375,-7.828125
129,0.09363862127065659,-0.10764306038618088,0.10389523953199387,0.08605102449655533,-0.20239943265914917,0.09757100045681,0.06682287901639938,-0.31298354268074036,0.0893574133515358,-0.007996397092938423,0.000672195921652019,0.020858483389019966,-0.9997502565383911,-0.0400952473282814,0.0005218058940954506,0.062062595039606094,-0.9972665309906006,0.05008363723754883,-0.011423411779105663,-0.10364151746034622,0.9932873249053955,-1.92578125,9.45703125,4.283203125,9.12890625,-1.287109375,-7.916015625
130,0.09359826147556305,-0.10765133053064346,0.10390903800725937,0.08589241653680801,-0.2023744136095047,0.09750643372535706,0.06641446799039841,-0.31289100646972656,0.08912965655326843,-0.008410296402871609,0.0007513977470807731,0.021517207846045494,-0.9997329115867615,-0.040670786052942276,0.0005500624538399279,0.06290683150291443,-0.9971902370452881,0.05089522525668144,-0.011666391044855118,-0.10496582835912704,0.9931041598320007,-1.92578125,9.544921875,4.37109375,9.216796875,-1.287109375,-8.00390625
131,0.093549445271492,-0.10762125998735428,0.10388927161693573,0.0856906920671463,-0.20227330923080444,0.097759909927845,0.06602822989225388,-0.31279733777046204,0.08892230689525604,-0.008086703717708588,0.0006742515251971781,0.021608442068099976,-0.9997336268424988,-0.03973038122057915,0.002553114201873541,0.06271527707576752,-0.9972371459007263,0.05161641910672188,-0.012030856683850288,-0.10609356313943863,0.9929426908493042,-1.92578125,9.544921875,4.37109375,9.216796875,-1.287109375,-8.00390625
132,0.09350886195898056,-0.10761260241270065,0.10387283563613892,0.08552481979131699,-0.2022501677274704,0.0976647138595581,0.06564222276210785,-0.31272390484809875,0.0887037068605423,-0.008047611452639103,0.0006288202130235732,0.021984269842505455,-0.9997257590293884,-0.04032817855477333,0.0025983278173953295,0.06341104954481125,-0.997169017791748,0.05228373035788536,-0.012287947349250317,-0.10713975131511688,0.9927922487258911,-1.92578125,9.544921875,4.37109375,9.216796875,-1.287109375,-8.00390625
133,0.09346063435077667,-0.1076236441731453,0.10386171191930771,0.08536425232887268,-0.20222795009613037,0.0975731685757637,0.06525762379169464,-0.31266316771507263,0.08850188553333282,-0.008445720188319683,0.000667956774123013,0.0224224254488945,-0.9997127652168274,-0.04091167822480202,0.002710549393668771,0.06407018005847931,-0.9971027374267578,0.052800439298152924,-0.012317595072090626,-0.10831300169229507,0.9926372766494751,-1.92578125,9.544921875,4.37109375,9.216796875,-1.287109375,-8.00390625
134,0.09342242777347565,-0.10764461755752563,0.10385532677173615,0.08522000163793564,-0.20220962166786194,0.09748873859643936,0.06490907073020935,-0.31259268522262573,0.08830337226390839,-0.008950998075306416,0.0006750226602889597,0.023179316893219948,-0.9996910691261292,-0.0415029302239418,0.0026815987657755613,0.06475161761045456,-0.9970344305038452,0.053272545337677,-0.01220734789967537,-0.10922779142856598,0.9925132393836975,-2.013671875,9.720703125,4.458984375,9.48046875,-1.287109375,-8.1796875
135,0.09338396042585373,-0.10763543844223022,0.10384924709796906,0.0850721076130867,-0.20219077169895172,0.09742075949907303,0.06457962840795517,-0.3125067949295044,0.08813265711069107,-0.008963015861809254,0.0006577474414370954,0.023306244984269142,-0.9996879696846008,-0.04196295887231827,0.0026728585362434387,0.06541717052459717,-0.9969717264175415,0.053355664014816284,-0.012219266034662724,-0.10973280668258667,0.9924528002738953,-2.013671875,9.720703125,4.458984375,9.568359375,-1.287109375,-8.267578125
136,0.09334865212440491,-0.10760000348091125,0.10384642332792282,0.08493593335151672,-0.20217010378837585,0.09737927466630936,0.06425728648900986,-0.31245121359825134,0.08798595517873764,-0.008372143842279911,0.000606355897616595,0.023026470094919205,-0.9996996521949768,-0.04252259433269501,0.002732684137299657,0.06606573611497879,-0.9969050288200378,0.053624074906110764,-0.012320742011070251,-0.11057692021131516,0.9923433661460876,-2.013671875,9.80859375,4.458984375,9.568359375,-1.375,-8.35546875
137,0.09330436587333679,-0.10761121660470963,0.10384823381900787,0.0848122090101242,-0.20215125381946564,0.09734364598989487,0.06397949159145355,-0.3123987317085266,0.08786822855472565,-0.008604073897004128,0.0006504267221316695,0.02343245968222618,-0.9996882677078247,-0.04269590601325035,0.0027380899991840124,0.06651348620653152,-0.996867835521698,0.053977228701114655,-0.01237725093960762,-0.11106724292039871,0.9922688603401184,-2.013671875,9.896484375,4.546875,9.65625,-1.287109375,-8.35546875
138,0.09326884150505066,-0.1076064184308052,0.10384979844093323,0.08469073474407196,-0.20213407278060913,0.09731332212686539,0.06376070529222488,-0.3123649060726166,0.087773397564888,-0.00855927262455225,0.000626506982371211,0.023692699149250984,-0.9996825456619263,-0.04301869869232178,0.0027923062443733215,0.06704071164131165,-0.996818482875824,0.05443568900227547,-0.012506731785833836,-0.11193502694368362,0.9921446442604065,-2.013671875,9.984375,4.546875,9.65625,-1.375,-8.443359375
139,0.09323224425315857,-0.10765522718429565,0.10385577380657196,0.08462704718112946,-0.20211628079414368,0.09729745984077454,0.06360939145088196,-0.31233540177345276,0.08770081400871277,-0.009441093541681767,0.0008154998649843037,0.02477903477847576,-0.9996480345726013,-0.0431990846991539,0.002892366610467434,0.0673365592956543,-0.9967905282974243,0.054969169199466705,-0.012588974088430405,-0.11317203938961029,0.9919738173484802,-2.013671875,9.984375,4.546875,9.83203125,-1.375,-8.443359375
140,0.09324876964092255,-0.1075858399271965,0.10385288298130035,0.08463647216558456,-0.20210154354572296,0.09729710221290588,0.06348535418510437,-0.3122890293598175,0.08766129612922668,-0.008367304690182209,0.0005602473975159228,0.024004697799682617,-0.9996767640113831,-0.04320633411407471,0.002873303834348917,0.06757814437150955,-0.9967739582061768,0.05539395287632942,-0.012534057721495628,-0.11454475671052933,0.9917933344841003,-2.1015625,10.16015625,4.72265625,9.919921875,-1.375,-8.53125
141,0.0932861939072609,-0.10761614888906479,0.10385087132453918,0.08466823399066925,-0.2020777463912964,0.09730309247970581,0.06336957961320877,-0.31222233176231384,0.08762900531291962,-0.00885978527367115,0.0005667152581736445,0.024478957056999207,-0.9996609687805176,-0.04333881288766861,0.0027742194943130016,0.06798277050256729,-0.9967408776283264,0.055778998881578445,-0.012659193016588688,-0.11561000347137451,0.9916465282440186,-2.1015625,10.248046875,4.72265625,10.0078125,-1.375,-8.619140625
142,0.093321792781353,-0.10757604241371155,0.10386151075363159,0.08468391746282578,-0.20205442607402802,0.09730327129364014,0.06324411183595657,-0.3121587932109833,0.08760523051023483,-0.008255052380263805,0.0004908925620839,0.02393472008407116,-0.9996793270111084,-0.043400269001722336,0.002789087826386094,0.06844893097877502,-0.9967063665390015,0.056074108928442,-0.012800333090126514,-0.11641068756580353,0.991534411907196,-2.1015625,10.3359375,4.810546875,10.18359375,-1.375,-8.794921875
143,0.09330962598323822,-0.10760042816400528,0.10386105626821518,0.08463510125875473,-0.20203138887882233,0.09728626906871796,0.06312653422355652,-0.31211861968040466,0.08758052438497543,-0.008774969726800919,0.0004864358634222299,0.024483894929289818,-0.9996616244316101,-0.04357220232486725,0.0027414823416620493,0.06891385465860367,-0.9966669082641602,0.05620924010872841,-0.012785053811967373,-0.11704067885875702,0.9914528131484985,-2.1015625,10.3359375,4.8984375,10.18359375,-1.375,-8.794921875
144,0.09328752756118774,-0.10755379498004913,0.1038622185587883,0.08454304933547974,-0.2020023614168167,0.097262442111969,0.0630187839269638,-0.3120726943016052,0.08755738288164139,-0.008286578580737114,0.0004454558074939996,0.02414998598396778,-0.9996739625930786,-0.043682388961315155,0.0027739161159843206,0.06934332102537155,-0.9966322183609009,0.056130629032850266,-0.012751540169119835,-0.11717493832111359,0.9914417862892151,-2.189453125,10.511734008789062,4.8984375,10.271484375,-1.462890625,-8.8828125
145,0.09326165914535522,-0.10754301398992538,0.10385502129793167,0.08446473628282547,-0.20197778940200806,0.09725625813007355,0.06291007250547409,-0.312029629945755,0.08755684643983841,-0.008111674338579178,0.0003486168570816517,0.024237748235464096,-0.9996733069419861,-0.04365379735827446,0.0028080891352146864,0.06974484771490097,-0.9966053366661072,0.056008558720350266,-0.012797173112630844,-0.11746153235435486,0.9914142489433289,-2.189453125,10.599624633789062,4.8984375,10.359375,-1.462890625,-8.970687866210938
146,0.09326131641864777,-0.10753986239433289,0.10387297719717026,0.08443230390548706,-0.2019583284854889,0.09727584570646286,0.06281490623950958,-0.3119818866252899,0.08755150437355042,-0.00813379604369402,0.000431241060141474,0.024272318929433823,-0.9996722936630249,-0.043784353882074356,0.0028567209374159575,0.0701279565691948,-0.9965725541114807,0.056232087314128876,-0.012950494885444641,-0.1179313063621521,0.9913438558578491,-2.189453125,10.599624633789062,4.8984375,10.359375,-1.462890625,-8.970687866210938
147,0.09328264743089676,-0.10753311961889267,0.10389269143342972,0.08444231003522873,-0.2019439935684204,0.09730104357004166,0.06273449212312698,-0.31192710995674133,0.08756346255540848,-0.008069119416177273,0.0003553075366653502,0.024246670305728912,-0.9996734261512756,-0.04375031590461731,0.002850921591743827,0.07038272172212601,-0.9965561628341675,0.05666873976588249,-0.01301682461053133,-0.11876437067985535,0.9912185668945312,-2.189453125,10.599624633789062,4.8984375,10.359375,-1.462890625,-8.970687866210938
148,0.09329739958047867,-0.1075403168797493,0.10389097779989243,0.0844665914773941,-0.20193645358085632,0.09731040149927139,0.06265435367822647,-0.31186631321907043,0.08756105601787567,-0.008223149925470352,0.00032549339812248945,0.024419469758868217,-0.9996680021286011,-0.04370684176683426,0.0027592654805630445,0.07054013013839722,-0.9965472221374512,0.05698717385530472,-0.012994695454835892,-0.119389109313488,0.9911256432533264,-2.189453125,10.599624633789062,4.8984375,10.359375,-1.462890625,-8.970687866210938
149,0.09331118315458298,-0.1075325682759285,0.10388710349798203,0.08446329832077026,-0.2019239366054535,0.09731458127498627,0.06252821534872055,-0.3118281364440918,0.08756252378225327,-0.008080980740487576,0.0003066140634473413,0.0243508443236351,-0.9996708631515503,-0.04369901120662689,0.0027530693914741278,0.07075826078653336,-0.9965320229530334,0.05713747441768646,-0.01300788763910532,-0.12004616111516953,0.9910373687744141,-2.27734375,10.951171875,4.986328125,10.623046875,-1.462890625,-9.146469116210938
150,0.09328727424144745,-0.10753390938043594,0.10388317704200745,0.08439625054597855,-0.20191550254821777,0.09730394929647446,0.06240677088499069,-0.31180721521377563,0.0875452384352684,-0.008117152377963066,0.0002822809328790754,0.024436041712760925,-0.9996684789657593,-0.0437614880502224,0.0027484537567943335,0.07089456915855408,-0.9965196251869202,0.057384904474020004,-0.01308964379131794,-0.12030809372663498,0.9909902811050415,-2.27734375,10.951171875,4.986328125,10.7109375,-1.5507659912109375,-9.234359741210938
151,0.0932302251458168,-0.10759865492582321,0.10389029234647751,0.0842919796705246,-0.20190809667110443,0.09729546308517456,0.06229059770703316,-0.31180334091186523,0.08752419799566269,-0.00926273874938488,0.0003941228205803782,0.02556856907904148,-0.9996301531791687,-0.04385862126946449,0.002813193015754223,0.07106359302997589,-0.9965031743049622,0.05765925720334053,-0.013200857676565647,-0.12056023627519608,0.9909421801567078,-2.27734375,10.951171875,4.986328125,10.7109375,-1.5507659912109375,-9.234359741210938
152,0.09320029616355896,-0.1075403019785881,0.10389348119497299,0.0842108279466629,-0.20189815759658813,0.09729401767253876,0.062182970345020294,-0.31177639961242676,0.08749664574861526,-0.008405630476772785,0.0003924882912542671,0.024906082078814507,-0.9996544718742371,-0.04389720410108566,0.0028803995810449123,0.07123349606990814,-0.9964891672134399,0.057605840265750885,-0.01329590193927288,-0.12064246088266373,0.9909340739250183,-2.27734375,11.0390625,5.07421875,10.7109375,-1.5507659912109375,-9.322250366210938
153,0.09318867325782776,-0.10752661526203156,0.10389648377895355,0.08416162431240082,-0.20187582075595856,0.09728379547595978,0.06209796294569969,-0.3117467761039734,0.08747128397226334,-0.00826857890933752,0.00034471743856556714,0.024835139513015747,-0.9996573328971863,-0.044065333902835846,0.002978129545226693,0.07158798724412918,-0.9964559674263,0.05783415213227272,-0.013356480747461319,-0.12102193385362625,0.9908736944198608,-2.27734375,11.126953125,5.07421875,10.798828125,-1.5507659912109375,-9.322250366210938
154,0.0932147279381752,-0.10753357410430908,0.10388832539319992,0.08416581898927689,-0.20185454189777374,0.09728194773197174,0.06203626096248627,-0.3116932809352875,0.08745847642421722,-0.00831225048750639,0.0002746234240476042,0.024907134473323822,-0.9996552467346191,-0.044168442487716675,0.002929042326286435,0.07194535434246063,-0.9964259266853333,0.058034613728523254,-0.013385752215981483,-0.12151447683572769,0.990801215171814,-2.365234375,11.21484375,5.07421875,10.88671875,-1.5507659912109375,-9.410140991210938
155,0.09324544668197632,-0.10753664374351501,0.10388930141925812,0.08420124650001526,-0.2018401175737381,0.09728365391492844,0.06199116259813309,-0.31163325905799866,0.08743904531002045,-0.0083914278075099,0.0002698000462260097,0.024948783218860626,-0.9996535181999207,-0.04421968758106232,0.0029244397301226854,0.07226362079381943,-0.9964005947113037,0.05828961730003357,-0.013385136611759663,-0.12221783399581909,0.9906997680664062,-2.365234375,11.302734375,5.162109375,10.974609375,-1.5507659912109375,-9.5859375
156,0.09327805042266846,-0.10750122368335724,0.10389640927314758,0.08422956615686417,-0.20181886851787567,0.09728426486253738,0.06194353476166725,-0.3115527927875519,0.08741587400436401,-0.008063030429184437,0.0001940715010277927,0.024552328512072563,-0.9996660947799683,-0.044403888285160065,0.002894921228289604,0.07266294211149216,-0.9963634610176086,0.05841103196144104,-0.013500421307981014,-0.1229243129491806,0.9906036257743835,-2.365234375,11.302734375,5.25,10.974609375,-1.5507659912109375,-9.5859375
157,0.09328819066286087,-0.10752012580633163,0.10388852655887604,0.08424259722232819,-0.20180563628673553,0.09726598113775253,0.06188333407044411,-0.3114880323410034,0.08737555146217346,-0.008488168008625507,0.00020573493384290487,0.024996032938361168,-0.9996515512466431,-0.04460757598280907,0.0028691112529486418,0.07294942438602448,-0.9963334798812866,0.05869622156023979,-0.013475396670401096,-0.12377788126468658,0.9904808402061462,-2.453125,11.56640625,5.337890625,11.326171875,-1.5507659912109375,-9.76171875
158,0.09328947216272354,-0.10749930143356323,0.10387910157442093,0.08422332257032394,-0.20178386569023132,0.09723809361457825,0.06178577244281769,-0.31142082810401917,0.08730778843164444,-0.008311722427606583,9.857342229224741e-05,0.02479555830359459,-0.9996579885482788,-0.044803496450185776,0.0029162366408854723,0.07325541973114014,-0.99630206823349,0.0588497668504715,-0.013511002995073795,-0.12448262423276901,0.9903828501701355,-2.453125,11.56640625,5.337890625,11.326171875,-1.5507659912109375,-9.76171875
159,0.09328562766313553,-0.10750186443328857,0.10387131571769714,0.08417976647615433,-0.20175541937351227,0.09721269458532333,0.061647746711969376,-0.3113759458065033,0.08722122013568878,-0.008516575209796429,0.00023197551490738988,0.024970870465040207,-0.9996519088745117,-0.045050520449876785,0.0029675234109163284,0.07363706827163696,-0.9962627291679382,0.059419456869363785,-0.01346117164939642,-0.1254076510667801,0.9902328848838806,-2.453125,11.7421875,5.337890625,11.501953125,-1.6386566162109375,-9.849609375
160,0.09327664971351624,-0.1074802502989769,0.10386326909065247,0.08412725478410721,-0.20172825455665588,0.09718652814626694,0.06150226667523384,-0.3113146424293518,0.08712992817163467,-0.008386217057704926,0.0001259847922483459,0.0248315017670393,-0.9996565580368042,-0.04533374309539795,0.003012235974892974,0.07399312406778336,-0.9962233304977417,0.05995480343699455,-0.013520457781851292,-0.12612348794937134,0.990108847618103,-2.453125,11.830078125,5.42578125,11.589859008789062,-1.6386566162109375,-9.9375
161,0.09326517581939697,-0.10744572430849075,0.10386377573013306,0.0840611606836319,-0.20170119404792786,0.09714978188276291,0.061337899416685104,-0.3112468719482422,0.08701135963201523,-0.00799507275223732,3.6182453186484054e-05,0.024568701162934303,-0.999666154384613,-0.04575948789715767,0.003034941153600812,0.07451141625642776,-0.9961650967597961,0.06038215011358261,-0.013588289730250835,-0.126773864030838,0.9899988770484924,-2.541015625,11.830078125,5.513671875,11.589859008789062,-1.6386566162109375,-9.9375
162,0.09325319528579712,-0.10744576901197433,0.10385725647211075,0.08398955315351486,-0.2016749382019043,0.09709634631872177,0.06114785000681877,-0.3111664056777954,0.08687090873718262,-0.00817523617297411,2.460907489876263e-05,0.024720799177885056,-0.9996610283851624,-0.04623723775148392,0.003064788645133376,0.07501485198736191,-0.9961051344871521,0.06062431260943413,-0.01368948444724083,-0.12729214131832123,0.9899161458015442,-2.541015625,12.005859375,5.513671875,11.765640258789062,-1.6386566162109375,-10.11328125
163,0.0932353138923645,-0.10744289308786392,0.10384059697389603,0.08391419798135757,-0.20164482295513153,0.09702929854393005,0.06094149500131607,-0.31108832359313965,0.08672380447387695,-0.008277464658021927,7.627240393048851e-06,0.024827079847455025,-0.9996575117111206,-0.04653147608041763,0.0030867988243699074,0.07547752559185028,-0.9960564970970154,0.060915473848581314,-0.013738922774791718,-0.1278255432844162,0.9898288249969482,-2.541015625,12.005859375,5.513671875,11.765640258789062,-1.6386566162109375,-10.11328125
164,0.0932236909866333,-0.10743004083633423,0.10381856560707092,0.08382073789834976,-0.20161321759223938,0.09695714712142944,0.060724224895238876,-0.311001181602478,0.08656582981348038,-0.008350874297320843,-1.6894214240892325e-06,0.024835916236042976,-0.9996567368507385,-0.04687715321779251,0.0031268494203686714,0.07603282481431961,-0.995997965335846,0.06115037575364113,-0.013733715750277042,-0.12834317982196808,0.9897475242614746,-2.541015625,12.09375,5.513671875,11.941421508789062,-1.6386566162109375,-10.2890625
165,0.0931953489780426,-0.10745365172624588,0.10380828380584717,0.08372288197278976,-0.20157299935817719,0.09687928110361099,0.060464002192020416,-0.3109092712402344,0.08641885221004486,-0.009025300852954388,6.783631397411227e-05,0.02543272264301777,-0.9996358752250671,-0.0470590777695179,0.0031435468699783087,0.07658465951681137,-0.995947003364563,0.061422474682331085,-0.014048013836145401,-0.12886418402194977,0.9896585941314697,-2.62890625,12.181640625,5.6015625,12.029312133789062,-1.7265472412109375,-10.2890625
166,0.09317990392446518,-0.10738928616046906,0.10379022359848022,0.0836135521531105,-0.20154760777950287,0.09679815918207169,0.06020678952336311,-0.31081387400627136,0.08625446259975433,-0.008186533115804195,-5.0857946916949004e-05,0.024787727743387222,-0.9996592998504639,-0.04746571555733681,0.003158414736390114,0.07721533626317978,-0.9958789944648743,0.06165082007646561,-0.014242025092244148,-0.12940198183059692,0.9895713925361633,-2.62890625,12.26953125,5.6015625,12.029312133789062,-1.7265472412109375,-10.2890625
167,0.09315317124128342,-0.10737363249063492,0.1037743017077446,0.08350470662117004,-0.20152372121810913,0.09671533852815628,0.059962883591651917,-0.31071096658706665,0.08608722686767578,-0.008118323981761932,-0.00012951674580108374,0.024742787703871727,-0.9996609091758728,-0.047992344945669174,0.0031587618868798018,0.07783757150173187,-0.9958052635192871,0.061913181096315384,-0.014327111653983593,-0.12999261915683746,0.9894763231277466,-2.62890625,12.357421875,5.689453125,12.205078125,-1.7265472412109375,-10.376953125
168,0.09313427656888962,-0.10738373547792435,0.10376376658678055,0.08340882509946823,-0.20149655640125275,0.09665095061063766,0.05970417708158493,-0.3106342852115631,0.08590289205312729,-0.008406238630414009,-2.545823917898815e-05,0.025096971541643143,-0.9996497631072998,-0.048455506563186646,0.0032311093527823687,0.07845236361026764,-0.9957343935966492,0.0626152828335762,-0.014402508735656738,-0.13094180822372437,0.9893059134483337,-2.62890625,12.4453125,5.689453125,12.205078125,-1.7265472412109375,-10.46484375
169,0.09311569482088089,-0.10735754668712616,0.10375247150659561,0.08331573754549026,-0.20146484673023224,0.0965718999505043,0.05943390727043152,-0.31056904792785645,0.08570393919944763,-0.008089464157819748,-0.0001227286265930161,0.02492850460112095,-0.9996564984321594,-0.04875294119119644,0.003235748503357172,0.07908385992050171,-0.9956699013710022,0.06331200897693634,-0.014313728548586369,-0.1320129930973053,0.9891204833984375,-2.62890625,12.533203125,5.77734375,12.29296875,-1.7265472412109375,-10.552734375
170,0.09309709817171097,-0.10733445733785629,0.10372952371835709,0.08321458846330643,-0.20142875611782074,0.09649575501680374,0.05915886163711548,-0.31046631932258606,0.08553005754947662,-0.008063721470534801,-0.0001702316803857684,0.02487756684422493,-0.9996579885482788,-0.049223724752664566,0.003231179667636752,0.07975535839796066,-0.9955931901931763,0.06373802572488785,-0.014268922619521618,-0.13285107910633087,0.9889815449714661,-2.62890625,12.62109375,5.865234375,12.380859375,-1.7265472412109375,-10.640625
171,0.09308206290006638,-0.10732287168502808,0.10370995104312897,0.08309920132160187,-0.20139645040035248,0.09642399102449417,0.05889476463198662,-0.31035372614860535,0.08534905314445496,-0.008014104329049587,-0.00026805163361132145,0.024942850694060326,-0.9996567368507385,-0.04976187273859978,0.0032992293126881123,0.08043592423200607,-0.9955114722251892,0.06374865770339966,-0.01427975483238697,-0.13330648839473724,0.9889194965362549,-2.716796875,12.708984375,5.865234375,12.46875,-1.7265472412109375,-10.640625
172,0.09306245297193527,-0.1072908341884613,0.10369567573070526,0.0829666405916214,-0.20137116312980652,0.09635663032531738,0.058622222393751144,-0.3102492094039917,0.08517575263977051,-0.007462013512849808,-0.000633436196949333,0.025089284405112267,-0.999657154083252,-0.05050930380821228,0.0034340249840170145,0.08115984499454498,-0.9954146146774292,0.06394458562135696,-0.0143311507999897,-0.13373896479606628,0.9888476729393005,-2.716796875,12.796875,5.953125,12.556640625,-1.7265472412109375,-10.81640625
173,0.09302131831645966,-0.10728767514228821,0.10369201749563217,0.08282167464494705,-0.20135128498077393,0.0962868481874466,0.058346785604953766,-0.310153067111969,0.08500122278928757,-0.00758760841563344,-0.0005716573796235025,0.02535063959658146,-0.999649703502655,-0.05121671035885811,0.0034691274631768465,0.08186791837215424,-0.9953203797340393,0.06426922231912613,-0.014371269382536411,-0.13418656587600708,0.9887653589248657,-2.716796875,12.796875,5.953125,12.556640625,-1.7265472412109375,-10.81640625
174,0.09298279881477356,-0.10726986825466156,0.10368465632200241,0.08268269896507263,-0.20132148265838623,0.09623144567012787,0.058066561818122864,-0.31006717681884766,0.08483495563268661,-0.007467590272426605,-0.0005725541268475354,0.025501687079668045,-0.9996467232704163,-0.05188249051570892,0.0036272266879677773,0.08259212970733643,-0.9952254891395569,0.06482525914907455,-0.014622037298977375,-0.13481059670448303,0.988640546798706,-2.716796875,12.884765625,5.953125,12.732421875,-1.7265472412109375,-10.904296875
175,0.09294603019952774,-0.10725078731775284,0.10366781055927277,0.08255688101053238,-0.20128601789474487,0.09616944938898087,0.057782016694545746,-0.30998799204826355,0.08468369394540787,-0.007383706513792276,-0.0006742483237758279,0.025628643110394478,-0.9996440410614014,-0.052402567118406296,0.003684460185468197,0.08323070406913757,-0.995144784450531,0.06545136868953705,-0.014827070757746696,-0.13573642075061798,0.9884695410728455,-2.8046722412109375,12.97265625,6.041015625,12.8203125,-1.7265472412109375,-10.9921875
176,0.09291623532772064,-0.1072460189461708,0.10365482419729233,0.08244775980710983,-0.20126420259475708,0.09609891474246979,0.05753315985202789,-0.3098902404308319,0.08453518897294998,-0.007350570522248745,-0.0006601105560548604,0.025788158178329468,-0.9996402263641357,-0.052939482033252716,0.0036487041506916285,0.08387432992458344,-0.9950624704360962,0.06569401919841766,-0.014945661649107933,-0.13640572130680084,0.9883594512939453,-2.8046722412109375,13.060546875,6.041015625,12.8203125,-1.8144378662109375,-10.9921875
177,0.09289306402206421,-0.10723540931940079,0.10364803671836853,0.08235660940408707,-0.20123735070228577,0.09603268653154373,0.057289112359285355,-0.30979838967323303,0.08437902480363846,-0.007295093033462763,-0.0006557466695085168,0.025921981781721115,-0.9996371865272522,-0.05335721746087074,0.0035648199263960123,0.08449719101190567,-0.9949877858161926,0.06594192981719971,-0.014860182069242,-0.13719306886196136,0.9882352948188782,-2.8046722412109375,13.1484375,6.12890625,12.99609375,-1.8144378662109375,-11.080078125
178,0.09288148581981659,-0.10724033415317535,0.10364016890525818,0.08226875960826874,-0.20120717585086823,0.09596987068653107,0.057030584663152695,-0.3097144663333893,0.08424167335033417,-0.007474868092685938,-0.0006623688386753201,0.02622239664196968,-0.9996280670166016,-0.0536540150642395,0.0034545124508440495,0.08513306826353073,-0.9949179291725159,0.06631326675415039,-0.014909889549016953,-0.1382354199886322,0.9880644083023071,-2.8046722412109375,13.236328125,6.12890625,12.99609375,-1.7265472412109375,-11.16796875
179,0.09286399930715561,-0.10721316188573837,0.10362131893634796,0.0821823850274086,-0.20117659866809845,0.09591072797775269,0.056796539574861526,-0.309608519077301,0.08411145210266113,-0.007319394499063492,-0.0007689554477110505,0.026105575263500214,-0.9996321797370911,-0.053879231214523315,0.0034456285648047924,0.08564555644989014,-0.9948618412017822,0.06649517267942429,-0.014941814355552197,-0.1389015018939972,0.9879583120346069,-2.8925628662109375,13.32421875,6.12890625,13.083984375,-1.8144378662109375,-11.255859375
180,0.09281159937381744,-0.10748188942670822,0.10367406159639359,0.0820871889591217,-0.20114712417125702,0.09585024416446686,0.05658022314310074,-0.3095167279243469,0.08399111777544022,-0.013509626500308514,0.0009757139487192035,0.031113330274820328,-0.999424159526825,-0.054013293236494064,0.003489738330245018,0.0860649049282074,-0.9948182106018066,0.06671813130378723,-0.014996192418038845,-0.1395079344511032,0.9878570437431335,-2.8925628662109375,13.412109375,6.216796875,13.171875,-1.8144378662109375,-11.34375
181,0.09280107915401459,-0.10740485787391663,0.1036626473069191,0.08198776096105576,-0.20111407339572906,0.09580355137586594,0.056362442672252655,-0.3094330430030823,0.08388542383909225,-0.012447964400053024,0.0008347341208718717,0.03031931258738041,-0.9994624257087708,-0.054073452949523926,0.003585770260542631,0.08646661788225174,-0.9947798252105713,0.06713095307350159,-0.015036137774586678,-0.14010028541088104,0.9877445697784424,-2.8925628662109375,13.412109375,6.216796875,13.171875,-1.8144378662109375,-11.34375
182,0.09277092665433884,-0.107408307492733,0.10366370528936386,0.08188869804143906,-0.20109906792640686,0.095777228474617,0.056164320558309555,-0.3093651831150055,0.0837971568107605,-0.012613282538950443,0.0008981028222478926,0.030612841248512268,-0.9994513988494873,-0.0544515885412693,0.0036602183245122433,0.08693742752075195,-0.9947178959846497,0.06759312748908997,-0.01523030549287796,-0.14087049663066864,0.9876005053520203,-2.8925628662109375,13.412109375,6.216796875,13.171875,-1.8144378662109375,-11.34375
183,0.09274111688137054,-0.10742051899433136,0.10367007553577423,0.08180636167526245,-0.20107610523700714,0.09576991945505142,0.05596392974257469,-0.30928900837898254,0.08371591567993164,-0.013000553473830223,0.0009674448519945145,0.031108031049370766,-0.9994310140609741,-0.05450953543186188,0.003696734318509698,0.08732815831899643,-0.9946803450584412,0.06786268949508667,-0.015280613675713539,-0.1414564996957779,0.9874975085258484,-2.8925628662109375,13.412109375,6.216796875,13.171875,-1.8144378662109375,-11.34375
184,0.09272222220897675,-0.10740304738283157,0.10366407036781311,0.0817328616976738,-0.2010556012392044,0.09574390202760696,0.05578320845961571,-0.30921682715415955,0.08363672345876694,-0.012866527773439884,0.0009275657939724624,0.031182309612631798,-0.9994304776191711,-0.05462358146905899,0.003665727563202381,0.08767525851726532,-0.9946436882019043,0.06802140176296234,-0.015258719213306904,-0.14196664094924927,0.9874137043952942,-2.8925628662109375,13.412109375,6.216796875,13.171875,-1.8144378662109375,-11.34375
185,0.09269404411315918,-0.10740561038255692,0.10365239530801773,0.08165275305509567,-0.20104409754276276,0.09571502357721329,0.0555981807410717,-0.3091655969619751,0.08356540650129318,-0.012990317307412624,0.0008843548130244017,0.031438618898391724,-0.9994208812713623,-0.054719626903533936,0.0036962577141821384,0.08792738616466522,-0.9946159720420837,0.06829117238521576,-0.0152573361992836,-0.142380028963089,0.9873356223106384,-2.9804534912109375,13.67578125,6.392578125,13.435546875,-1.8144378662109375,-11.51953125
186,0.09266158193349838,-0.10739990323781967,0.10364663600921631,0.08156485110521317,-0.2010311335325241,0.09569054841995239,0.05543224886059761,-0.3091312348842621,0.08351486176252365,-0.012936180457472801,0.000840374268591404,0.03166278824210167,-0.9994146227836609,-0.05487877503037453,0.0036610777024179697,0.08819158375263214,-0.9945839643478394,0.06848382204771042,-0.015414152294397354,-0.14273186028003693,0.9872689843177795,-2.9804534912109375,13.763671875,6.392578125,13.435546875,-1.9023284912109375,-11.51953125
187,0.09262003749608994,-0.10740682482719421,0.10364991426467896,0.08146391063928604,-0.20101751387119293,0.09567064791917801,0.05528983473777771,-0.3091043531894684,0.08346739411354065,-0.013147813268005848,0.0008847774006426334,0.03203362599015236,-0.9993999004364014,-0.05502390116453171,0.0036742347292602062,0.08848284929990768,-0.9945499897003174,0.06865907460451126,-0.0155491316691041,-0.1430371254682541,0.9872105121612549,-2.9804534912109375,13.763671875,6.392578125,13.5234375,-1.9023284912109375,-11.607421875
188,0.09259059280157089,-0.10741744935512543,0.10366150736808777,0.08138588070869446,-0.20099860429763794,0.0956568643450737,0.055177923291921616,-0.3090636730194092,0.0834457129240036,-0.013465280644595623,0.0009882133454084396,0.03247719258069992,-0.9993813633918762,-0.05516313016414642,0.0036937508266419172,0.08873850107192993,-0.9945194721221924,0.0686289593577385,-0.015584406442940235,-0.1433202028274536,0.9871710538864136,-2.9804534912109375,13.8515625,6.48046875,13.611328125,-1.9023284912109375,-11.6953125
189,0.092566579580307,-0.10745635628700256,0.1036677211523056,0.08134409785270691,-0.20098447799682617,0.0956430435180664,0.05507201328873634,-0.3090357482433319,0.08343127369880676,-0.014068382792174816,0.0010333667742088437,0.03326587751507759,-0.9993470907211304,-0.05543157830834389,0.0036767269484698772,0.08906378597021103,-0.9944754838943481,0.0689164474606514,-0.015524093993008137,-0.14414864778518677,0.9870313405990601,-2.9804534912109375,13.939453125,6.48046875,13.69921875,-1.9023284912109375,-11.783203125
190,0.09259381890296936,-0.10739904642105103,0.10366452485322952,0.08135177195072174,-0.2009623795747757,0.09564733505249023,0.05502498149871826,-0.30897173285484314,0.08342072367668152,-0.013164651580154896,0.0008883698610588908,0.03246486186981201,-0.9993857741355896,-0.05549987778067589,0.0036527446936815977,0.08937668800354004,-0.9944437742233276,0.06911800801753998,-0.015492540784180164,-0.1447763592004776,0.9869257807731628,-2.9804534912109375,14.115234375,6.568359375,13.875,-1.9023284912109375,-11.87109375
191,0.09263288229703903,-0.10740254074335098,0.10367593169212341,0.08139773458242416,-0.20094600319862366,0.0956651121377945,0.05496613308787346,-0.3089093565940857,0.08343715965747833,-0.013303444720804691,0.0008829023572616279,0.03255469724535942,-0.9993811249732971,-0.05560505762696266,0.0036395182833075523,0.08968145400285721,-0.994410514831543,0.06941143423318863,-0.015492518432438374,-0.14572978019714355,0.9867648482322693,-2.9804534912109375,14.115234375,6.65625,13.962890625,-1.9023284912109375,-11.87109375
192,0.09265651553869247,-0.10737843811511993,0.10368157178163528,0.08141732960939407,-0.20093205571174622,0.0956837460398674,0.0549163781106472,-0.308831125497818,0.08344219624996185,-0.012980073690414429,0.0007788290968164802,0.0323399156332016,-0.9993923902511597,-0.05566038563847542,0.0035500223748385906,0.09000067412853241,-0.9943788051605225,0.06964217871427536,-0.01544678583741188,-0.14625395834445953,0.9866717457771301,-3.0683441162109375,14.291015625,6.65625,14.05078125,-1.9023284912109375,-12.046875
193,0.09265082329511642,-0.10738524794578552,0.10369281470775604,0.0813952162861824,-0.20091751217842102,0.09568363428115845,0.05484652891755104,-0.3087773025035858,0.0834406316280365,-0.013175834901630878,0.0008681051549501717,0.032543011009693146,-0.9993831515312195,-0.055948175489902496,0.0035697342827916145,0.09034989774227142,-0.9943309426307678,0.06985513865947723,-0.015515288338065147,-0.1469607800245285,0.9865506291389465,-3.0683441162109375,14.291015625,6.65625,14.05078125,-1.9023284912109375,-12.134765625
194,0.0926380380988121,-0.1073797270655632,0.10370122641324997,0.0813535675406456,-0.200887992978096,0.09568130970001221,0.05475812032818794,-0.3087354600429535,0.08342111110687256,-0.013144725002348423,0.000875562836881727,0.03261113166809082,-0.9993813037872314,-0.05598537251353264,0.0035605281591415405,0.09053361415863037,-0.9943122267723083,0.07021436095237732,-0.015581411309540272,-0.14752401411533356,0.9864399433135986,-3.0683441162109375,14.466796875,6.744140625,14.2265625,-1.9902191162109375,-12.22265625
195,0.0926249548792839,-0.10737389326095581,0.10370548814535141,0.08130370825529099,-0.20086663961410522,0.09566916525363922,0.05466705188155174,-0.3086642622947693,0.08339355885982513,-0.013180317357182503,0.0008692946867085993,0.03276121988892555,-0.9993759393692017,-0.05620874837040901,0.003577676834538579,0.09077482670545578,-0.9942775964736938,0.06998065859079361,-0.015577616170048714,-0.14776970446109772,0.9864199757575989,-3.1562347412109375,14.5546875,6.744140625,14.314453125,-1.9902191162109375,-12.22265625
196,0.09261427074670792,-0.10736621171236038,0.10370491445064545,0.08127197623252869,-0.20084841549396515,0.09564974904060364,0.055712491273880005,-0.30866166949272156,0.08351507037878036,-0.013222756795585155,0.0008391787996515632,0.0328848734498024,-0.9993714094161987,-0.056293319910764694,0.0035245984327048063,0.0909578874707222,-0.9942561984062195,0.06671435385942459,-0.0009198074694722891,-0.14716064929962158,0.9868597388267517,-3.1562347412109375,14.642578125,6.744140625,14.40234375,-1.9902191162109375,-12.22265625
197,0.09261380881071091,-0.10734400898218155,0.10370782017707825,0.08123529702425003,-0.20082181692123413,0.09562581032514572,0.05560341849923134,-0.30859532952308655,0.08345881849527359,-0.01310296542942524,0.000796849257312715,0.03282371908426285,-0.9993749260902405,-0.05655192956328392,0.0035152933560311794,0.09121419489383698,-0.9942180514335632,0.06687930226325989,-0.0008532911306247115,-0.14763659238815308,0.9867775440216064,-3.1562347412109375,14.73046875,6.83203125,14.490234375,-1.9902191162109375,-12.3984375
198,0.09260613471269608,-0.10734862834215164,0.10370428115129471,0.0811910629272461,-0.20080384612083435,0.0955963209271431,0.05547787994146347,-0.3085474371910095,0.08338921517133713,-0.013271988369524479,0.0008396438788622618,0.032954275608062744,-0.99936842918396,-0.056825749576091766,0.0034977805335074663,0.09152446687221527,-0.994174063205719,0.06740981340408325,-0.0008039273088797927,-0.14839138090610504,0.9866282939910889,-3.1562347412109375,14.73046875,6.83203125,14.490234375,-1.9902191162109375,-12.3984375
199,0.09259628504514694,-0.10734580457210541,0.10369263589382172,0.08114171028137207,-0.20078085362911224,0.09555607289075851,0.05535487085580826,-0.3084633946418762,0.08330245316028595,-0.013301068916916847,0.0007848558016121387,0.033090949058532715,-0.9993636012077332,-0.05712089315056801,0.003514423966407776,0.09186967462301254,-0.9941251873970032,0.06739144772291183,-0.000625262560788542,-0.14877748489379883,0.9865715503692627,-3.244140625,14.90625,6.919921875,14.666015625,-1.9902191162109375,-12.57421875
200,0.09258150309324265,-0.10736025869846344,0.10369226336479187,0.08108314871788025,-0.2007540762424469,0.09551993757486343,0.05520196259021759,-0.3083849549293518,0.08321161568164825,-0.01385728269815445,0.0008741290075704455,0.03355402126908302,-0.9993404746055603,-0.05738276615738869,0.0036326192785054445,0.09211920946836472,-0.9940865635871887,0.06750372797250748,-0.0005790258292108774,-0.14951245486736298,0.9864526987075806,-3.244140625,14.994140625,6.919921875,14.666015625,-2.078125,-12.57421875
201,0.09256505966186523,-0.10733579099178314,0.10368474572896957,0.08103358000516891,-0.20072849094867706,0.09547800570726395,0.05504162982106209,-0.3082970678806305,0.08310703188180923,-0.013644848018884659,0.0008360103238373995,0.03344882279634476,-0.9993469715118408,-0.05757855251431465,0.0036589126102626324,0.09229612350463867,-0.9940587282180786,0.06774646043777466,-0.0005368578713387251,-0.15015481412410736,0.9863386154174805,-3.244140625,14.994140625,7.0078125,14.75390625,-2.078125,-12.662109375
202,0.0925520658493042,-0.10733052343130112,0.10367617756128311,0.08097163587808609,-0.20069676637649536,0.09542927891016006,0.05487070977687836,-0.30823037028312683,0.08297934383153915,-0.013807451352477074,0.0008551162318326533,0.033602792769670486,-0.9993395805358887,-0.05780152976512909,0.003747334470972419,0.09249845892190933,-0.9940267205238342,0.06840621680021286,-0.0005639198352582753,-0.15096451342105865,0.9861694574356079,-3.244140625,15.169937133789062,7.0078125,14.841796875,-2.078125,-12.75
203,0.0925409197807312,-0.10731318593025208,0.10365398228168488,0.08090097457170486,-0.2006615400314331,0.09537329524755478,0.0546988844871521,-0.30814772844314575,0.08283595740795135,-0.01371179148554802,0.000776573084294796,0.0334782749414444,-0.9993451237678528,-0.05796964094042778,0.0038577408995479345,0.0928555354475975,-0.9939831495285034,0.06864624470472336,-0.000494567328132689,-0.15140770375728607,0.9860848188400269,-3.244140625,15.169937133789062,7.0078125,14.9296875,-2.078125,-12.75
204,0.09251850098371506,-0.1073198914527893,0.10363760590553284,0.08082469552755356,-0.2006254345178604,0.09529931843280792,0.05451366677880287,-0.30807119607925415,0.08269429951906204,-0.014139408245682716,0.0008806365658529103,0.033853065222501755,-0.9993264079093933,-0.0581408254802227,0.003828061744570732,0.09326587617397308,-0.9939348697662354,0.06903732568025589,-0.00039631506660953164,-0.15196850895881653,0.985971212387085,-3.33203125,15.257827758789062,7.18359375,15.017578125,-2.078125,-12.837890625
205,0.09249277412891388,-0.10730085521936417,0.10361956059932709,0.080731101334095,-0.20058944821357727,0.09521693736314774,0.054319143295288086,-0.3079923093318939,0.08255188912153244,-0.01422069687396288,0.0009034359827637672,0.03394201397895813,-0.9993222951889038,-0.058532774448394775,0.0037177633494138718,0.09375967085361481,-0.9938658475875854,0.06929072737693787,-0.0002658473385963589,-0.1526128202676773,0.9858539700508118,-3.33203125,15.345718383789062,7.18359375,15.10546875,-2.078125,-12.92578125
206,0.09246597439050674,-0.10728517919778824,0.10360414534807205,0.08065219968557358,-0.2005455642938614,0.0951438695192337,0.05412275344133377,-0.3079219162464142,0.08240000903606415,-0.014244874007999897,0.0008416234632022679,0.03405410796403885,-0.9993181824684143,-0.05877060815691948,0.0037522874772548676,0.09403479099273682,-0.9938256144523621,0.06985587626695633,-0.0006213093874976039,-0.15336549282073975,0.9856972098350525,-3.33203125,15.345718383789062,7.18359375,15.193359375,-2.078125,-12.92578125
207,0.0924457311630249,-0.1073555052280426,0.10359127819538116,0.08058539777994156,-0.2005082219839096,0.09507929533720016,0.053948163986206055,-0.30780476331710815,0.082264244556427,-0.015594737604260445,0.001001213095150888,0.03524637222290039,-0.9992564916610718,-0.05910632759332657,0.0037462746258825064,0.09449772536754608,-0.9937618374824524,0.06990312039852142,-0.0005878841038793325,-0.15372921526432037,0.9856371879577637,-3.419921875,15.521499633789062,7.18359375,15.28125,-2.078125,-13.1015625
208,0.09245368838310242,-0.10727827250957489,0.10357585549354553,0.08053122460842133,-0.20047271251678467,0.09502771496772766,0.05376835912466049,-0.30771368741989136,0.08211582154035568,-0.01447671465575695,0.0008134104427881539,0.0342341884970665,-0.9993086457252502,-0.05931299552321434,0.0037618258502334356,0.09484563022851944,-0.9937163591384888,0.0704994797706604,-0.0005103372968733311,-0.15455912053585052,0.9854649305343628,-3.419921875,15.521499633789062,7.271484375,15.28125,-2.078125,-13.1015625
209,0.0924355685710907,-0.10727809369564056,0.10356424003839493,0.08047369122505188,-0.20044313371181488,0.0949728861451149,0.05360295623540878,-0.3076236844062805,0.08196764439344406,-0.014652213081717491,0.0008267866214737296,0.034493640065193176,-0.9992971420288086,-0.05954147130250931,0.003830711357295513,0.09508711844682693,-0.993679404258728,0.0708908662199974,-0.0005213833064772189,-0.1553904414176941,0.9853060841560364,-3.419921875,15.697280883789062,7.359375,15.45703125,-2.166015625,-13.189453125
210,0.09241818636655807,-0.10726829618215561,0.10355893522500992,0.08040578663349152,-0.20040442049503326,0.09490921348333359,0.053439490497112274,-0.307539165019989,0.08183441311120987,-0.014817323535680771,0.0008210043306462467,0.034677837044000626,-0.9992884397506714,-0.059853024780750275,0.003797961166128516,0.09533857554197311,-0.9936367273330688,0.07137442380189896,-0.00046727556036785245,-0.15631836652755737,0.985124409198761,-3.419921875,15.873046875,7.359375,15.544921875,-2.166015625,-13.27734375
211,0.09240507334470749,-0.10725276917219162,0.10354705899953842,0.08034078776836395,-0.20037108659744263,0.09485281258821487,0.05326905846595764,-0.30745482444763184,0.08167984336614609,-0.014768105000257492,0.0007786275236867368,0.03467899560928345,-0.9992891550064087,-0.060211971402168274,0.0038737724535167217,0.09562068432569504,-0.9935876131057739,0.07178197801113129,-0.00028184379334561527,-0.15703068673610687,0.9849815368652344,-3.419921875,15.873046875,7.359375,15.544921875,-2.166015625,-13.365234375
212,0.09239432215690613,-0.10724642127752304,0.10353043675422668,0.08026576787233353,-0.20034420490264893,0.09479366987943649,0.05308179184794426,-0.30737167596817017,0.08154109120368958,-0.01483242679387331,0.0007354966946877539,0.03478606417775154,-0.9992845058441162,-0.06048768758773804,0.003933314699679613,0.09592688828706741,-0.9935410618782043,0.07199295610189438,-7.804146298440173e-05,-0.15766283869743347,0.9848652482032776,-3.419921875,15.9609375,7.359375,15.6328125,-2.166015625,-13.453125
213,0.09237582981586456,-0.10724302381277084,0.10351819545030594,0.08019502460956573,-0.20031818747520447,0.0947340577840805,0.052910227328538895,-0.3072895109653473,0.08141908049583435,-0.015036926604807377,0.0007773457909934223,0.03496406599879265,-0.9992751479148865,-0.06075629964470863,0.003925571218132973,0.09630218893289566,-0.9934884905815125,0.07236161828041077,-0.000260268832789734,-0.15828001499176025,0.9847392439842224,-3.419921875,16.048828125,7.447265625,15.720703125,-2.166015625,-13.453125
214,0.09235696494579315,-0.10725127160549164,0.10350578278303146,0.08013363182544708,-0.20028533041477203,0.09468948841094971,0.05275176092982292,-0.3072032630443573,0.0812968984246254,-0.015346359461545944,0.0008120297570712864,0.03533030301332474,-0.9992575645446777,-0.06078924983739853,0.00403823796659708,0.0965319499373436,-0.9934635758399963,0.07271143049001694,-0.0003145058290101588,-0.15885716676712036,0.9846204519271851,-3.5078125,16.13671875,7.447265625,15.80859375,-2.166015625,-13.453125
215,0.09235221892595291,-0.10721424221992493,0.10350224375724792,0.0800822526216507,-0.20025865733623505,0.09465062618255615,0.052583202719688416,-0.3071315884590149,0.08118294924497604,-0.01493709348142147,0.0007411891710944474,0.035014744848012924,-0.9992749094963074,-0.061038412153720856,0.0040306877344846725,0.09681438654661179,-0.9934209585189819,0.07322496920824051,-0.0003361832641530782,-0.15950338542461395,0.9844779372215271,-3.5078125,16.224609375,7.447265625,15.896484375,-2.25390625,-13.62890625
216,0.09233526140451431,-0.1072295531630516,0.10348757356405258,0.0800119936466217,-0.20022600889205933,0.09459076076745987,0.05241816118359566,-0.30706143379211426,0.0810704305768013,-0.015276746824383736,0.000725903722923249,0.03549007698893547,-0.9992530345916748,-0.06139175966382027,0.003998095635324717,0.09718149900436401,-0.9933633804321289,0.07362021505832672,-0.00047818291932344437,-0.16000354290008545,0.9843671917915344,-3.5078125,16.3125,7.53515625,15.984375,-2.25390625,-13.716796875
217,0.09232249855995178,-0.10720442235469818,0.10347579419612885,0.07994435727596283,-0.20020146667957306,0.0945422574877739,0.05226709321141243,-0.3069876432418823,0.08096779882907867,-0.014988340437412262,0.0006365550216287374,0.03537768870592117,-0.9992614984512329,-0.06149080768227577,0.0039513446390628815,0.09754808992147446,-0.9933215975761414,0.07383066415786743,-0.0005579459248110652,-0.16047924757003784,0.9842739701271057,-3.595703125,16.3125,7.623046875,15.984375,-2.25390625,-13.716796875
218,0.09230285882949829,-0.10718932747840881,0.10346245765686035,0.07988086342811584,-0.2001749724149704,0.09450238943099976,0.05212489143013954,-0.30690997838974,0.08089049905538559,-0.015004470013082027,0.0005829822621308267,0.03538181260228157,-0.9992611408233643,-0.06164902448654175,0.0038848265539854765,0.0978497564792633,-0.9932823181152344,0.07398603856563568,-0.00045356564805842936,-0.160847008228302,0.9842022657394409,-3.595703125,16.3125,7.623046875,16.072265625,-2.25390625,-13.804672241210938
219,0.0922800600528717,-0.10717695206403732,0.10346028208732605,0.0798119530081749,-0.20014840364456177,0.09446734935045242,0.051969725638628006,-0.3068505525588989,0.08081669360399246,-0.015047445893287659,0.0006051427335478365,0.0355105958878994,-0.9992558360099792,-0.061973754316568375,0.0038453335873782635,0.0982891246676445,-0.9932188987731934,0.07429102063179016,-0.0005241463077254593,-0.1616504043340683,0.9840477108955383,-3.595703125,16.48828125,7.7109375,16.16015625,-2.25390625,-13.892562866210938
220,0.09227205067873001,-0.10718955844640732,0.10346166044473648,0.07975880056619644,-0.20011945068836212,0.0944395586848259,0.05182652175426483,-0.30678871273994446,0.0807485580444336,-0.015325487591326237,0.0005766323884017766,0.03592804819345474,-0.9992367625236511,-0.06220007687807083,0.0038141163531690836,0.09856431186199188,-0.9931776523590088,0.07469252496957779,-0.0005731457495130599,-0.16233336925506592,0.9839047789573669,-3.595703125,16.576171875,7.798828125,16.248046875,-2.341796875,-13.980453491210938
221,0.09225673973560333,-0.1071624830365181,0.10344664752483368,0.07971902191638947,-0.2001080960035324,0.09441226720809937,0.05169694498181343,-0.30671390891075134,0.08069060742855072,-0.015003454871475697,0.000447966594947502,0.035681478679180145,-0.999250590801239,-0.06235440820455551,0.003777830395847559,0.09874541312456131,-0.9931501150131226,0.07469615340232849,-0.0005767265683971345,-0.1627848893404007,0.9838299751281738,-3.595703125,16.6640625,7.798828125,16.3359375,-2.25390625,-13.980453491210938
222,0.09224105626344681,-0.10718853771686554,0.10344317555427551,0.0796622782945633,-0.2000836282968521,0.09438520669937134,0.05156981945037842,-0.30664947628974915,0.08063190430402756,-0.01557739358395338,0.0005554622039198875,0.03630027174949646,-0.9992194175720215,-0.06251782178878784,0.003771684132516384,0.09909636527299881,-0.993104875087738,0.07499527931213379,-0.0005660531460307539,-0.16332317888736725,0.9837179183959961,-3.595703125,16.6640625,7.798828125,16.3359375,-2.25390625,-14.068344116210938
223,0.09223119169473648,-0.10715758800506592,0.1034497544169426,0.07960207760334015,-0.2000548094511032,0.09437685459852219,0.05143371969461441,-0.3065987229347229,0.08057671785354614,-0.015184219926595688,0.0004358164151199162,0.03607741370797157,-0.9992335438728333,-0.06264496594667435,0.0038183988071978092,0.09940043091773987,-0.9930663108825684,0.07546326518058777,-0.0006765655125491321,-0.16388165950775146,0.9835891723632812,-3.68359375,16.751953125,7.798828125,16.423843383789062,-2.25390625,-14.068344116210938
224,0.09221378713846207,-0.10713451355695724,0.10344928503036499,0.07954011857509613,-0.2000311315059662,0.0943726897239685,0.05131418630480766,-0.3065396845340729,0.08052738010883331,-0.014921359717845917,0.00037657987559214234,0.035963959991931915,-0.9992416501045227,-0.06280505657196045,0.003947619814425707,0.09971031546592712,-0.9930246472358704,0.07576419413089752,-0.0007102470844984055,-0.16439829766750336,0.9834798574447632,-3.68359375,16.83984375,7.88671875,16.511734008789062,-2.341796875,-14.156234741210938
225,0.09218822419643402,-0.10723324120044708,0.1034470722079277,0.07948534935712814,-0.20000828802585602,0.09436114877462387,0.05120256543159485,-0.3064879775047302,0.08047717809677124,-0.016495028510689735,0.0005851947935298085,0.03763384744524956,-0.9991552829742432,-0.06307824701070786,0.004003901034593582,0.09998079389333725,-0.992979884147644,0.07604928314685822,-0.0007875786977820098,-0.16487719118595123,0.9833775758743286,-3.68359375,16.927734375,7.88671875,16.599624633789062,-2.341796875,-14.244140625
226,0.0921894982457161,-0.10712097585201263,0.10344821214675903,0.07944010198116302,-0.19997937977313995,0.09434414654970169,0.051078423857688904,-0.30643123388290405,0.08043070882558823,-0.014757459051907063,0.00028198870131745934,0.036058295518159866,-0.9992407560348511,-0.06327561289072037,0.004123706836253405,0.1002197414636612,-0.9929426908493042,0.0761941522359848,-0.0007648494793102145,-0.16550758481025696,0.983260452747345,-3.68359375,17.015625,7.88671875,16.775405883789062,-2.25390625,-14.33203125
227,0.09218963980674744,-0.10711904615163803,0.10344862192869186,0.07940385490655899,-0.199957013130188,0.09432650357484818,0.050986334681510925,-0.3063586950302124,0.0803915336728096,-0.014899756759405136,0.0002884510322473943,0.03620224446058273,-0.9992334246635437,-0.06348785012960434,0.00414613913744688,0.10058634728193283,-0.9928919672966003,0.07621414214372635,-0.0007463300134986639,-0.1659911423921585,0.9831774830818176,-3.771484375,17.103515625,7.974609375,16.863296508789062,-2.341796875,-14.419921875
228,0.09218720346689224,-0.10710529237985611,0.1034371629357338,0.07937502861022949,-0.19992996752262115,0.09430399537086487,0.05088396370410919,-0.30628958344459534,0.08034739643335342,-0.014894279651343822,0.0002530823403503746,0.03617033734917641,-0.999234676361084,-0.06348464637994766,0.0041776965372264385,0.10085657984018326,-0.9928646683692932,0.076337069272995,-0.0007032811408862472,-0.16650649905204773,0.9830807447433472,-3.771484375,17.19140625,8.0625,16.863296508789062,-2.341796875,-14.419921875
229,0.09217800199985504,-0.10713811218738556,0.10343654453754425,0.07934410870075226,-0.19990850985050201,0.09428375959396362,0.05078711360692978,-0.3062235116958618,0.08030173927545547,-0.015545561909675598,0.00041377637535333633,0.0367622971534729,-0.999203085899353,-0.06361100822687149,0.004211182240396738,0.10104616731405258,-0.9928371906280518,0.07649128884077072,-0.0006621890352107584,-0.16703347861766815,0.9829794764518738,-3.771484375,17.279296875,8.0625,16.951171875,-2.341796875,-14.5078125
230,0.09217523783445358,-0.10710092633962631,0.1034347414970398,0.07931502163410187,-0.19989454746246338,0.09426458925008774,0.05068427696824074,-0.3061687648296356,0.08025382459163666,-0.014980906620621681,0.00019573951431084424,0.03627854213118553,-0.9992294907569885,-0.06379864364862442,0.00418323976919055,0.10115427523851395,-0.9928142428398132,0.07686260342597961,-0.0006211047875694931,-0.16767944395542145,0.9828404784202576,-3.771484375,17.3671875,8.0625,17.126953125,-2.341796875,-14.595703125
231,0.09216500073671341,-0.10708724707365036,0.10343687981367111,0.07928187400102615,-0.19987322390079498,0.09425114840269089,0.05058085545897484,-0.3061070442199707,0.08019699901342392,-0.01486345287412405,0.00019629858434200287,0.03622663393616676,-0.999233067035675,-0.06389787048101425,0.004209254402667284,0.10130542516708374,-0.9927923083305359,0.07716505229473114,-0.0005272146081551909,-0.1683320850133896,0.982705295085907,-3.771484375,17.3671875,8.0625,17.126953125,-2.341796875,-14.595703125
232,0.09216425567865372,-0.10711827129125595,0.10343585163354874,0.07924902439117432,-0.1998506635427475,0.09423571825027466,0.050471238791942596,-0.30605077743530273,0.08015555143356323,-0.015547582879662514,0.00027046582545153797,0.03687085956335068,-0.9991990327835083,-0.06400372087955475,0.0041315290145576,0.10159612447023392,-0.9927561283111572,0.07767955213785172,-0.0005527129978872836,-0.16891108453273773,0.9825654029846191,-3.859375,17.455078125,8.150390625,17.21484375,-2.341796875,-14.68359375
233,0.09215398877859116,-0.1070939376950264,0.10342725366353989,0.0792091116309166,-0.19983264803886414,0.0942176803946495,0.050356049090623856,-0.3059973418712616,0.0800958201289177,-0.015310930088162422,0.00022577718482352793,0.03664356470108032,-0.9992111325263977,-0.06398746371269226,0.004170980304479599,0.10175030678510666,-0.9927412271499634,0.07806740701198578,-0.000641955470200628,-0.1694818139076233,0.9824362397193909,-3.859375,17.54296875,8.150390625,17.21484375,-2.341796875,-14.68359375
234,0.09213987737894058,-0.10706311464309692,0.1034109890460968,0.07915721088647842,-0.19981475174427032,0.09418482333421707,0.05024021491408348,-0.30594009160995483,0.08002998679876328,-0.014900890178978443,0.00011999396519968286,0.036315642297267914,-0.9992292523384094,-0.06399541348218918,0.00418689101934433,0.10189830511808395,-0.9927254319190979,0.07822389155626297,-0.0005351757281459868,-0.16995128989219666,0.9823427796363831,-3.859375,17.71875,8.326171875,17.390625,-2.4296875,-14.771484375
235,0.09212476760149002,-0.10705501586198807,0.10340248048305511,0.07909815013408661,-0.19978933036327362,0.09414564818143845,0.050141021609306335,-0.3058754503726959,0.07996229082345963,-0.014923617243766785,8.75208352226764e-05,0.03642037883400917,-0.9992251396179199,-0.06409765034914017,0.004093009512871504,0.1021474301815033,-0.9926937222480774,0.0782865509390831,-0.0003997917228844017,-0.17044581472873688,0.9822522401809692,-3.859375,17.71875,8.326171875,17.390625,-2.4296875,-14.771484375
236,0.09211111813783646,-0.10705502331256866,0.1033952385187149,0.07905004173517227,-0.19976073503494263,0.09411163628101349,0.05000266805291176,-0.3058353662490845,0.0798950120806694,-0.015137146227061749,9.609907283447683e-05,0.03664581477642059,-0.999213695526123,-0.06427953392267227,0.00411952706053853,0.10242798924446106,-0.9926528930664062,0.07881619036197662,-0.000399913580622524,-0.17135021090507507,0.9820524454116821,-3.947265625,17.806640625,8.326171875,17.56640625,-2.4296875,-14.859375
237,0.09211380779743195,-0.10704437643289566,0.10339068621397018,0.07901571691036224,-0.19973313808441162,0.09407483786344528,0.049898773431777954,-0.30575254559516907,0.0798214003443718,-0.015143333934247494,6.235302134882659e-05,0.03674900904297829,-0.9992098212242126,-0.06447693705558777,0.004082076251506805,0.1027507558465004,-0.9926068186759949,0.07871389389038086,-0.0003692946629598737,-0.1718643605709076,0.9819709062576294,-3.947265625,17.89453125,8.4140625,17.56640625,-2.4296875,-14.947265625
238,0.0921054556965828,-0.10702452063560486,0.10337129980325699,0.07898326963186264,-0.19970889389514923,0.0940256118774414,0.04978827014565468,-0.30567172169685364,0.07974252849817276,-0.014993324875831604,-7.233880296553252e-06,0.03651416674256325,-0.9992206692695618,-0.06469229608774185,0.004051802214235067,0.10297015309333801,-0.9925702214241028,0.07879068702459335,-0.00020568494801409543,-0.17239373922348022,0.9818719625473022,-3.947265625,17.89453125,8.4140625,17.654296875,-2.4296875,-15.03515625
239,0.09210672974586487,-0.10703455656766891,0.10336222499608994,0.07894954830408096,-0.1996799260377884,0.09398803859949112,0.04966302961111069,-0.30560076236724854,0.07965569943189621,-0.015332790091633797,1.3622056030726526e-05,0.0367802232503891,-0.9992058277130127,-0.06483516097068787,0.00402827188372612,0.10317065566778183,-0.9925402402877808,0.07909521460533142,-0.0001285937469219789,-0.17298874258995056,0.981742799282074,-3.947265625,18.0703125,8.4140625,17.830078125,-2.4296875,-15.123046875
240,0.09211897104978561,-0.10698327422142029,0.10335060209035873,0.07890781760215759,-0.19965192675590515,0.09395717084407806,0.04953101649880409,-0.3055269122123718,0.07956604659557343,-0.014548000879585743,-0.0004229368641972542,0.036588478833436966,-0.9992244839668274,-0.06501056998968124,0.00404004380106926,0.10343082249164581,-0.9925016760826111,0.07944441586732864,-0.0001098520151572302,-0.17364677786827087,0.9815983772277832,-3.947265625,18.0703125,8.501953125,17.91796875,-2.517578125,-15.123046875
241,0.09210807085037231,-0.10696926712989807,0.10334701091051102,0.078856460750103,-0.19962595403194427,0.09392350912094116,0.04939613491296768,-0.3054485321044922,0.07947506755590439,-0.01448934804648161,-0.00037758529651910067,0.036579012870788574,-0.9992257356643677,-0.06533369421958923,0.004087618552148342,0.10379612445831299,-0.9924420714378357,0.07966598868370056,-9.591459092916921e-05,-0.1742035448551178,0.9814818501472473,-4.03515625,18.158203125,8.501953125,17.91796875,-2.517578125,-15.2109375
242,0.09209498763084412,-0.10697722434997559,0.10333903878927231,0.07880081981420517,-0.19959890842437744,0.0938870832324028,0.049253497272729874,-0.3053743839263916,0.07938394695520401,-0.014769231900572777,-0.0003309534804429859,0.03683377802371979,-0.9992122054100037,-0.06549090892076492,0.004149558953940868,0.1040826067328453,-0.9924014210700989,0.07995924353599548,-0.00021753735200036317,-0.17472149431705475,0.9813658595085144,-4.03515625,18.333984375,8.501953125,18.005859375,-2.4296875,-15.298828125
243,0.09208189696073532,-0.10695905983448029,0.10332689434289932,0.07874086499214172,-0.19957242906093597,0.09384896606206894,0.04910476505756378,-0.3052966892719269,0.07928851246833801,-0.014644556678831577,-0.0004082308441866189,0.036766715347766876,-0.9992164969444275,-0.06597547233104706,0.004261313937604427,0.1043737530708313,-0.992338240146637,0.08018579334020615,-0.00020602137374226004,-0.17528016865253448,0.9812477827072144,-4.03515625,18.333984375,8.501953125,18.005859375,-2.4296875,-15.298828125
244,0.09206102788448334,-0.10694500803947449,0.10332026332616806,0.07867541164159775,-0.1995410919189453,0.09380636364221573,0.04894891753792763,-0.3052366375923157,0.07919726520776749,-0.014660108834505081,-0.0004095905751455575,0.036746665835380554,-0.9992170333862305,-0.0662585198879242,0.004355478100478649,0.10464660078287125,-0.9922903180122375,0.08046796172857285,-0.000268285017227754,-0.1761012226343155,0.9810776114463806,-4.03515625,18.333984375,8.501953125,18.005859375,-2.4296875,-15.298828125
245,0.09204865992069244,-0.10693809390068054,0.10331419110298157,0.07862120866775513,-0.19950923323631287,0.09375651925802231,0.04880596324801445,-0.30515027046203613,0.0790892094373703,-0.0147415054962039,-0.00038425216916948557,0.03690767288208008,-0.9992098808288574,-0.06665146350860596,0.004411185625940561,0.1049281656742096,-0.99223393201828,0.08039546012878418,-0.00026598552358336747,-0.1763945370912552,0.9810308218002319,-4.03515625,18.333984375,8.501953125,18.005859375,-2.4296875,-15.298828125
246,0.09204196184873581,-0.10692767053842545,0.10330130159854889,0.07856614887714386,-0.19949115812778473,0.09369807690382004,0.04864465445280075,-0.3050810694694519,0.07897700369358063,-0.014788436703383923,-0.00048578096902929246,0.03688961640000343,-0.9992098212242126,-0.0671302080154419,0.0043821693398058414,0.1053236722946167,-0.9921599626541138,0.08056800812482834,-0.0001845488150138408,-0.17682667076587677,0.9809389710426331,-4.03515625,18.421875,8.589859008789062,18.26953125,-2.60546875,-15.474609375
247,0.09201522916555405,-0.10693728923797607,0.10328472405672073,0.07848668098449707,-0.19947007298469543,0.09364514797925949,0.048486411571502686,-0.3050246834754944,0.07886924594640732,-0.015072524547576904,-0.00042324300738982856,0.037151746451854706,-0.9991958737373352,-0.06742575019598007,0.0044141290709376335,0.10562951117753983,-0.9921072125434875,0.08067517727613449,-0.00021064130123704672,-0.17703385651111603,0.9808927774429321,-4.03515625,18.509765625,8.677749633789062,18.26953125,-2.60546875,-15.650390625
248,0.09198395907878876,-0.10692489892244339,0.10326826572418213,0.07839798182249069,-0.1994476318359375,0.09358912706375122,0.04833144694566727,-0.30496659874916077,0.07876280695199966,-0.014907565899193287,-0.0004638242535293102,0.03718259558081627,-0.9991971850395203,-0.06758777797222137,0.004419552627950907,0.10588148236274719,-0.9920693039894104,0.08063022792339325,-0.0004752767563331872,-0.17716817557811737,0.9808720946311951,-4.03515625,18.509765625,8.677749633789062,18.357421875,-2.60546875,-15.650390625
249,0.09192965179681778,-0.1070910319685936,0.10331180691719055,0.07830796390771866,-0.19942748546600342,0.09354017674922943,0.04819604381918907,-0.3049103915691376,0.07866444438695908,-0.01923610270023346,0.0010070184944197536,0.04066258668899536,-0.9989873170852661,-0.06770995259284973,0.004425435792654753,0.10619127005338669,-0.9920278787612915,0.0806046724319458,-0.0005281385383568704,-0.17730610072612762,0.9808492660522461,-4.123046875,18.59765625,8.677749633789062,18.357421875,-2.60546875,-15.650390625
250,0.09191420674324036,-0.10708079487085342,0.10330650210380554,0.07822342962026596,-0.19939397275447845,0.09348894655704498,0.048064250499010086,-0.30486631393432617,0.07857559621334076,-0.01931156776845455,0.000996541464701295,0.04083998128771782,-0.9989786148071289,-0.06788579374551773,0.004457556642591953,0.10661979019641876,-0.9919697642326355,0.08096000552177429,-0.0005546135944314301,-0.17791062593460083,0.980710506439209,-4.123046875,18.685546875,8.765640258789062,18.4453125,-2.60546875,-15.73828125
251,0.0918995589017868,-0.10711599141359329,0.10329732298851013,0.07818081229925156,-0.1993720680475235,0.0934554785490036,0.047964297235012054,-0.3048085868358612,0.07849076390266418,-0.019938770681619644,0.0010923182126134634,0.041480425745248795,-0.9989397525787354,-0.06807446479797363,0.0044661578722298145,0.10694614797830582,-0.991921603679657,0.08121201395988464,-0.0004402355116326362,-0.1784428358078003,0.9805930256843567,-4.123046875,18.7734375,8.765640258789062,18.533203125,-2.60546875,-15.826171875
252,0.09190906584262848,-0.10707496106624603,0.1032918393611908,0.07816372066736221,-0.19935151934623718,0.09342880547046661,0.04789237678050995,-0.30474987626075745,0.07842949777841568,-0.019439632073044777,0.0009985000360757113,0.041037481278181076,-0.9989680051803589,-0.06832588464021683,0.0045172348618507385,0.107144795358181,-0.9918826818466187,0.08185645937919617,-0.0004064507957082242,-0.17944084107875824,0.9803573489189148,-4.123046875,18.861328125,8.853530883789062,18.62109375,-2.60546875,-15.9140625
253,0.0919179618358612,-0.10712680965662003,0.1033015251159668,0.07818077504634857,-0.19932818412780762,0.09341855347156525,0.04782361909747124,-0.3046574294567108,0.07837072759866714,-0.02046138606965542,0.0011888829758390784,0.04195086285471916,-0.9989094734191895,-0.06853606551885605,0.004495132714509964,0.10728610306978226,-0.9918529391288757,0.08207809925079346,-0.00031593572930432856,-0.18017175793647766,0.9802047610282898,-4.123046875,18.94921875,8.941421508789062,18.708984375,-2.60546875,-16.001953125
254,0.09192243218421936,-0.1071975827217102,0.1033005490899086,0.0781916156411171,-0.1993056684732437,0.0934024378657341,0.04773776978254318,-0.3045848608016968,0.07830266654491425,-0.021840497851371765,0.0013575584162026644,0.0431860089302063,-0.9988273978233337,-0.06869447976350784,0.004436178132891655,0.10748475790023804,-0.9918208718299866,0.08267522603273392,-0.00025166317936964333,-0.18111000955104828,0.9799816012382507,-4.123046875,19.125,8.941421508789062,18.884765625,-2.60546875,-16.08984375
255,0.09194288402795792,-0.1070638969540596,0.1032971739768982,0.07816797494888306,-0.19927160441875458,0.09336961060762405,0.04764704778790474,-0.3045029044151306,0.07823198288679123,-0.019828815013170242,0.0009535270510241389,0.041413020342588425,-0.9989449381828308,-0.06891196966171265,0.004491215571761131,0.10773830115795135,-0.9917780160903931,0.08290992677211761,-9.970326937036589e-05,-0.18178203701972961,0.9798374176025391,-4.2109375,19.212890625,9.029312133789062,18.97265625,-2.60546875,-16.177734375
256,0.09193351119756699,-0.10704271495342255,0.10328522324562073,0.07810766994953156,-0.1992371380329132,0.09332581609487534,0.047526221722364426,-0.30443671345710754,0.07814620435237885,-0.01973804086446762,0.0009108006488531828,0.04132961854338646,-0.9989502429962158,-0.06907511502504349,0.004457707516849041,0.10803558677434921,-0.9917343854904175,0.08318443596363068,5.22501504747197e-05,-0.1824444979429245,0.9796910285949707,-4.2109375,19.212890625,9.1171875,19.060546875,-2.60546875,-16.265625
257,0.09190098941326141,-0.10708174109458923,0.10327214002609253,0.07802899926900864,-0.19920817017555237,0.09327998757362366,0.0473807156085968,-0.30436697602272034,0.07805381715297699,-0.02067873813211918,0.0011135099921375513,0.042156703770160675,-0.9988964796066284,-0.0693824514746666,0.004583656322211027,0.1083298772573471,-0.9916802644729614,0.08355358988046646,0.00017153403314296156,-0.18304376304149628,0.9795477986335754,-4.2109375,19.388671875,9.1171875,19.1484375,-2.60546875,-16.353515625
258,0.09188921749591827,-0.10702390968799591,0.10327018797397614,0.07795418798923492,-0.19917254149913788,0.09323763102293015,0.0472419336438179,-0.30427125096321106,0.07795938104391098,-0.02002999559044838,0.0009218566119670868,0.041601356118917465,-0.9989330768585205,-0.06967933475971222,0.004722040146589279,0.1086491048336029,-0.9916239380836487,0.08352247625589371,0.00015534441627096385,-0.18345151841640472,0.9794741272926331,-4.2109375,19.388671875,9.1171875,19.1484375,-2.60546875,-16.353515625
259,0.09187176823616028,-0.10704240947961807,0.10326261818408966,0.07789894938468933,-0.19914476573467255,0.09320186078548431,0.04708955064415932,-0.30418720841407776,0.07786212861537933,-0.020550910383462906,0.001079528359696269,0.042168669402599335,-0.9988985657691956,-0.06993113458156586,0.004803517367690802,0.10892169177532196,-0.9915758967399597,0.08384233713150024,0.00016279843111988157,-0.18405868113040924,0.9793328642845154,-4.2109375,19.564453125,9.205078125,19.32421875,-2.693359375,-16.529296875
260,0.09186714142560959,-0.1070115938782692,0.1032511442899704,0.07784546166658401,-0.19911585748195648,0.09316212683916092,0.04692324623465538,-0.30409717559814453,0.07776343822479248,-0.020220911130309105,0.00093793252017349,0.04188964515924454,-0.9989172220230103,-0.0702098160982132,0.004892135504633188,0.10927844047546387,-0.9915164709091187,0.08426056057214737,1.786451684893109e-05,-0.1847960203886032,0.9791581034660339,-4.298828125,19.65234375,9.205078125,19.412109375,-2.693359375,-16.6171875
261,0.09186304360628128,-0.1069992184638977,0.10323680192232132,0.07778974622488022,-0.19908785820007324,0.09311176836490631,0.046756137162446976,-0.3039971590042114,0.07765427976846695,-0.020266348496079445,0.0009001842117868364,0.0418875589966774,-0.9989164471626282,-0.0705634355545044,0.004912857431918383,0.1096482127904892,-0.9914504289627075,0.08450592309236526,-4.2964311433024704e-05,-0.18537092208862305,0.9790282845497131,-4.298828125,19.65234375,9.205078125,19.5,-2.693359375,-16.6171875
262,0.09184250235557556,-0.10699480772018433,0.10322409123182297,0.07772477716207504,-0.19906477630138397,0.09305868297815323,0.046556491404771805,-0.303911954164505,0.07754583656787872,-0.020483560860157013,0.0009671078878454864,0.04203301668167114,-0.9989058375358582,-0.07090593129396439,0.004899691324681044,0.11003521829843521,-0.9913831949234009,0.0850481241941452,6.652414595009759e-05,-0.1863819658756256,0.9787893891334534,-4.298828125,19.740234375,9.29296875,19.587890625,-2.693359375,-16.705078125
263,0.09181373566389084,-0.10702674090862274,0.10321959853172302,0.07764384895563126,-0.1990288645029068,0.093012735247612,0.04636487364768982,-0.30381229519844055,0.07742392271757126,-0.021275756880640984,0.0011072894558310509,0.042837563902139664,-0.9988548755645752,-0.07123848795890808,0.004749384708702564,0.11050565540790558,-0.9913077354431152,0.08528751134872437,2.364282772759907e-05,-0.18698380887508392,0.9786537885665894,-4.298828125,19.828125,9.29296875,19.67578125,-2.693359375,-16.705078125
264,0.0918007642030716,-0.10697643458843231,0.10321038216352463,0.07755740731954575,-0.19900472462177277,0.09296505153179169,0.046130385249853134,-0.303769052028656,0.0773034319281578,-0.020643897354602814,0.0009938842849805951,0.04234004765748978,-0.9988895058631897,-0.07157398760318756,0.004770147148519754,0.11103354394435883,-0.9912245273590088,0.08661450445652008,-0.0004961303784511983,-0.18803422152996063,0.9783357977867126,-4.298828125,19.916015625,9.29296875,19.763671875,-2.693359375,-16.79296875
265,0.09178313612937927,-0.1069600060582161,0.1032014787197113,0.07746592909097672,-0.19897165894508362,0.09291533380746841,0.04596788436174393,-0.30362018942832947,0.07720658928155899,-0.020483843982219696,0.0009349118918180466,0.04229726269841194,-0.9988946318626404,-0.07175129652023315,0.004792342893779278,0.11152437329292297,-0.9911564588546753,0.08572942018508911,-0.00018646048556547612,-0.18797780573368073,0.9784246683120728,-4.38671875,20.003921508789062,9.380859375,19.763671875,-2.693359375,-16.880859375
266,0.09176450967788696,-0.10696130990982056,0.10319448262453079,0.07737698405981064,-0.19894225895404816,0.09287237375974655,0.04575307294726372,-0.303545743227005,0.07709178328514099,-0.020642489194869995,0.0009679101058281958,0.04251090809702873,-0.9988823533058167,-0.07206087559461594,0.004792119842022657,0.11200398951768875,-0.9910799264907837,0.08636961132287979,-0.0003001402074005455,-0.18884438276290894,0.9782015085220337,-4.38671875,20.091812133789062,9.380859375,19.8515625,-2.78125,-16.96875
267,0.09169681370258331,-0.10717911273241043,0.10321364551782608,0.07729049026966095,-0.19890733063220978,0.09282270818948746,0.04557356238365173,-0.3034505546092987,0.07696978002786636,-0.024663809686899185,0.0016135867917910218,0.04616820439696312,-0.9986279010772705,-0.07226821035146713,0.004935001023113728,0.11237925291061401,-0.9910216927528381,0.08655553311109543,-0.00025566230760887265,-0.18947385251522064,0.9780632853507996,-4.38671875,20.179702758789062,9.46875,19.939453125,-2.78125,-17.056640625
268,0.0917310044169426,-0.10694153606891632,0.1031745970249176,0.07721297442913055,-0.1988743394613266,0.09277036786079407,0.045387089252471924,-0.30335041880607605,0.0768437534570694,-0.020841451361775398,0.0008574764942750335,0.04286452755331993,-0.9988631010055542,-0.07248225808143616,0.005095279775559902,0.1127232238650322,-0.9909662008285522,0.08677595108747482,-0.00019616975623648614,-0.1901862621307373,0.9779055118560791,-4.474609375,20.355484008789062,9.556640625,20.203125,-2.78125,-17.14453125
269,0.0917113646864891,-0.1069551557302475,0.10315847396850586,0.07714124023914337,-0.19884344935417175,0.09271184355020523,0.045211490243673325,-0.30324774980545044,0.07672789692878723,-0.02134532295167446,0.0009754861239343882,0.0432867705821991,-0.9988342523574829,-0.07279925793409348,0.005186078604310751,0.11307716369628906,-0.9909021258354187,0.08685480803251266,-7.69922771723941e-05,-0.190815269947052,0.9777759313583374,-4.474609375,20.355484008789062,9.556640625,20.203125,-2.78125,-17.14453125
270,0.09170182049274445,-0.10693594068288803,0.1031397134065628,0.07706950604915619,-0.19881117343902588,0.09266207367181778,0.04503397271037102,-0.30314216017723083,0.07662046700716019,-0.021284334361553192,0.0009383904398418963,0.043217096477746964,-0.9988385438919067,-0.07309426367282867,0.005261011887341738,0.11343702673912048,-0.9908388257026672,0.087021604180336,2.3142558347899467e-05,-0.1914265900850296,0.9776416420936584,-4.474609375,20.443374633789062,9.556640625,20.291015625,-2.78125,-17.232421875
271,0.09169302880764008,-0.10690990090370178,0.10313467681407928,0.0770106166601181,-0.19878816604614258,0.09262759983539581,0.04485538601875305,-0.3030491769313812,0.07650668919086456,-0.02103559672832489,0.0009103969787247479,0.043094702064991,-0.9988491535186768,-0.07340257614850998,0.00527210021391511,0.11385304480791092,-0.9907682538032532,0.08736074715852737,0.00026447148411534727,-0.19203585386276245,0.9774917960166931,-4.474609375,20.531265258789062,9.64453125,20.37890625,-2.78125,-17.3203125
272,0.09167537838220596,-0.10691771656274796,0.1031314805150032,0.07692734897136688,-0.1987568736076355,0.0925840213894844,0.044661544263362885,-0.3029542863368988,0.07640328258275986,-0.02143906243145466,0.0009793074568733573,0.04351246356964111,-0.9988223910331726,-0.07374879717826843,0.005286786239594221,0.11437992006540298,-0.9906818270683289,0.08762980997562408,0.0002527720935177058,-0.19261401891708374,0.9773539900779724,-4.474609375,20.619140625,9.64453125,20.466796875,-2.78125,-17.3203125
273,0.09166303277015686,-0.10688149183988571,0.103118896484375,0.07685153931379318,-0.19872893393039703,0.09254352003335953,0.044490497559309006,-0.3028668463230133,0.07630451768636703,-0.021075988188385963,0.0008388737333007157,0.04320390522480011,-0.9988436102867126,-0.07395153492689133,0.0053076427429914474,0.11485973000526428,-0.9906111359596252,0.0879763811826706,0.0003060340532101691,-0.19321958720684052,0.9772033095359802,-4.474609375,20.70703125,9.64453125,20.466796875,-2.869140625,-17.3203125
274,0.09164170175790787,-0.10688745230436325,0.10310423374176025,0.07677371799945831,-0.1986990123987198,0.09250666201114655,0.04431353136897087,-0.30278441309928894,0.07621949166059494,-0.021338967606425285,0.0009188199182972312,0.04354977235198021,-0.9988229274749756,-0.07410788536071777,0.005248914938420057,0.11530309915542603,-0.9905481934547424,0.08823361247777939,0.00045408052392303944,-0.1938454657793045,0.977056086063385,-4.650390625,20.794921875,9.732421875,20.5546875,-2.869140625,-17.49609375
275,0.09162624180316925,-0.10687392950057983,0.10309431701898575,0.07669170945882797,-0.19866712391376495,0.09247614443302155,0.044130295515060425,-0.3027149736881256,0.07614082843065262,-0.021339120343327522,0.0008657574653625488,0.04365268349647522,-0.9988185167312622,-0.07418887317180634,0.005235003773123026,0.11571270227432251,-0.9904944896697998,0.0885942131280899,0.0003572263813111931,-0.1946239173412323,0.9768688082695007,-4.650390625,20.794921875,9.732421875,20.642578125,-2.869140625,-17.583984375
276,0.09159687906503677,-0.10689664632081985,0.10309116542339325,0.0766114592552185,-0.1986440122127533,0.0924379974603653,0.04395853355526924,-0.30263781547546387,0.0760669857263565,-0.02192874625325203,0.0010126812849193811,0.044241975992918015,-0.9987796545028687,-0.07443904876708984,0.005276086274534464,0.1161428913474083,-0.9904251098632812,0.08880945295095444,0.0002747042162809521,-0.1952243596315384,0.9767294526100159,-4.650390625,20.8828125,9.8203125,20.73046875,-2.869140625,-17.671875
277,0.09158734232187271,-0.10685142129659653,0.10307945311069489,0.0765327513217926,-0.1986156404018402,0.09239587187767029,0.04377546161413193,-0.3025679290294647,0.07599712908267975,-0.02144327014684677,0.0008356566540896893,0.04384441673755646,-0.9988078474998474,-0.07468726485967636,0.005220914259552956,0.11660697311162949,-0.9903521537780762,0.08902542293071747,0.00026103167328983545,-0.19598282873630524,0.9765577912330627,-4.73828125,20.970703125,9.8203125,20.818359375,-2.869140625,-17.671875
278,0.0915740504860878,-0.10687163472175598,0.10306715965270996,0.07646918296813965,-0.19859419763088226,0.0923546701669693,0.0436287447810173,-0.30249348282814026,0.07593520730733871,-0.021910138428211212,0.0008316542371176183,0.04429725930094719,-0.9987778067588806,-0.0748680904507637,0.0052651651203632355,0.11698152124881744,-0.9902940988540649,0.08908142894506454,0.0003032723325304687,-0.19654493033885956,0.9764397144317627,-4.73828125,21.05859375,9.8203125,20.90625,-2.869140625,-17.759765625
279,0.09156553447246552,-0.1068359911441803,0.10305722057819366,0.07641478627920151,-0.19857311248779297,0.09233427047729492,0.043481867760419846,-0.3024199306964874,0.07587121427059174,-0.021411286666989326,0.0007015407900325954,0.04401397705078125,-0.9988012313842773,-0.07499916851520538,0.005310274660587311,0.11723069846630096,-0.9902545213699341,0.08929850906133652,0.00038772684638388455,-0.19711396098136902,0.9763051867485046,-4.650390625,21.234375,9.908203125,20.994140625,-2.95703125,-17.84765625
280,0.0915428176522255,-0.10685940831899643,0.10305551439523697,0.07634199410676956,-0.19854596257209778,0.09231621026992798,0.04333337023854256,-0.30237793922424316,0.07581564038991928,-0.021973760798573494,0.0008578888373449445,0.04463227093219757,-0.9987614750862122,-0.07505815476179123,0.005368141457438469,0.11758028715848923,-0.9902082681655884,0.09020403772592545,0.00029023250681348145,-0.1981927901506424,0.9760035276412964,-4.650390625,21.234375,9.908203125,20.994140625,-2.95703125,-17.84765625
281,0.09152670204639435,-0.106837697327137,0.10305583477020264,0.07628323137760162,-0.19852468371391296,0.09230808913707733,0.043231431394815445,-0.302254855632782,0.07578833401203156,-0.021742213517427444,0.0007689972408115864,0.044560838490724564,-0.9987698197364807,-0.07527531683444977,0.00546164670959115,0.11789673566818237,-0.9901536703109741,0.08979323506355286,0.00044810783583670855,-0.19833099842071533,0.9760132431983948,-4.73828125,21.322265625,9.99609375,21.08203125,-2.869140625,-17.935546875
282,0.09152786433696747,-0.10681375116109848,0.10305361449718475,0.076241135597229,-0.19850455224514008,0.09230151772499084,0.04310202971100807,-0.30216845870018005,0.0757441520690918,-0.02143198996782303,0.0006537482258863747,0.04440497234463692,-0.9987834692001343,-0.07526959478855133,0.005485632456839085,0.11806715279817581,-0.9901337027549744,0.09005763381719589,0.0003922117466572672,-0.19894635677337646,0.9758636951446533,-4.73828125,21.41015625,10.083984375,21.169937133789062,-2.95703125,-18.0234375
283,0.09151582419872284,-0.10683323442935944,0.10304930806159973,0.07620740681886673,-0.19848701357841492,0.09228675067424774,0.04298212379217148,-0.30207327008247375,0.0757027268409729,-0.02189687266945839,0.0007685504388064146,0.04489003121852875,-0.9987516403198242,-0.07543741166591644,0.005496069323271513,0.11834697425365448,-0.9900873899459839,0.09020233154296875,0.0002956508251372725,-0.19942335784435272,0.9757528901100159,-4.73828125,21.498046875,10.083984375,21.169937133789062,-2.95703125,-18.0234375
284,0.09151466935873032,-0.10679557174444199,0.10304039716720581,0.07616016268730164,-0.19845788180828094,0.09225799143314362,0.04283005744218826,-0.3020024597644806,0.07565092295408249,-0.021493060514330864,0.0005911707994528115,0.04458853602409363,-0.9987740516662598,-0.07554525136947632,0.005492873955518007,0.1186186745762825,-0.9900467395782471,0.09055134654045105,0.00028464256320148706,-0.2002549171447754,0.9755503535270691,-4.826171875,21.5859375,10.083984375,21.257827758789062,-2.95703125,-18.111328125
285,0.09149917960166931,-0.10679570585489273,0.10303166508674622,0.07609784603118896,-0.1984270066022873,0.09222330152988434,0.04269425943493843,-0.30192244052886963,0.07560461759567261,-0.021713219583034515,0.0005527802859432995,0.04488660767674446,-0.9987559914588928,-0.07552914321422577,0.005413254722952843,0.11889893561601639,-0.9900146722793579,0.09072315692901611,0.00035123698762618005,-0.20070767402648926,0.9754412770271301,-4.826171875,21.673828125,10.171875,21.345718383789062,-2.95703125,-18.111328125
286,0.09147397428750992,-0.10678855329751968,0.1030290499329567,0.07602976262569427,-0.198405921459198,0.09220302850008011,0.042559653520584106,-0.3018661141395569,0.07554849237203598,-0.021815225481987,0.0005477817030623555,0.045034009963274,-0.9987471103668213,-0.07569735497236252,0.005408423021435738,0.11918854713439941,-0.9899670481681824,0.09117328375577927,0.00028065478545613587,-0.20134036242961884,0.9752689003944397,-4.826171875,21.76171875,10.171875,21.433609008789062,-2.95703125,-18.287109375
287,0.09145871549844742,-0.10676932334899902,0.10302145034074783,0.07596221566200256,-0.1983795017004013,0.09218362718820572,0.042437221854925156,-0.30177971720695496,0.07547783106565475,-0.021591078490018845,0.00047752592945471406,0.04494177922606468,-0.9987562298774719,-0.07586780935525894,0.005515408702194691,0.11953219771385193,-0.9899119734764099,0.09104552119970322,0.000377769029000774,-0.2017652839422226,0.9751929640769958,-4.826171875,21.849609375,10.259765625,21.521499633789062,-3.044921875,-18.287109375
288,0.09144362062215805,-0.10676532238721848,0.1030195951461792,0.07591015100479126,-0.19835272431373596,0.0921505019068718,0.04231078177690506,-0.30171239376068115,0.07541295886039734,-0.021707413718104362,0.0004933485179208219,0.04517286643385887,-0.9987432360649109,-0.07601265609264374,0.005472844932228327,0.11978617310523987,-0.9898704290390015,0.0913417711853981,0.00027572165708988905,-0.20237493515014648,0.975039005279541,-4.826171875,21.849609375,10.259765625,21.609390258789062,-2.95703125,-18.375
289,0.09143171459436417,-0.10675200074911118,0.10300535708665848,0.07586256414651871,-0.19832588732242584,0.09210852533578873,0.04218806326389313,-0.3016340434551239,0.07533681392669678,-0.021691948175430298,0.00038690734072588384,0.04526183754205704,-0.9987396001815796,-0.0761726051568985,0.005447838455438614,0.12004904448986053,-0.9898264408111572,0.09161365777254105,0.0003492041432764381,-0.20311333239078522,0.9748599529266357,-4.9140625,21.9375,10.34765625,21.697280883789062,-3.044921875,-18.462890625
290,0.09143245965242386,-0.10674109309911728,0.10299631953239441,0.07582174986600876,-0.19829823076725006,0.09207482635974884,0.042052265256643295,-0.30155831575393677,0.07525520771741867,-0.0216831061989069,0.00032966650906018913,0.04531435668468475,-0.9987373948097229,-0.07638734579086304,0.005453829187899828,0.12035854905843735,-0.9897722601890564,0.09205324947834015,0.000333502481225878,-0.20389814674854279,0.9746546745300293,-4.9140625,22.025390625,10.34765625,21.78515625,-3.044921875,-18.550765991210938
291,0.09142159670591354,-0.10673303157091141,0.10298512876033783,0.07577695697546005,-0.19826999306678772,0.09204161912202835,0.041902221739292145,-0.3014770746231079,0.07517976313829422,-0.02178048901259899,0.0003761375555768609,0.045426301658153534,-0.9987302422523499,-0.07644712179899216,0.005455477628856897,0.12056466192007065,-0.9897425770759583,0.09235445410013199,0.00023404145031236112,-0.20462365448474884,0.9744741916656494,-4.9140625,22.025390625,10.34765625,21.78515625,-3.044921875,-18.550765991210938
292,0.09140317142009735,-0.10672269761562347,0.10297566652297974,0.0757257342338562,-0.19825014472007751,0.09201167523860931,0.0417703352868557,-0.30140143632888794,0.07509248703718185,-0.021764535456895828,0.00036747680860571563,0.04543619602918625,-0.9987301230430603,-0.07667963206768036,0.005572812631726265,0.12081920355558395,-0.9896929264068604,0.09275202453136444,0.000100926190498285,-0.2053966522216797,0.9742738008499146,-4.9140625,22.025390625,10.34765625,21.78515625,-3.044921875,-18.550765991210938
293,0.09139353781938553,-0.10671716183423996,0.10296638309955597,0.07567840069532394,-0.1982254534959793,0.09197527915239334,0.041644006967544556,-0.30130112171173096,0.075007364153862,-0.021855082362890244,0.00031103650690056384,0.04559064656496048,-0.9987211227416992,-0.07689882814884186,0.005569402128458023,0.12114588916301727,-0.9896359443664551,0.09283372759819031,0.00034533129655756056,-0.20573320984840393,0.9741949439048767,-4.9140625,22.025390625,10.34765625,21.78515625,-3.044921875,-18.550765991210938
294,0.09138605743646622,-0.10669147223234177,0.10295184701681137,0.0756218284368515,-0.1981966644525528,0.09193942695856094,0.04150104895234108,-0.30121535062789917,0.07490835338830948,-0.021627191454172134,0.0002345025131944567,0.04544347524642944,-0.9987328052520752,-0.07699383795261383,0.00558412866666913,0.12129916995763779,-0.9896097183227539,0.09296878427267075,0.0004761057789437473,-0.20609281957149506,0.974105954170227,-5.001953125,22.2890625,10.5234375,22.048828125,-3.044921875,-18.638656616210938
295,0.09135773032903671,-0.1067153736948967,0.10293600708246231,0.07555140554904938,-0.1981833130121231,0.09188924729824066,0.04135696217417717,-0.30115288496017456,0.07479405403137207,-0.022177571430802345,0.0002778917842078954,0.04598623141646385,-0.9986959099769592,-0.07739607244729996,0.005651805549860001,0.12162862718105316,-0.9895375370979309,0.09316709637641907,0.0006145045044831932,-0.20642946660518646,0.9740155935287476,-5.001953125,22.2890625,10.5234375,22.13671875,-3.044921875,-18.726547241210938
296,0.09132940322160721,-0.10668106377124786,0.10291312634944916,0.07545994222164154,-0.19816632568836212,0.09183899313211441,0.04121335968375206,-0.3010993003845215,0.07467994838953018,-0.021701976656913757,0.0001622934069018811,0.04572230577468872,-0.9987183809280396,-0.07766041159629822,0.005668241996318102,0.1218930259346962,-0.9894841909408569,0.09337283670902252,0.0007250848575495183,-0.2067279815673828,0.9739325046539307,-5.001953125,22.376953125,10.5234375,22.13671875,-3.1328125,-18.726547241210938
297,0.0912950411438942,-0.10669156908988953,0.10289880633354187,0.07537604123353958,-0.19815395772457123,0.09178469330072403,0.04106449335813522,-0.30104655027389526,0.07458582520484924,-0.02206471562385559,0.00017137770191766322,0.04609537869691849,-0.9986934065818787,-0.077943354845047,0.00564834289252758,0.12213191390037537,-0.9894325137138367,0.09350816160440445,0.0007842179038561881,-0.20699067413806915,0.9738637804985046,-5.001953125,22.376953125,10.5234375,22.13671875,-3.1328125,-18.726547241210938
298,0.09126317501068115,-0.10669313371181488,0.10288658738136292,0.07528681308031082,-0.19813130795955658,0.09173278510570526,0.04094269126653671,-0.300998717546463,0.0744919404387474,-0.022222597151994705,0.00012943270849063993,0.0464324913918972,-0.998674213886261,-0.0782962292432785,0.005623544566333294,0.12255463004112244,-0.9893525838851929,0.09391699731349945,0.0008514560759067535,-0.20739564299583435,0.9737381935119629,-5.001953125,22.552734375,10.5234375,22.224609375,-3.1328125,-18.814437866210938
299,0.0912521556019783,-0.1066824197769165,0.102880097925663,0.07522507756948471,-0.19810278713703156,0.0916920006275177,0.04083498567342758,-0.3009394407272339,0.07440608739852905,-0.02221139706671238,0.00013638398377224803,0.04660765826702118,-0.9986662864685059,-0.07843673229217529,0.00565530126914382,0.12286264449357986,-0.9893031120300293,0.09426439553499222,0.0008300498011521995,-0.20802365243434906,0.9735705852508545,-5.08984375,22.552734375,10.69921875,22.3125,-3.1328125,-18.902328491210938
300,0.09126012772321701,-0.1066555455327034,0.10286636650562286,0.07519394904375076,-0.1980767846107483,0.09166420996189117,0.04073493182659149,-0.300870805978775,0.0743480995297432,-0.021966703236103058,5.140001303516328e-05,0.04637216404080391,-0.9986827373504639,-0.07855211198329926,0.005671445280313492,0.12323956936597824,-0.9892469048500061,0.0946263000369072,0.0009175771265290678,-0.208811417222023,0.9733667969703674,-5.08984375,22.640625,10.69921875,22.400390625,-3.1328125,-18.990219116210938
301,0.09127125889062881,-0.10664154589176178,0.10285652428865433,0.07519010454416275,-0.19805119931697845,0.09164368361234665,0.04066668823361397,-0.3007749915122986,0.07429090142250061,-0.022005315870046616,8.27199182822369e-05,0.046347688883543015,-0.998682975769043,-0.07868142426013947,0.005756785161793232,0.12348770350217819,-0.9892052412033081,0.09471109509468079,0.0008472905610688031,-0.20956453680992126,0.9731966853141785,-5.08984375,22.728515625,10.787109375,22.576171875,-3.1328125,-19.166015625
302,0.09128372371196747,-0.10664869844913483,0.1028541699051857,0.07520226389169693,-0.19803360104560852,0.09161774814128876,0.040586695075035095,-0.30067408084869385,0.0742340087890625,-0.02228369191288948,9.245926776202396e-05,0.046609796583652496,-0.9986646175384521,-0.07887763530015945,0.005696569569408894,0.1236918717622757,-0.989164412021637,0.09488730877637863,0.0010140840895473957,-0.21027307212352753,0.9730265736579895,-5.08984375,22.904296875,10.787109375,22.6640625,-3.1328125,-19.25390625
303,0.09129539132118225,-0.10663507133722305,0.1028490662574768,0.0751865953207016,-0.19800351560115814,0.09159524738788605,0.04049781337380409,-0.3005836606025696,0.07417753338813782,-0.022349148988723755,-5.70944666833384e-06,0.046611227095127106,-0.998663067817688,-0.07894019037485123,0.005672539584338665,0.12394562363624573,-0.9891278743743896,0.09512478858232498,0.0011641221353784204,-0.2109638899564743,0.9728536009788513,-5.08984375,22.9921875,10.875,22.751953125,-3.1328125,-19.25390625
304,0.09128977358341217,-0.10661974549293518,0.1028294637799263,0.07514429092407227,-0.1979786604642868,0.09155987203121185,0.04038255661725998,-0.30049821734428406,0.07411596924066544,-0.02234465628862381,-1.7849237337941304e-05,0.04655931890010834,-0.9986656308174133,-0.07907365262508392,0.0056993067264556885,0.12419915944337845,-0.9890851974487305,0.09532143175601959,0.0011110889026895165,-0.21155251562595367,0.97270667552948,-5.177734375,23.080078125,10.875,22.83984375,-3.1328125,-19.341796875
305,0.09124963730573654,-0.10678378492593765,0.10286088287830353,0.07508337497711182,-0.1979527324438095,0.09152719378471375,0.04024416580796242,-0.3004249036312103,0.07404407113790512,-0.026470810174942017,0.001214752090163529,0.04984639212489128,-0.9984053373336792,-0.07907357066869736,0.005659439601004124,0.12448786199092865,-0.9890491366386414,0.0957651287317276,0.0009783980203792453,-0.2122926115989685,0.9725019931793213,-5.177734375,23.16796875,10.962890625,22.83984375,-3.1328125,-19.341796875
306,0.09122516214847565,-0.10678459703922272,0.10284782201051712,0.07501527667045593,-0.1979285031557083,0.0915045514702797,0.0400889627635479,-0.3003498315811157,0.07396752387285233,-0.026662681251764297,0.0013059707125648856,0.050033606588840485,-0.9983907341957092,-0.07906891405582428,0.005685322917997837,0.12469737976789474,-0.9890229105949402,0.09623017907142639,0.0009670575382187963,-0.21300099790096283,0.9723010659217834,-5.265625,23.255859375,10.962890625,23.015625,-3.220703125,-19.517578125
307,0.09121430665254593,-0.10676585137844086,0.10284566134214401,0.07496306300163269,-0.19790296256542206,0.09147995710372925,0.03993576392531395,-0.3002623915672302,0.07389175146818161,-0.026536429300904274,0.0012386792805045843,0.05001593753695488,-0.9983950853347778,-0.079177625477314,0.005673508159816265,0.12500546872615814,-0.9889754056930542,0.09646160155534744,0.0009547895169816911,-0.21353204548358917,0.9721617698669434,-5.265625,23.34375,10.962890625,23.19140625,-3.220703125,-19.517578125
308,0.09120838344097137,-0.10676219314336777,0.10283542424440384,0.07489875704050064,-0.19786480069160461,0.09144148230552673,0.03976665809750557,-0.30016860365867615,0.0738181471824646,-0.026818251237273216,0.001186777837574482,0.050136785954236984,-0.9983815550804138,-0.07926435768604279,0.005706704221665859,0.12536807358264923,-0.9889223575592041,0.0965864434838295,0.0009495803387835622,-0.21423012018203735,0.9719957113265991,-5.265625,23.34375,10.962890625,23.19140625,-3.220703125,-19.60546875
309,0.09119072556495667,-0.1067635640501976,0.10281301289796829,0.07483615726232529,-0.1978359818458557,0.09139470010995865,0.03958876058459282,-0.30007636547088623,0.07373958826065063,-0.027051404118537903,0.0011853893520310521,0.05040775611996651,-0.9983615875244141,-0.07941995561122894,0.005681450944393873,0.12564828991889954,-0.9888745546340942,0.09693418443202972,0.0009078085422515869,-0.2148282378911972,0.9718291163444519,-5.265625,23.51953125,11.138671875,23.279296875,-3.220703125,-19.693359375
310,0.09117036312818527,-0.10674549639225006,0.10280304402112961,0.07476197183132172,-0.19780895113945007,0.09135693311691284,0.03941599279642105,-0.2999971807003021,0.07366678863763809,-0.027091942727565765,0.0012131890980526805,0.05050478130578995,-0.9983555674552917,-0.07965235412120819,0.005662876181304455,0.12605395913124084,-0.988804280757904,0.0973101258277893,0.000920505728572607,-0.21562817692756653,0.971614420413971,-5.265625,23.607421875,11.138671875,23.455078125,-3.220703125,-19.869140625
311,0.09114213287830353,-0.10674458742141724,0.10280171036720276,0.0746837854385376,-0.19777345657348633,0.0913286879658699,0.03926124423742294,-0.2998948395252228,0.07359930127859116,-0.02733010984957218,0.0012577847810462117,0.05079910531640053,-0.9983341097831726,-0.07982128858566284,0.00575098255649209,0.1263335943222046,-0.9887544512748718,0.09741287678480148,0.00102579640224576,-0.2161867767572403,0.9714797735214233,-5.265625,23.607421875,11.138671875,23.455078125,-3.220703125,-19.869140625
312,0.09112468361854553,-0.10673535615205765,0.10279552638530731,0.07460729032754898,-0.19774982333183289,0.09129811078310013,0.0390593521296978,-0.2998439371585846,0.07353025674819946,-0.027332033962011337,0.0011631810339167714,0.05115096643567085,-0.9983161687850952,-0.08022800832986832,0.005761052016168833,0.12680651247501373,-0.9886609315872192,0.09840868413448334,0.0009484256734140217,-0.2173999398946762,0.9711087346076965,-5.353515625,23.783203125,11.2265625,23.630859375,-3.30859375,-19.869140625
313,0.09110851585865021,-0.10673016309738159,0.10279133915901184,0.0745292529463768,-0.1977194994688034,0.09126123785972595,0.03888152167201042,-0.2997797131538391,0.07344060391187668,-0.027466008439660072,0.001256263698451221,0.05131479725241661,-0.998304009437561,-0.08057007193565369,0.005757163744419813,0.1272653341293335,-0.9885741472244263,0.09916339069604874,0.0007645449950359762,-0.2182989865541458,0.9708303809165955,-5.353515625,23.783203125,11.2265625,23.630859375,-3.220703125,-19.95703125
314,0.09109681844711304,-0.10671715438365936,0.10277915745973587,0.07445340603590012,-0.19769079983234406,0.09122295677661896,0.03872993215918541,-0.2996285557746887,0.07337746024131775,-0.027434511110186577,0.0011766155948862433,0.05141144245862961,-0.9983000755310059,-0.08085678517818451,0.005795405711978674,0.1276959776878357,-0.9884949922561646,0.09835655242204666,0.0011848766589537263,-0.2182224839925766,0.9709292054176331,-5.353515625,23.87109375,11.314453125,23.71875,-3.30859375,-19.95703125
315,0.0910596176981926,-0.1067642793059349,0.10276301205158234,0.07436788827180862,-0.1976599395275116,0.09118697792291641,0.03853771463036537,-0.2995356619358063,0.07329943776130676,-0.02844274789094925,0.0013783721951767802,0.052415985614061356,-0.9982193112373352,-0.08098577708005905,0.005818281322717667,0.12805576622486115,-0.9884377717971802,0.09861766546964645,0.0010126911802217364,-0.21878449618816376,0.9707764983177185,-5.353515625,23.958984375,11.314453125,23.71875,-3.30859375,-20.044921875
316,0.09103750437498093,-0.10671676695346832,0.10276073217391968,0.07426757365465164,-0.19762912392616272,0.09115218371152878,0.03835037723183632,-0.29944223165512085,0.07321979850530624,-0.027946239337325096,0.0012909312499687076,0.05201243981719017,-0.9982545971870422,-0.0811500996351242,0.005963503383100033,0.12842778861522675,-0.988375186920166,0.09887982904911041,0.0010314518585801125,-0.21935608983039856,0.9706207513809204,-5.353515625,24.046875,11.314453125,23.806640625,-3.30859375,-20.044921875
317,0.09100713580846786,-0.10670211166143417,0.10275333374738693,0.07416773587465286,-0.19760353863239288,0.09111122786998749,0.03816188499331474,-0.29935112595558167,0.07313781976699829,-0.027874335646629333,0.0013092946028336883,0.05213487148284912,-0.9982501268386841,-0.081375353038311,0.006028090137988329,0.128790020942688,-0.9883090853691101,0.09911416471004486,0.0010412693955004215,-0.21989941596984863,0.9704738855361938,-5.44140625,24.134765625,11.40234375,23.806640625,-3.30859375,-20.220703125
318,0.09097053855657578,-0.10673550516366959,0.10273702442646027,0.07406947761774063,-0.19757387042045593,0.09106959402561188,0.037986211478710175,-0.2992561459541321,0.07304393500089645,-0.028577715158462524,0.001463093445636332,0.05298884958028793,-0.9981850385665894,-0.08159194141626358,0.006088459864258766,0.12917159497737885,-0.9882410764694214,0.0993209034204483,0.001118744839914143,-0.22025397419929504,0.9703722596168518,-5.44140625,24.134765625,11.40234375,23.806640625,-3.30859375,-20.220703125
319,0.090944305062294,-0.10670435428619385,0.10272682458162308,0.07398005574941635,-0.19754214584827423,0.09102465212345123,0.03782150149345398,-0.29916244745254517,0.07294604927301407,-0.02828044444322586,0.0013968348503112793,0.05286702513694763,-0.9982000589370728,-0.08179103583097458,0.006120827980339527,0.1296011507511139,-0.9881681799888611,0.0994291752576828,0.0012716881465166807,-0.22074522078037262,0.970249354839325,-5.44140625,24.134765625,11.40234375,23.806640625,-3.30859375,-20.220703125
320,0.090918630361557,-0.10671704262495041,0.10271953046321869,0.07390353828668594,-0.19750887155532837,0.09098543226718903,0.03764374926686287,-0.2990727722644806,0.07284782081842422,-0.028700703755021095,0.0014151397626847029,0.05348161607980728,-0.9981552958488464,-0.08203748613595963,0.006142302416265011,0.12993313372135162,-0.9881040453910828,0.09973171353340149,0.0013176507782191038,-0.22123007476329803,0.9701077938079834,-5.44140625,24.134765625,11.40234375,23.806640625,-3.30859375,-20.220703125
321,0.0909019187092781,-0.10669106990098953,0.10270252078771591,0.07382745295763016,-0.19748623669147491,0.09094356745481491,0.03746642544865608,-0.2989877164363861,0.07275319844484329,-0.028502007946372032,0.0014049455057829618,0.0532635934650898,-0.9981727600097656,-0.08225443214178085,0.006239265203475952,0.13027170300483704,-0.9880408048629761,0.09985320270061493,0.001299952040426433,-0.22163911163806915,0.9700019359588623,-5.44140625,24.3984375,11.490234375,24.158203125,-3.396484375,-20.396484375
322,0.09087934345006943,-0.1066819280385971,0.1026872768998146,0.07374891638755798,-0.19746290147304535,0.09089480340480804,0.03727390989661217,-0.2989346981048584,0.07264997810125351,-0.028456829488277435,0.0013444885844364762,0.05335269868373871,-0.9981693029403687,-0.08248156309127808,0.006222421769052744,0.1305830180644989,-0.9879809021949768,0.10040687769651413,0.0011546551249921322,-0.22214671969413757,0.9698288440704346,-5.44140625,24.3984375,11.490234375,24.158203125,-3.30859375,-20.396484375
323,0.09084146469831467,-0.1067061573266983,0.10266875475645065,0.07365336269140244,-0.19744473695755005,0.09084750711917877,0.037087731063365936,-0.2988637387752533,0.07256665080785751,-0.02901815064251423,0.0014653251273557544,0.05393372103571892,-0.9981217980384827,-0.0826997458934784,0.006254673469811678,0.13093864917755127,-0.9879153966903687,0.10031897574663162,0.0012782441917806864,-0.2223413735628128,0.9697932004928589,-5.44140625,24.3984375,11.490234375,24.158203125,-3.30859375,-20.396484375
324,0.0908035933971405,-0.10668235272169113,0.10266373306512833,0.07355496287345886,-0.19742250442504883,0.09081283211708069,0.036928705871105194,-0.29881909489631653,0.0724867507815361,-0.028760045766830444,0.001409779186360538,0.05392763391137123,-0.998129665851593,-0.08280010521411896,0.006335346959531307,0.13116151094436646,-0.9878768920898438,0.10041281580924988,0.0013279527192935348,-0.22270597517490387,0.9696997404098511,-5.44140625,24.486328125,11.578125,24.24609375,-3.396484375,-20.396484375
325,0.09077087044715881,-0.10666793584823608,0.10265564173460007,0.07345767319202423,-0.19738811254501343,0.09078012406826019,0.03682364150881767,-0.29876941442489624,0.07241696119308472,-0.02875457890331745,0.0014045508578419685,0.05402800068259239,-0.998124361038208,-0.08298280090093613,0.006487169768661261,0.1315659135580063,-0.9878068566322327,0.10043822973966599,0.0013816311256960034,-0.22312107682228088,0.9696016311645508,-5.44140625,24.57421875,11.578125,24.24609375,-3.396484375,-20.484375
326,0.09076125919818878,-0.10670854151248932,0.10264713317155838,0.0734158381819725,-0.1973629891872406,0.09074211865663528,0.0367366224527359,-0.2987080216407776,0.07234764099121094,-0.029500018805265427,0.001478807651437819,0.05484909191727638,-0.9980577826499939,-0.08310194313526154,0.006394151598215103,0.13191571831703186,-0.987750768661499,0.100413016974926,0.0014377806801348925,-0.22349123656749725,0.9695188403129578,-5.529296875,24.57421875,11.666015625,24.333984375,-3.396484375,-20.572265625
327,0.09077409654855728,-0.10668179392814636,0.10262884199619293,0.07339978218078613,-0.1973421722650528,0.0907110944390297,0.036670126020908356,-0.2986409366130829,0.07230967283248901,-0.029247291386127472,0.0013741374714300036,0.05459850654006004,-0.9980790019035339,-0.08310578763484955,0.006320030428469181,0.1321374624967575,-0.9877212643623352,0.10083281248807907,0.0015126399230211973,-0.22404921054840088,0.9693464040756226,-5.6171875,24.75,11.666015625,24.509765625,-3.396484375,-20.66015625
328,0.0907941609621048,-0.10664419829845428,0.10262501984834671,0.07340456545352936,-0.1973247528076172,0.09070025384426117,0.03663310408592224,-0.2985733449459076,0.07226855307817459,-0.028814779594540596,0.0013139323564246297,0.054179344326257706,-0.9981145262718201,-0.08336737006902695,0.006354364100843668,0.13250333070755005,-0.9876499772071838,0.10120191425085068,0.0012633452424779534,-0.22501665353775024,0.9690842032432556,-5.529296875,24.837905883789062,11.75390625,24.509765625,-3.484375,-20.748046875
329,0.0908108577132225,-0.10666812211275101,0.10262841731309891,0.07343672960996628,-0.19730593264102936,0.09069854766130447,0.03658568486571312,-0.2984865605831146,0.07223924249410629,-0.029399055987596512,0.0014495011419057846,0.05469360947608948,-0.9980692863464355,-0.0833064615726471,0.006326091010123491,0.13264521956443787,-0.9876362085342407,0.10146912187337875,0.0013744111638516188,-0.2256324738264084,0.9689128398895264,-5.6171875,24.925796508789062,11.75390625,24.685546875,-3.484375,-20.8359375
330,0.09083446860313416,-0.10663677006959915,0.10262563824653625,0.07343491911888123,-0.19728568196296692,0.09068626165390015,0.03652650862932205,-0.29840606451034546,0.07219426333904266,-0.029028398916125298,0.001346310367807746,0.05433996021747589,-0.9980995655059814,-0.08348351716995239,0.006297084502875805,0.13291850686073303,-0.9875847697257996,0.10183754563331604,0.0013459869660437107,-0.22624646127223969,0.9687311053276062,-5.6171875,25.013687133789062,11.841796875,24.7734375,-3.484375,-20.923828125
331,0.09082077443599701,-0.10662734508514404,0.10261979699134827,0.07340047508478165,-0.19726073741912842,0.09064879268407822,0.036447279155254364,-0.2983294129371643,0.07214421778917313,-0.0291118286550045,0.0013686808524653316,0.05441834032535553,-0.9980928301811218,-0.08366388082504272,0.006367051042616367,0.13302558660507202,-0.9875546097755432,0.10178094357252121,0.0013746095355600119,-0.22679351270198822,0.9686090350151062,-5.6171875,25.189468383789062,11.841796875,24.94921875,-3.484375,-21.01171875
332,0.09079519659280777,-0.10664384067058563,0.10259827226400375,0.073336660861969,-0.19723059237003326,0.09060585498809814,0.03633119910955429,-0.29827436804771423,0.07207987457513809,-0.029596948996186256,0.001368261524476111,0.05496380478143692,-0.9980486631393433,-0.0838223323225975,0.0063380030915141106,0.13323354721069336,-0.9875133037567139,0.10217476636171341,0.0013436086010187864,-0.22747470438480377,0.968407928943634,-5.705078125,25.189468383789062,11.9296875,25.037109375,-3.484375,-21.099609375
333,0.09078749269247055,-0.10659831762313843,0.10259167104959488,0.07327642291784286,-0.1971980780363083,0.09057008475065231,0.036219559609889984,-0.2981765866279602,0.07201055437326431,-0.029132988303899765,0.0012509754160419106,0.05452185124158859,-0.9980867505073547,-0.08395280689001083,0.006380125414580107,0.13349193334579468,-0.9874671101570129,0.10209278017282486,0.0013472758000716567,-0.22785785794258118,0.9683264493942261,-5.705078125,25.277359008789062,12.017578125,25.037109375,-3.484375,-21.099609375
334,0.0907793715596199,-0.10658862441778183,0.10258147120475769,0.07323898375034332,-0.1971716582775116,0.09053750336170197,0.03608173877000809,-0.2980895936489105,0.07193561643362045,-0.029183894395828247,0.0012439219281077385,0.054587963968515396,-0.9980816841125488,-0.08419634401798248,0.006373313721269369,0.13368096947669983,-0.9874207973480225,0.10253408551216125,0.0013000295730307698,-0.22866806387901306,0.9680889248847961,-5.705078125,25.365234375,12.017578125,25.212890625,-3.572265625,-21.36328125
335,0.09077657014131546,-0.10660459101200104,0.10257717221975327,0.07320930808782578,-0.19714461266994476,0.09050516039133072,0.03594757616519928,-0.29798832535743713,0.07184305787086487,-0.029576733708381653,0.001307032653130591,0.0549171008169651,-0.9980519413948059,-0.08435126394033432,0.006360202562063932,0.13391731679439545,-0.9873756170272827,0.1028437539935112,0.0014017593348398805,-0.22925078868865967,0.9679180383682251,-5.705078125,25.365234375,12.017578125,25.212890625,-3.484375,-21.36328125
336,0.09077538549900055,-0.10657543689012527,0.10256922245025635,0.07316822558641434,-0.19712065160274506,0.09046894311904907,0.03580077365040779,-0.29790160059928894,0.07174506038427353,-0.029295556247234344,0.001226356835104525,0.054693304002285004,-0.9980726838111877,-0.08465095609426498,0.006395124364644289,0.13412483036518097,-0.9873215556144714,0.10355116426944733,0.0014100524131208658,-0.23012344539165497,0.967635452747345,-5.705078125,25.541015625,12.10546875,25.30078125,-3.484375,-21.451171875
337,0.09075886756181717,-0.10656560957431793,0.10255097597837448,0.07310745865106583,-0.19708842039108276,0.09042792022228241,0.035646382719278336,-0.29779303073883057,0.07164949923753738,-0.02932431548833847,0.0011813887394964695,0.054753560572862625,-0.9980685114860535,-0.08491770178079605,0.006537929177284241,0.1344289481639862,-0.9872563481330872,0.10375946760177612,0.0013489439152181149,-0.23073166608810425,0.9674683809280396,-5.79296875,25.716796875,12.10546875,25.388671875,-3.484375,-21.451171875
338,0.0907466933131218,-0.10654851049184799,0.10253999382257462,0.0730653628706932,-0.19688324630260468,0.09030981361865997,0.03546367585659027,-0.29769060015678406,0.07153253257274628,-0.029378321021795273,0.0011910221073776484,0.05473753437399864,-0.9980677962303162,-0.08314982801675797,0.005150475073605776,0.1317836195230484,-0.9877716302871704,0.10390637069940567,0.0013430076651275158,-0.23138375580310822,0.9672969579696655,-5.79296875,25.716796875,12.193359375,25.4765625,-3.484375,-21.5390625
339,0.09071910381317139,-0.10653969645500183,0.10251402854919434,0.07297033816576004,-0.19685275852680206,0.09024684876203537,0.03526289016008377,-0.2976103723049164,0.07141654938459396,-0.0294340867549181,0.0010645950678735971,0.05489122122526169,-0.9980578422546387,-0.0835329219698906,0.005139920394867659,0.13223475217819214,-0.9876790046691895,0.10432180762290955,0.0012312183389440179,-0.23216579854488373,0.9670649766921997,-5.79296875,25.8046875,12.193359375,25.564453125,-3.572265625,-21.626953125
340,0.09068355709314346,-0.1065293401479721,0.10249444842338562,0.072872593998909,-0.19682012498378754,0.09018176794052124,0.03508928045630455,-0.2974986135959625,0.07130014151334763,-0.029568463563919067,0.001100559369660914,0.0550425723195076,-0.9980455040931702,-0.08397781848907471,0.005077679641544819,0.13266855478286743,-0.9875833988189697,0.10443869233131409,0.0012483394239097834,-0.23265615105628967,0.9669344425201416,-5.79296875,25.8046875,12.28125,25.65234375,-3.572265625,-21.71484375
341,0.09066277742385864,-0.10653001070022583,0.10247744619846344,0.07279960066080093,-0.19679182767868042,0.09012246131896973,0.03489409387111664,-0.2973906695842743,0.07119246572256088,-0.02980491891503334,0.0011179073480889201,0.05535348132252693,-0.9980213046073914,-0.08437274396419525,0.004994072485715151,0.1331431269645691,-0.9874863624572754,0.10484973341226578,0.0013222696725279093,-0.2334291934967041,0.966703474521637,-5.79296875,25.98046875,12.369140625,25.740234375,-3.572265625,-21.802734375
342,0.09065169841051102,-0.10651082545518875,0.10246430337429047,0.07273772358894348,-0.19676117599010468,0.09006299078464508,0.034734055399894714,-0.29726991057395935,0.07107452303171158,-0.029793761670589447,0.0010101577499881387,0.055292241275310516,-0.998025119304657,-0.08461620658636093,0.004928363021463156,0.13360784947872162,-0.9874030351638794,0.10502961277961731,0.0016248628962785006,-0.2340858429670334,0.9665246605873108,-5.880859375,26.068359375,12.369140625,25.828125,-3.572265625,-21.890625
343,0.09064362198114395,-0.10651074349880219,0.10244520008563995,0.072673499584198,-0.19672538340091705,0.09000415354967117,0.03454488143324852,-0.29717493057250977,0.07095976918935776,-0.030051451176404953,0.0009680966031737626,0.055545270442962646,-0.9980034232139587,-0.08478386700153351,0.004857795313000679,0.13405944406986237,-0.9873278737068176,0.10560984164476395,0.001669460441917181,-0.23497150838375092,0.9662465453147888,-5.880859375,26.15625,12.369140625,25.828125,-3.572265625,-21.890625
344,0.09062918275594711,-0.1064956784248352,0.10242659598588943,0.07259834557771683,-0.19669926166534424,0.08993848413228989,0.034364793449640274,-0.29706138372421265,0.07083926349878311,-0.03008910082280636,0.0009754154598340392,0.05556751415133476,-0.9980010390281677,-0.08507099002599716,0.00490234699100256,0.13457421958446503,-0.9872328639030457,0.10576105117797852,0.0016795361880213022,-0.2354935258626938,0.9661028385162354,-5.880859375,26.244140625,12.45703125,26.003921508789062,-3.572265625,-21.978515625
345,0.09060315042734146,-0.10648683458566666,0.10240665823221207,0.07249297201633453,-0.19666539132595062,0.08986426889896393,0.034176379442214966,-0.2969709634780884,0.0707239955663681,-0.030253984034061432,0.0008938339306041598,0.055801983922719955,-0.9979829788208008,-0.08529074490070343,0.004886946640908718,0.13508474826812744,-0.9871442914009094,0.10601955652236938,0.0017348265973851085,-0.23609380424022675,0.9659278988838196,-5.880859375,26.244140625,12.544921875,26.003921508789062,-3.572265625,-22.06640625
346,0.090567447245121,-0.10647217929363251,0.10238427668809891,0.07237322628498077,-0.19663330912590027,0.08978867530822754,0.033949121832847595,-0.2968915104866028,0.07060768455266953,-0.03025493398308754,0.0007506285328418016,0.055989235639572144,-0.9979726076126099,-0.08564681559801102,0.0048194872215390205,0.13565818965435028,-0.9870351552963257,0.10637941211462021,0.0017778465989977121,-0.23687121272087097,0.9656978845596313,-5.880859375,26.419921875,12.45703125,26.091812133789062,-3.572265625,-22.154296875
347,0.09053537994623184,-0.10646116733551025,0.10236810147762299,0.07225354015827179,-0.19659624993801117,0.08971906453371048,0.03376847878098488,-0.2967970073223114,0.07049053907394409,-0.03035658411681652,0.0007894595037214458,0.056221138685941696,-0.9979564547538757,-0.0858091413974762,0.004766834434121847,0.13623806834220886,-0.9869413375854492,0.10651412606239319,0.001806172076612711,-0.23729288578033447,0.9655795097351074,-5.96875,26.419921875,12.544921875,26.179702758789062,-3.572265625,-22.2421875
348,0.0905013456940651,-0.10647343099117279,0.1023547500371933,0.0721537247300148,-0.19656650722026825,0.08966048061847687,0.033583033829927444,-0.2966965436935425,0.07037758082151413,-0.03079506941139698,0.00086834782268852,0.0567454919219017,-0.9979133009910583,-0.08600939810276031,0.00476011773571372,0.13674744963645935,-0.9868535399436951,0.10673079639673233,0.0017385345418006182,-0.2377784550189972,0.9654362201690674,-5.96875,26.5078125,12.544921875,26.267593383789062,-3.572265625,-22.2421875
349,0.09048044681549072,-0.10645302385091782,0.10233528912067413,0.07207482308149338,-0.19654490053653717,0.08960273116827011,0.03342209383845329,-0.2965865731239319,0.07027631998062134,-0.030724920332431793,0.0008054411737248302,0.05669707432389259,-0.9979183077812195,-0.08631667494773865,0.004690275527536869,0.13720306754112244,-0.9867638349533081,0.10699882358312607,0.0017511073965579271,-0.23816727101802826,0.9653106331825256,-5.96875,26.595703125,12.6328125,26.355484008789062,-3.66015625,-22.330078125
350,0.09046787768602371,-0.10644681006669998,0.10231834650039673,0.07201945036649704,-0.19651925563812256,0.0895427018404007,0.03325493261218071,-0.2964872419834137,0.07016144692897797,-0.030873026698827744,0.0007816977449692786,0.05688050761818886,-0.9979032874107361,-0.08651431649923325,0.004588519223034382,0.13762438297271729,-0.9866883754730225,0.10750293731689453,0.0018416640814393759,-0.23887594044208527,0.9650793671607971,-5.96875,26.68359375,12.6328125,26.355484008789062,-3.748046875,-22.330078125
351,0.09045623242855072,-0.10642854124307632,0.10229351371526718,0.07195056974887848,-0.19649964570999146,0.08947274088859558,0.03309588134288788,-0.2963719666004181,0.07005654275417328,-0.030846823006868362,0.0006855112151242793,0.05692518502473831,-0.9979016184806824,-0.0868908166885376,0.004507321864366531,0.13814617693424225,-0.9865826964378357,0.10759248584508896,0.0018874623347073793,-0.23928262293338776,0.9649685621261597,-5.96875,26.771484375,12.720703125,26.531265258789062,-3.66015625,-22.41796875
352,0.09043845534324646,-0.10643230378627777,0.1022753119468689,0.07187748700380325,-0.19647720456123352,0.08940556645393372,0.03292645886540413,-0.29627010226249695,0.06996005028486252,-0.03118152730166912,0.0007010619156062603,0.05717688053846359,-0.997876763343811,-0.08725358545780182,0.004398351069539785,0.1386764794588089,-0.986476719379425,0.10758406668901443,0.001871241838671267,-0.23975138366222382,0.9648531675338745,-6.056640625,26.859375,12.720703125,26.531265258789062,-3.66015625,-22.505859375
353,0.09042283147573471,-0.10639922320842743,0.10225603729486465,0.07178706675767899,-0.19644978642463684,0.08934452384710312,0.03275690972805023,-0.2961865961551666,0.06986551731824875,-0.030964281409978867,0.0006649658898822963,0.057036079466342926,-0.9978916645050049,-0.08751806616783142,0.004351208917796612,0.13919506967067719,-0.9863804578781128,0.10783299058675766,0.001801190199330449,-0.2403198480606079,0.964684009552002,-6.056640625,26.859375,12.720703125,26.619140625,-3.66015625,-22.505859375
354,0.09038608521223068,-0.10639908164739609,0.10224297642707825,0.07163034379482269,-0.1965256929397583,0.08946839720010757,0.03261437267065048,-0.29609912633895874,0.06977865099906921,-0.031161034479737282,0.000692671281285584,0.05736885592341423,-0.9978664517402649,-0.08952527493238449,0.0070579769089818,0.1414955109357834,-0.9858572483062744,0.10777188092470169,0.001852458342909813,-0.24065439403057098,0.9646073579788208,-6.056640625,26.947265625,12.80859375,26.794921875,-3.748046875,-22.681640625
355,0.09036026149988174,-0.10637973994016647,0.10223131626844406,0.07153547555208206,-0.19649887084960938,0.08942500501871109,0.03246723487973213,-0.2960168719291687,0.0696994960308075,-0.03098662570118904,0.0006060239393264055,0.05747143551707268,-0.9978660345077515,-0.08987856656312943,0.007108514197170734,0.14192010462284088,-0.985763669013977,0.10800974071025848,0.0018832521745935082,-0.24114349484443665,0.9644584655761719,-6.056640625,27.03515625,12.896484375,26.794921875,-3.748046875,-22.681640625
356,0.09034732729196548,-0.10635857284069061,0.1022227555513382,0.0714678168296814,-0.19647137820720673,0.08940108865499496,0.03233158588409424,-0.29593387246131897,0.0696287676692009,-0.030884845182299614,0.0004856718878727406,0.05745703727006912,-0.9978700876235962,-0.09002993255853653,0.007195419166237116,0.14223812520503998,-0.9857034683227539,0.10830336809158325,0.0019806758500635624,-0.24154098331928253,0.9643259048461914,-6.14453125,27.03515625,12.896484375,26.8828125,-3.748046875,-22.76953125
357,0.09030938148498535,-0.10651175677776337,0.10224637389183044,0.07140693813562393,-0.19644586741924286,0.0893680527806282,0.03218324854969978,-0.2958611845970154,0.06957545131444931,-0.03466357663273811,0.001710746088065207,0.06046728417277336,-0.9975666999816895,-0.09006853401660919,0.0072095743380486965,0.14253441989421844,-0.9856569766998291,0.1088445857167244,0.0019683493301272392,-0.24234791100025177,0.964062511920929,-6.14453125,27.2109375,12.984375,26.970703125,-3.748046875,-22.857421875
358,0.0903022512793541,-0.10649954527616501,0.1022387146949768,0.07135890424251556,-0.19642174243927002,0.08935380727052689,0.032044317573308945,-0.29576438665390015,0.069512739777565,-0.03463911637663841,0.0016038647154346108,0.06045481190085411,-0.9975684881210327,-0.09017207473516464,0.0072534880600869656,0.14284026622772217,-0.9856029748916626,0.10909229516983032,0.001864008605480194,-0.2425723373889923,0.9639782309532166,-6.14453125,27.2109375,12.984375,26.970703125,-3.748046875,-22.9453125
359,0.09028023481369019,-0.1065111979842186,0.10222915560007095,0.07129905372858047,-0.1963949352502823,0.08932740241289139,0.03186682239174843,-0.29573261737823486,0.06944413483142853,-0.03505787253379822,0.0016866651130840182,0.06092239171266556,-0.9975252747535706,-0.09021425992250443,0.007252890150994062,0.14317026734352112,-0.9855511784553528,0.11033281683921814,0.0014536491362378001,-0.24358507990837097,0.9635823369026184,-6.14453125,27.298828125,12.984375,27.05859375,-3.748046875,-22.9453125
360,0.09026098251342773,-0.10648749023675919,0.10222131013870239,0.07121939212083817,-0.19636158645153046,0.08930181711912155,0.03177496790885925,-0.29559779167175293,0.06941483169794083,-0.034937262535095215,0.001622476615011692,0.06092368811368942,-0.9975295662879944,-0.09028360247612,0.007311397232115269,0.14343833923339844,-0.9855054616928101,0.10913489758968353,0.0020065815187990665,-0.2433072179555893,0.9637879133224487,-6.232421875,27.38671875,13.072265625,27.05859375,-3.748046875,-23.033203125
361,0.090235136449337,-0.10647507756948471,0.10221589356660843,0.07113545387983322,-0.1963290274143219,0.08927323669195175,0.03164811432361603,-0.29552385210990906,0.069362111389637,-0.03497738763689995,0.0016084139933809638,0.06108856201171875,-0.9975180625915527,-0.09034407138824463,0.007328479550778866,0.14382898807525635,-0.9854428172111511,0.10916206985712051,0.002053453354164958,-0.24357560276985168,0.9637169241905212,-6.232421875,27.474609375,13.072265625,27.146484375,-3.8359375,-23.12109375
362,0.09020986407995224,-0.10648826509714127,0.10220377147197723,0.07110810279846191,-0.1961420327425003,0.08913462609052658,0.03152058273553848,-0.29546087980270386,0.06931134313344955,-0.0353454127907753,0.0016608663136139512,0.06156320497393608,-0.997475802898407,-0.08829760551452637,0.005264317616820335,0.14138461649417877,-0.9859950542449951,0.10936509072780609,0.002077117096632719,-0.24405202269554138,0.9635733366012573,-6.232421875,27.474609375,13.16015625,27.322265625,-3.8359375,-23.12109375
363,0.09019777923822403,-0.10646532475948334,0.1022019311785698,0.07105101644992828,-0.19611483812332153,0.08910726010799408,0.0314081646502018,-0.29538843035697937,0.0692625343799591,-0.03516755998134613,0.0015354269417002797,0.061655592173337936,-0.9974765777587891,-0.08838985115289688,0.005261985585093498,0.1416938155889511,-0.9859424829483032,0.1096554696559906,0.002216663444414735,-0.24460476636886597,0.9633999466896057,-6.232421875,27.650390625,13.16015625,27.322265625,-3.8359375,-23.208984375
364,0.09019123762845993,-0.10645954310894012,0.10219705104827881,0.07100604474544525,-0.19608911871910095,0.08908028900623322,0.0313003808259964,-0.2953082025051117,0.06921235471963882,-0.03528027608990669,0.0015213293954730034,0.06183943524956703,-0.9974613189697266,-0.08858411014080048,0.005163326859474182,0.14207953214645386,-0.9858699440956116,0.10991383343935013,0.002332824282348156,-0.2451416552066803,0.9632337093353271,-6.232421875,27.73828125,13.248046875,27.498046875,-3.8359375,-23.296875
365,0.09019283205270767,-0.10644155740737915,0.10219677537679672,0.07097344845533371,-0.19606588780879974,0.08905099332332611,0.031182922422885895,-0.29522114992141724,0.06916951388120651,-0.03523268178105354,0.001479102997109294,0.06179426982998848,-0.9974658489227295,-0.08882219344377518,0.00504846777766943,0.14243541657924652,-0.9857978820800781,0.11021223664283752,0.002374866744503379,-0.24574579298496246,0.9630455374717712,-6.3203125,27.826171875,13.248046875,27.498046875,-3.8359375,-23.296875
366,0.0901845321059227,-0.10645155608654022,0.10218849033117294,0.0709361582994461,-0.1960412710905075,0.08902699500322342,0.0310327410697937,-0.29514098167419434,0.0691165030002594,-0.03554530069231987,0.0015601946506649256,0.0621611587703228,-0.997431755065918,-0.0890006273984909,0.004979478660970926,0.14281950891017914,-0.9857264757156372,0.11057799309492111,0.00232266285456717,-0.24646592140197754,0.9628196954727173,-6.3203125,27.9140625,13.3359375,27.5859375,-3.8359375,-23.472640991210938
367,0.09017257392406464,-0.10644101351499557,0.10218372941017151,0.07087396085262299,-0.19601298868656158,0.08899503201246262,0.030906420201063156,-0.29504039883613586,0.06905986368656158,-0.035547323524951935,0.0015269035939127207,0.06226743757724762,-0.9974251985549927,-0.08918319642543793,0.004952538292855024,0.14323148131370544,-0.985650360584259,0.11067592352628708,0.0023186386097222567,-0.24683579802513123,0.9627137184143066,-6.3203125,28.001953125,13.3359375,27.673828125,-3.8359375,-23.560531616210938
368,0.09015246480703354,-0.1064220517873764,0.10217560082674026,0.0708053708076477,-0.19599509239196777,0.08895189315080643,0.03077724762260914,-0.29495009779930115,0.06899024546146393,-0.035538651049137115,0.0015460398280993104,0.06218791380524635,-0.9974303841590881,-0.08965412527322769,0.004936282057315111,0.14371797442436218,-0.9855368733406067,0.11077963560819626,0.002382592996582389,-0.24734702706336975,0.962570309638977,-6.3203125,28.08984375,13.3359375,27.76171875,-3.8359375,-23.560531616210938
369,0.09014520049095154,-0.10640934109687805,0.1021735668182373,0.07074140012264252,-0.19598467648029327,0.08890772610902786,0.03062906675040722,-0.2948712110519409,0.06890270113945007,-0.03543337062001228,0.0015374347567558289,0.06218080222606659,-0.9974345564842224,-0.09019291400909424,0.004840650595724583,0.14428283274173737,-0.985405683517456,0.11102922260761261,0.0025063534267246723,-0.24812868237495422,0.9623400568962097,-6.3203125,28.08984375,13.423843383789062,27.849609375,-3.923828125,-23.648422241210938
370,0.09012912213802338,-0.10640005022287369,0.10216090083122253,0.07068868726491928,-0.1959613561630249,0.08885633200407028,0.03048759140074253,-0.29479095339775085,0.06881070882081985,-0.03553431108593941,0.0016139994841068983,0.062280625104904175,-0.9974246025085449,-0.09044812619686127,0.004775510169565678,0.1446237713098526,-0.9853326678276062,0.11147399246692657,0.002634875476360321,-0.24889276921749115,0.9620910286903381,-6.3203125,28.177734375,13.423843383789062,27.849609375,-3.8359375,-23.648422241210938
371,0.09011121839284897,-0.10640885680913925,0.10214013606309891,0.07063434273004532,-0.19594025611877441,0.08880799263715744,0.030369635671377182,-0.2946830987930298,0.06873384863138199,-0.03581729903817177,0.0016717413673177361,0.06266190856695175,-0.9973905682563782,-0.09072863310575485,0.004776899237185717,0.14504654705524445,-0.985244631767273,0.11146748065948486,0.002621382474899292,-0.24925559759140015,0.9619978070259094,-6.3203125,28.353515625,13.511734008789062,28.11328125,-3.923828125,-23.736312866210938
372,0.0901077464222908,-0.10637959837913513,0.1021273136138916,0.07058179378509521,-0.19591458141803741,0.08877088129520416,0.03021674044430256,-0.29459163546562195,0.06863661855459213,-0.035646893084049225,0.0016126681584864855,0.06253492832183838,-0.9974047541618347,-0.09099597483873367,0.0047777192667126656,0.14542101323604584,-0.9851648807525635,0.1119452714920044,0.002488204510882497,-0.24996720254421234,0.961758017539978,-6.408203125,28.353515625,13.511734008789062,28.201171875,-3.923828125,-23.912109375
373,0.09008356928825378,-0.10637804865837097,0.10211803019046783,0.0705173909664154,-0.1958969384431839,0.08867985755205154,0.03005409985780716,-0.29450443387031555,0.06855113804340363,-0.035866718739271164,0.0017160106217488647,0.06282524019479752,-0.997378408908844,-0.09212459623813629,0.0046486337669193745,0.1460922360420227,-0.984961211681366,0.11242575943470001,0.0025004323106259108,-0.2508949339389801,0.9614603519439697,-6.408203125,28.44140625,13.511734008789062,28.201171875,-3.923828125,-23.912109375
374,0.09005935490131378,-0.10638397186994553,0.10210151970386505,0.07044368237257004,-0.19587041437625885,0.08863021433353424,0.02990955486893654,-0.2944050133228302,0.06846296787261963,-0.036167118698358536,0.0017731449333950877,0.0632176473736763,-0.9973426461219788,-0.09223675727844238,0.0047071329317986965,0.14642155170440674,-0.9849015474319458,0.11272415518760681,0.002421334618702531,-0.2515607178211212,0.9612516760826111,-6.49609375,28.529296875,13.599624633789062,28.376953125,-3.923828125,-24.0
375,0.09004560112953186,-0.1063615158200264,0.10208489745855331,0.07039523124694824,-0.19584619998931885,0.08858396857976913,0.029749499633908272,-0.2942996323108673,0.06837935745716095,-0.036060918122529984,0.0017620802391320467,0.06308400630950928,-0.9973549842834473,-0.09233128279447556,0.004706778097897768,0.14671529829502106,-0.9848489165306091,0.11299476772546768,0.002340785227715969,-0.2522985637187958,0.961026668548584,-6.49609375,28.6171875,13.599624633789062,28.376953125,-3.923828125,-24.0
376,0.09003454446792603,-0.10636337846517563,0.10207080841064453,0.07034572213888168,-0.19581691920757294,0.08853345364332199,0.02959681861102581,-0.2941860556602478,0.06827981770038605,-0.03631843999028206,0.0017767178360372782,0.0633547455072403,-0.9973284006118774,-0.09237490594387054,0.004601579625159502,0.14703257381916046,-0.984798014163971,0.11321748048067093,0.002465040422976017,-0.2528526186943054,0.9608545303344727,-6.49609375,28.705078125,13.687515258789062,28.46484375,-3.923828125,-24.087890625
377,0.09002117067575455,-0.10635088384151459,0.10205808281898499,0.07027687132358551,-0.19578613340854645,0.08848339319229126,0.029433520510792732,-0.2940859794616699,0.06818318367004395,-0.03637996315956116,0.0017941446276381612,0.06348845362663269,-0.9973176717758179,-0.09252621233463287,0.004582085181027651,0.1474616527557373,-0.9847197532653809,0.11364191025495529,0.002485056407749653,-0.2535492181777954,0.9606207609176636,-6.49609375,28.880859375,13.775405883789062,28.552734375,-3.923828125,-24.17578125
378,0.0899895429611206,-0.10635793209075928,0.1020422875881195,0.07018426060676575,-0.19575722515583038,0.08843382447957993,0.029269905760884285,-0.29397615790367126,0.06809421628713608,-0.03666982054710388,0.0018789017340168357,0.0639587864279747,-0.9972769021987915,-0.09266450256109238,0.004591818433254957,0.14789462089538574,-0.9846417903900146,0.11374467611312866,0.0024788163136690855,-0.2539094388484955,0.9605134129524231,-6.49609375,28.880859375,13.775405883789062,28.640625,-3.923828125,-24.263671875
379,0.08995091170072556,-0.10633804649114609,0.10203395783901215,0.07007290422916412,-0.19572283327579498,0.08837618678808212,0.029098445549607277,-0.2938838005065918,0.06799668818712234,-0.03650342673063278,0.0019052495481446385,0.0640813335776329,-0.9972750544548035,-0.09277541935443878,0.004594200756400824,0.14836829900741577,-0.9845600128173828,0.11409615725278854,0.0023941679392009974,-0.2544974684715271,0.9603163003921509,-6.583984375,28.96875,13.775405883789062,28.728515625,-3.923828125,-24.263671875
380,0.08990979939699173,-0.10632603615522385,0.10201592743396759,0.06996576488018036,-0.19569391012191772,0.08831653743982315,0.028924569487571716,-0.2937965393066406,0.06789089739322662,-0.036547232419252396,0.0018762677209451795,0.06434184312820435,-0.9972567558288574,-0.09307678788900375,0.004620053339749575,0.14881779253482819,-0.984463632106781,0.11443575471639633,0.0024103291798382998,-0.2549860179424286,0.9601462483406067,-6.583984375,28.96875,13.863296508789062,28.728515625,-4.01171875,-24.263671875
381,0.08988191932439804,-0.106313556432724,0.10199005156755447,0.06987320631742477,-0.19566281139850616,0.08824729174375534,0.02874653786420822,-0.2937013804912567,0.06778530776500702,-0.03669752553105354,0.0017925227293744683,0.06456248462200165,-0.9972370862960815,-0.09333990514278412,0.004658842459321022,0.14922522008419037,-0.984376847743988,0.11464117467403412,0.0024615053553134203,-0.25557634234428406,0.9599646925926208,-6.583984375,29.14453125,13.863296508789062,28.904296875,-4.01171875,-24.439453125
382,0.08985794335603714,-0.10632402449846268,0.10196567326784134,0.0697944313287735,-0.1956169456243515,0.0882212445139885,0.028591502457857132,-0.2935868501663208,0.06768085807561874,-0.037198349833488464,0.001815254450775683,0.06508786976337433,-0.9971843957901001,-0.09317568689584732,0.004650352988392115,0.1495208591222763,-0.9843477010726929,0.11460260301828384,0.0024113073013722897,-0.2560722231864929,0.9598371982574463,-6.583984375,29.232421875,13.951171875,28.9921875,-4.01171875,-24.52734375
383,0.08985483646392822,-0.10629104822874069,0.10194877535104752,0.06974012404680252,-0.19558583199977875,0.08816806226968765,0.028431963175535202,-0.2934776842594147,0.06757304817438126,-0.03690924122929573,0.001762649160809815,0.0648292750120163,-0.9972120523452759,-0.0934223160147667,0.004621562547981739,0.14989161491394043,-0.9842680096626282,0.11481792479753494,0.0024846589658409357,-0.256698876619339,0.9596439599990845,-6.583984375,29.232421875,13.951171875,28.9921875,-4.01171875,-24.52734375
384,0.08984312415122986,-0.10628332942724228,0.10193425416946411,0.06967899948358536,-0.1955593228340149,0.08811385929584503,0.028248585760593414,-0.29338374733924866,0.06746965646743774,-0.03698183223605156,0.001739538973197341,0.06501458585262299,-0.9971973299980164,-0.09369892627000809,0.0046295588836073875,0.15025998651981354,-0.984185516834259,0.11548501253128052,0.0024802556727081537,-0.2576916813850403,0.959297776222229,-6.583984375,29.408203125,14.0390625,29.16796875,-4.01171875,-24.615234375
385,0.08982093632221222,-0.10628768056631088,0.10191760212182999,0.0696193277835846,-0.19553528726100922,0.08807091414928436,0.028101366013288498,-0.2932754158973694,0.06735868006944656,-0.037271108478307724,0.0017126052407547832,0.06529239565134048,-0.9971684813499451,-0.09383910149335861,0.0045872339978814125,0.15055371820926666,-0.9841274619102478,0.11571788787841797,0.0027501455042511225,-0.25825613737106323,0.95911705493927,-6.671875,29.408203125,14.0390625,29.16796875,-4.01171875,-24.615234375
386,0.0897986888885498,-0.10627823323011398,0.1019073948264122,0.06954135000705719,-0.19550766050815582,0.08802037686109543,0.027943463996052742,-0.2931772470474243,0.06726112216711044,-0.03729793429374695,0.0017058845842257142,0.06551939994096756,-0.9971526265144348,-0.09406126290559769,0.0045594461262226105,0.1509396880865097,-0.9840472340583801,0.11603474617004395,0.0029379301704466343,-0.25880497694015503,0.958930253982544,-6.671875,29.49609375,14.126953125,29.34375,-4.099609375,-24.703125
387,0.08976498991250992,-0.10630719363689423,0.10189463943243027,0.06944724172353745,-0.1954798400402069,0.08797217160463333,0.027769826352596283,-0.29307329654693604,0.06716731935739517,-0.037971802055835724,0.0018765449058264494,0.06617078185081482,-0.9970837831497192,-0.09427885711193085,0.004551359452307224,0.1513514220714569,-0.9839632511138916,0.11618513613939285,0.00285685365088284,-0.25919589400291443,0.9588068127632141,-6.671875,29.583999633789062,14.126953125,29.34375,-4.099609375,-24.791015625
388,0.08973605185747147,-0.10626572370529175,0.10188113898038864,0.06934522092342377,-0.19545122981071472,0.08791585266590118,0.02760326862335205,-0.29297029972076416,0.06708086282014847,-0.037438832223415375,0.001721115899272263,0.06587975472211838,-0.9971234798431396,-0.0944371446967125,0.00451855082064867,0.1517033874988556,-0.9838940501213074,0.11619674414396286,0.0027590810786932707,-0.25939109921455383,0.9587528109550476,-6.671875,29.671890258789062,14.126953125,29.431640625,-4.01171875,-24.791015625
389,0.08970166742801666,-0.10625516623258591,0.1018625870347023,0.06924265623092651,-0.19542163610458374,0.08786678314208984,0.027436383068561554,-0.2928943336009979,0.06699326634407043,-0.03744741156697273,0.001698385225608945,0.06606835871934891,-0.9971107244491577,-0.09459907561540604,0.004580117296427488,0.15208809077739716,-0.983818769454956,0.11656613647937775,0.002646083477884531,-0.26007741689682007,0.9585224390029907,-6.671875,29.759780883789062,14.21484375,29.51953125,-4.1875,-24.966796875
390,0.0896734893321991,-0.10627517104148865,0.10185530036687851,0.06917472183704376,-0.19539524614810944,0.08782489597797394,0.027263784781098366,-0.2928163409233093,0.06690589338541031,-0.03807170316576958,0.0019147683633491397,0.06671582162380219,-0.9970435500144958,-0.09479714930057526,0.004615579266101122,0.15244616568088531,-0.9837441444396973,0.11718691885471344,0.0024560459423810244,-0.2607353925704956,0.9582684636116028,-6.671875,29.759780883789062,14.21484375,29.51953125,-4.1875,-24.87890625
391,0.08966844528913498,-0.10624698549509048,0.10183636844158173,0.06909570097923279,-0.19531287252902985,0.0878562331199646,0.027127951383590698,-0.29271987080574036,0.06682688742876053,-0.03778696805238724,0.001716785947792232,0.06658505648374557,-0.9970635771751404,-0.09481023997068405,0.005310673266649246,0.15190306305885315,-0.9838233590126038,0.11725836992263794,0.002518420573323965,-0.2609701454639435,0.9581955671310425,-6.671875,29.759780883789062,14.21484375,29.51953125,-4.1875,-24.87890625
392,0.08965296298265457,-0.10622870922088623,0.10182521492242813,0.06902529299259186,-0.19527657330036163,0.08779887109994888,0.027001099660992622,-0.29263654351234436,0.06674998253583908,-0.03776508942246437,0.0017866361886262894,0.06663069874048233,-0.9970611929893494,-0.09649443626403809,0.005266563501209021,0.152741938829422,-0.9835298657417297,0.11747924983501434,0.0024627994280308485,-0.26130300760269165,0.9580779671669006,-6.671875,29.759780883789062,14.21484375,29.51953125,-4.1875,-24.87890625
393,0.08962798118591309,-0.10623478144407272,0.10180970281362534,0.0689576119184494,-0.19525755941867828,0.0877566859126091,0.02687661536037922,-0.2925528287887573,0.06667625904083252,-0.03804948553442955,0.0018023763550445437,0.06704358756542206,-0.9970226287841797,-0.09673118591308594,0.005302897188812494,0.15311293303966522,-0.9834488034248352,0.11760523170232773,0.002426455495879054,-0.26169484853744507,0.9579555988311768,-6.671875,29.759780883789062,14.21484375,29.51953125,-4.1875,-24.87890625
394,0.0896100103855133,-0.1062217503786087,0.10180286318063736,0.06889956444501877,-0.19524043798446655,0.08772342652082443,0.026748312637209892,-0.2924667298793793,0.06661655753850937,-0.03801332041621208,0.001758193364366889,0.06711135804653168,-0.9970195889472961,-0.09699280560016632,0.00528394291177392,0.1534559577703476,-0.9833695888519287,0.11771052330732346,0.0024335952475667,-0.262129545211792,0.9578238129615784,-6.84765625,30.111343383789062,14.390625,29.87109375,-4.1875,-25.23046875
395,0.08959229290485382,-0.10623011738061905,0.10179650783538818,0.06884227693080902,-0.19522029161453247,0.08769205957651138,0.02661379799246788,-0.2923896014690399,0.06654811650514603,-0.03831658884882927,0.0017909143352881074,0.0675111934542656,-0.9969808459281921,-0.09702285379171371,0.005267858970910311,0.15372741222381592,-0.9833243489265442,0.11783142387866974,0.002475868444889784,-0.2624943256378174,0.9577089548110962,-6.759765625,30.111343383789062,14.390625,29.87109375,-4.1875,-25.23046875
396,0.08957058936357498,-0.10621175169944763,0.10178829729557037,0.06877817958593369,-0.19520828127861023,0.08765118569135666,0.026482444256544113,-0.2923281788825989,0.06648954004049301,-0.038148537278175354,0.001728458097204566,0.06750603020191193,-0.9969878792762756,-0.09724654257297516,0.005222188774496317,0.1540340930223465,-0.9832544326782227,0.1179327592253685,0.0024072914384305477,-0.2628369629383087,0.9576026797294617,-6.84765625,30.111343383789062,14.478515625,29.87109375,-4.1875,-25.23046875
397,0.08953740447759628,-0.10622507333755493,0.10177382826805115,0.06869377195835114,-0.1951887160539627,0.08760964870452881,0.026356590911746025,-0.29228830337524414,0.06643466651439667,-0.03851054981350899,0.0017181416042149067,0.06798987835645676,-0.996941089630127,-0.09721731394529343,0.005129344295710325,0.1543760895729065,-0.983204185962677,0.11806689947843552,0.0024143499322235584,-0.26322758197784424,0.9574788808822632,-6.84765625,30.19921875,14.478515625,29.958984375,-4.1875,-25.318359375
398,0.0895039513707161,-0.10618743300437927,0.10176219046115875,0.06860500574111938,-0.19516243040561676,0.08755610883235931,0.026264173910021782,-0.29223117232322693,0.06639428436756134,-0.03812083601951599,0.0016710278578102589,0.06781823933124542,-0.9969678521156311,-0.09722868353128433,0.005066365469247103,0.15468153357505798,-0.9831554293632507,0.11797473579645157,0.0023521690163761377,-0.2633417546749115,0.9574589729309082,-6.84765625,30.19921875,14.56640625,30.046875,-4.1875,-25.318359375
399,0.08948726952075958,-0.10617692768573761,0.10174883902072906,0.0685514435172081,-0.19514738023281097,0.08752264082431793,0.026160867884755135,-0.29217931628227234,0.0663716122508049,-0.03813038021326065,0.001532980939373374,0.06794498860836029,-0.9969590306282043,-0.09733495116233826,0.004967980552464724,0.15491941571235657,-0.9831079244613647,0.11808916181325912,0.0026121409609913826,-0.2639487683773041,0.9572769999504089,-6.84765625,30.375,14.56640625,30.134765625,-4.1875,-25.494140625
400,0.08948508650064468,-0.10619377344846725,0.1017453521490097,0.06852956861257553,-0.19512726366519928,0.08751866221427917,0.02610006183385849,-0.29211968183517456,0.06636258959770203,-0.03850628435611725,0.0015559550374746323,0.0683395117521286,-0.9969175457954407,-0.09731381386518478,0.004942888393998146,0.15519040822982788,-0.9830674529075623,0.11849003285169601,0.0025287256576120853,-0.26460757851600647,0.9570457935333252,-6.84765625,30.462890625,14.56640625,30.134765625,-4.1875,-25.494140625
401,0.08950973302125931,-0.10616996884346008,0.10175525397062302,0.06854184716939926,-0.19511249661445618,0.08753697574138641,0.02604004181921482,-0.29204824566841125,0.0663493201136589,-0.03823063522577286,0.001541470061056316,0.06807851791381836,-0.9969460964202881,-0.0973581001162529,0.0049721673130989075,0.15549196302890778,-0.983015239238739,0.1189107894897461,0.002411964815109968,-0.26555371284484863,0.9567317962646484,-6.935546875,30.638671875,14.654296875,30.310546875,-4.1875,-25.669921875
402,0.08952588587999344,-0.10620436817407608,0.10175687819719315,0.06855545938014984,-0.1950910985469818,0.08754049986600876,0.025989294052124023,-0.291948527097702,0.066339410841465,-0.03896464407444,0.0016725746681913733,0.06867220252752304,-0.9968767166137695,-0.09736989438533783,0.00495015038177371,0.15579360723495483,-0.9829664826393127,0.11903180927038193,0.0025317238178104162,-0.2661243677139282,0.9565579295158386,-6.935546875,30.7265625,14.654296875,30.3984375,-4.275390625,-25.7578125
403,0.08953693509101868,-0.10617527365684509,0.10175026953220367,0.06854523718357086,-0.19507375359535217,0.08752040565013885,0.025910833850502968,-0.2918693721294403,0.06630902737379074,-0.03866531699895859,0.0015784603310748935,0.06837865710258484,-0.9969086647033691,-0.0977158471941948,0.00487578846514225,0.15618810057640076,-0.9828698635101318,0.11930463463068008,0.002582601737231016,-0.26698511838912964,0.9562838673591614,-6.935546875,30.814453125,14.7421875,30.486328125,-4.275390625,-25.7578125
404,0.08953552693128586,-0.10614806413650513,0.10173618793487549,0.06849571317434311,-0.19504666328430176,0.08747028559446335,0.02579931728541851,-0.29178786277770996,0.06626614183187485,-0.03852773830294609,0.0014318486209958792,0.06817714124917984,-0.9969280362129211,-0.09793560951948166,0.004754754714667797,0.15658269822597504,-0.9827857613563538,0.11961346119642258,0.0027480379212647676,-0.26769086718559265,0.9560474753379822,-6.935546875,30.90234375,14.7421875,30.662109375,-4.275390625,-25.93359375
405,0.08951766788959503,-0.10613944381475449,0.10172148048877716,0.0684351772069931,-0.1950121968984604,0.0874340683221817,0.02567640319466591,-0.2916935682296753,0.06620964407920837,-0.03861091658473015,0.0013643336715176702,0.06834328919649124,-0.996913492679596,-0.09791882336139679,0.004663386847823858,0.15688291192054749,-0.9827401041984558,0.11971694231033325,0.002847906667739153,-0.26807907223701477,0.9559254050254822,-6.935546875,30.990234375,14.7421875,30.662109375,-4.275390625,-26.021484375
406,0.0894668772816658,-0.10626710951328278,0.10173594951629639,0.06835831701755524,-0.1949845850467682,0.08740223199129105,0.025508049875497818,-0.2916082739830017,0.06615561991930008,-0.04173845425248146,0.0022876427974551916,0.07091347873210907,-0.9966062307357788,-0.09809135645627975,0.004702595062553883,0.15730422735214233,-0.9826553463935852,0.12010051310062408,0.002677449956536293,-0.2688489258289337,0.9556615352630615,-7.0234375,31.078125,14.830078125,30.75,-4.275390625,-26.109375
407,0.08945439010858536,-0.1062529981136322,0.10173040628433228,0.06829263269901276,-0.1949501633644104,0.08737096190452576,0.02534044347703457,-0.29149070382118225,0.06609106808900833,-0.04180438816547394,0.002264812123030424,0.07112825661897659,-0.9965882897377014,-0.09823194891214371,0.004723730962723494,0.15766488015651703,-0.9825834035873413,0.12027839571237564,0.0026244372129440308,-0.26929354667663574,0.9555141925811768,-7.0234375,31.25390625,14.830078125,30.837905883789062,-4.275390625,-26.109375
408,0.08944009244441986,-0.106223464012146,0.10172507911920547,0.06821482628583908,-0.19491755962371826,0.08732936531305313,0.025173773989081383,-0.29137536883354187,0.06600676476955414,-0.04164046421647072,0.002243422670289874,0.0710064172744751,-0.9966038465499878,-0.09858322888612747,0.004776904359459877,0.1581670194864273,-0.9824672341346741,0.12065038084983826,0.0026742767076939344,-0.26985955238342285,0.9553073644638062,-7.0234375,31.25390625,14.91796875,30.925796508789062,-4.275390625,-26.197265625
409,0.08942186832427979,-0.10621313750743866,0.10170649737119675,0.06813996285200119,-0.19488871097564697,0.08727318048477173,0.024965669959783554,-0.29129329323768616,0.06590535491704941,-0.04180705174803734,0.0021411136258393526,0.07115693390369415,-0.9965863823890686,-0.09884676337242126,0.004792144522070885,0.15860195457935333,-0.9823704957962036,0.12167029082775116,0.0025681345723569393,-0.2709839344024658,0.9548599123954773,-7.111328125,31.341796875,15.005859375,31.013687133789062,-4.36328125,-26.28515625
410,0.08940175920724869,-0.10620258003473282,0.10168854147195816,0.06804946810007095,-0.19485601782798767,0.08721240609884262,0.024792419746518135,-0.2911531627178192,0.06578635424375534,-0.04189946874976158,0.0020986893214285374,0.07139042019844055,-0.9965658187866211,-0.0991755872964859,0.004813037347048521,0.15912935137748718,-0.9822520017623901,0.12147748470306396,0.002738781739026308,-0.2714203894138336,0.9547600150108337,-7.111328125,31.341796875,14.91796875,31.013687133789062,-4.36328125,-26.28515625
411,0.08936944603919983,-0.10621367394924164,0.10167450457811356,0.06795086711645126,-0.19481749832630157,0.08715325593948364,0.024589136242866516,-0.2910265624523163,0.06566382944583893,-0.04232809320092201,0.0021273239981383085,0.07192395627498627,-0.996509313583374,-0.09922264516353607,0.004824403207749128,0.15954698622226715,-0.9821794033050537,0.12164419889450073,0.0028426996432244778,-0.27214500308036804,0.9545322060585022,-7.111328125,31.4296875,15.005859375,31.189468383789062,-4.36328125,-26.373046875
412,0.08934853971004486,-0.1061805784702301,0.1016586497426033,0.06784961372613907,-0.194785013794899,0.08707833290100098,0.024391384795308113,-0.2908788323402405,0.06553176045417786,-0.04216700419783592,0.0020697121508419514,0.07186015695333481,-0.9965208768844604,-0.09947458654642105,0.004792485386133194,0.16008907556533813,-0.9820659160614014,0.12177485972642899,0.0029254902619868517,-0.2725522518157959,0.9543991684913635,-7.111328125,31.517578125,15.09375,31.277359008789062,-4.36328125,-26.4609375
413,0.0893125906586647,-0.10621163994073868,0.1016293615102768,0.06775587797164917,-0.19474709033966064,0.08699603378772736,0.024178391322493553,-0.29074299335479736,0.06537823379039764,-0.04299849271774292,0.002174429362639785,0.07268878817558289,-0.9964250922203064,-0.09968740493059158,0.004698676988482475,0.16054648160934448,-0.9819700121879578,0.12195511162281036,0.0030536942649632692,-0.27316004037857056,0.954201877117157,-7.111328125,31.517578125,15.09375,31.365234375,-4.36328125,-26.4609375
414,0.08928743004798889,-0.10617291182279587,0.10160098224878311,0.06765386462211609,-0.19471099972724915,0.08691047877073288,0.02395804040133953,-0.2906332015991211,0.06523096561431885,-0.0426219217479229,0.001965913688763976,0.07248252630233765,-0.9964566826820374,-0.09972333163022995,0.004721245262771845,0.1609342247247696,-0.9819028973579407,0.1225176453590393,0.0030616873409599066,-0.2739267647266388,0.9539099335670471,-7.19921875,31.693359375,15.09375,31.453125,-4.36328125,-26.548828125
415,0.0892391949892044,-0.10620567947626114,0.10156736522912979,0.06752150505781174,-0.19465717673301697,0.08686871081590652,0.023734794929623604,-0.29051297903060913,0.06509053707122803,-0.04347003996372223,0.002051688963547349,0.07338870316743851,-0.9963535070419312,-0.10181407630443573,0.004835087805986404,0.1617816537618637,-0.9815483689308167,0.12281012535095215,0.0030758420471102,-0.2747422456741333,0.9536377787590027,-7.19921875,31.693359375,15.181640625,31.453125,-4.36328125,-26.63671875
416,0.08921022713184357,-0.1061706617474556,0.10154544562101364,0.06741522997617722,-0.19461819529533386,0.0867944285273552,0.02352878823876381,-0.29037630558013916,0.06494616717100143,-0.04322231933474541,0.0019399632001295686,0.07337144017219543,-0.9963657259941101,-0.10212332755327225,0.004972918890416622,0.16209810972213745,-0.9814633727073669,0.12296508997678757,0.0030503980815410614,-0.2753905951976776,0.9534308314323425,-7.19921875,31.869140625,15.181640625,31.62890625,-4.36328125,-26.724609375
417,0.08917437493801117,-0.1061503142118454,0.10151994228363037,0.06730566173791885,-0.19458305835723877,0.08671765774488449,0.023320332169532776,-0.2902442216873169,0.0648091733455658,-0.04314368963241577,0.0019082172075286508,0.07355144619941711,-0.9963559508323669,-0.10252087563276291,0.0051007396541535854,0.1624898910522461,-0.9813565611839294,0.12330866605043411,0.0030154110863804817,-0.27613282203674316,0.9531718492507935,-7.19921875,31.869140625,15.26953125,31.716796875,-4.36328125,-26.8125
418,0.08915512263774872,-0.10614746809005737,0.1014956384897232,0.06721669435501099,-0.19454750418663025,0.08664696663618088,0.023125333711504936,-0.2901056706905365,0.06467535346746445,-0.04341010004281998,0.0018090502126142383,0.07397358119487762,-0.9963133335113525,-0.10278034210205078,0.0050436956807971,0.162885382771492,-0.981264054775238,0.12344779819250107,0.0030135533306747675,-0.27643436193466187,0.9530665278434753,-7.19921875,31.869140625,15.26953125,31.716796875,-4.36328125,-26.8125
419,0.08912412077188492,-0.10614313185214996,0.10146718472242355,0.06711500138044357,-0.19450782239437103,0.0865679457783699,0.022909168154001236,-0.28999561071395874,0.06455262750387192,-0.043694283813238144,0.001815703813917935,0.07428841292858124,-0.9962775111198425,-0.10306744277477264,0.005066858138889074,0.16337113082408905,-0.9811530709266663,0.12391244620084763,0.0028911156114190817,-0.2771793603897095,0.9527901411056519,-7.19921875,31.869140625,15.26953125,31.716796875,-4.36328125,-26.8125
420,0.08909835666418076,-0.10611957311630249,0.1014435663819313,0.06700173765420914,-0.19446717202663422,0.08649323135614395,0.022699547931551933,-0.2898930311203003,0.0644223541021347,-0.04362521320581436,0.0017342923674732447,0.07438551634550095,-0.996273398399353,-0.10334209352731705,0.005028017330914736,0.16384673118591309,-0.9810450673103333,0.12443788349628448,0.0030101153533905745,-0.27803266048431396,0.9524726271629333,-7.19921875,31.869140625,15.26953125,31.716796875,-4.36328125,-26.8125
421,0.08904611319303513,-0.10615190118551254,0.10142918676137924,0.06690362095832825,-0.19443172216415405,0.08644009381532669,0.022491276264190674,-0.2897721529006958,0.06430761516094208,-0.04436919093132019,0.0019365425687283278,0.07519461214542389,-0.9961794018745422,-0.103294238448143,0.00504637137055397,0.1640845388174057,-0.9810102581977844,0.12458521872758865,0.0030193154234439135,-0.27839338779449463,0.9523479342460632,-7.287109375,32.1328125,15.357421875,31.892578125,-4.451171875,-26.900390625
422,0.08901970833539963,-0.10611383616924286,0.10141477733850479,0.0667937770485878,-0.19441068172454834,0.08638554066419601,0.02228783629834652,-0.2896769940853119,0.06420435011386871,-0.043940819799900055,0.0018226004904136062,0.07497826218605042,-0.9962149262428284,-0.10395129770040512,0.005125842057168484,0.16463331878185272,-0.9808484315872192,0.12484879046678543,0.0029116731602698565,-0.2787856161594391,0.9521989822387695,-7.287109375,32.1328125,15.4453125,31.892578125,-4.451171875,-26.98828125
423,0.08897337317466736,-0.10610368847846985,0.10139462351799011,0.0666811540722847,-0.19438181817531586,0.08632981777191162,0.022111453115940094,-0.2895883321762085,0.06408832967281342,-0.04391113668680191,0.0018337857909500599,0.07515052706003189,-0.9962033033370972,-0.10412615537643433,0.00515506137162447,0.16494806110858917,-0.9807769656181335,0.12473054230213165,0.0030493703670799732,-0.27884799242019653,0.9521958827972412,-7.287109375,32.1328125,15.4453125,31.98046875,-4.36328125,-26.98828125
424,0.08891887962818146,-0.10612046718597412,0.10137151181697845,0.06657886505126953,-0.19435429573059082,0.08626805990934372,0.021943839266896248,-0.2895183265209198,0.06398672610521317,-0.04441351816058159,0.0019346576882526278,0.07566311955451965,-0.9961419701576233,-0.10427640378475189,0.00521578174084425,0.1651458442211151,-0.9807273149490356,0.12485886365175247,0.003059074515476823,-0.2790044844150543,0.9521331787109375,-7.287109375,32.220703125,15.4453125,31.98046875,-4.451171875,-26.98828125
425,0.08889205753803253,-0.1060832217335701,0.10135170072317123,0.06648784875869751,-0.19432370364665985,0.08620964735746384,0.021802138537168503,-0.289479523897171,0.06389640271663666,-0.044114310294389725,0.0018826964078471065,0.0755474716424942,-0.9961641430854797,-0.10435973852872849,0.005249693989753723,0.16542646288871765,-0.9806710481643677,0.1254327893257141,0.003223619656637311,-0.27974051237106323,0.9518411159515381,-7.287109375,32.30859375,15.4453125,32.068359375,-4.451171875,-27.076171875
426,0.0888686329126358,-0.1060800701379776,0.10133874416351318,0.06642458587884903,-0.1942821890115738,0.08618006855249405,0.021727686747908592,-0.28941115736961365,0.06383530795574188,-0.04430747777223587,0.0018334528431296349,0.07578913867473602,-0.9961373805999756,-0.10429034382104874,0.00540560856461525,0.16536597907543182,-0.9806877970695496,0.12548375129699707,0.0034515245351940393,-0.2802667021751404,0.9516787528991699,-7.287109375,32.484375,15.4453125,32.15625,-4.451171875,-27.1640625
427,0.08887656033039093,-0.10606847703456879,0.10133358836174011,0.06640439480543137,-0.19426201283931732,0.08616255968809128,0.021675150841474533,-0.28933343291282654,0.06378892809152603,-0.04422849789261818,0.001865888712927699,0.07584753632545471,-0.9961363077163696,-0.10437506437301636,0.0053838081657886505,0.16568046808242798,-0.9806257486343384,0.12584003806114197,0.0035313162952661514,-0.2810555398464203,0.9513988494873047,-7.287109375,32.572265625,15.533203125,32.244140625,-4.451171875,-27.251953125
428,0.08890514075756073,-0.10605666041374207,0.10134550929069519,0.06643775850534439,-0.19425247609615326,0.08617522567510605,0.021647866815328598,-0.28924253582954407,0.06376843899488449,-0.04412386193871498,0.0018271220615133643,0.07579527795314789,-0.9961450099945068,-0.10445169359445572,0.005410908255726099,0.16583912074565887,-0.9805906414985657,0.1263723522424698,0.0034319988917559385,-0.2820323407649994,0.9510394334793091,-7.375,32.66015625,15.533203125,32.419921875,-4.5390625,-27.251953125
429,0.0889355018734932,-0.10606245696544647,0.10135070979595184,0.06647627055644989,-0.19424183666706085,0.08619028329849243,0.021611157804727554,-0.2891407012939453,0.06373919546604156,-0.044346459209918976,0.0018516654381528497,0.07595010101795197,-0.9961233139038086,-0.10453302413225174,0.005402622744441032,0.1660059690475464,-0.9805538058280945,0.12685143947601318,0.003355431603267789,-0.28301236033439636,0.9506847858428955,-7.375,32.8359375,15.62109375,32.595703125,-4.5390625,-27.427734375
430,0.08895352482795715,-0.10609252005815506,0.1013508290052414,0.06649111211299896,-0.19422383606433868,0.0861874520778656,0.021562309935688972,-0.28904640674591064,0.06370458751916885,-0.044963348656892776,0.0019590631127357483,0.07650579512119293,-0.9960529208183289,-0.1045774519443512,0.005359729286283255,0.1662813425064087,-0.9805026054382324,0.12717244029045105,0.0033298360649496317,-0.28376880288124084,0.9504164457321167,-7.462890625,32.923828125,15.708984375,32.595703125,-4.5390625,-27.427734375
431,0.08896232396364212,-0.10604701191186905,0.10134204477071762,0.06646327674388885,-0.19419926404953003,0.08615874499082565,0.021472707390785217,-0.28897392749786377,0.06365750730037689,-0.044471196830272675,0.0018092236714437604,0.07599914073944092,-0.9961141347885132,-0.10466889292001724,0.00534087186679244,0.1665647029876709,-0.9804449081420898,0.12761682271957397,0.003363325260579586,-0.28447288274765015,0.9501463174819946,-7.462890625,33.01171875,15.708984375,32.771484375,-4.5390625,-27.603515625
432,0.0889333039522171,-0.1060287207365036,0.10132534801959991,0.06637916713953018,-0.19416819512844086,0.08611506968736649,0.021364597603678703,-0.28890565037727356,0.06359823048114777,-0.04436293989419937,0.0017885132692754269,0.07606302946805954,-0.9961141347885132,-0.10470090806484222,0.0052607860416173935,0.16692134737968445,-0.980381190776825,0.12788136303424835,0.0034514765720814466,-0.28503522276878357,0.949941873550415,-7.462890625,33.1875,15.796875,32.859375,-4.626953125,-27.69140625
433,0.08889247477054596,-0.10604527592658997,0.10131421685218811,0.06628288328647614,-0.19412468373775482,0.08609919995069504,0.021241724491119385,-0.2888350188732147,0.06353244185447693,-0.0449688620865345,0.0019266197923570871,0.07665485143661499,-0.9960412383079529,-0.10602914541959763,0.0052481843158602715,0.16756662726402283,-0.9801284670829773,0.12817393243312836,0.0034265450667589903,-0.28557464480400085,0.949740469455719,-7.462890625,33.1875,15.796875,32.947265625,-4.626953125,-27.69140625
434,0.08888605982065201,-0.10599730908870697,0.10130340605974197,0.06622020155191422,-0.19409111142158508,0.08606120198965073,0.021107539534568787,-0.2887372374534607,0.06346666812896729,-0.044377271085977554,0.001781114493496716,0.07618940621614456,-0.996103823184967,-0.10616234689950943,0.005232546012848616,0.1679392158985138,-0.9800503253936768,0.12839160859584808,0.0034357942640781403,-0.28616613149642944,0.9495329260826111,-7.5507659912109375,33.1875,15.884765625,33.123046875,-4.626953125,-27.779296875
435,0.08887942880392075,-0.10600755363702774,0.10128945112228394,0.06617973744869232,-0.1940600723028183,0.08602755516767502,0.02098066546022892,-0.28863680362701416,0.06339910626411438,-0.04478568211197853,0.0017699416493996978,0.07662664353847504,-0.9960519671440125,-0.1062358096241951,0.005212296266108751,0.16825303435325623,-0.979988694190979,0.12879091501235962,0.0034809112548828125,-0.2869110107421875,0.9492538571357727,-7.5507659912109375,33.1875,15.884765625,33.123046875,-4.626953125,-27.8671875
436,0.08887890726327896,-0.1059965193271637,0.10128229856491089,0.06614743918180466,-0.19403482973575592,0.08600151538848877,0.02082015387713909,-0.28852730989456177,0.06333401799201965,-0.04481279104948044,0.0017114615766331553,0.07671714574098587,-0.996043860912323,-0.10644381493330002,0.0051308427937328815,0.16853691637516022,-0.9799177646636963,0.12939205765724182,0.003322059288620949,-0.2876681983470917,0.948943555355072,-7.462890625,33.36328125,15.97265625,33.2109375,-4.626953125,-27.955078125
437,0.08886655420064926,-0.1059693843126297,0.10127090662717819,0.06607972085475922,-0.19399875402450562,0.08596763759851456,0.0206537377089262,-0.2883964478969574,0.06325524300336838,-0.04464927688241005,0.0016913824947550893,0.07653526961803436,-0.9960653185844421,-0.10658995062112808,0.0051494077779352665,0.16892361640930176,-0.9798352122306824,0.12946073710918427,0.003390698926523328,-0.28832194209098816,0.9487355351448059,-7.5507659912109375,33.451171875,16.060546875,33.298828125,-4.626953125,-28.04296875
438,0.08883920311927795,-0.1059475988149643,0.10125340521335602,0.06599662452936172,-0.1939655840396881,0.08592476695775986,0.020482350140810013,-0.2882741391658783,0.06317745894193649,-0.04459613561630249,0.0015941249439492822,0.07655676454305649,-0.996066153049469,-0.10680928826332092,0.005119336303323507,0.16930444538593292,-0.9797457456588745,0.1296776384115219,0.003434603102505207,-0.2888289988040924,0.9485514760017395,-7.5507659912109375,33.451171875,16.060546875,33.298828125,-4.626953125,-28.130859375
439,0.08880827575922012,-0.10594077408313751,0.10123923420906067,0.06589718908071518,-0.19393117725849152,0.08587806671857834,0.020300595089793205,-0.2881541848182678,0.06308754533529282,-0.04472266882658005,0.0015724203549325466,0.07680176198482513,-0.9960417151451111,-0.10721299797296524,0.005221317056566477,0.16978350281715393,-0.9796181917190552,0.13000373542308807,0.003604960860684514,-0.28942638635635376,0.9483240842819214,-7.6386566162109375,33.626953125,16.060546875,33.38671875,-4.626953125,-28.130859375
440,0.08878052979707718,-0.10593416541814804,0.1012314036488533,0.06580118089914322,-0.19389255344867706,0.08583404123783112,0.020112071186304092,-0.2880280613899231,0.06299083679914474,-0.044872574508190155,0.001629230217076838,0.0770491287112236,-0.996015727519989,-0.10753057152032852,0.005280906334519386,0.17029957473278046,-0.9794934988021851,0.13006284832954407,0.0035615661181509495,-0.28987136483192444,0.9481801986694336,-7.6386566162109375,33.626953125,16.060546875,33.474609375,-4.626953125,-28.218734741210938
441,0.08874708414077759,-0.10593388229608536,0.10121631622314453,0.06570585072040558,-0.19386446475982666,0.08577918261289597,0.019898779690265656,-0.28791069984436035,0.0628780648112297,-0.04504816606640816,0.0016627615550532937,0.07739473879337311,-0.9959809184074402,-0.10779143869876862,0.00538977887481451,0.17073367536067963,-0.9793886542320251,0.13050654530525208,0.00353266391903162,-0.2904180884361267,0.9479519724845886,-7.6386566162109375,33.802734375,16.1484375,33.5625,-4.71484375,-28.218734741210938
442,0.08870811015367508,-0.10592146217823029,0.10120055079460144,0.0655924528837204,-0.19382353127002716,0.08571668714284897,0.019687052816152573,-0.28778138756752014,0.06276755779981613,-0.04508999362587929,0.0016627678414806724,0.0776435136795044,-0.9959596395492554,-0.1081661507487297,0.005386956501752138,0.17123501002788544,-0.9792597889900208,0.13065634667873383,0.0033849263563752174,-0.2907499372959137,0.9478302001953125,-7.6386566162109375,33.802734375,16.1484375,33.5625,-4.71484375,-28.306625366210938
443,0.08866030722856522,-0.1059124618768692,0.10118457674980164,0.06546216458082199,-0.1937825083732605,0.08564025163650513,0.019480496644973755,-0.28766730427742004,0.06265207380056381,-0.045161060988903046,0.0016931588761508465,0.07793743908405304,-0.9959335327148438,-0.10851643234491348,0.005360816139727831,0.17175225913524628,-0.9791306257247925,0.13083699345588684,0.0033297878690063953,-0.2913479208946228,0.947621762752533,-7.6386566162109375,33.890625,16.236328125,33.650390625,-4.71484375,-28.394515991210938
444,0.08861532062292099,-0.1059022918343544,0.10116459429264069,0.06533949822187424,-0.19373850524425507,0.08557458221912384,0.01929650828242302,-0.28754380345344543,0.06253524869680405,-0.045316942036151886,0.0017068302258849144,0.07831098884344101,-0.995897114276886,-0.10863456130027771,0.005424222443252802,0.17215417325496674,-0.9790465235710144,0.13081488013267517,0.003365067532286048,-0.29161393642425537,0.9475429058074951,-7.7265472412109375,33.978515625,16.236328125,33.826171875,-4.71484375,-28.482406616210938
445,0.08858107775449753,-0.10589314997196198,0.10114820301532745,0.06523256748914719,-0.1936989724636078,0.08551407605409622,0.01911870203912258,-0.2874206304550171,0.062423720955848694,-0.04545041173696518,0.001724385772831738,0.0785793736577034,-0.9958697557449341,-0.10876698791980743,0.0054814619943499565,0.17256520688533783,-0.9789592027664185,0.1309613287448883,0.0033958270214498043,-0.2920795977115631,0.9473790526390076,-7.7265472412109375,33.978515625,16.32421875,33.826171875,-4.71484375,-28.482406616210938
446,0.08854179829359055,-0.1059134230017662,0.10113129019737244,0.06514911353588104,-0.1936570554971695,0.08545929938554764,0.018920257687568665,-0.2873093783855438,0.062311846762895584,-0.046017225831747055,0.001783724408596754,0.07932404428720474,-0.9957846403121948,-0.10890376567840576,0.005538060329854488,0.1729225069284439,-0.9788805842399597,0.1316370666027069,0.0032780952751636505,-0.2929877042770386,0.9470053315162659,-7.7265472412109375,34.154296875,16.32421875,33.9140625,-4.71484375,-28.570297241210938
447,0.08853203058242798,-0.10587790608406067,0.1011158674955368,0.06507892161607742,-0.19362513720989227,0.0854107066988945,0.018744956701993942,-0.2871873080730438,0.06220506876707077,-0.0457046702504158,0.001666552503593266,0.07907142490148544,-0.9958192706108093,-0.10914050042629242,0.0055519281886518,0.17327767610549927,-0.978791356086731,0.13209973275661469,0.003209497546777129,-0.29376381635665894,0.9467007517814636,-7.7265472412109375,34.330078125,16.412109375,34.001953125,-4.802734375,-28.658203125
448,0.08851924538612366,-0.1058683842420578,0.10110453516244888,0.06501838564872742,-0.19359295070171356,0.08536628633737564,0.018576685339212418,-0.2870500981807709,0.06211208924651146,-0.045803558081388474,0.0016151866875588894,0.07932188361883163,-0.995794951915741,-0.10937486588954926,0.005473041441291571,0.17369672656059265,-0.9786912798881531,0.13247792422771454,0.0033449679613113403,-0.29437965154647827,0.9464560151100159,-7.7265472412109375,34.330078125,16.412109375,34.001953125,-4.71484375,-28.658203125
449,0.08846686035394669,-0.10596895217895508,0.10110405087471008,0.0649254247546196,-0.19355684518814087,0.08531668037176132,0.018418490886688232,-0.28693827986717224,0.061999015510082245,-0.048429861664772034,0.002429456217214465,0.08159186691045761,-0.9954855442047119,-0.109514020383358,0.005560942925512791,0.1741369217634201,-0.978597104549408,0.13299231231212616,0.003173952689394355,-0.2950863242149353,0.9461643695831299,-7.8144378662109375,34.41798400878906,16.5,34.08984375,-4.802734375,-28.74609375
450,0.0884423479437828,-0.10595009475946426,0.10109072923660278,0.06484095007181168,-0.19351479411125183,0.08528491109609604,0.018262149766087532,-0.2868150472640991,0.06188671290874481,-0.04839034751057625,0.0023834926541894674,0.08177559077739716,-0.9954725503921509,-0.11020105332136154,0.005606099031865597,0.17463211715221405,-0.9784314036369324,0.1331520676612854,0.003266117535531521,-0.29541853070259094,0.946038007736206,-7.8144378662109375,34.50587463378906,16.5,34.177734375,-4.802734375,-28.833984375
451,0.08840905874967575,-0.10594958066940308,0.10107409209012985,0.0647403672337532,-0.1934756487607956,0.08522137254476547,0.0180523619055748,-0.2867593467235565,0.061752259731292725,-0.0487242266535759,0.0023702674079686403,0.08218676596879959,-0.9954224228858948,-0.11047273129224777,0.005525984801352024,0.17511074244976044,-0.9783157110214233,0.13467302918434143,0.0030497880652546883,-0.2964528799057007,0.9454996585845947,-7.8144378662109375,34.59376525878906,16.587890625,34.265625,-4.71484375,-28.921875
452,0.08836080133914948,-0.1059505045413971,0.10105033218860626,0.06462938338518143,-0.1934356987476349,0.08516005426645279,0.017909906804561615,-0.2866201102733612,0.061675768345594406,-0.049037013202905655,0.002419054973870516,0.0826696828007698,-0.9953669309616089,-0.11076518893241882,0.005501240026205778,0.17552359402179718,-0.9782087802886963,0.13398481905460358,0.0032585046719759703,-0.2965421676635742,0.9455687999725342,-7.8144378662109375,34.68165588378906,16.67578125,34.353515625,-4.802734375,-29.009765625
453,0.08832664787769318,-0.10593514889478683,0.10103431344032288,0.06452488154172897,-0.19340167939662933,0.08509843796491623,0.017750808969140053,-0.28652068972587585,0.06157882511615753,-0.049098867923021317,0.0023373712319880724,0.08290370553731918,-0.9953446388244629,-0.1111503317952156,0.005640790797770023,0.1759396195411682,-0.9780895709991455,0.1341882348060608,0.003068620339035988,-0.296859472990036,0.9454410076141357,-7.9023284912109375,34.68165588378906,16.67578125,34.353515625,-4.802734375,-29.009765625
454,0.0882992297410965,-0.10593527555465698,0.10101219266653061,0.06444358825683594,-0.19336622953414917,0.08504590392112732,0.017605876550078392,-0.28641512989997864,0.061488326638936996,-0.04943598434329033,0.00237000803463161,0.08329576998949051,-0.9952951669692993,-0.11139389127492905,0.005720831919461489,0.1762903481721878,-0.9779981970787048,0.1343156099319458,0.0030937304254621267,-0.2974297106266022,0.9452435970306396,-7.9023284912109375,34.85743713378906,16.67578125,34.529296875,-4.802734375,-29.09765625
455,0.08829028904438019,-0.10591854900121689,0.1010027527809143,0.0643887147307396,-0.1933373361825943,0.08500376343727112,0.017489036545157433,-0.28629598021507263,0.06140274927020073,-0.049404777586460114,0.002308607567101717,0.08333486318588257,-0.9952934980392456,-0.11168628185987473,0.005805633496493101,0.1766027808189392,-0.9779079556465149,0.13449254631996155,0.0032276352867484093,-0.2979072034358978,0.9450675249099731,-7.9023284912109375,34.85743713378906,16.67578125,34.529296875,-4.802734375,-29.09765625
456,0.08828719705343246,-0.10590985417366028,0.10098616033792496,0.06435725092887878,-0.19331146776676178,0.08495642989873886,0.017368417233228683,-0.2861787974834442,0.061318401247262955,-0.049538031220436096,0.0022976419422775507,0.08340198546648026,-0.9952812790870667,-0.11183924973011017,0.0058199819177389145,0.17683301866054535,-0.9778488278388977,0.13474127650260925,0.003254730487242341,-0.2986302971839905,0.944803774356842,-7.9023284912109375,35.033203125,16.763671875,34.705078125,-4.890625,-29.2734375
457,0.08828586339950562,-0.10590977966785431,0.10097634792327881,0.06433117389678955,-0.193283811211586,0.0849113017320633,0.017251482233405113,-0.2860681116580963,0.06123923137784004,-0.04974965378642082,0.0023087263107299805,0.08359828591346741,-0.9952542781829834,-0.11199920624494553,0.005788249429315329,0.17701895534992218,-0.9777970314025879,0.13520288467407227,0.003330162726342678,-0.29943305253982544,0.9444833993911743,-7.9023284912109375,35.033203125,16.763671875,34.79296875,-4.802734375,-29.2734375
458,0.0882764682173729,-0.10593036562204361,0.10095883905887604,0.06429417431354523,-0.19326061010360718,0.08487364649772644,0.017122603952884674,-0.28595679998397827,0.06116670370101929,-0.05026782304048538,0.002300420543178916,0.08413372188806534,-0.9951831102371216,-0.1121518462896347,0.005778411403298378,0.1771804690361023,-0.9777503609657288,0.13549044728279114,0.003461404936388135,-0.30012425780296326,0.9442223310470581,-7.9023284912109375,35.033203125,16.763671875,34.79296875,-4.802734375,-29.361328125
459,0.08826418220996857,-0.10590485483407974,0.10094932466745377,0.06423134356737137,-0.1932283192873001,0.08484286069869995,0.01697607710957527,-0.285871684551239,0.06108540669083595,-0.050014372915029526,0.0022492357529699802,0.08401430398225784,-0.9952061176300049,-0.11225338280200958,0.005832136142998934,0.1774885058403015,-0.9776825308799744,0.1360100656747818,0.003306389320641756,-0.30100733041763306,0.943867027759552,-7.9902191162109375,35.208984375,16.8515625,34.880859375,-4.890625,-29.44921875
460,0.08823687583208084,-0.10590431094169617,0.10093969851732254,0.06415659934282303,-0.193195641040802,0.08481590449810028,0.016854962334036827,-0.28576356172561646,0.061019811779260635,-0.05023394897580147,0.002281921450048685,0.08429675549268723,-0.995171070098877,-0.1123773455619812,0.005936139263212681,0.17772845923900604,-0.9776240587234497,0.13604964315891266,0.003446141490712762,-0.30147263407707214,0.9437122941017151,-7.9902191162109375,35.208984375,16.763671875,34.880859375,-4.890625,-29.537109375
461,0.0882176011800766,-0.10587652027606964,0.10093070566654205,0.06408291310071945,-0.19316694140434265,0.08478023111820221,0.0167118888348341,-0.2856738269329071,0.06094798445701599,-0.04999928176403046,0.0022176499478518963,0.08419010043144226,-0.9951921105384827,-0.11253131926059723,0.0059950463473796844,0.1780727654695511,-0.9775433540344238,0.1364765167236328,0.0032979415263980627,-0.30209478735923767,0.9434521794319153,-7.9902191162109375,35.296875,16.939453125,35.056640625,-4.890625,-29.537109375
462,0.08819910883903503,-0.10585563629865646,0.10092763602733612,0.0640178844332695,-0.19313880801200867,0.08475210517644882,0.01657738909125328,-0.28556665778160095,0.06088129058480263,-0.04984830692410469,0.0021426884923130274,0.08416192978620529,-0.9952021837234497,-0.11270137876272202,0.005986811127513647,0.1783381849527359,-0.9774753451347351,0.13653241097927094,0.0032073191832751036,-0.30238497257232666,0.9433515071868896,-7.9902191162109375,35.384765625,16.939453125,35.14453125,-4.890625,-29.712890625
463,0.08817335218191147,-0.10586602240800858,0.10090767592191696,0.0639529898762703,-0.19310632348060608,0.0847034677863121,0.016455449163913727,-0.28546324372291565,0.06080780550837517,-0.05024631321430206,0.002227537799626589,0.08463095873594284,-0.9951421618461609,-0.11283887922763824,0.005953278858214617,0.17865923047065735,-0.977401077747345,0.13659939169883728,0.0032687208149582148,-0.30284392833709717,0.9431943297386169,-7.9902191162109375,35.47265625,16.939453125,35.14453125,-4.890625,-29.712890625
464,0.08816525340080261,-0.1058269590139389,0.10088923573493958,0.06389205902814865,-0.19307075440883636,0.08465981483459473,0.016321873292326927,-0.285386860370636,0.06073460727930069,-0.04998047649860382,0.00206286390312016,0.08442002534866333,-0.9951738715171814,-0.11302436888217926,0.005963296163827181,0.17897607386112213,-0.9773216843605042,0.13712438941001892,0.003344042459502816,-0.3035964071750641,0.9428759813308716,-7.9902191162109375,35.560546875,17.02734375,35.3203125,-4.890625,-29.888671875
465,0.0881444588303566,-0.10581531375646591,0.10087420791387558,0.06383132934570312,-0.19304026663303375,0.08461598306894302,0.016186727210879326,-0.2852897346019745,0.06067469343543053,-0.05003633350133896,0.0021555763669312,0.0846148133277893,-0.9951543807983398,-0.11320072412490845,0.005990372039377689,0.1792650818824768,-0.9772481322288513,0.13723626732826233,0.00346400891430676,-0.3043188154697418,0.9426263570785522,-7.9902191162109375,35.560546875,17.02734375,35.408203125,-4.890625,-29.888671875
466,0.088128000497818,-0.1058068722486496,0.10086478292942047,0.06377722322940826,-0.19301079213619232,0.08458440005779266,0.016007287427783012,-0.2852497696876526,0.06059757620096207,-0.05015766993165016,0.0021080123260617256,0.08471927046775818,-0.995139479637146,-0.11336139589548111,0.005972978193312883,0.17951983213424683,-0.9771828055381775,0.1386522501707077,0.003209704300388694,-0.30561789870262146,0.9419994354248047,-8.078125,35.6484375,17.115234375,35.49609375,-4.890625,-29.9765625
467,0.0881059393286705,-0.1057945042848587,0.10085556656122208,0.06370717287063599,-0.19298143684864044,0.08455662429332733,0.015913991257548332,-0.28510040044784546,0.06054789200425148,-0.05004209652543068,0.002085247542709112,0.08489179611206055,-0.9951305985450745,-0.1135115772485733,0.006033764220774174,0.1798073947429657,-0.9771121144294739,0.137576162815094,0.0037518017925322056,-0.30552634596824646,0.9421849250793457,-8.078125,35.736328125,17.115234375,35.58399963378906,-4.890625,-29.9765625
468,0.08806872367858887,-0.10579624027013779,0.10085054486989975,0.06363113969564438,-0.19294974207878113,0.08452744781970978,0.015800440683960915,-0.2849964499473572,0.060499612241983414,-0.050382327288389206,0.002228099387139082,0.08526890724897385,-0.9950808882713318,-0.11370589584112167,0.006094921845942736,0.180055171251297,-0.9770435690879822,0.13743235170841217,0.00388728897087276,-0.30593806505203247,0.9420717358589172,-8.078125,35.82421875,17.203125,35.58399963378906,-4.890625,-30.064453125
469,0.0880528911948204,-0.10576940327882767,0.1008424386382103,0.06355509907007217,-0.1929180920124054,0.0845089852809906,0.015643272548913956,-0.2849006652832031,0.06044476851820946,-0.05013560503721237,0.002082980703562498,0.08526741713285446,-0.995093822479248,-0.11407113075256348,0.006116884294897318,0.18047299981117249,-0.9769237637519836,0.13793808221817017,0.0036954081151634455,-0.3064001500606537,0.9418484568595886,-8.078125,35.912109375,17.203125,35.75978088378906,-4.978515625,-30.15234375
470,0.08802645653486252,-0.10578273236751556,0.10083181411027908,0.06348461657762527,-0.19288760423660278,0.08448436856269836,0.015511059202253819,-0.2847965359687805,0.060383088886737823,-0.050579532980918884,0.0022798487916588783,0.08579780161380768,-0.9950252771377563,-0.11421762406826019,0.006222258787602186,0.18079587817192078,-0.9768462777137756,0.13818694651126862,0.003719999687746167,-0.306797057390213,0.9416825771331787,-8.166015625,36.0,17.291015625,35.75978088378906,-4.978515625,-30.15234375
471,0.08800569921731949,-0.10575229674577713,0.10082180798053741,0.06341831386089325,-0.19286084175109863,0.08445333689451218,0.015376157127320766,-0.28469616174697876,0.06031838804483414,-0.05029408261179924,0.0022047944366931915,0.08565099537372589,-0.9950525760650635,-0.11435428261756897,0.006273558363318443,0.1810699999332428,-0.9767791628837585,0.1383858025074005,0.003815244883298874,-0.3074144721031189,0.9414516687393188,-8.166015625,36.087890625,17.291015625,35.84767150878906,-4.978515625,-30.240234375
472,0.08798792958259583,-0.10576307028532028,0.1008145809173584,0.06336546689271927,-0.19283142685890198,0.08441820740699768,0.015214602462947369,-0.2845979630947113,0.060249533504247665,-0.05067163333296776,0.0022627045400440693,0.08616413176059723,-0.9949890375137329,-0.11448097974061966,0.0062401508912444115,0.1812814623117447,-0.9767253398895264,0.13860875368118286,0.003921898547559977,-0.30826231837272644,0.9411411285400391,-8.166015625,36.087890625,17.291015625,35.93556213378906,-4.978515625,-30.416015625
473,0.08797114342451096,-0.10573821514844894,0.10080170631408691,0.06330737471580505,-0.19280356168746948,0.08437896519899368,0.015072737820446491,-0.2844898998737335,0.06018102169036865,-0.05042680352926254,0.0022442080080509186,0.08610216528177261,-0.9950068593025208,-0.11453021317720413,0.006213879678398371,0.18150581419467926,-0.9766780138015747,0.13875779509544373,0.003938387148082256,-0.3088965117931366,0.9409111142158508,-8.166015625,36.17578125,17.37890625,36.02345275878906,-4.978515625,-30.416015625
474,0.08794565498828888,-0.10572788119316101,0.10079174488782883,0.0632319524884224,-0.19277732074260712,0.08434001356363297,0.014928445219993591,-0.28438666462898254,0.0601125992834568,-0.05052591487765312,0.002252421109005809,0.08625484257936478,-0.9949886202812195,-0.11475164443254471,0.006194861140102148,0.18175989389419556,-0.9766048789024353,0.1389169543981552,0.003928103018552065,-0.3094724416732788,0.9406984448432922,-8.166015625,36.263671875,17.37890625,36.11134338378906,-4.978515625,-30.416015625
475,0.08791103959083557,-0.10572917014360428,0.10077165812253952,0.06313998252153397,-0.19273898005485535,0.08429492264986038,0.014791490510106087,-0.2842872440814972,0.06005154550075531,-0.050782185047864914,0.002314747776836157,0.08667917549610138,-0.9949384927749634,-0.11484849452972412,0.00626786146312952,0.18206390738487244,-0.9765363931655884,0.1390082985162735,0.003981783986091614,-0.31001654267311096,0.9405055046081543,-8.166015625,36.3515625,17.37890625,36.11134338378906,-4.978515625,-30.50390625
476,0.08788931369781494,-0.10570356994867325,0.10075995326042175,0.06306599080562592,-0.19271035492420197,0.08426539599895477,0.014649821445345879,-0.2841876149177551,0.0599827878177166,-0.05053434893488884,0.0022050500847399235,0.08666019141674042,-0.9949529767036438,-0.11494386941194534,0.006207101047039032,0.18234318494796753,-0.9764734506607056,0.1393687129020691,0.004062429070472717,-0.31067800521850586,0.940233588218689,-8.25390625,36.439453125,17.466796875,36.287109375,-4.978515625,-30.50390625
477,0.08785603195428848,-0.1057162880897522,0.10075834393501282,0.06300409138202667,-0.19268527626991272,0.08424057066440582,0.014491706155240536,-0.2840912342071533,0.05991655960679054,-0.05097631737589836,0.002305807778611779,0.08714325726032257,-0.9948881268501282,-0.11508195847272873,0.006229236721992493,0.1826038658618927,-0.9764083027839661,0.13988584280014038,0.003973253536969423,-0.3116897940635681,0.9398221969604492,-8.25390625,36.52734375,17.466796875,36.375,-5.06640625,-30.6796875
478,0.08785828202962875,-0.10568263381719589,0.10075266659259796,0.0629623755812645,-0.19265900552272797,0.0842152088880539,0.014352521859109402,-0.2839626669883728,0.059858161956071854,-0.05059105530381203,0.0021643529180437326,0.08694616705179214,-0.9949252605438232,-0.1151285469532013,0.006210030987858772,0.18280230462551117,-0.976365864276886,0.14016669988632202,0.0038512591272592545,-0.31238892674446106,0.939548671245575,-8.25390625,36.615234375,17.466796875,36.462890625,-5.06640625,-30.6796875
479,0.08785336464643478,-0.10568259656429291,0.10074271261692047,0.06292448937892914,-0.19263042509555817,0.08419076353311539,0.014216547831892967,-0.2838292121887207,0.05979518964886665,-0.05072043091058731,0.0021293365862220526,0.08711922913789749,-0.994903564453125,-0.11523785442113876,0.006233832333236933,0.18307137489318848,-0.9763023257255554,0.14042064547538757,0.0038181589916348457,-0.3130343556404114,0.9392960667610168,-8.25390625,36.703125,17.5546875,36.55078125,-5.06640625,-30.767578125
480,0.08784324675798416,-0.10566497594118118,0.10073214769363403,0.06287554651498795,-0.1926010698080063,0.08415862917900085,0.014069464057683945,-0.28370755910873413,0.05973033234477043,-0.050766583532094955,0.0021281393710523844,0.08716176450252533,-0.9948976039886475,-0.11544834822416306,0.006191255524754524,0.1833755373954773,-0.9762206673622131,0.14079417288303375,0.0037952023558318615,-0.313698947429657,0.9390184879302979,-8.341796875,36.791015625,17.642578125,36.55078125,-5.06640625,-30.767578125
481,0.0878078043460846,-0.10569657385349274,0.10071585327386856,0.06279850006103516,-0.19256576895713806,0.08412524312734604,0.01390695758163929,-0.28360098600387573,0.059649012982845306,-0.05148489773273468,0.002145680133253336,0.08800109475851059,-0.9947866797447205,-0.11558957397937775,0.006221279036253691,0.18368342518806458,-0.97614586353302,0.14129382371902466,0.0038698671851307154,-0.3143850266933441,0.938713550567627,-8.341796875,36.87890625,17.642578125,36.638671875,-5.154296875,-30.85546875
482,0.08777502924203873,-0.10567179322242737,0.10070338100194931,0.06270100921392441,-0.19252492487430573,0.0840902328491211,0.013754813931882381,-0.283496230840683,0.0595630444586277,-0.05139179527759552,0.0020525334402918816,0.0881069153547287,-0.9947823882102966,-0.11582925170660019,0.006312165874987841,0.18405936658382416,-0.976046085357666,0.14143754541873932,0.003931835293769836,-0.3148714303970337,0.9385285973548889,-8.341796875,36.966796875,17.642578125,36.7265625,-5.06640625,-30.943359375
483,0.08774406462907791,-0.10563106834888458,0.10068830102682114,0.06259559094905853,-0.19249112904071808,0.08403760194778442,0.013608947396278381,-0.2833818197250366,0.05947863683104515,-0.050943873822689056,0.002053177682682872,0.08786464482545853,-0.9948268532752991,-0.11626055836677551,0.0064086755737662315,0.18454766273498535,-0.9759019613265991,0.1414717733860016,0.0038710450753569603,-0.31525057554244995,0.9383964538574219,-8.341796875,37.0546875,17.642578125,36.814453125,-5.06640625,-31.03125
484,0.08771450072526932,-0.10561882704496384,0.10067471116781235,0.06250332295894623,-0.19245414435863495,0.0839921310544014,0.013419616967439651,-0.2832810580730438,0.05939551442861557,-0.05099490284919739,0.0019400058081373572,0.08815120160579681,-0.994799017906189,-0.11655844748020172,0.006436638534069061,0.18497741222381592,-0.9757848978042603,0.14182686805725098,0.0038214093074202538,-0.3159090578556061,0.9381215572357178,-8.4296875,37.142578125,17.73046875,36.90234375,-5.154296875,-31.03125
485,0.08767973631620407,-0.1056249812245369,0.10065678507089615,0.062416981905698776,-0.1924176812171936,0.08393661677837372,0.01327227707952261,-0.28317588567733765,0.059310056269168854,-0.05141077935695648,0.0020370054990053177,0.08865295350551605,-0.9947329163551331,-0.11683409661054611,0.006519898306578398,0.18541517853736877,-0.9756682515144348,0.1419883370399475,0.003767572110518813,-0.316450297832489,0.9379149079322815,-8.4296875,37.142578125,17.73046875,36.990234375,-5.154296875,-31.119140625
486,0.08766166865825653,-0.10560629516839981,0.10063578188419342,0.06234367564320564,-0.19238243997097015,0.08386818319559097,0.013113228604197502,-0.28306707739830017,0.05921172350645065,-0.051473889499902725,0.0019671896006911993,0.08877919614315033,-0.9947185516357422,-0.11712444573640823,0.006437653675675392,0.1858111470937729,-0.9755586385726929,0.1423344761133194,0.0037691143807023764,-0.31697404384613037,0.9376856088638306,-8.4296875,37.23046875,17.818359375,37.078125,-5.154296875,-31.20703125
487,0.08764372766017914,-0.10559210181236267,0.1006174385547638,0.06227114796638489,-0.19234172999858856,0.08379188179969788,0.012958928011357784,-0.2829498052597046,0.059105757623910904,-0.05164647102355957,0.001983853755518794,0.088930144906044,-0.9946960210800171,-0.11751268059015274,0.006362059153616428,0.18622267246246338,-0.9754340052604675,0.142471045255661,0.0038730271626263857,-0.31746453046798706,0.9374985098838806,-8.4296875,37.318359375,17.818359375,37.166015625,-5.154296875,-31.294921875
488,0.08762695640325546,-0.1055711880326271,0.10058877617120743,0.06219286471605301,-0.1923009604215622,0.08371777087450027,0.012818900868296623,-0.282824844121933,0.05900238826870918,-0.051650792360305786,0.0019065066007897258,0.08895520865917206,-0.9946936964988708,-0.11770059168338776,0.0064005195163190365,0.18662378191947937,-0.9753344655036926,0.14240522682666779,0.004099132027477026,-0.31793367862701416,0.9373485445976257,-8.4296875,37.318359375,17.90625,37.166015625,-5.154296875,-31.294921875
489,0.0875999704003334,-0.10558589547872543,0.1005670577287674,0.06211840361356735,-0.1922634392976761,0.083656907081604,0.012654503807425499,-0.28271645307540894,0.058906376361846924,-0.05224735662341118,0.001970012905076146,0.0895475298166275,-0.9946092367172241,-0.1179797500371933,0.006430299021303654,0.18696819245815277,-0.9752345085144043,0.1428806185722351,0.0041215913370251656,-0.3186274468898773,0.9370404481887817,-8.517578125,37.494140625,17.90625,37.25390625,-5.154296875,-31.470703125
490,0.08758299052715302,-0.10554824024438858,0.10055337101221085,0.0620323121547699,-0.19221645593643188,0.08360419422388077,0.012485230341553688,-0.2826097011566162,0.05880558118224144,-0.05190761014819145,0.0018007949693128467,0.08934831619262695,-0.9946452975273132,-0.11803390830755234,0.0064799669198691845,0.18728797137737274,-0.9751663208007812,0.14326879382133484,0.004286059644073248,-0.3193058371543884,0.9367493987083435,-8.517578125,37.494140625,17.994140625,37.341796875,-5.154296875,-31.470703125
491,0.08753751963376999,-0.10562652349472046,0.10055810958147049,0.061939503997564316,-0.19218815863132477,0.08355166763067245,0.012309355661273003,-0.2825067341327667,0.05869036912918091,-0.054151490330696106,0.00246467930264771,0.09118485450744629,-0.9943575263023376,-0.11864183843135834,0.006493900902569294,0.18777868151664734,-0.9749980568885803,0.1437578946352005,0.004503938835114241,-0.3199721872806549,0.9364460706710815,-8.517578125,37.58203125,17.994140625,37.4296875,-5.154296875,-31.55859375
492,0.08750144392251968,-0.1056198701262474,0.100541852414608,0.061842095106840134,-0.19215258955955505,0.08348926156759262,0.012129603885114193,-0.28241559863090515,0.05857307091355324,-0.05422002077102661,0.0024939272552728653,0.09147538244724274,-0.9943270087242126,-0.11895826458930969,0.00653868867084384,0.18816837668418884,-0.974884033203125,0.14444993436336517,0.004358443431556225,-0.32078036665916443,0.9360637664794922,-8.517578125,37.7578125,17.994140625,37.517578125,-5.154296875,-31.646484375
493,0.08747339993715286,-0.10561070591211319,0.1005229651927948,0.06175345554947853,-0.19211192429065704,0.08343173563480377,0.01199145708233118,-0.2822745144367218,0.05847194418311119,-0.05443241819739342,0.0024348688311874866,0.09179294109344482,-0.9942863583564758,-0.11925975233316422,0.006557007785886526,0.18853238224983215,-0.9747767448425293,0.14426454901695251,0.004417202901095152,-0.3209335505962372,0.9360395073890686,-8.517578125,37.7578125,17.994140625,37.60546875,-5.2421875,-31.646484375
494,0.08744868636131287,-0.10561899840831757,0.10050531476736069,0.061668265610933304,-0.19207118451595306,0.08337169885635376,0.011831187643110752,-0.282150000333786,0.058356791734695435,-0.05487123131752014,0.0024764379486441612,0.0923132598400116,-0.994213879108429,-0.11955033987760544,0.006568784359842539,0.18899302184581757,-0.9746518731117249,0.14453962445259094,0.0044650305062532425,-0.3214019536972046,0.9358360767364502,-8.517578125,37.93359375,18.08203125,37.693359375,-5.2421875,-31.734375
495,0.08742828667163849,-0.10559242963790894,0.10048451274633408,0.0615837499499321,-0.1920260488986969,0.08331211656332016,0.01168159767985344,-0.282022088766098,0.05824164301156998,-0.05477926880121231,0.0025086170062422752,0.09234354645013809,-0.9942160844802856,-0.11966916918754578,0.006657323334366083,0.18940939009189606,-0.9745558500289917,0.144804447889328,0.004507584031671286,-0.3218291997909546,0.9356480836868286,-8.60546875,37.93359375,18.08203125,37.693359375,-5.2421875,-31.822265625
496,0.08740457892417908,-0.1055862307548523,0.1004750207066536,0.06150856241583824,-0.19198757410049438,0.08325964212417603,0.011533763259649277,-0.2819034159183502,0.05812685936689377,-0.05500495433807373,0.0025572688318789005,0.09257514029741287,-0.9941819906234741,-0.11989647150039673,0.006702622398734093,0.18972505629062653,-0.9744661450386047,0.14505356550216675,0.004712579771876335,-0.32245877385139465,0.9353917837142944,-8.60546875,38.021484375,18.169937133789062,37.78125,-5.2421875,-31.91015625
497,0.087396040558815,-0.10560481250286102,0.1004289761185646,0.061423368752002716,-0.19194717705249786,0.08319756388664246,0.011360753327608109,-0.2817961275577545,0.058022841811180115,-0.055822622030973434,0.002298444975167513,0.09320508688688278,-0.9940782189369202,-0.1199282631278038,0.006682048551738262,0.1900377720594406,-0.9744014739990234,0.14552980661392212,0.004726901650428772,-0.323318749666214,0.9350208044052124,-8.60546875,38.109375,18.257827758789062,37.869140625,-5.2421875,-31.998046875
498,0.08735668659210205,-0.10556009411811829,0.10043444484472275,0.06133664399385452,-0.19190822541713715,0.08314086496829987,0.01121494360268116,-0.2816736698150635,0.05792088061571121,-0.05512619763612747,0.0024642508942633867,0.09303959459066391,-0.9941321611404419,-0.12015604227781296,0.006800116039812565,0.19033841788768768,-0.9743139147758484,0.14568227529525757,0.0047463527880609035,-0.32388418912887573,0.9348012208938599,-8.693359375,38.197265625,18.257827758789062,37.95703125,-5.2421875,-31.998046875
499,0.08732878416776657,-0.10555113106966019,0.1004209890961647,0.06125238537788391,-0.19186924397945404,0.08309029042720795,0.011053500697016716,-0.28154581785202026,0.057828377932310104,-0.0553041510283947,0.0024795071221888065,0.09333247691392899,-0.9940947890281677,-0.12047592550516129,0.006815123371779919,0.19073611497879028,-0.9741964936256409,0.14606687426567078,0.004718309734016657,-0.3242127001285553,0.9346274733543396,-8.693359375,38.373046875,18.345718383789062,38.044921875,-5.2421875,-32.0859375
500,0.08730313181877136,-0.10553587973117828,0.10041281580924988,0.061160191893577576,-0.1918312907218933,0.08304458856582642,0.010889933444559574,-0.28143060207366943,0.05772358924150467,-0.05530121549963951,0.002457119757309556,0.0934796929359436,-0.9940811395645142,-0.12078960239887238,0.006840865593403578,0.19110801815986633,-0.9740846157073975,0.14666259288787842,0.004841162823140621,-0.32464468479156494,0.9343835115432739,-8.693359375,38.373046875,18.433609008789062,38.044921875,-5.2421875,-32.173828125
501,0.08725971728563309,-0.10555120557546616,0.10040024667978287,0.06106000766158104,-0.19179025292396545,0.08299984782934189,0.010738307610154152,-0.28131136298179626,0.05763913318514824,-0.05580708011984825,0.0026157943066209555,0.09420954436063766,-0.9939836263656616,-0.1210872232913971,0.006956814788281918,0.19149994850158691,-0.9739698767662048,0.14682447910308838,0.004719464108347893,-0.32496458292007446,0.9342475533485413,-8.693359375,38.4609375,18.433609008789062,38.1328125,-5.330078125,-32.26171875
502,0.08723537623882294,-0.10552090406417847,0.10038167238235474,0.06096363067626953,-0.1917542815208435,0.08294414728879929,0.01058095134794712,-0.28119704127311707,0.0575333908200264,-0.055515389889478683,0.0025601156521588564,0.09414640069007874,-0.9940060973167419,-0.12137167900800705,0.00701901176944375,0.19190895557403564,-0.9738535284996033,0.1471431404352188,0.004609973169863224,-0.32548272609710693,0.9340174794197083,-8.341796875,37.93359375,17.818359375,37.60546875,-5.154296875,-31.646484375
503,0.08725638687610626,-0.10564210265874863,0.10042183101177216,0.06093780696392059,-0.19185130298137665,0.0828753337264061,0.010356463491916656,-0.2811170816421509,0.05741533637046814,-0.05610176548361778,0.002388728316873312,0.09373971074819565,-0.9940119981765747,-0.12181670218706131,0.007203670218586922,0.19110536575317383,-0.9739546775817871,0.14759396016597748,0.004372747149318457,-0.32543084025382996,0.9339655637741089,-7.6386566162109375,36.615234375,16.8515625,36.462890625,-4.626953125,-30.50390625
504,0.08787865936756134,-0.10632062703371048,0.10079793632030487,0.061895571649074554,-0.1931721568107605,0.08315353095531464,0.009568135254085064,-0.28163841366767883,0.05697448179125786,-0.05421353876590729,0.002537621883675456,0.08627649396657944,-0.9947919249534607,-0.12289515882730484,0.006284278351813555,0.1923137605190277,-0.9735876321792603,0.14731594920158386,0.005571385845541954,-0.3228856325149536,0.9348860383033752,-5.177734375,32.484375,11.9296875,31.98046875,-3.1328125,-25.93359375
505,0.08891011774539948,-0.10690250992774963,0.10104065388441086,0.06300017237663269,-0.19466154277324677,0.08365637809038162,0.008994351141154766,-0.28351083397865295,0.05668563023209572,-0.04913114383816719,0.0011871597962453961,0.07563523948192596,-0.9959237575531006,-0.1225675642490387,0.004176650196313858,0.19639693200588226,-0.97282475233078,0.14913801848888397,0.007614854723215103,-0.32451391220092773,0.9340185523033142,-4.2109375,30.462890625,9.908203125,30.046875,-2.60546875,-23.82421875
506,0.0887550562620163,-0.10724055767059326,0.10075933486223221,0.06364719569683075,-0.19610105454921722,0.08389180898666382,0.008959808386862278,-0.28601008653640747,0.056509941816329956,-0.04395900294184685,0.0015441442374140024,0.0701475739479065,-0.9965663552284241,-0.11866367608308792,0.004850822500884533,0.19164426624774933,-0.9742525219917297,0.15230926871299744,0.0046059791930019855,-0.33082297444343567,0.9313092231750488,-2.8925628662109375,26.068359375,7.095703125,25.564453125,-1.9902191162109375,-19.60546875
507,0.08795415610074997,-0.10738950967788696,0.10069038718938828,0.06369291245937347,-0.1970401555299759,0.08416544646024704,0.008862590417265892,-0.2883521318435669,0.056452687829732895,-0.03785491734743118,0.0011197935091331601,0.06796520948410034,-0.996968686580658,-0.11570141464471817,0.005570061970502138,0.1816423237323761,-0.9765185117721558,0.15312190353870392,0.0043461923487484455,-0.3305293619632721,0.9312815070152283,-2.27734375,22.728515625,5.337890625,22.3125,-1.5507659912109375,-16.44140625
508,0.08734942227602005,-0.10741935670375824,0.10087276995182037,0.0630083680152893,-0.19744868576526642,0.08459349721670151,0.008721960708498955,-0.2901548743247986,0.05632166564464569,-0.033675383776426315,0.00040846923366189003,0.0706297904253006,-0.9969339370727539,-0.11485891789197922,0.006066882982850075,0.17584548890590668,-0.9776753783226013,0.15000687539577484,0.00512549327686429,-0.3194172978401184,0.9356518387794495,-2.013671875,20.8828125,4.72265625,20.642578125,-1.375,-14.5078125
509,0.08595786988735199,-0.10713814198970795,0.10090485215187073,0.06051873043179512,-0.196708083152771,0.08417461067438126,0.008368329145014286,-0.29061204195022583,0.056268010288476944,-0.03055530972778797,-8.088059985311702e-05,0.07554543018341064,-0.996674120426178,-0.11745167523622513,0.00862642377614975,0.17593176662921906,-0.9773325324058533,0.13880689442157745,0.0034330496564507484,-0.29094186425209045,0.9466117024421692,-1.662109375,16.48828125,3.66796875,16.3359375,-1.19921875,-10.552734375
510,0.08402600884437561,-0.1069689393043518,0.10047132521867752,0.056968193501234055,-0.1954299658536911,0.08315837383270264,0.008338670246303082,-0.2907985746860504,0.05663996562361717,-0.03542635217308998,0.0007591360481455922,0.09072259068489075,-0.995245635509491,-0.11720547825098038,0.010959374718368053,0.17470227181911469,-0.9775591492652893,0.1264331191778183,0.0004958316567353904,-0.2568676173686981,0.9581406116485596,-1.486328125,13.5,3.228515625,13.083984375,-1.19921875,-8.794921875
511,0.08213096112012863,-0.1067861020565033,0.09993141889572144,0.054580528289079666,-0.19491809606552124,0.08282226324081421,0.009428164921700954,-0.292174369096756,0.05749966576695442,-0.0388786643743515,0.0027285756077617407,0.0991925373673439,-0.9943047761917114,-0.11360252648591995,0.012281926348805428,0.16972991824150085,-0.9788439273834229,0.11698169261217117,-0.002902659587562084,-0.23049959540367126,0.9660108089447021,-1.486328125,11.21484375,2.96484375,10.798828125,-1.111328125,-7.65234375
512,0.08120161294937134,-0.10654057562351227,0.09966427087783813,0.05398494750261307,-0.19507399201393127,0.08301368355751038,0.01132327038794756,-0.2940954267978668,0.058794599026441574,-0.03502688556909561,0.001140159904025495,0.10061702877283096,-0.9943078756332397,-0.10831470787525177,0.012068507261574268,0.1628189980983734,-0.980618417263031,0.10993515700101852,-0.0044430629350245,-0.2083130031824112,0.971854031085968,-1.486328125,9.6328125,2.876953125,9.3046875,-1.111328125,-6.861328125
513,0.08140441030263901,-0.10671736299991608,0.09971313178539276,0.054658420383930206,-0.19536283612251282,0.08351598680019379,0.014271817170083523,-0.29579874873161316,0.060574017465114594,-0.03729847073554993,0.0023925267159938812,0.10020871460437775,-0.9942642450332642,-0.1032797321677208,0.011377774178981781,0.15743127465248108,-0.982048511505127,0.10250589996576309,-0.003968873061239719,-0.18966491520404816,0.9764752984046936,-1.486328125,9.017578125,2.876953125,8.6015625,-1.111328125,-6.59765625
514,0.0823325514793396,-0.10668114572763443,0.10008353739976883,0.056640442460775375,-0.1959650218486786,0.08432319760322571,0.01846938207745552,-0.2974705696105957,0.06280277669429779,-0.03061317279934883,0.0002885162248276174,0.09341901540756226,-0.9951561093330383,-0.09913479536771774,0.01062958687543869,0.1517898440361023,-0.9833713173866272,0.09448576718568802,-0.0033323594834655523,-0.17612431943416595,0.9798171520233154,-1.486328125,8.05078125,2.96484375,7.810546875,-1.19921875,-6.24609375
515,0.08363600820302963,-0.10715635120868683,0.10061145573854446,0.0596955269575119,-0.19685834646224976,0.08574959635734558,0.02359897270798683,-0.29946625232696533,0.06553779542446136,-0.03374359384179115,0.0015415743691846728,0.0912201777100563,-0.9952577352523804,-0.0928482860326767,0.010232551954686642,0.14242428541183472,-0.9853881597518921,0.08914494514465332,-0.00297973002307117,-0.16889014840126038,0.981590747833252,-1.57421875,7.875,3.052734375,7.634765625,-1.19921875,-6.24609375
516,0.08516602218151093,-0.10723008960485458,0.10105770081281662,0.06340380012989044,-0.19821874797344208,0.08763935416936874,0.029304547235369682,-0.3016798794269562,0.06872184574604034,-0.026419388130307198,-0.0003717072249855846,0.08065388351678848,-0.996392011642456,-0.08656810224056244,0.010350732132792473,0.13384169340133667,-0.9871602654457092,0.08591965585947037,-0.002318616956472397,-0.16332924365997314,0.982820451259613,-1.57421875,7.787109375,3.228515625,7.546875,-1.19921875,-6.24609375
517,0.08677434176206589,-0.10734763741493225,0.10159387439489365,0.0671728253364563,-0.19933375716209412,0.08946692198514938,0.03526495024561882,-0.30392318964004517,0.07205881923437119,-0.020906366407871246,-0.0006798889371566474,0.06820742785930634,-0.997451901435852,-0.07854463905096054,0.008285680785775185,0.12417897582054138,-0.989111602306366,0.08096855878829956,-0.0012172551359981298,-0.15559332072734833,0.984496533870697,-1.57421875,7.962890625,3.404296875,7.72265625,-1.19921875,-6.421875
518,0.08839026093482971,-0.10776056349277496,0.10222627222537994,0.07085767388343811,-0.20026227831840515,0.09131863713264465,0.041172537952661514,-0.30615106225013733,0.07553862035274506,-0.023592382669448853,0.0008380160434171557,0.0620979443192482,-0.9977908730506897,-0.0705324336886406,0.006725788582116365,0.11514176428318024,-0.9908190965652466,0.07462902367115021,-0.001863354118540883,-0.143769308924675,0.9867915511131287,-1.57421875,7.962890625,3.580078125,7.810546875,-1.19921875,-6.509765625
519,0.08985072374343872,-0.10773319005966187,0.10271959751844406,0.07432837039232254,-0.20110443234443665,0.09302792698144913,0.047227635979652405,-0.3084259331226349,0.07904945313930511,-0.017461994662880898,8.04145893198438e-05,0.04999648779630661,-0.9985967874526978,-0.06213562935590744,0.005089072044938803,0.10506359487771988,-0.9925094246864319,0.06739924103021622,-0.0010550448205322027,-0.1303957998752594,0.9891679286956787,-1.662109375,8.490234375,3.8437652587890625,8.25,-1.19921875,-6.861328125
520,0.09082329273223877,-0.10787753760814667,0.10294874757528305,0.0774431973695755,-0.20188988745212555,0.0945684015750885,0.05353933200240135,-0.31076112389564514,0.08267920464277267,-0.017541011795401573,0.0009164587827399373,0.04458758234977722,-0.9988511204719543,-0.05075904354453087,0.0036041559651494026,0.09162069112062454,-0.9944930076599121,0.05959998443722725,-0.0007171913748607039,-0.11708639562129974,0.9913315176963806,-1.75,8.666015625,4.0195465087890625,8.42578125,-1.287109375,-7.125
521,0.09133543074131012,-0.10792962461709976,0.10289141535758972,0.08026470243930817,-0.2024996280670166,0.09580544382333755,0.05933598801493645,-0.3128361999988556,0.08636072278022766,-0.0172446146607399,0.0011230583768337965,0.04105665907263756,-0.9990074038505554,-0.038443878293037415,0.002620008774101734,0.07691477239131927,-0.9962928295135498,0.05498083308339119,-0.014183253049850464,-0.10920009762048721,0.9923967719078064,-1.75,8.666015625,4.0195465087890625,8.42578125,-1.287109375,-7.125
522,0.09212148189544678,-0.10759653151035309,0.10313129425048828,0.08339276164770126,-0.20266565680503845,0.09718640148639679,0.06674250960350037,-0.3140696883201599,0.09043759852647781,-0.010078605264425278,-7.827689842088148e-05,0.030711544677615166,-0.9994775056838989,-0.03064214251935482,0.00272648804821074,0.0621408149600029,-0.9975932836532593,0.05038440600037575,-0.01263250783085823,-0.10358668863773346,0.9932631850242615,-1.75,8.666015625,4.0195465087890625,8.42578125,-1.287109375,-7.125
523,0.0936376303434372,-0.10762500017881393,0.1039564236998558,0.08779915422201157,-0.20275413990020752,0.09918113052845001,0.07346267253160477,-0.3145460784435272,0.09429199993610382,-0.008273148909211159,0.0005591098451986909,0.021433034911751747,-0.999735951423645,-0.028196198865771294,-0.000703037716448307,0.04933987557888031,-0.9983837604522705,0.044908396899700165,-0.009557373821735382,-0.09313061088323593,0.9945947527885437,-1.75,8.666015625,4.0195465087890625,8.42578125,-1.287109375,-7.125
524,0.09532855451107025,-0.10742314159870148,0.10477489233016968,0.09200971573591232,-0.20238903164863586,0.10258614271879196,0.08000393956899643,-0.31458964943885803,0.09806017577648163,0.0010264964075759053,-0.0005781027139164507,0.007368538528680801,-0.9999721646308899,-0.019191276282072067,0.008477242663502693,0.0338449589908123,-0.9992069005966187,0.038702353835105896,-0.007618568371981382,-0.08240185678005219,0.9958183169364929,-1.75,8.666015625,4.0195465087890625,8.42578125,-1.287109375,-7.125
525,0.09612175077199936,-0.10744329541921616,0.10527272522449493,0.0953306034207344,-0.2022297978401184,0.10439836233854294,0.08656613528728485,-0.31464314460754395,0.101686991751194,0.003282915335148573,0.0002968929475173354,0.002776690060272813,-0.9999907612800598,-0.015375582501292229,0.009226660244166851,0.021366769447922707,-0.9996109008789062,0.03237171471118927,-0.0064958310686051846,-0.07299978286027908,0.9967854022979736,-1.75,8.666015625,4.0195465087890625,8.42578125,-1.287109375,-7.125
526,0.09614577144384384,-0.1071445643901825,0.1053134873509407,0.09743380546569824,-0.202028289437294,0.10535035282373428,0.0928693637251854,-0.31447359919548035,0.10501530021429062,0.01085357740521431,-0.0019080272177234292,-0.0036463632714003325,-0.9999326467514038,-0.011532188393175602,0.007992402650415897,0.008188153617084026,-0.9998680949211121,0.01822781004011631,-0.002624213695526123,-0.05960415303707123,0.9980522990226746,-1.75,8.666015625,4.0195465087890625,8.42578125,-1.287109375,-7.125
527,0.09615876525640488,-0.10704268515110016,0.10537354648113251,0.0988239124417305,-0.20165131986141205,0.1051439717411995,0.09794903546571732,-0.31406664848327637,0.10771191865205765,0.01216447725892067,-0.001964504597708583,-0.005074100568890572,-0.9999113082885742,-0.010570107959210873,-0.0009723089169710875,-0.0028857686556875706,-0.9999395608901978,0.007940416224300861,-0.0025946847163140774,-0.04235773906111717,0.9990676045417786,-1.75,8.666015625,4.0195465087890625,8.42578125,-1.287109375,-7.125
528,0.0963544100522995,-0.10700619220733643,0.10547113418579102,0.09981539100408554,-0.20130042731761932,0.10563881695270538,0.10217057168483734,-0.31313252449035645,0.10997293144464493,0.012113549746572971,-0.0013467235257849097,-0.006616639439016581,-0.9999038577079773,-0.006888917647302151,-0.0004047082329634577,-0.01004660315811634,-0.9999257326126099,-0.0032157020177692175,-0.0024354634806513786,-0.019230060279369354,0.9998069405555725,-2.27734375,10.16015625,4.986328125,10.095703125,-1.375,-8.794921875
529,0.096531942486763,-0.10697434842586517,0.1054799035191536,0.10049934685230255,-0.2010064572095871,0.10601281374692917,0.1058807224035263,-0.3121263086795807,0.11193404346704483,0.012176080606877804,-0.0011557333637028933,-0.007976907305419445,-0.9998934268951416,-0.00310107646510005,-0.00032228644704446197,-0.015159009955823421,-0.9998802542686462,-0.01248024869710207,-0.002594299614429474,0.0032906560227274895,0.9999133348464966,-2.365234375,10.248046875,5.07421875,10.18359375,-1.462890625,-8.794921875
530,0.09649518877267838,-0.1069439947605133,0.10547038912773132,0.10098935663700104,-0.20079520344734192,0.10628766566514969,0.10954932868480682,-0.3113378584384918,0.11356177181005478,0.012224460020661354,-0.0010629952885210514,-0.008784721605479717,-0.9998862147331238,3.6880504922010005e-05,-0.00011543872824404389,-0.0208102036267519,-0.9997835159301758,-0.019564403221011162,-0.002242841525003314,0.020168617367744446,0.9996026754379272,-2.365234375,10.423843383789062,5.162109375,10.271484375,-1.462890625,-8.970687866210938
531,0.09665859490633011,-0.10691678524017334,0.10557754337787628,0.10185480117797852,-0.20059049129486084,0.10656093060970306,0.1129622757434845,-0.3106331527233124,0.1148204430937767,0.012391931377351284,-0.0005815007607452571,-0.00993459764868021,-0.999873697757721,0.0020315188448876143,0.0007310345536097884,-0.02655433677136898,-0.9996450543403625,-0.025595925748348236,-0.0032100463286042213,0.03288212791085243,0.9991263151168823,-2.541015625,10.775405883789062,5.25,10.53515625,-1.462890625,-9.146469116210938
532,0.09713027626276016,-0.10694114863872528,0.10556767880916595,0.10318528860807419,-0.2004193216562271,0.10677696019411087,0.11592411249876022,-0.31000033020973206,0.11568932980298996,0.011347303166985512,-0.0001330777013208717,-0.012891053222119808,-0.9998525381088257,0.0035918792709708214,0.001057347166351974,-0.03123411163687706,-0.9995051622390747,-0.03051498532295227,-0.003293003886938095,0.04184797406196594,0.9986525774002075,-2.62890625,11.390625,5.513671875,11.326171875,-1.6386566162109375,-9.673828125
533,0.09775425493717194,-0.1068982407450676,0.10549365729093552,0.10471698641777039,-0.2002447545528412,0.10667010396718979,0.11860185861587524,-0.30942317843437195,0.11614479869604111,0.010696847923099995,-2.868738920369651e-05,-0.0163898728787899,-0.9998084902763367,0.003606461687013507,-0.00034041565959341824,-0.035334907472133636,-0.9993690252304077,-0.03360048308968544,-0.002641081577166915,0.04578021913766861,0.9983828663825989,-2.8046722412109375,11.91796875,5.77734375,11.853530883789062,-1.6386566162109375,-10.11328125
534,0.09827855229377747,-0.10691750794649124,0.10531819611787796,0.10614827275276184,-0.199944406747818,0.10638349503278732,0.12088549882173538,-0.3088318407535553,0.11621620506048203,0.005979632958769798,0.0008355964091606438,-0.017290277406573296,-0.9998323321342468,0.005438529420644045,0.00060446304269135,-0.04130232706665993,-0.9991317391395569,-0.03517897054553032,-0.004382751882076263,0.04434214532375336,0.9983872175216675,-3.0683441162109375,12.97265625,6.216796875,12.8203125,-1.8144378662109375,-10.904296875
535,0.09878700226545334,-0.10681614279747009,0.10497108101844788,0.10735505074262619,-0.1996462047100067,0.10582369565963745,0.12245171517133713,-0.308237761259079,0.11578695476055145,0.004079295787960291,0.0011507521849125624,-0.020788801833987236,-0.9997749328613281,0.005170872900635004,0.0009879155550152063,-0.044612765312194824,-0.9989904761314392,-0.0362679548561573,-0.005185202695429325,0.04221636801958084,0.9984366297721863,-3.1562347412109375,13.32421875,6.568359375,13.259765625,-1.9023284912109375,-11.16796875
536,0.09925033897161484,-0.10673190653324127,0.10470186173915863,0.10806834697723389,-0.19934482872486115,0.10511556267738342,0.12311797589063644,-0.30769509077072144,0.11495014280080795,0.002285168506205082,0.001070650527253747,-0.0234359297901392,-0.9997222423553467,0.003387077711522579,0.00026922125834971666,-0.04487309232354164,-0.9989869594573975,-0.03612459823489189,-0.005012565292418003,0.041084785014390945,0.9984898567199707,-3.419921875,14.5546875,7.0078125,14.40234375,-1.9902191162109375,-12.046875
537,0.09942759573459625,-0.10663841664791107,0.1044435054063797,0.10815107822418213,-0.19909629225730896,0.10437136888504028,0.12298266589641571,-0.3072151243686676,0.11364492774009705,0.0010074441088363528,0.0012230060528963804,-0.025054331868886948,-0.9996848106384277,-0.00023185735335573554,0.00036598858423531055,-0.04325130209326744,-0.9990642070770264,-0.03456958383321762,-0.005582768470048904,0.03974887356162071,0.9985959529876709,-3.771484375,15.78515625,7.53515625,15.544921875,-2.25390625,-12.92578125
538,0.09936457127332687,-0.10659246891736984,0.10426841676235199,0.10765295475721359,-0.1988561451435089,0.10359768569469452,0.12215899676084518,-0.306784987449646,0.11199242621660233,-0.0013097594492137432,0.001417794730514288,-0.023734385147690773,-0.9997165203094482,-0.0038691535592079163,0.00040436870767734945,-0.04065047949552536,-0.9991658329963684,-0.03151782229542732,-0.005626173224300146,0.03784983605146408,0.9987704753875732,-3.859375,16.3125,7.7109375,16.072265625,-2.341796875,-13.365234375
539,0.09919077157974243,-0.10655481368303299,0.10401269793510437,0.10682984441518784,-0.19867642223834991,0.10275553911924362,0.12052547931671143,-0.30642253160476685,0.10994096845388412,-0.00350021431222558,0.0013010757975280285,-0.022305577993392944,-0.9997442364692688,-0.008255232125520706,0.00030469431658275425,-0.036345094442367554,-0.999305248260498,-0.02734295092523098,-0.0052666389383375645,0.03434455767273903,0.9990220665931702,-4.123046875,17.54296875,8.326171875,17.390625,-2.517578125,-14.419921875
540,0.09907294809818268,-0.10653179883956909,0.1038106307387352,0.10594214498996735,-0.19851359724998474,0.10177537798881531,0.11825744062662125,-0.3062887489795685,0.10754137486219406,-0.006117815151810646,0.0014619691064581275,-0.02047117054462433,-0.9997706413269043,-0.013197940774261951,0.000467064295662567,-0.030906088650226593,-0.9994350671768188,-0.020944219082593918,-0.004774629604071379,0.028683016076683998,0.9993577003479004,-4.2109375,17.806640625,8.4140625,17.830078125,-2.517578125,-14.68359375
541,0.09891926497220993,-0.10640938580036163,0.10353631526231766,0.10501186549663544,-0.19836603105068207,0.10063830018043518,0.115767702460289,-0.30653440952301025,0.10472112894058228,-0.007762366905808449,0.0014475989155471325,-0.019533613696694374,-0.9997780919075012,-0.019004585221409798,0.0006331129698082805,-0.02527930773794651,-0.9994995594024658,-0.009178703650832176,0.0007952802698127925,0.01734582893550396,0.9998071193695068,-4.474609375,19.037109375,8.853530883789062,18.97265625,-2.78125,-15.73828125
542,0.0986579954624176,-0.10637792199850082,0.10318730026483536,0.10390080511569977,-0.19824658334255219,0.09926717728376389,0.1124078631401062,-0.3065482974052429,0.10168012231588364,-0.011579664424061775,0.0017811511643230915,-0.01702888496220112,-0.999786376953125,-0.024990415200591087,0.0005095537635497749,-0.019382797181606293,-0.9994996786117554,-0.003133796388283372,0.0001237830292666331,0.005334170535206795,0.9999809265136719,-4.650390625,19.828125,9.29296875,19.67578125,-2.869140625,-16.353515625
543,0.09835916012525558,-0.10636353492736816,0.10281967371702194,0.10260746628046036,-0.19814735651016235,0.09783448278903961,0.10841012746095657,-0.3066004812717438,0.09836991131305695,-0.01562725007534027,0.0017407546984031796,-0.013449701480567455,-0.9997859597206116,-0.0315859317779541,0.00047255566460080445,-0.0128640066832304,-0.9994181394577026,0.0037407244089990854,-0.0015019873389974236,-0.008630245923995972,0.9999546408653259,-4.650390625,19.828125,9.29296875,19.67578125,-2.869140625,-16.353515625
544,0.09803693741559982,-0.10633084177970886,0.10249577462673187,0.10110010206699371,-0.19799736142158508,0.09644921869039536,0.10393550246953964,-0.30651983618736267,0.09496425092220306,-0.019216429442167282,0.002183932578191161,-0.009501026012003422,-0.9997678995132446,-0.03827711567282677,0.0008242864278145134,-0.005128484684973955,-0.9992536902427673,0.011335368268191814,-0.002552808029577136,-0.023891355842351913,0.9996471405029297,-4.650390625,19.828125,9.29296875,19.67578125,-2.869140625,-16.353515625
545,0.09762093424797058,-0.10628871619701385,0.10221017152070999,0.09930671751499176,-0.1979493647813797,0.09569564461708069,0.09893185645341873,-0.3064049482345581,0.09151531010866165,-0.02216607891023159,0.0016498174518346786,-0.005671367049217224,-0.9997368454933167,-0.043018896132707596,0.007868219166994095,0.0025942581705749035,-0.9990399479866028,0.020042037591338158,-0.003947458229959011,-0.04004204273223877,0.9989892244338989,-4.650390625,19.828125,9.29296875,19.67578125,-2.869140625,-16.353515625
546,0.09712161123752594,-0.1062755361199379,0.10201583802700043,0.0974237397313118,-0.19780249893665314,0.09455796331167221,0.09392987191677094,-0.3064475953578949,0.08803852647542953,-0.024182001128792763,0.0019692580681294203,-0.0019501805072650313,-0.9997037649154663,-0.04812192544341087,0.007849836722016335,0.009697034023702145,-0.9987635612487793,0.030765442177653313,-0.0016425229841843247,-0.056160517036914825,0.9979463815689087,-5.08984375,21.9375,10.259765625,21.609390258789062,-3.1328125,-18.111328125
547,0.09661366790533066,-0.1064494252204895,0.10182581096887589,0.09544795751571655,-0.19771338999271393,0.09351156651973724,0.08843747526407242,-0.3063613772392273,0.08454931527376175,-0.02839692123234272,0.0022355508990585804,0.004760933108627796,-0.9995828866958618,-0.05272603780031204,0.008187106810510159,0.017320265993475914,-0.998425304889679,0.04238897189497948,-0.0005956539534963667,-0.07513711601495743,0.9962716698646545,-5.08984375,22.2890625,10.34765625,21.9609375,-3.044921875,-18.550765991210938
548,0.09611670672893524,-0.10641951113939285,0.10165213793516159,0.09348435699939728,-0.19802939891815186,0.09193123131990433,0.08260302990674973,-0.30620524287223816,0.08109643310308456,-0.028907665982842445,0.0022661006078124046,0.007998469285666943,-0.99954754114151,-0.06341429799795151,0.001886786543764174,0.0338599756360054,-0.9974109530448914,0.05522238835692406,-0.00013613729970529675,-0.09567819535732269,0.9938793778419495,-5.177734375,22.46484375,10.435546875,22.048828125,-3.1328125,-18.638656616210938
549,0.09562364220619202,-0.10644852370023727,0.10146129131317139,0.09127544611692429,-0.19805215299129486,0.09084907174110413,0.0765225887298584,-0.30572831630706787,0.0777176022529602,-0.03125360608100891,0.002447985578328371,0.01274092122912407,-0.999427318572998,-0.06800850480794907,0.0019811035599559546,0.04602731391787529,-0.9966205358505249,0.06717716157436371,0.0005498985410667956,-0.11588292568922043,0.9909884333610535,-5.177734375,22.9921875,10.69921875,22.48828125,-3.1328125,-19.078125
550,0.09504073113203049,-0.10644170641899109,0.10127926617860794,0.08876970410346985,-0.19797877967357635,0.0895795077085495,0.07020778208971024,-0.3048518896102905,0.07435819506645203,-0.0335552915930748,0.0031463655177503824,0.017734400928020477,-0.9992746114730835,-0.07215330004692078,0.0025809453800320625,0.05935131758451462,-0.9956228137016296,0.07762475311756134,0.0013495440362021327,-0.13593250513076782,0.9876715540885925,-5.265625,23.34375,10.962890625,22.927734375,-3.220703125,-19.4296875
551,0.09433863312005997,-0.10645261406898499,0.10097874701023102,0.08601266145706177,-0.19779442250728607,0.08822377026081085,0.06369087845087051,-0.30350878834724426,0.07111960649490356,-0.036954402923583984,0.003371352097019553,0.024176200851798058,-0.9990188479423523,-0.0757930725812912,0.002662982326000929,0.07302495837211609,-0.9944424033164978,0.0868275985121727,0.002199477283284068,-0.15450717508792877,0.9841665625572205,-5.529296875,25.101577758789062,11.75390625,24.421875,-3.396484375,-20.923828125
552,0.09354881197214127,-0.10648959875106812,0.10065789520740509,0.08288351446390152,-0.19736887514591217,0.08711709827184677,0.056956078857183456,-0.30181562900543213,0.06802818179130554,-0.041414011269807816,0.003193850629031658,0.032140251249074936,-0.9986199140548706,-0.08501178026199341,0.005431989673525095,0.08742430061101913,-0.9925222992897034,0.09473315626382828,0.003181668696925044,-0.17194689810276031,0.9805355072021484,-5.529296875,25.101577758789062,11.75390625,24.421875,-3.396484375,-20.923828125
553,0.09264559298753738,-0.10645142197608948,0.10037407279014587,0.07962410897016525,-0.19693459570407867,0.08575914800167084,0.05014041066169739,-0.29996174573898315,0.06507540494203568,-0.04491952061653137,0.0032490931916981936,0.03994253650307655,-0.9981865286827087,-0.09249388426542282,0.006630375050008297,0.102594755589962,-0.9903914928436279,0.10240866243839264,0.0037376999389380217,-0.1893846094608307,0.9765408635139465,-5.880859375,26.68359375,12.544921875,26.179702758789062,-3.66015625,-22.41796875
554,0.09161549806594849,-0.10652893781661987,0.10000542551279068,0.07629536837339401,-0.1964450180530548,0.08448430150747299,0.043425191193819046,-0.2979664206504822,0.06239129230380058,-0.05037880316376686,0.0037424813490360975,0.049718353897333145,-0.9974849224090576,-0.0982457846403122,0.007419643923640251,0.1169152483344078,-0.9882426857948303,0.10969681292772293,0.004092828370630741,-0.20703284442424774,0.9721560478210449,-5.880859375,26.68359375,12.544921875,26.179702758789062,-3.66015625,-22.41796875
555,0.09054838120937347,-0.10657127946615219,0.09964952617883682,0.07301238924264908,-0.19593894481658936,0.08335225284099579,0.03674131631851196,-0.29581770300865173,0.05998740345239639,-0.05451851338148117,0.004280530381947756,0.05906517058610916,-0.9967551827430725,-0.10378462076187134,0.00859872903674841,0.13053397834300995,-0.9859593510627747,0.1165136769413948,0.0044222488068044186,-0.2244507521390915,0.9674848914146423,-5.96875,27.03515625,12.80859375,26.619140625,-3.748046875,-22.76953125
556,0.08951354771852493,-0.10665296763181686,0.09936518967151642,0.06982243061065674,-0.1953360140323639,0.08202236890792847,0.030148092657327652,-0.293584942817688,0.05773194506764412,-0.0592288114130497,0.004867455456405878,0.06868332624435425,-0.9958669543266296,-0.1075533777475357,0.00537138944491744,0.14419713616371155,-0.9836719632148743,0.12381598353385925,0.00459445221349597,-0.2423241138458252,0.9622513651847839,-6.14453125,27.9140625,13.248046875,27.498046875,-3.8359375,-23.560531616210938
557,0.08845657855272293,-0.1065695583820343,0.09906234592199326,0.06656330078840256,-0.1947598159313202,0.08111748844385147,0.023622794076800346,-0.2911882996559143,0.05578615888953209,-0.06099526956677437,0.004626856651157141,0.07612686604261398,-0.9952200651168823,-0.11274126917123795,0.005774640012532473,0.1585925668478012,-0.9808692336082458,0.13037548959255219,0.00479980418458581,-0.259356290102005,0.9569292068481445,-6.3203125,28.79296875,13.599624633789062,28.376953125,-3.923828125,-24.263671875
558,0.08735693991184235,-0.10653767734766006,0.09875373542308807,0.06329385191202164,-0.1940748691558838,0.08030543476343155,0.01729058101773262,-0.28870606422424316,0.05406497046351433,-0.06390430778265,0.004819560330361128,0.08498907089233398,-0.9943188428878784,-0.11845070868730545,0.0066533684730529785,0.1725623458623886,-0.9778279066085815,0.1368904411792755,0.004291189834475517,-0.27590447664260864,0.9513776302337646,-6.3203125,28.79296875,13.599624633789062,28.376953125,-3.923828125,-24.263671875
559,0.08622512221336365,-0.1065370962023735,0.0985536128282547,0.06010890752077103,-0.1933785378932953,0.07961027324199677,0.011128435842692852,-0.28612443804740906,0.052524641156196594,-0.0666152611374855,0.005248125176876783,0.09441178292036057,-0.9932881593704224,-0.12198140472173691,0.007112199906259775,0.18590004742145538,-0.974941611289978,0.14224933087825775,0.0037063700146973133,-0.2912856340408325,0.9459937214851379,-6.3203125,28.79296875,13.599624633789062,28.376953125,-3.923828125,-24.263671875
560,0.0851459801197052,-0.10655460506677628,0.09834398329257965,0.0569768100976944,-0.19271527230739594,0.07902082055807114,0.005172905512154102,-0.28355684876441956,0.05117560923099518,-0.06847257167100906,0.0055975886061787605,0.10299091041088104,-0.9923070073127747,-0.12519395351409912,0.0073835281655192375,0.199140727519989,-0.9719130992889404,0.14764706790447235,0.0036421543918550014,-0.30671966075897217,0.9402713179588318,-6.3203125,28.79296875,13.599624633789062,28.376953125,-3.923828125,-24.263671875
561,0.08408497273921967,-0.10648798942565918,0.09822694957256317,0.05400795862078667,-0.1920706331729889,0.07852338999509811,-0.0005143381422385573,-0.2809440791606903,0.050118908286094666,-0.06911822408437729,0.005436853971332312,0.1102467030286789,-0.9914831519126892,-0.12857985496520996,0.008011948317289352,0.21095845103263855,-0.9689682722091675,0.15165944397449493,0.00281714485026896,-0.3200090527534485,0.935192883014679,-6.759765625,30.814453125,14.7421875,30.486328125,-4.275390625,-26.021484375
562,0.08306777477264404,-0.10638189315795898,0.09812836349010468,0.05107734352350235,-0.19147804379463196,0.07815610617399216,-0.005932158790528774,-0.27843785285949707,0.04920443892478943,-0.06828345358371735,0.005141916684806347,0.11671425402164459,-0.9908021688461304,-0.13293339312076569,0.008759270422160625,0.2233559489250183,-0.9655901193618774,0.1560201346874237,0.0019305996829643846,-0.33336368203163147,0.9297971725463867,-6.84765625,31.078125,14.91796875,30.75,-4.36328125,-26.28515625
563,0.0820365771651268,-0.1064482256770134,0.0980774536728859,0.04826263338327408,-0.19094426929950714,0.07787779718637466,-0.011049261316657066,-0.2760452926158905,0.04851962625980377,-0.07151419669389725,0.006050068885087967,0.1252424269914627,-0.9895269274711609,-0.13834677636623383,0.010193423368036747,0.23454880714416504,-0.9621555805206299,0.16010558605194092,0.0012863503070548177,-0.34598803520202637,0.9244765639305115,-6.84765625,31.166015625,15.005859375,30.837905883789062,-4.36328125,-26.373046875
564,0.08108579367399216,-0.1064121350646019,0.09795112162828445,0.045680899173021317,-0.1904289424419403,0.07769957184791565,-0.01578131690621376,-0.273821622133255,0.0480792336165905,-0.07114365696907043,0.0059600952081382275,0.13135893642902374,-0.9887608885765076,-0.14121216535568237,0.010328310541808605,0.24552136659622192,-0.9589952230453491,0.16379095613956451,-0.00024285278050228953,-0.3580428659915924,0.9192267060279846,-7.0234375,31.517578125,15.357421875,31.277359008789062,-4.36328125,-26.724609375
565,0.08012175559997559,-0.10630085319280624,0.09792955964803696,0.04321359470486641,-0.18970796465873718,0.07757618278265,-0.020027194172143936,-0.2716419994831085,0.04777786508202553,-0.07063958048820496,0.005498894024640322,0.1374499648809433,-0.987971305847168,-0.14303871989250183,0.010993349365890026,0.254506379365921,-0.9563711285591125,0.16675902903079987,-0.0008856102358549833,-0.3688543140888214,0.9144054651260376,-7.111328125,31.95703125,15.533203125,31.716796875,-4.36328125,-26.98828125
566,0.07924079895019531,-0.10605012625455856,0.09790842980146408,0.0409025214612484,-0.1889345645904541,0.07749868929386139,-0.023854006081819534,-0.26945462822914124,0.0476621575653553,-0.06912120431661606,0.004384953528642654,0.141830176115036,-0.9874651432037354,-0.144087553024292,0.010532323271036148,0.26309964060783386,-0.9538902640342712,0.16916659474372864,-0.0010463452199473977,-0.37864166498184204,0.9099517464637756,-7.287109375,32.66015625,15.884765625,32.5078125,-4.5390625,-27.603515625
567,0.0784989669919014,-0.10608358681201935,0.09792355448007584,0.039066608995199203,-0.18820463120937347,0.07744358479976654,-0.027205243706703186,-0.2674509882926941,0.04772118106484413,-0.07368802279233932,0.005743431858718395,0.15044967830181122,-0.9858508706092834,-0.14406059682369232,0.009676854126155376,0.2709540128707886,-0.9517020583152771,0.17145049571990967,-0.002136752475053072,-0.3892960250377655,0.9050131440162659,-7.462890625,33.451171875,16.412109375,33.474609375,-4.626953125,-28.394515991210938
568,0.07799942791461945,-0.10590098798274994,0.09786993265151978,0.03751641884446144,-0.18766988813877106,0.0772630125284195,-0.030012991279363632,-0.26549503207206726,0.04782780632376671,-0.07371197640895844,0.005149872973561287,0.153792604804039,-0.985336422920227,-0.14824345707893372,0.01025531254708767,0.2774183750152588,-0.9491879343986511,0.17295129597187042,-0.0018180690240114927,-0.3995169997215271,0.9002614617347717,-7.6386566162109375,33.978515625,16.587890625,33.826171875,-4.71484375,-28.833984375
569,0.07775472849607468,-0.10577450692653656,0.0978148877620697,0.037267472594976425,-0.18646162748336792,0.07751551270484924,-0.03229526802897453,-0.26359546184539795,0.04803057760000229,-0.0736413449048996,0.004050679504871368,0.1564173847436905,-0.9849336743354797,-0.12205362319946289,-0.005587371066212654,0.2831714451313019,-0.9512547850608826,0.1732514649629593,-0.00023740125470794737,-0.4084012806415558,0.8962100148200989,-7.9023284912109375,35.033203125,17.203125,34.96875,-4.802734375,-29.712890625
570,0.07771462947130203,-0.10563722997903824,0.09783174842596054,0.036337386816740036,-0.1863899528980255,0.07737425714731216,-0.03425925225019455,-0.26194655895233154,0.04821271821856499,-0.07235578447580338,0.0026581059210002422,0.15771599113941193,-0.9848265051841736,-0.13395856320858002,-0.003459756961092353,0.2883758842945099,-0.9480941295623779,0.1754409223794937,0.0005885485443286598,-0.41819658875465393,0.8912529945373535,-7.9902191162109375,35.296875,17.37890625,35.3203125,-4.890625,-29.9765625
571,0.07772564888000488,-0.10553289204835892,0.09791336208581924,0.035867877304553986,-0.18605338037014008,0.0774761512875557,-0.035769011825323105,-0.2604467272758484,0.048429593443870544,-0.07172803580760956,0.0020942778792232275,0.15839128196239471,-0.9847654104232788,-0.1349658966064453,-0.003553439863026142,0.2924503982067108,-0.9467018246650696,0.17643286287784576,0.0009949879022315145,-0.426245778799057,0.8872345089912415,-8.25390625,36.263671875,17.818359375,36.375,-4.978515625,-30.767578125
572,0.07774686068296432,-0.10546054691076279,0.09800985455513,0.03553786873817444,-0.1857958883047104,0.07758789509534836,-0.036923643201589584,-0.25919756293296814,0.04866359010338783,-0.07135279476642609,0.001410308643244207,0.1590469777584076,-0.9846882820129395,-0.13580386340618134,-0.004054615739732981,0.2952001392841339,-0.9457260966300964,0.1778966188430786,0.00208110548555851,-0.4334218502044678,0.883455753326416,-8.4296875,37.0546875,18.08203125,37.078125,-4.978515625,-31.294921875
573,0.0777692124247551,-0.10545163601636887,0.09807023406028748,0.03532344102859497,-0.18556861579418182,0.07775723189115524,-0.03780655190348625,-0.2581988275051117,0.04887083172798157,-0.07171792536973953,0.0010970995062962174,0.1601864993572235,-0.9844773411750793,-0.13490469753742218,-0.004275806248188019,0.297433078289032,-0.9451539516448975,0.17879381775856018,0.002272686455398798,-0.43923330307006836,0.8803986310958862,-8.517578125,37.318359375,18.257827758789062,37.4296875,-5.06640625,-31.55859375
574,0.07775400578975677,-0.105367511510849,0.09812388569116592,0.0351087749004364,-0.18534806370735168,0.07780227810144424,-0.03838403895497322,-0.25745633244514465,0.04897298291325569,-0.07170303910970688,0.000819130043964833,0.1607685536146164,-0.9843838214874268,-0.13528303802013397,-0.004577459767460823,0.2991717457771301,-0.944549560546875,0.17998230457305908,0.002484942087903619,-0.44394975900650024,0.8777863383293152,-8.693359375,38.197265625,18.697280883789062,38.30859375,-5.154296875,-32.26171875
575,0.07767464965581894,-0.10553592443466187,0.09814383089542389,0.03496989607810974,-0.1851460188627243,0.07781675457954407,-0.03870513662695885,-0.25695934891700745,0.04899309575557709,-0.07824798673391342,0.00284192175604403,0.16643159091472626,-0.9829393625259399,-0.1356719732284546,-0.004916329402476549,0.30077943205833435,-0.9439813494682312,0.1815144270658493,0.0025303231086581945,-0.4472009241580963,0.8758182525634766,-8.78125,38.4609375,18.78515625,38.572265625,-5.154296875,-32.4375
576,0.07771004736423492,-0.10548144578933716,0.0981646403670311,0.034936126321554184,-0.18500834703445435,0.07778328657150269,-0.038675710558891296,-0.25671640038490295,0.04892997443675995,-0.07838531583547592,0.0028589232824742794,0.1669418215751648,-0.9828419089317322,-0.1359270215034485,-0.0048809596337378025,0.3018667995929718,-0.9435976147651672,0.18219418823719025,0.0026372261345386505,-0.4496331214904785,0.8744304180145264,-8.78125,38.4609375,18.78515625,38.572265625,-5.154296875,-32.4375
577,0.07779018580913544,-0.10544458031654358,0.09812800586223602,0.03506689518690109,-0.18495309352874756,0.07768664509057999,-0.03840438276529312,-0.2566736340522766,0.048777684569358826,-0.078831747174263,0.002984451362863183,0.16727837920188904,-0.9827485680580139,-0.1365259736776352,-0.004774013068526983,0.30224505066871643,-0.9433906674385071,0.18365836143493652,0.002402581973001361,-0.4518408477306366,0.8729855418205261,-8.78125,38.4609375,18.78515625,38.572265625,-5.154296875,-32.4375
578,0.07796072214841843,-0.10541659593582153,0.09812665730714798,0.0352456271648407,-0.18494504690170288,0.07738100737333298,-0.03780985623598099,-0.2567073404788971,0.04854317381978035,-0.07930419594049454,0.003121414454653859,0.16702689230442047,-0.9827529191970825,-0.1382402777671814,-0.005853775888681412,0.30262619256973267,-0.9430125951766968,0.18414394557476044,0.0026708219666033983,-0.4530209004878998,0.8722705841064453,-8.78125,38.4609375,18.78515625,38.572265625,-5.154296875,-32.4375
579,0.07822449505329132,-0.10541418939828873,0.09810131043195724,0.03589269891381264,-0.18498463928699493,0.0772583931684494,-0.0369933657348156,-0.25679299235343933,0.048167672008275986,-0.08021484315395355,0.0034245771821588278,0.16634182631969452,-0.9827941656112671,-0.13952207565307617,-0.005286192521452904,0.3008474111557007,-0.943396270275116,0.18466505408287048,0.003599232528358698,-0.453436940908432,0.8719408512115479,-8.78125,38.4609375,18.78515625,38.572265625,-5.154296875,-32.4375
580,0.07857203483581543,-0.10540951043367386,0.0980556309223175,0.03660965710878372,-0.18507446348667145,0.0770433321595192,-0.035991370677948,-0.25698599219322205,0.04774065315723419,-0.08072052150964737,0.0034632158931344748,0.16479694843292236,-0.983012855052948,-0.14033059775829315,-0.005799263250082731,0.299045592546463,-0.9438461065292358,0.18598848581314087,0.00427168607711792,-0.4527127146720886,0.872032880783081,-8.78125,38.4609375,18.78515625,38.572265625,-5.154296875,-32.4375
581,0.07899992167949677,-0.10542099922895432,0.09805852174758911,0.03743341192603111,-0.1852370649576187,0.07689967751502991,-0.034827329218387604,-0.2573293149471283,0.04724929481744766,-0.08126448839902878,0.003866505343466997,0.16336748003959656,-0.9832050800323486,-0.14106535911560059,-0.005234078969806433,0.29693594574928284,-0.9444057941436768,0.18737147748470306,0.003961385227739811,-0.4519168734550476,0.8721510767936707,-8.78125,38.4609375,18.78515625,38.572265625,-5.154296875,-32.4375
582,0.07934310287237167,-0.10545988380908966,0.0980512797832489,0.03822921961545944,-0.185398668050766,0.07677055895328522,-0.03353631868958473,-0.2578183114528656,0.04672732204198837,-0.08173459768295288,0.004154128022491932,0.16194482147693634,-0.9834003448486328,-0.14160551130771637,-0.004309307783842087,0.29446643590927124,-0.9451026320457458,0.1878209263086319,0.0039008711464703083,-0.450249046087265,0.8729168772697449,-8.78125,38.4609375,18.78515625,38.572265625,-5.154296875,-32.4375
583,0.07960659265518188,-0.10545168817043304,0.09800934791564941,0.0391085222363472,-0.1851952224969864,0.07667145133018494,-0.03217193856835365,-0.25840362906455994,0.04615708068013191,-0.08201649785041809,0.0044946130365133286,0.16049382090568542,-0.9836131930351257,-0.1314205378293991,-0.006687420420348644,0.29166871309280396,-0.947424590587616,0.1892167627811432,0.0037666629068553448,-0.4473847448825836,0.8740879893302917,-9.396484375,41.09765625,20.103515625,41.208984375,-5.59375,-34.634765625
584,0.07976443320512772,-0.10541870445013046,0.0979393944144249,0.03897082805633545,-0.1859350949525833,0.0761256292462349,-0.030721144750714302,-0.25908714532852173,0.04554774612188339,-0.08255375921726227,0.0052121360786259174,0.15909211337566376,-0.9837924242019653,-0.15904982388019562,0.010022473521530628,0.2879056930541992,-0.9443055987358093,0.19024130702018738,0.0033130100928246975,-0.4439116418361664,0.875636875629425,-9.396484375,41.2734375,20.103515625,41.208984375,-5.59375,-34.72265625
585,0.0798894539475441,-0.10543497651815414,0.0978289246559143,0.03961978852748871,-0.18602269887924194,0.075853131711483,-0.029188135638833046,-0.2598212957382202,0.04492339864373207,-0.08358688652515411,0.006089945789426565,0.1582624912261963,-0.9838338494300842,-0.15910935401916504,0.010729389265179634,0.2844882309436798,-0.9453229904174805,0.19052165746688843,0.0031578990165144205,-0.4398110806941986,0.8776434063911438,-9.396484375,41.2734375,20.19140625,41.296875,-5.59375,-34.72265625
586,0.08001507073640823,-0.10541001707315445,0.09771791100502014,0.04025942087173462,-0.1860833466053009,0.07555080950260162,-0.027594370767474174,-0.2605460584163666,0.04434313625097275,-0.08425331860780716,0.006508528720587492,0.15709717571735382,-0.9839611053466797,-0.15960484743118286,0.011013283394277096,0.2807161509990692,-0.9463633894920349,0.19058454036712646,0.0032926229760050774,-0.4350697994232178,0.8799893260002136,-9.396484375,41.625,20.3671875,41.560546875,-5.681640625,-34.986328125
587,0.08017569780349731,-0.10532592236995697,0.0975787416100502,0.040914930403232574,-0.18607129156589508,0.07521571218967438,-0.02591564878821373,-0.2612050473690033,0.04383242502808571,-0.08492381125688553,0.0063493093475699425,0.15562793612480164,-0.9841380715370178,-0.16010943055152893,0.011133079417049885,0.27657458186149597,-0.9474954009056091,0.19087384641170502,0.003469507908448577,-0.4292924702167511,0.8827589154243469,-9.572265625,42.328125,20.71875,42.17578125,-5.76953125,-35.6015625
588,0.08023712784051895,-0.10521657019853592,0.09745117276906967,0.04156961292028427,-0.18598902225494385,0.0748552456498146,-0.024076448753476143,-0.26180317997932434,0.04334946721792221,-0.08610996603965759,0.0065682632848620415,0.15497420728206635,-0.9841366410255432,-0.16081756353378296,0.011256036348640919,0.27193719148635864,-0.9487155675888062,0.19122326374053955,0.0039783078245818615,-0.42447948455810547,0.8850057721138,-9.66015625,42.943359375,20.982421875,42.703125,-5.857421875,-36.041015625
589,0.08037333935499191,-0.10518921911716461,0.0973615050315857,0.04236713424324989,-0.1858617514371872,0.07449602335691452,-0.02206442877650261,-0.26221728324890137,0.04290098324418068,-0.08932825177907944,0.007599345408380032,0.15619362890720367,-0.983649492263794,-0.16149790585041046,0.011828763410449028,0.26701971888542175,-0.9499889612197876,0.18999330699443817,0.004225900396704674,-0.41945287585258484,0.8876621723175049,-9.8359375,44.08595275878906,21.509765625,43.7578125,-6.12109375,-36.83203125
590,0.08077015727758408,-0.10510235279798508,0.09727764129638672,0.0434119813144207,-0.18576806783676147,0.07411278039216995,-0.020021991804242134,-0.26251259446144104,0.042480118572711945,-0.0906226634979248,0.0076003908179700375,0.15480834245681763,-0.98375004529953,-0.16221363842487335,0.011529195122420788,0.26302170753479004,-0.9509855508804321,0.18965305387973785,0.0050620450638234615,-0.41552048921585083,0.8895779252052307,-10.01171875,44.70118713378906,21.861328125,44.4609375,-6.208984375,-37.359375
591,0.0812685638666153,-0.10494407266378403,0.09712869673967361,0.04471222311258316,-0.1856994330883026,0.07377389073371887,-0.01785789430141449,-0.26278379559516907,0.042157743126153946,-0.09166327863931656,0.007420066278427839,0.15194101631641388,-0.9841020703315735,-0.1617237627506256,0.01068791002035141,0.2574138045310974,-0.9526118636131287,0.18986576795578003,0.006140966434031725,-0.41345876455307007,0.8904860019683838,-10.36328125,45.75587463378906,22.30078125,45.42774963378906,-6.296875,-38.06248474121094
592,0.08193923532962799,-0.10480304062366486,0.0970795676112175,0.04625394567847252,-0.18570353090763092,0.07355298846960068,-0.01567673496901989,-0.263036847114563,0.04186682775616646,-0.09260886162519455,0.007483001798391342,0.14800073206424713,-0.9846134185791016,-0.16209028661251068,0.010085203684866428,0.2531856894493103,-0.9536886811256409,0.1902896612882614,0.007530489470809698,-0.41256317496299744,0.8908001184463501,-10.5390625,46.89845275878906,22.828125,46.482421875,-6.4726409912109375,-39.029296875
593,0.08256129920482635,-0.10469887405633926,0.09703535586595535,0.04782572016119957,-0.1857101321220398,0.07335452735424042,-0.013485115021467209,-0.26315703988075256,0.04161589965224266,-0.09379379451274872,0.007401357404887676,0.1449359655380249,-0.9849576950073242,-0.1622520536184311,0.009257947094738483,0.2479744702577591,-0.9550378918647766,0.1902482807636261,0.009538333863019943,-0.4122864902019501,0.8909178376197815,-10.71484375,47.33787536621094,23.091812133789062,47.009765625,-6.5605316162109375,-39.556640625
594,0.08325637131929398,-0.10457857698202133,0.09704906493425369,0.0494031198322773,-0.18572986125946045,0.0731971263885498,-0.011497702449560165,-0.2631612718105316,0.04134482517838478,-0.09429039806127548,0.007435264997184277,0.14130260050296783,-0.98543781042099,-0.1623585820198059,0.008673642762005329,0.24350039660930634,-0.9561758041381836,0.19029374420642853,0.01084848027676344,-0.41217461228370667,0.8909448385238647,-10.978515625,48.744140625,23.619140625,48.240234375,-6.82421875,-40.5234375
595,0.08392363041639328,-0.10451599955558777,0.09701896458864212,0.0507991649210453,-0.18579961359500885,0.07314453274011612,-0.009756439365446568,-0.2631838023662567,0.0412185974419117,-0.09490419924259186,0.006834980100393295,0.13778869807720184,-0.9858807325363159,-0.1618230789899826,0.0074072484858334064,0.24003054201602936,-0.9571540951728821,0.19138529896736145,0.012435726821422577,-0.4113137125968933,0.8910881876945496,-11.06640625,49.0078125,23.70703125,48.6796875,-6.82421875,-40.787109375
596,0.08430130034685135,-0.10438758879899979,0.0970531553030014,0.05187955126166344,-0.18582674860954285,0.07310546934604645,-0.008269697427749634,-0.26324549317359924,0.04103468358516693,-0.09470273554325104,0.007295865565538406,0.13518710434436798,-0.9862568378448486,-0.16192013025283813,0.007324014324694872,0.2362596094608307,-0.9580760598182678,0.1922350823879242,0.012264563702046871,-0.41147318482398987,0.8908339738845825,-11.2421875,50.150390625,24.234375,49.646484375,-7.0,-41.578125
597,0.08453520387411118,-0.10431703180074692,0.09705590456724167,0.05256813392043114,-0.18577177822589874,0.07306774705648422,-0.0072068115696311,-0.2632412612438202,0.040845103561878204,-0.09494171291589737,0.007560524623841047,0.13410618901252747,-0.9863794445991516,-0.16195367276668549,0.00742558715865016,0.23367425799369812,-0.9587034583091736,0.1933702826499939,0.012160426005721092,-0.4107447862625122,0.8909258842468262,-11.41796875,51.029296875,24.5859375,50.43751525878906,-7.17578125,-42.193359375
598,0.08463291823863983,-0.10419978201389313,0.09697579592466354,0.052856966853141785,-0.1856505274772644,0.07294587045907974,-0.006473110988736153,-0.2631649374961853,0.04066396877169609,-0.0949961245059967,0.0074411495588719845,0.1331128180027008,-0.9865096807479858,-0.16196584701538086,0.007099567446857691,0.23234958946704865,-0.9590257406234741,0.19428330659866333,0.012606652453541756,-0.40890634059906006,0.8915663957595825,-11.505859375,51.29296875,24.76171875,50.70118713378906,-7.17578125,-42.544921875
599,0.08460583537817001,-0.10409173369407654,0.09688602387905121,0.052903056144714355,-0.1854294091463089,0.07273192703723907,-0.006058043800294399,-0.26297512650489807,0.040435634553432465,-0.0955759808421135,0.007877031341195107,0.13332456350326538,-0.9864217638969421,-0.16221299767494202,0.007624853868037462,0.2319130152463913,-0.9590855836868286,0.19373533129692078,0.01144371461123228,-0.40696612000465393,0.8925886154174805,-11.76953125,52.259765625,25.201171875,51.66798400878906,-7.3515625,-43.248046875
600,0.08451943844556808,-0.10401161760091782,0.09675902128219604,0.05310897156596184,-0.1851779967546463,0.07255896180868149,-0.00598857132717967,-0.26268112659454346,0.04014008119702339,-0.09686894714832306,0.007998326793313026,0.13454216718673706,-0.9861292243003845,-0.1598907858133316,-0.0004080361977685243,0.23261292278766632,-0.9593362808227539,0.19387286901474,0.011778859421610832,-0.4053058624267578,0.8933094143867493,-11.76953125,52.435546875,25.2890625,51.84376525878906,-7.3515625,-43.423828125
601,0.08435843884944916,-0.10390496999025345,0.09658900648355484,0.05280063673853874,-0.184881791472435,0.07219403982162476,-0.006172729656100273,-0.26229768991470337,0.03985127434134483,-0.09835033863782883,0.008041596040129662,0.135813906788826,-0.9858079552650452,-0.1610046625137329,-0.0009688043501228094,0.23344799876213074,-0.958946704864502,0.1938522309064865,0.01244122814387083,-0.4044693112373352,0.8936840295791626,-12.033203125,53.314453125,25.728515625,52.72267150878906,-7.439453125,-44.0390625
602,0.08420705795288086,-0.10381282866001129,0.09645344316959381,0.05246119573712349,-0.18457861244678497,0.07185828685760498,-0.006574912462383509,-0.26172223687171936,0.03956447169184685,-0.09944893419742584,0.008065463975071907,0.13701565563678741,-0.985531210899353,-0.16237923502922058,-0.0008435231866315007,0.23465226590633392,-0.9584209322929382,0.19327184557914734,0.012447365559637547,-0.40454983711242676,0.8937732577323914,-12.12109375,53.84181213378906,25.9921875,53.33787536621094,-7.52734375,-44.56640625
603,0.08413353562355042,-0.10374462604522705,0.09637380391359329,0.052154138684272766,-0.1843016892671585,0.07162937521934509,-0.007232785224914551,-0.26100364327430725,0.03929567709565163,-0.10045161843299866,0.007947847247123718,0.13811081647872925,-0.985277533531189,-0.16360218822956085,-0.0010854245629161596,0.2364850640296936,-0.9577620625495911,0.1939016878604889,0.012883338145911694,-0.40609899163246155,0.8929277062416077,-12.208984375,54.10548400878906,26.080078125,53.51365661621094,-7.52734375,-44.830078125
604,0.08403249830007553,-0.10370562970638275,0.09630779176950455,0.05181146040558815,-0.1841086447238922,0.07150240987539291,-0.0080955158919096,-0.2602303922176361,0.03905484452843666,-0.10095129162073135,0.007548741064965725,0.1392473429441452,-0.9850696325302124,-0.16438831388950348,-0.001534622977487743,0.23823630809783936,-0.9571926593780518,0.19507542252540588,0.013723437674343586,-0.4092067778110504,0.8912391066551208,-12.296875,54.54493713378906,26.34375,53.95310974121094,-7.615234375,-45.181640625
605,0.08384854346513748,-0.10366155952215195,0.09628202766180038,0.05129134654998779,-0.1838846057653427,0.07137793302536011,-0.009273235686123371,-0.25935935974121094,0.038788724690675735,-0.10138861835002899,0.0076780132949352264,0.1407965123653412,-0.9848034977912903,-0.1651989072561264,-0.0013310171198099852,0.24017062783241272,-0.9565697908401489,0.1968483328819275,0.013308418914675713,-0.41321542859077454,0.8890032172203064,-12.296875,54.72071838378906,26.34375,54.12889099121094,-7.615234375,-45.357421875
606,0.08357439190149307,-0.10362709313631058,0.09625155478715897,0.05059368163347244,-0.18359945714473724,0.07123259454965591,-0.010643276385962963,-0.2583775222301483,0.03851025179028511,-0.10209838300943375,0.007827713154256344,0.14275209605693817,-0.9844473004341125,-0.1657363623380661,-0.0015058451099321246,0.24283957481384277,-0.9558023810386658,0.19831614196300507,0.013314827345311642,-0.41646885871887207,0.8871567845344543,-12.472640991210938,54.98439025878906,26.431640625,54.3046875,-7.615234375,-45.533203125
607,0.08324268460273743,-0.1036016047000885,0.09617690742015839,0.04971291497349739,-0.1832832247018814,0.0710323229432106,-0.012325922958552837,-0.2573952376842499,0.03816978260874748,-0.10281671583652496,0.007626114413142204,0.14528727531433105,-0.9840031862258911,-0.16597551107406616,-0.0021468447521328926,0.24627387523651123,-0.9548804759979248,0.2006465494632721,0.01378244161605835,-0.42110586166381836,0.8844325542449951,-12.472640991210938,55.16017150878906,26.431640625,54.48046875,-7.703125,-45.796875
608,0.08284690231084824,-0.10355468094348907,0.09608826786279678,0.048657432198524475,-0.1829250603914261,0.0707540512084961,-0.014127313159406185,-0.2562839388847351,0.03778648003935814,-0.10335313528776169,0.00750171672552824,0.14832957088947296,-0.9834939241409302,-0.16772840917110443,-0.002128808991983533,0.2505814731121063,-0.953452467918396,0.20146238803863525,0.013943731784820557,-0.42458856105804443,0.8825775980949402,-12.560531616210938,55.24806213378906,26.51953125,54.568359375,-7.703125,-45.796875
609,0.08236517012119293,-0.10351001471281052,0.09596139937639236,0.04746921733021736,-0.18254101276397705,0.07043527811765671,-0.016080930829048157,-0.2551495134830475,0.03737631440162659,-0.10467972606420517,0.00783646758645773,0.15155282616615295,-0.9828594326972961,-0.1693645417690277,-0.002023265464231372,0.25503674149513245,-0.9519810080528259,0.2023247629404068,0.014083368703722954,-0.42862358689308167,0.8804250359535217,-12.560531616210938,55.33595275878906,26.6953125,54.744140625,-7.703125,-45.884765625
610,0.08184348791837692,-0.10355526208877563,0.0958416536450386,0.04622628539800644,-0.1821226328611374,0.0701177716255188,-0.018141970038414,-0.2539933919906616,0.03692174702882767,-0.10735614597797394,0.008280065841972828,0.15667441487312317,-0.9817634224891663,-0.17087914049625397,-0.0023634624667465687,0.25988924503326416,-0.9503958821296692,0.20406371355056763,0.014317826367914677,-0.4334235191345215,0.8776656985282898,-12.560531616210938,55.33595275878906,26.6953125,54.65625,-7.703125,-45.884765625
611,0.08137287199497223,-0.10343698412179947,0.09570842236280441,0.04498106613755226,-0.18168798089027405,0.06976267695426941,-0.020270848646759987,-0.2527502179145813,0.03646432235836983,-0.1069614440202713,0.00790630653500557,0.1591682732105255,-0.9814082980155945,-0.17178136110305786,-0.0026847468689084053,0.264595091342926,-0.9489327669143677,0.20529785752296448,0.014453113079071045,-0.43821972608566284,0.8749900460243225,-12.560531616210938,55.42384338378906,26.6953125,54.83203125,-7.615234375,-46.060546875
612,0.08086486905813217,-0.10343952476978302,0.0955808013677597,0.04373174533247948,-0.1812501847743988,0.06943340599536896,-0.022416407242417336,-0.25148308277130127,0.035977136343717575,-0.1088101714849472,0.0082889124751091,0.16344186663627625,-0.9804991483688354,-0.17307734489440918,-0.002742710057646036,0.2693141996860504,-0.947368323802948,0.20723974704742432,0.014383588917553425,-0.4432050287723541,0.8720172047615051,-12.560531616210938,55.42384338378906,26.783203125,54.83203125,-7.703125,-46.1484375
613,0.08039657026529312,-0.10341979563236237,0.09545116126537323,0.04250316321849823,-0.1808430701494217,0.06910490244626999,-0.024481380358338356,-0.2501789331436157,0.03549925237894058,-0.11009883880615234,0.008122576400637627,0.16726382076740265,-0.9797118306159973,-0.1740100085735321,-0.003333196509629488,0.2744283974170685,-0.9457263946533203,0.20896439254283905,0.014591760002076626,-0.44805440306663513,0.8691193461418152,-12.560531616210938,55.42384338378906,26.783203125,54.919921875,-7.703125,-46.236328125
614,0.07995439320802689,-0.10337559133768082,0.0953240618109703,0.04134601354598999,-0.18041788041591644,0.06878788024187088,-0.026560110971331596,-0.24887549877166748,0.0350072905421257,-0.1115584596991539,0.008198524825274944,0.1702323853969574,-0.9790344834327698,-0.17545531690120697,-0.0035113655030727386,0.27903708815574646,-0.944108784198761,0.2110394686460495,0.01479093823581934,-0.4534546732902527,0.8658074140548706,-12.560531616210938,55.51173400878906,26.87109375,54.919921875,-7.615234375,-46.236328125
615,0.07952054589986801,-0.10333942621946335,0.09521158039569855,0.040249910205602646,-0.18002238869667053,0.06849444657564163,-0.028577005490660667,-0.24757924675941467,0.034510523080825806,-0.11278066039085388,0.00855783000588417,0.17326201498508453,-0.9783596992492676,-0.17619779706001282,-0.003940297290682793,0.2834860384464264,-0.9426422715187073,0.21346457302570343,0.014871428720653057,-0.4590078294277191,0.8622782230377197,-12.560531616210938,55.42384338378906,26.87109375,54.919921875,-7.703125,-46.236328125
616,0.07912632822990417,-0.10333336144685745,0.09509075433015823,0.039172861725091934,-0.17965245246887207,0.06820723414421082,-0.030513834208250046,-0.24630028009414673,0.03403420001268387,-0.11402442306280136,0.008482861332595348,0.17651565372943878,-0.9776343107223511,-0.17740726470947266,-0.004248519893735647,0.2881455421447754,-0.9409999251365662,0.215688094496727,0.014729445800185204,-0.4645496606826782,0.8587521910667419,-12.560531616210938,55.42384338378906,26.87109375,54.919921875,-7.615234375,-46.32421875
617,0.07870510965585709,-0.10330148041248322,0.09498883038759232,0.03815114125609398,-0.1792929619550705,0.06793928891420364,-0.032376863062381744,-0.2450377643108368,0.03353967145085335,-0.11484762281179428,0.008726962842047215,0.17928025126457214,-0.977032482624054,-0.17818167805671692,-0.004423281643539667,0.2923751175403595,-0.939547061920166,0.21769025921821594,0.014537977986037731,-0.4696904718875885,0.8554475903511047,-12.472640991210938,55.42384338378906,26.958984375,54.919921875,-7.703125,-46.32421875
618,0.07830081135034561,-0.10328677296638489,0.09486964344978333,0.037151969969272614,-0.1789226233959198,0.06766582280397415,-0.03418773412704468,-0.24384726583957672,0.03300567716360092,-0.11613281816244125,0.008982319384813309,0.18238550424575806,-0.9763033390045166,-0.1793748438358307,-0.00485963886603713,0.29641586542129517,-0.9380505084991455,0.2208695262670517,0.014280854724347591,-0.47538068890571594,0.8514846563339233,-12.472640991210938,55.42384338378906,26.958984375,54.919921875,-7.703125,-46.32421875
619,0.07790149003267288,-0.10325808823108673,0.09473269432783127,0.03620707243680954,-0.17856749892234802,0.06735594570636749,-0.03590048477053642,-0.24270747601985931,0.032526660710573196,-0.1170523390173912,0.009210780262947083,0.18503384292125702,-0.9756928086280823,-0.18030062317848206,-0.0052634780295193195,0.3002941608428955,-0.9366362690925598,0.22369058430194855,0.014180552214384079,-0.4811479151248932,0.8475011587142944,-12.472640991210938,55.42384338378906,26.958984375,54.919921875,-7.703125,-46.32421875
620,0.07753310352563858,-0.10321932286024094,0.0946011021733284,0.035100702196359634,-0.17832858860492706,0.06734995543956757,-0.03743378445506096,-0.24159154295921326,0.031886447221040726,-0.11762619763612747,0.009325802326202393,0.1872929334640503,-0.975191593170166,-0.18475887179374695,0.002150940941646695,0.3049573600292206,-0.9342700839042664,0.22492097318172455,0.012577525340020657,-0.48461034893989563,0.8452250361442566,-12.472640991210938,55.42384338378906,26.958984375,54.919921875,-7.703125,-46.32421875
621,0.07719845324754715,-0.1031663790345192,0.09448126703500748,0.03425165265798569,-0.1780075579881668,0.06706515699625015,-0.038913920521736145,-0.24055595695972443,0.03135741502046585,-0.1183469146490097,0.009586470201611519,0.18937212228775024,-0.9747001528739929,-0.18562552332878113,0.0020269339438527822,0.3083752691745758,-0.9329758286476135,0.2275230586528778,0.012224116362631321,-0.48913511633872986,0.8419208526611328,-12.560531616210938,55.42384338378906,26.958984375,55.0078125,-7.703125,-46.32421875
622,0.07687588036060333,-0.1031639501452446,0.09434842318296432,0.03347489610314369,-0.17769943177700043,0.06679849326610565,-0.04018613323569298,-0.2396010458469391,0.030884694308042526,-0.11961407959461212,0.00979619100689888,0.19198115170001984,-0.9740327596664429,-0.1862529069185257,0.001905928016640246,0.31157565116882324,-0.9317869544029236,0.22926129400730133,0.011916608549654484,-0.4925314486026764,0.8394701480865479,-12.560531616210938,55.42384338378906,27.046875,55.0078125,-7.615234375,-46.32421875
623,0.07656192779541016,-0.10316754877567291,0.09421663731336594,0.0327882245182991,-0.17740269005298615,0.06656206399202347,-0.04134600982069969,-0.23871208727359772,0.030445514246821404,-0.12099429219961166,0.010074793361127377,0.19451473653316498,-0.9733565449714661,-0.1867806613445282,0.0019872591365128756,0.3139866292476654,-0.930871307849884,0.2308313101530075,0.011822906322777271,-0.49590373039245605,0.8370523452758789,-12.560531616210938,55.42384338378906,27.046875,55.0078125,-7.615234375,-46.32421875
624,0.07632990926504135,-0.1031050905585289,0.09411656856536865,0.03219873830676079,-0.1771259903907776,0.06631887704133987,-0.04235679283738136,-0.2378949373960495,0.03001726232469082,-0.12139920145273209,0.010212486609816551,0.19583292305469513,-0.9730404019355774,-0.18745116889476776,0.0018026555189862847,0.3163093328475952,-0.9299501776695251,0.23213788866996765,0.011835605837404728,-0.49881160259246826,0.834960401058197,-12.560531616210938,55.42384338378906,27.046875,55.0078125,-7.615234375,-46.32421875
625,0.07611275464296341,-0.10308495163917542,0.09400028735399246,0.031651757657527924,-0.17685957252979279,0.06608092039823532,-0.04325427860021591,-0.2372012883424759,0.02959943190217018,-0.12235412001609802,0.010324751958251,0.19753055274486542,-0.9725762605667114,-0.18817491829395294,0.0019804099574685097,0.31841886043548584,-0.9290832877159119,0.23388224840164185,0.01125991903245449,-0.5014948844909668,0.832871675491333,-12.560531616210938,55.42384338378906,27.046875,55.0078125,-7.615234375,-46.32421875
626,0.07590117305517197,-0.10306583344936371,0.09388881176710129,0.031199481338262558,-0.1766471415758133,0.06584914773702621,-0.04386305436491966,-0.2365517020225525,0.029279064387083054,-0.12332255393266678,0.010625265538692474,0.19902925193309784,-0.9721450805664062,-0.18885892629623413,0.001852658693678677,0.3202989399433136,-0.9282981753349304,0.23312528431415558,0.011900017037987709,-0.5023072957992554,0.8325853943824768,-12.560531616210938,55.42384338378906,27.134765625,55.095703125,-7.703125,-46.412109375
627,0.0757104679942131,-0.10305184870958328,0.09379833191633224,0.03105044737458229,-0.17633838951587677,0.06531237065792084,-0.044430945068597794,-0.23607389628887177,0.028948843479156494,-0.12443337589502335,0.010959688574075699,0.2004629671573639,-0.9717051386833191,-0.18531286716461182,-0.006566914729773998,0.32029852271080017,-0.9289913177490234,0.23409715294837952,0.011683199554681778,-0.5036454200744629,0.8315066695213318,-12.560531616210938,55.51173400878906,27.22265625,55.0078125,-7.703125,-46.412109375
628,0.07557539641857147,-0.10301461070775986,0.09372058510780334,0.030765041708946228,-0.17617474496364594,0.06517855823040009,-0.0448121652007103,-0.23571743071079254,0.02864917553961277,-0.1248258650302887,0.011125689372420311,0.2012181133031845,-0.9714968204498291,-0.18563765287399292,-0.00597531720995903,0.32088491320610046,-0.9287281632423401,0.2344719022512436,0.011897814460098743,-0.5046309232711792,0.8308002948760986,-12.560531616210938,55.51173400878906,27.22265625,55.0078125,-7.703125,-46.412109375
629,0.07548613846302032,-0.103000208735466,0.09366752952337265,0.030602307990193367,-0.17607110738754272,0.06506405770778656,-0.04501918703317642,-0.2355043739080429,0.028411129489541054,-0.12539821863174438,0.0113676767796278,0.20186781883239746,-0.9712855219841003,-0.18587778508663177,-0.005660977680236101,0.32133105397224426,-0.9285277724266052,0.23494404554367065,0.011310056783258915,-0.5049437880516052,0.8304848670959473,-12.560531616210938,55.51173400878906,27.22265625,55.0078125,-7.703125,-46.412109375
630,0.07546015828847885,-0.10299349576234818,0.0936231017112732,0.03056015819311142,-0.1760355681180954,0.06496144086122513,-0.04503440111875534,-0.23540110886096954,0.028237788006663322,-0.12556147575378418,0.011447131633758545,0.20200426876544952,-0.9712351560592651,-0.1860623061656952,-0.005705030169337988,0.32158172130584717,-0.9284037351608276,0.23466868698596954,0.011396387591958046,-0.5048608183860779,0.8306120038032532,-12.560531616210938,55.51173400878906,27.22265625,55.0078125,-7.703125,-46.412109375
631,0.07550310343503952,-0.10299572348594666,0.09362029284238815,0.030641786754131317,-0.17603781819343567,0.0649338886141777,-0.04494144394993782,-0.23548060655593872,0.028291180729866028,-0.12587425112724304,0.011687088757753372,0.2020437866449356,-0.9711834788322449,-0.18629048764705658,-0.005357067566365004,0.32139885425567627,-0.9284234642982483,0.2359873503446579,0.012642278335988522,-0.5057578682899475,0.8296741843223572,-12.560531616210938,55.51173400878906,27.22265625,55.0078125,-7.703125,-46.412109375
632,0.0755830705165863,-0.10300431400537491,0.09363404661417007,0.030805958434939384,-0.17609469592571259,0.06494691222906113,-0.04459131881594658,-0.23563924431800842,0.02824709378182888,-0.12580794095993042,0.011846743524074554,0.2018064707517624,-0.9712395668029785,-0.18623802065849304,-0.005025861319154501,0.3209785223007202,-0.9285811185836792,0.23535628616809845,0.013074655085802078,-0.5046610236167908,0.830514132976532,-12.560531616210938,55.51173400878906,27.22265625,55.095703125,-7.703125,-46.412109375
633,0.07572704553604126,-0.10301890969276428,0.09367187321186066,0.03105168789625168,-0.17619185149669647,0.06498511880636215,-0.04418429359793663,-0.2359364628791809,0.028219394385814667,-0.1256721019744873,0.011948447674512863,0.2014649510383606,-0.9713267087936401,-0.18614022433757782,-0.004888593219220638,0.3207348883152008,-0.9286856651306152,0.23591814935207367,0.012962078675627708,-0.5044306516647339,0.8304964303970337,-12.560531616210938,55.59962463378906,27.22265625,55.095703125,-7.703125,-46.412109375
634,0.07587197422981262,-0.10309289395809174,0.09371374547481537,0.03136333078145981,-0.17633980512619019,0.06504817306995392,-0.04368818178772926,-0.236342653632164,0.028286373242735863,-0.12623824179172516,0.012226110324263573,0.20170088112354279,-0.9712010025978088,-0.18609724938869476,-0.004650579299777746,0.32024574279785156,-0.9288643002510071,0.23602192103862762,0.01272732112556696,-0.5039511919021606,0.8307616710662842,-12.560531616210938,55.59962463378906,27.22265625,55.0078125,-7.703125,-46.412109375
635,0.07609883695840836,-0.10308288782835007,0.09378360956907272,0.031725604087114334,-0.17649710178375244,0.06514887511730194,-0.043083637952804565,-0.2367962896823883,0.028406016528606415,-0.12515060603618622,0.011972383596003056,0.2004186064004898,-0.9716103076934814,-0.1860106736421585,-0.004384926985949278,0.3195445239543915,-0.9291244149208069,0.2358538955450058,0.012756315991282463,-0.5029686093330383,0.8314041495323181,-12.560531616210938,55.51173400878906,27.22265625,55.095703125,-7.703125,-46.412109375
636,0.0763012245297432,-0.10312025994062424,0.09385258704423904,0.032136108726263046,-0.1766766458749771,0.06526922434568405,-0.0424836128950119,-0.2372984141111374,0.02856864407658577,-0.12488114833831787,0.011881373822689056,0.19970083236694336,-0.9717937707901001,-0.18545663356781006,-0.004635714925825596,0.3185615837574005,-0.9295713901519775,0.23594678938388824,0.012781583704054356,-0.5023373961448669,0.8317589163780212,-12.560531616210938,55.59962463378906,27.22265625,55.095703125,-7.703125,-46.412109375
637,0.07649926096200943,-0.10316065698862076,0.09392490237951279,0.03235257789492607,-0.17699339985847473,0.06571892648935318,-0.04185311868786812,-0.23780235648155212,0.028768450021743774,-0.1247972771525383,0.011955981142818928,0.19890904426574707,-0.9719660878181458,-0.18972724676132202,0.0035685368347913027,0.3184536397457123,-0.9287509322166443,0.23631085455417633,0.012779396958649158,-0.5015913248062134,0.832105815410614,-12.560531616210938,55.51173400878906,27.310546875,55.095703125,-7.703125,-46.412109375
638,0.07671637088060379,-0.10320044308900833,0.09400613605976105,0.032804448157548904,-0.1771794706583023,0.06587277352809906,-0.0411934033036232,-0.23827700316905975,0.029026350006461143,-0.12463869899511337,0.01194770634174347,0.19790084660053253,-0.9721922278404236,-0.18911577761173248,0.0032942139077931643,0.31715497374534607,-0.929320752620697,0.23560209572315216,0.01299181766808033,-0.5004187226295471,0.8330090045928955,-12.560531616210938,55.51173400878906,27.22265625,55.0078125,-7.615234375,-46.412109375
639,0.07692153006792068,-0.10324160754680634,0.09407556056976318,0.03323045372962952,-0.17736586928367615,0.06601870059967041,-0.04062850400805473,-0.2387584000825882,0.029277874156832695,-0.12451150268316269,0.01176019199192524,0.19697816669940948,-0.9723982214927673,-0.18886429071426392,0.0029039180371910334,0.31613433361053467,-0.9297209978103638,0.23545429110527039,0.012961344793438911,-0.500025749206543,0.8332872986793518,-12.560531616210938,55.51173400878906,27.22265625,55.095703125,-7.703125,-46.412109375
640,0.07712601125240326,-0.10322351008653641,0.0941581279039383,0.033595506101846695,-0.17752909660339355,0.06617868691682816,-0.04016043245792389,-0.23924550414085388,0.029493466019630432,-0.1235741525888443,0.011490295641124249,0.1953565776348114,-0.9728479981422424,-0.18870662152767181,0.002911296673119068,0.31502726674079895,-0.9301285743713379,0.23674169182777405,0.011862332932651043,-0.49976351857185364,0.8330960869789124,-12.560531616210938,55.51173400878906,27.22265625,55.095703125,-7.703125,-46.412109375
641,0.07725611329078674,-0.1032698005437851,0.09421352297067642,0.03392062708735466,-0.17767266929149628,0.06633911281824112,-0.03955722600221634,-0.2396167367696762,0.029591133818030357,-0.12364888191223145,0.011357463896274567,0.1949794739484787,-0.972915768623352,-0.18816065788269043,0.002878173952922225,0.3138981759548187,-0.9306209683418274,0.23416946828365326,0.01123119704425335,-0.4970508813858032,0.8354514241218567,-12.560531616210938,55.59962463378906,27.22265625,55.095703125,-7.703125,-46.412109375
642,0.07737590372562408,-0.10327169299125671,0.09428674727678299,0.034401148557662964,-0.17768695950508118,0.06618481129407883,-0.03919922187924385,-0.23999029397964478,0.030110016465187073,-0.12303771078586578,0.011196469888091087,0.19417907297611237,-0.97315514087677,-0.1839284747838974,-0.004948989953845739,0.31193917989730835,-0.9321158528327942,0.23507297039031982,0.013205035589635372,-0.49767637252807617,0.8347960710525513,-12.560531616210938,55.59962463378906,27.22265625,55.095703125,-7.703125,-46.412109375
643,0.07743968069553375,-0.10333696752786636,0.09432021528482437,0.03461447358131409,-0.17778010666370392,0.06631322205066681,-0.038796406239271164,-0.240314319729805,0.030102916061878204,-0.12367906421422958,0.011179528199136257,0.19456134736537933,-0.9729976654052734,-0.18347802758216858,-0.00498608173802495,0.31107741594314575,-0.9324923157691956,0.23325522243976593,0.011065843515098095,-0.49527445435523987,0.8367633819580078,-12.560531616210938,55.51173400878906,27.22265625,55.095703125,-7.615234375,-46.412109375
644,0.07753480970859528,-0.10329486429691315,0.09436440467834473,0.034771110862493515,-0.17785042524337769,0.06641148775815964,-0.03856131434440613,-0.24058370292186737,0.030547747388482094,-0.12253807485103607,0.010772866196930408,0.19340257346630096,-0.973377525806427,-0.1834104210138321,-0.005040754098445177,0.31045570969581604,-0.9327124357223511,0.23376062512397766,0.012746368534862995,-0.49552857875823975,0.8364478349685669,-12.560531616210938,55.51173400878906,27.310546875,55.0078125,-7.703125,-46.412109375
645,0.07756996899843216,-0.10329722613096237,0.09439273178577423,0.03487791121006012,-0.17790699005126953,0.06649171561002731,-0.038305237889289856,-0.2407916635274887,0.03075447678565979,-0.12236054241657257,0.01069791428744793,0.19313453137874603,-0.973453938961029,-0.1833508461713791,-0.005086892284452915,0.3099006712436676,-0.9329084753990173,0.2326604127883911,0.013263186439871788,-0.49441903829574585,0.8374025821685791,-12.560531616210938,55.51173400878906,27.22265625,55.0078125,-7.703125,-46.412109375
646,0.07760800421237946,-0.10328482836484909,0.09442678838968277,0.034960635006427765,-0.17794856429100037,0.06656846404075623,-0.03814326971769333,-0.2409674972295761,0.030921436846256256,-0.12207333743572235,0.010539250448346138,0.19278593361377716,-0.9735608100891113,-0.18335068225860596,-0.0050936597399413586,0.30948638916015625,-0.9330459833145142,0.23241758346557617,0.013098295778036118,-0.49384039640426636,0.8378139734268188,-12.560531616210938,55.59962463378906,27.310546875,55.095703125,-7.703125,-46.5
647,0.07763108611106873,-0.1032920628786087,0.09445559978485107,0.035020675510168076,-0.17798668146133423,0.06663913279771805,-0.03800894692540169,-0.24110230803489685,0.03105243667960167,-0.12192295491695404,0.010473562404513359,0.19259759783744812,-0.9736177325248718,-0.18324875831604004,-0.005134107079356909,0.3092541992664337,-0.9331427812576294,0.2314884066581726,0.01309536024928093,-0.4931636154651642,0.8384697437286377,-12.560531616210938,55.59962463378906,27.22265625,55.095703125,-7.703125,-46.412109375
648,0.07766996324062347,-0.10326498746871948,0.09448271989822388,0.03506781905889511,-0.17801465094089508,0.06669227033853531,-0.03796473145484924,-0.2411820888519287,0.031163832172751427,-0.12116885930299759,0.010218237526714802,0.19196553528308868,-0.9738393425941467,-0.18304677307605743,-0.005248276516795158,0.30910661816596985,-0.9332306981086731,0.23142993450164795,0.012931648641824722,-0.49321967363357544,0.838455319404602,-12.560531616210938,55.51173400878906,27.22265625,55.095703125,-7.703125,-46.412109375
649,0.07764416188001633,-0.10334357619285583,0.09448107331991196,0.03508944436907768,-0.1780218482017517,0.06672656536102295,-0.03794903680682182,-0.24117715656757355,0.031238362193107605,-0.1226748675107956,0.01047476939857006,0.19331511855125427,-0.973380982875824,-0.18311768770217896,-0.005375911947339773,0.30910488963127136,-0.9332165718078613,0.23106378316879272,0.013279332779347897,-0.49307355284690857,0.8386369347572327,-12.560531616210938,55.51173400878906,27.310546875,55.095703125,-7.703125,-46.5
650,0.07764682918787003,-0.10331708937883377,0.09448756277561188,0.0350632481276989,-0.17801164090633392,0.0667320191860199,-0.038018736988306046,-0.2411307692527771,0.031270116567611694,-0.12228284776210785,0.010354648344218731,0.19303368031978607,-0.9734874367713928,-0.18318994343280792,-0.005491193849593401,0.30919650197029114,-0.9331714510917664,0.2310919314622879,0.01326982956379652,-0.4931706190109253,0.838572084903717,-12.560531616210938,55.59962463378906,27.22265625,55.095703125,-7.703125,-46.5
651,0.0776338204741478,-0.1032811626791954,0.09449146687984467,0.034993045032024384,-0.17798976600170135,0.06671429425477982,-0.03813314065337181,-0.2410474568605423,0.031071510165929794,-0.12166332453489304,0.010185777209699154,0.19250105321407318,-0.9736722707748413,-0.18317104876041412,-0.005657931789755821,0.3094518780708313,-0.9330894351005554,0.23073869943618774,0.011565502732992172,-0.4925132989883423,0.839080810546875,-12.560531616210938,55.51173400878906,27.310546875,55.095703125,-7.703125,-46.5
652,0.07758491486310959,-0.10328449308872223,0.09447383880615234,0.03489617630839348,-0.1779499650001526,0.06667561084032059,-0.03827111795544624,-0.24090713262557983,0.03104599006474018,-0.1218186542391777,0.010127623565495014,0.1927826702594757,-0.9735977649688721,-0.18316681683063507,-0.005785015411674976,0.30971911549568176,-0.9330008625984192,0.23029541969299316,0.0118046710267663,-0.49239498376846313,0.8392686247825623,-12.560531616210938,55.59962463378906,27.22265625,55.0078125,-7.703125,-46.412109375
653,0.07751326262950897,-0.10330337285995483,0.09445048868656158,0.0345810130238533,-0.17799174785614014,0.06693316251039505,-0.03856169059872627,-0.24074715375900269,0.0312135461717844,-0.12248928099870682,0.010314520448446274,0.19344688951969147,-0.9733798503875732,-0.1868782788515091,0.001896434579975903,0.3107944130897522,-0.9319226741790771,0.23260293900966644,0.013674997724592686,-0.4947182536125183,0.837235152721405,-12.560531616210938,55.51173400878906,27.310546875,55.0078125,-7.703125,-46.5
654,0.07746277004480362,-0.10327407717704773,0.09442445635795593,0.034461136907339096,-0.17793133854866028,0.0668724924325943,-0.03874306008219719,-0.24059270322322845,0.031041491776704788,-0.12221795320510864,0.01022880058735609,0.19336184859275818,-0.9734317660331726,-0.18690840899944305,0.0018457825062796474,0.3110644519329071,-0.931826651096344,0.2321913242340088,0.013313762843608856,-0.4946277141571045,0.8374088406562805,-12.560531616210938,55.51173400878906,27.22265625,55.095703125,-7.703125,-46.412109375
655,0.0773938000202179,-0.10328056663274765,0.09439440071582794,0.03433848172426224,-0.17786714434623718,0.06680849939584732,-0.03887923061847687,-0.2404041737318039,0.03072061575949192,-0.12264451384544373,0.010441591963171959,0.19387662410736084,-0.9732734560966492,-0.18691685795783997,0.0019155674381181598,0.3111966550350189,-0.9317806363105774,0.23123705387115479,0.011822542175650597,-0.4935106933116913,0.83835369348526,-12.560531616210938,55.51173400878906,27.22265625,55.095703125,-7.703125,-46.412109375
656,0.07734616845846176,-0.10324535518884659,0.0943726897239685,0.034212615340948105,-0.17780932784080505,0.06673379242420197,-0.0390542633831501,-0.24022473394870758,0.030584918335080147,-0.1223023384809494,0.010372626595199108,0.19360032677650452,-0.973372220993042,-0.18699057400226593,0.001965057570487261,0.3114396929740906,-0.9316844940185547,0.23134827613830566,0.011936034075915813,-0.49367907643318176,0.8382222652435303,-12.560531616210938,55.51173400878906,27.22265625,55.095703125,-7.703125,-46.412109375
657,0.07728592306375504,-0.10322439670562744,0.09434672445058823,0.034088436514139175,-0.1777571439743042,0.06665711849927902,-0.03922279551625252,-0.24007220566272736,0.030438030138611794,-0.12215796858072281,0.010443589650094509,0.1935376673936844,-0.9734020829200745,-0.1871926188468933,0.0020366245880723,0.311708927154541,-0.931553840637207,0.231622114777565,0.01190564688295126,-0.49383747577667236,0.8380537033081055,-12.560531616210938,55.51173400878906,27.22265625,55.095703125,-7.703125,-46.412109375
658,0.07721909880638123,-0.10321719199419022,0.09431315213441849,0.03397718444466591,-0.17770767211914062,0.06658510863780975,-0.039473533630371094,-0.23995809257030487,0.030523931607604027,-0.1222928836941719,0.01062743179500103,0.19386905431747437,-0.9733171463012695,-0.187373086810112,0.0021543067414313555,0.3118760287761688,-0.9314612746238708,0.2336146980524063,0.013362225145101547,-0.495985746383667,0.8362079858779907,-12.560531616210938,55.51173400878906,27.310546875,55.095703125,-7.703125,-46.5
659,0.07716144621372223,-0.10323608666658401,0.094281405210495,0.03412030264735222,-0.17756089568138123,0.06620136648416519,-0.039559606462717056,-0.23983438313007355,0.03040541708469391,-0.12300696223974228,0.010914725251495838,0.1945887953042984,-0.9730803370475769,-0.18345907330513,-0.005907097365707159,0.31116631627082825,-0.9324610233306885,0.23346960544586182,0.01349453255534172,-0.4959353804588318,0.8362762928009033,-12.560531616210938,55.51173400878906,27.310546875,55.095703125,-7.703125,-46.5
660,0.07714486867189407,-0.10320405662059784,0.09426829218864441,0.034061141312122345,-0.1775183081626892,0.06617282330989838,-0.03963194042444229,-0.23975366353988647,0.030293092131614685,-0.12254057824611664,0.010861987248063087,0.1941860169172287,-0.9732202291488647,-0.18338210880756378,-0.005432352889329195,0.31103241443634033,-0.9325236082077026,0.23374859988689423,0.013341040350496769,-0.4961097538471222,0.8360974192619324,-12.560531616210938,55.51173400878906,27.22265625,55.0078125,-7.703125,-46.5
661,0.07713191211223602,-0.1032014712691307,0.09425259381532669,0.034038618206977844,-0.17750303447246552,0.06613658368587494,-0.03962034359574318,-0.23971259593963623,0.02994362637400627,-0.12254953384399414,0.010940669104456902,0.19416821002960205,-0.9732218384742737,-0.18342174589633942,-0.005307692568749189,0.3110226094722748,-0.9325198531150818,0.2330576479434967,0.011160261929035187,-0.49490395188331604,0.8370361924171448,-12.560531616210938,55.59962463378906,27.22265625,55.095703125,-7.703125,-46.5
662,0.07713299989700317,-0.1031980887055397,0.09424453228712082,0.03404192253947258,-0.17749477922916412,0.06611095368862152,-0.039585012942552567,-0.2396811693906784,0.029881218448281288,-0.12258094549179077,0.011027025990188122,0.19419142603874207,-0.9732122421264648,-0.18358087539672852,-0.005169402342289686,0.3110409677028656,-0.9324831366539001,0.23271659016609192,0.011340971104800701,-0.49463582038879395,0.8372871279716492,-12.560531616210938,55.59962463378906,27.22265625,55.095703125,-7.703125,-46.412109375
663,0.07711590826511383,-0.10324811935424805,0.09423039108514786,0.03406515717506409,-0.1774986833333969,0.06609915941953659,-0.03952145576477051,-0.2396971881389618,0.029833417385816574,-0.12354376167058945,0.011260655708611012,0.19495978951454163,-0.9729341268539429,-0.183619886636734,-0.0050482721999287605,0.3109557330608368,-0.9325046539306641,0.23264078795909882,0.011470000259578228,-0.49443188309669495,0.8374269604682922,-12.560531616210938,55.59962463378906,27.22265625,55.095703125,-7.615234375,-46.412109375
664,0.07715466618537903,-0.10320710390806198,0.094244584441185,0.03410707786679268,-0.17751537263393402,0.0661063864827156,-0.0394928865134716,-0.2397543340921402,0.03007267415523529,-0.12274743616580963,0.011211585253477097,0.1942363828420639,-0.9731801152229309,-0.18358319997787476,-0.00496673071756959,0.31084465980529785,-0.932549238204956,0.23395507037639618,0.013262821361422539,-0.4957254230976105,0.8362687230110168,-12.560531616210938,55.51173400878906,27.22265625,55.095703125,-7.703125,-46.5
665,0.07718504220247269,-0.10320249944925308,0.0942508727312088,0.034167736768722534,-0.177541583776474,0.06612393260002136,-0.039390094578266144,-0.23984049260616302,0.030087832361459732,-0.12253017723560333,0.011189285665750504,0.19400086998939514,-0.9732548594474792,-0.18350578844547272,-0.0048749265260994434,0.31072723865509033,-0.9326041340827942,0.23397502303123474,0.013180188834667206,-0.49560678005218506,0.836334764957428,-12.560531616210938,55.59962463378906,27.22265625,55.095703125,-7.703125,-46.5
666,0.07721740752458572,-0.10320824384689331,0.09425957500934601,0.03423503413796425,-0.177578866481781,0.06614776700735092,-0.039280787110328674,-0.23995652794837952,0.030123703181743622,-0.12247204780578613,0.011130989529192448,0.19386856257915497,-0.9732891917228699,-0.1836097240447998,-0.004798445384949446,0.3106161952018738,-0.9326211214065552,0.23415760695934296,0.013107109814882278,-0.4955633282661438,0.8363105654716492,-12.560531616210938,55.59962463378906,27.22265625,55.095703125,-7.703125,-46.5
667,0.07724442332983017,-0.10321304202079773,0.09426980465650558,0.034308284521102905,-0.17761683464050293,0.06618379801511765,-0.03908519446849823,-0.24007782340049744,0.029946403577923775,-0.12243007123470306,0.011124223470687866,0.1938023865222931,-0.9733076691627502,-0.18356986343860626,-0.004777171649038792,0.3104386031627655,-0.9326881766319275,0.2324826419353485,0.011317934840917587,-0.4937995672225952,0.8378459215164185,-12.560531616210938,55.59962463378906,27.22265625,55.095703125,-7.703125,-46.5
668,0.07727708667516708,-0.103225477039814,0.0942867249250412,0.03439053148031235,-0.17766080796718597,0.06621749699115753,-0.03893818333745003,-0.24020059406757355,0.030041281133890152,-0.12255337089300156,0.011149951256811619,0.19379271566867828,-0.9732938408851624,-0.18343491852283478,-0.004875663202255964,0.31032589077949524,-0.9327517747879028,0.23225440084934235,0.011366232298314571,-0.49348416924476624,0.8380942344665527,-12.560531616210938,55.59962463378906,27.22265625,55.095703125,-7.703125,-46.5
669,0.07731366902589798,-0.10323656350374222,0.09430200606584549,0.03446826711297035,-0.1777002513408661,0.06626810133457184,-0.03882439061999321,-0.24033117294311523,0.030137337744235992,-0.12244313210248947,0.0110481521114707,0.19367562234401703,-0.9733321666717529,-0.18323971331119537,-0.004876274615526199,0.31011027097702026,-0.932861864566803,0.2321186065673828,0.011241108179092407,-0.4933721721172333,0.8381996750831604,-12.560531616210938,55.51173400878906,27.22265625,55.095703125,-7.703125,-46.412109375
670,0.07734613865613937,-0.10324834287166595,0.094316266477108,0.03453630208969116,-0.17774611711502075,0.06631506979465485,-0.03875671327114105,-0.24045422673225403,0.03045409545302391,-0.1224185973405838,0.010948753915727139,0.19360478222370148,-0.973350465297699,-0.18318213522434235,-0.00490043917670846,0.3099813461303711,-0.9329158663749695,0.23305648565292358,0.012998403050005436,-0.49453669786453247,0.8372270464897156,-12.560531616210938,55.59962463378906,27.22265625,55.095703125,-7.615234375,-46.412109375
671,0.07737327367067337,-0.10324586182832718,0.09433305263519287,0.03459162637591362,-0.17777778208255768,0.06636462360620499,-0.03867054358124733,-0.2405538260936737,0.030554339289665222,-0.12229638546705246,0.010837463662028313,0.19338154792785645,-0.9734114408493042,-0.18312466144561768,-0.00496677216142416,0.309854656457901,-0.9329689145088196,0.2327636331319809,0.013038274832069874,-0.4943847954273224,0.8373976349830627,-12.560531616210938,55.59962463378906,27.22265625,55.0078125,-7.703125,-46.412109375
672,0.0773932933807373,-0.10325225442647934,0.09434833377599716,0.03463302552700043,-0.1778063178062439,0.06640443950891495,-0.038635991513729095,-0.24063797295093536,0.030639374628663063,-0.12226799875497818,0.010756643489003181,0.19339561462402344,-0.9734131097793579,-0.18313482403755188,-0.005050118081271648,0.30979403853416443,-0.9329865574836731,0.23298002779483795,0.012876455672085285,-0.4944652318954468,0.8372923731803894,-12.560531616210938,55.59962463378906,27.22265625,55.0078125,-7.615234375,-46.412109375
673,0.07740428298711777,-0.10326530784368515,0.09435756504535675,0.03465689718723297,-0.17783083021640778,0.06643926352262497,-0.038594361394643784,-0.24068503081798553,0.030727041885256767,-0.12224102020263672,0.010670053772628307,0.1934380978345871,-0.9734090566635132,-0.18315812945365906,-0.005168126430362463,0.30977264046669006,-0.9329884052276611,0.23266439139842987,0.013020077720284462,-0.4943101108074188,0.8374695777893066,-12.560531616210938,55.59962463378906,27.22265625,55.095703125,-7.703125,-46.412109375
674,0.07740604877471924,-0.10327579081058502,0.09436517208814621,0.034666091203689575,-0.17784146964550018,0.06646327674388885,-0.03860018774867058,-0.2407122552394867,0.03078857623040676,-0.1223752349615097,0.010617518797516823,0.19348302483558655,-0.9733838438987732,-0.1830793023109436,-0.0052888477221131325,0.309796541929245,-0.9329952597618103,0.23262004554271698,0.013009710237383842,-0.49435365200042725,0.8374564051628113,-12.560531616210938,55.59962463378906,27.22265625,55.095703125,-7.703125,-46.412109375
675,0.07740376889705658,-0.10326654464006424,0.09437252581119537,0.034653060138225555,-0.17784325778484344,0.06648168712854385,-0.038610853254795074,-0.2407025545835495,0.030846871435642242,-0.12218168377876282,0.010530871339142323,0.1933804154396057,-0.9734293818473816,-0.18304622173309326,-0.005435917526483536,0.3098251223564148,-0.9329915046691895,0.23224201798439026,0.013216160237789154,-0.4941807985305786,0.8376600742340088,-12.560531616210938,55.51173400878906,27.310546875,55.095703125,-7.703125,-46.412109375
676,0.07739033550024033,-0.1032576635479927,0.09437340497970581,0.034623317420482635,-0.1778373271226883,0.06648235768079758,-0.0386493019759655,-0.2406967431306839,0.030656371265649796,-0.12211289256811142,0.010498329997062683,0.19328196346759796,-0.973457932472229,-0.18310876190662384,-0.005543846637010574,0.30995476245880127,-0.9329354166984558,0.2316700518131256,0.011272710748016834,-0.4933517575263977,0.8383352756500244,-12.560531616210938,55.51173400878906,27.310546875,55.095703125,-7.615234375,-46.412109375
677,0.07737543433904648,-0.1032569631934166,0.09437292069196701,0.03437064215540886,-0.17791993916034698,0.0667853057384491,-0.03869976848363876,-0.2406361997127533,0.030687807127833366,-0.12211456149816513,0.010438459925353527,0.19333891570568085,-0.9734470248222351,-0.18691521883010864,0.0021619736216962337,0.3109130263328552,-0.9318750500679016,0.23105376958847046,0.011714581400156021,-0.4932224154472351,0.8385753035545349,-12.560531616210938,55.59962463378906,27.22265625,55.0078125,-7.615234375,-46.412109375
678,0.07735487073659897,-0.10325697809457779,0.09437068551778793,0.034325599670410156,-0.17789801955223083,0.06677921116352081,-0.03886348381638527,-0.2405834197998047,0.030877871438860893,-0.12220852822065353,0.010462727397680283,0.19336886703968048,-0.9734290838241577,-0.18681515753269196,0.0021147062070667744,0.31097373366355896,-0.9318750500679016,0.23267702758312225,0.012961403466761112,-0.49478843808174133,0.837184488773346,-12.560531616210938,55.59962463378906,27.310546875,55.095703125,-7.703125,-46.412109375
679,0.07730948179960251,-0.10330221801996231,0.09435755759477615,0.03427407518029213,-0.17787614464759827,0.06676173210144043,-0.03892906382679939,-0.2404954582452774,0.030862098559737206,-0.12304946780204773,0.010729285888373852,0.19434288144111633,-0.973126232624054,-0.1868877112865448,0.002121795667335391,0.3110816180706024,-0.9318244457244873,0.23236706852912903,0.013146311044692993,-0.494663268327713,0.8373417258262634,-12.560531616210938,55.51173400878906,27.310546875,55.095703125,-7.703125,-46.412109375
680,0.07731103152036667,-0.1032450869679451,0.09435920417308807,0.034223709255456924,-0.17784658074378967,0.06673932820558548,-0.03896883502602577,-0.24041014909744263,0.030615460127592087,-0.1222127377986908,0.01044671330600977,0.19352537393569946,-0.9733976721763611,-0.18690671026706696,0.00207748101092875,0.3111421763896942,-0.9318005442619324,0.23147699236869812,0.0116770314052701,-0.49355196952819824,0.8382651805877686,-12.560531616210938,55.59962463378906,27.22265625,55.095703125,-7.703125,-46.412109375
681,0.07729168981313705,-0.10323917120695114,0.09435097128152847,0.034177232533693314,-0.1778191328048706,0.06671366095542908,-0.039042878895998,-0.24032409489154816,0.03056994266808033,-0.12228512763977051,0.010436560027301311,0.19364005327224731,-0.973365843296051,-0.1870034784078598,0.002057700650766492,0.311269611120224,-0.931738555431366,0.23143774271011353,0.011739680543541908,-0.49359968304634094,0.8382471799850464,-12.560531616210938,55.59962463378906,27.310546875,55.095703125,-7.703125,-46.5
682,0.07727299630641937,-0.10323237627744675,0.09434545040130615,0.0341370515525341,-0.1777997761964798,0.06668902933597565,-0.03927196189761162,-0.24029883742332458,0.03068772703409195,-0.1221579983830452,0.010480995289981365,0.19353033602237701,-0.9734030961990356,-0.18694254755973816,0.0020386544056236744,0.31132325530052185,-0.9317329525947571,0.2346494048833847,0.012458640150725842,-0.49588438868522644,0.8359923362731934,-12.560531616210938,55.51173400878906,27.310546875,55.095703125,-7.615234375,-46.5
683,0.07726598531007767,-0.10323353856801987,0.09433890879154205,0.03411144018173218,-0.17778493463993073,0.06666120141744614,-0.03920082747936249,-0.2401971071958542,0.03067961148917675,-0.12226740270853043,0.010556260123848915,0.19362078607082367,-0.9733705520629883,-0.1869955062866211,0.0020831646397709846,0.31141406297683716,-0.9316918253898621,0.23288173973560333,0.01353384181857109,-0.4951482117176056,0.836905837059021,-12.560531616210938,55.51173400878906,27.22265625,55.095703125,-7.703125,-46.412109375
684,0.07725060731172562,-0.10324322432279587,0.09432663023471832,0.03409798443317413,-0.17777156829833984,0.06663955003023148,-0.03921613097190857,-0.24015967547893524,0.030627988278865814,-0.12255875766277313,0.010613847523927689,0.19395188987255096,-0.9732673764228821,-0.18707282841205597,0.0021277370397001505,0.31142929196357727,-0.931671142578125,0.2329377382993698,0.01360409241169691,-0.49515512585639954,0.8368849158287048,-12.560531616210938,55.59962463378906,27.22265625,55.095703125,-7.703125,-46.5
685,0.07722266763448715,-0.10328885167837143,0.09431163966655731,0.0343211404979229,-0.17766979336738586,0.06630672514438629,-0.03921378031373024,-0.2401488572359085,0.030579544603824615,-0.12344219535589218,0.010921282693743706,0.1946946382522583,-0.9730039834976196,-0.18317818641662598,-0.005805622320622206,0.3105548918247223,-0.9327206611633301,0.23310452699661255,0.013607459142804146,-0.4952155351638794,0.8368026614189148,-12.560531616210938,55.59962463378906,27.22265625,55.095703125,-7.703125,-46.412109375
686,0.07722744345664978,-0.10328652709722519,0.09431106597185135,0.03433489054441452,-0.17767155170440674,0.06629839539527893,-0.03918791189789772,-0.2401653230190277,0.03053426370024681,-0.1233702078461647,0.010958578437566757,0.19455082714557648,-0.9730414748191833,-0.18311797082424164,-0.005647193640470505,0.3104800879955292,-0.9327583312988281,0.23329171538352966,0.013461978174746037,-0.49523603916168213,0.8367407321929932,-12.560531616210938,55.59962463378906,27.22265625,55.0078125,-7.703125,-46.412109375
687,0.07726149260997772,-0.10325891524553299,0.09431325644254684,0.03436202183365822,-0.17768214643001556,0.06629496812820435,-0.03914026543498039,-0.24019412696361542,0.03050961345434189,-0.12274464219808578,0.010881612077355385,0.19403158128261566,-0.9732251763343811,-0.18319512903690338,-0.005436690989881754,0.3103827238082886,-0.9327768683433533,0.2333841472864151,0.01329867634922266,-0.49516603350639343,0.836759090423584,-12.560531616210938,55.59962463378906,27.310546875,55.095703125,-7.615234375,-46.5
688,0.0772666335105896,-0.10327397286891937,0.09430979937314987,0.03439304605126381,-0.1776912659406662,0.06629686802625656,-0.0390000082552433,-0.24024806916713715,0.03025609627366066,-0.1229911521077156,0.010970378294587135,0.19415098428726196,-0.973169207572937,-0.18311603367328644,-0.005265571642667055,0.31022346019744873,-0.9328463077545166,0.2319789081811905,0.011442611925303936,-0.4935010075569153,0.8381596803665161,-12.560531616210938,55.51173400878906,27.310546875,55.095703125,-7.615234375,-46.412109375
689,0.07729766517877579,-0.10325023531913757,0.09431210905313492,0.03443343937397003,-0.1777096390724182,0.06629753857851028,-0.03895895183086395,-0.24032297730445862,0.03022882156074047,-0.12256255000829697,0.010872742161154747,0.1937413513660431,-0.9733059406280518,-0.18323305249214172,-0.005153323523700237,0.3100980818271637,-0.9328657388687134,0.23258304595947266,0.011033234186470509,-0.49372056126594543,0.8378684520721436,-12.560531616210938,55.51173400878906,27.310546875,55.095703125,-7.703125,-46.412109375
690,0.07732025533914566,-0.10324263572692871,0.09431476891040802,0.03447836637496948,-0.17772626876831055,0.06630758941173553,-0.0388418585062027,-0.24037913978099823,0.03023708611726761,-0.1223641037940979,0.010893655940890312,0.1935162991285324,-0.9733754396438599,-0.1831437349319458,-0.005048514809459448,0.30992913246154785,-0.932939887046814,0.2320972979068756,0.01126942690461874,-0.493347704410553,0.8382195234298706,-12.560531616210938,55.59962463378906,27.22265625,55.095703125,-7.703125,-46.412109375
691,0.07734153419733047,-0.10325073450803757,0.09432149678468704,0.03452236205339432,-0.1777515560388565,0.06632336229085922,-0.03880087286233902,-0.24045540392398834,0.03046518750488758,-0.12226935476064682,0.010887217707931995,0.19346383213996887,-0.973397970199585,-0.18311533331871033,-0.004914277698844671,0.3098103404045105,-0.9329857230186462,0.23324841260910034,0.012915216386318207,-0.49451932311058044,0.837185263633728,-12.560531616210938,55.59962463378906,27.310546875,55.095703125,-7.703125,-46.412109375
692,0.07736173272132874,-0.1032545194029808,0.09432712942361832,0.03456667438149452,-0.17777645587921143,0.06634080410003662,-0.038732871413230896,-0.24052794277668,0.03048507124185562,-0.12223484367132187,0.01086937915533781,0.1933251917362213,-0.9734299182891846,-0.1830613911151886,-0.004855272825807333,0.3097226917743683,-0.9330256581306458,0.23326659202575684,0.012767610140144825,-0.49445053935050964,0.8372229337692261,-12.560531616210938,55.59962463378906,27.310546875,55.095703125,-7.703125,-46.412109375
693,0.07737161219120026,-0.10326218605041504,0.09432917088270187,0.03460238128900528,-0.1777936816215515,0.06635434925556183,-0.038654305040836334,-0.24057652056217194,0.03052058070898056,-0.12232168763875961,0.010904609225690365,0.19343698024749756,-0.9733964800834656,-0.1831216812133789,-0.004870868753641844,0.30966225266456604,-0.93303382396698,0.23291431367397308,0.012921158224344254,-0.4942900538444519,0.8374134302139282,-12.560531616210938,55.51173400878906,27.22265625,55.0078125,-7.615234375,-46.412109375
694,0.0773882046341896,-0.10325505584478378,0.09433257579803467,0.034631453454494476,-0.1778077781200409,0.06637174636125565,-0.0386575348675251,-0.24064113199710846,0.03053087741136551,-0.1222078800201416,0.010806707665324211,0.19326062500476837,-0.9734469056129456,-0.18311205506324768,-0.004875506740063429,0.30957743525505066,-0.933063805103302,0.23363067209720612,0.012475254945456982,-0.49460357427597046,0.8370355367660522,-12.560531616210938,55.51173400878906,27.22265625,55.095703125,-7.703125,-46.412109375
695,0.077396459877491,-0.10325880348682404,0.09433891624212265,0.0346519760787487,-0.17781847715377808,0.06639052927494049,-0.03858628496527672,-0.24065521359443665,0.030584920197725296,-0.12213286012411118,0.010801472701132298,0.1932239830493927,-0.9734635949134827,-0.18295025825500488,-0.004971609450876713,0.309548020362854,-0.9331047534942627,0.23281387984752655,0.012939438223838806,-0.49421581625938416,0.8374850153923035,-12.560531616210938,55.51173400878906,27.22265625,55.0078125,-7.703125,-46.412109375
696,0.07739633321762085,-0.1032663881778717,0.0943484976887703,0.034657612442970276,-0.17782913148403168,0.06640408933162689,-0.03858610615134239,-0.24067822098731995,0.030617304146289825,-0.12222275137901306,0.010853809304535389,0.19332966208457947,-0.9734308123588562,-0.18307523429393768,-0.004896321799606085,0.3095565438270569,-0.933077871799469,0.23287515342235565,0.01284576952457428,-0.49429696798324585,0.8374214172363281,-12.560531616210938,55.51173400878906,27.310546875,55.0078125,-7.703125,-46.412109375
697,0.07739607989788055,-0.1032678484916687,0.09435036033391953,0.03465183451771736,-0.1778322011232376,0.06641628593206406,-0.038601890206336975,-0.24068334698677063,0.030645929276943207,-0.12223156541585922,0.01076320931315422,0.19335763156414032,-0.9734251499176025,-0.18305045366287231,-0.005001892801374197,0.30958008766174316,-0.9330743551254272,0.23287376761436462,0.012876414693892002,-0.4943031966686249,0.837417721748352,-12.560531616210938,55.51173400878906,27.310546875,55.0078125,-7.703125,-46.412109375
698,0.07739390432834625,-0.10326185822486877,0.0943523496389389,0.034639984369277954,-0.1778285652399063,0.06642478704452515,-0.03867968171834946,-0.24069800972938538,0.03064890019595623,-0.12221726775169373,0.010704242624342442,0.19328394532203674,-0.9734422564506531,-0.18303659558296204,-0.005064904224127531,0.3096361458301544,-0.9330582022666931,0.23374579846858978,0.01241516787558794,-0.49463340640068054,0.8369866013526917,-12.560531616210938,55.59962463378906,27.22265625,55.095703125,-7.703125,-46.5
699,0.07738307118415833,-0.10325586795806885,0.09435762465000153,0.03462236747145653,-0.17782139778137207,0.06642700731754303,-0.0386669859290123,-0.24065279960632324,0.030701901763677597,-0.12215126305818558,0.010712451301515102,0.193238765001297,-0.9734594225883484,-0.1830524206161499,-0.005212560761719942,0.30965709686279297,-0.9330472946166992,0.23280303180217743,0.012939129024744034,-0.4943665862083435,0.8373989462852478,-12.560531616210938,55.51173400878906,27.310546875,55.0078125,-7.703125,-46.412109375
700,0.07737086713314056,-0.10326655209064484,0.09435678273439407,0.03460058569908142,-0.1778138279914856,0.06643284857273102,-0.03863334655761719,-0.24061466753482819,0.03052370250225067,-0.122329942882061,0.010656137950718403,0.1934378296136856,-0.9733980298042297,-0.18294592201709747,-0.005323958583176136,0.3097238838672638,-0.9330453872680664,0.23112310469150543,0.011526434682309628,-0.49282217025756836,0.8387941122055054,-12.560531616210938,55.51173400878906,27.22265625,55.095703125,-7.703125,-46.412109375
701,0.07736264914274216,-0.10325928032398224,0.0943620428442955,0.03457226604223251,-0.1778068244457245,0.06643590331077576,-0.03870520740747452,-0.24058377742767334,0.03054431639611721,-0.12216874957084656,0.010606358759105206,0.19334857165813446,-0.9734365940093994,-0.1829415261745453,-0.005366780795156956,0.30981045961380005,-0.9330171942710876,0.23125852644443512,0.01149409543722868,-0.49306729435920715,0.8386132717132568,-12.560531616210938,55.59962463378906,27.22265625,55.095703125,-7.703125,-46.5
702,0.07733854651451111,-0.10327669978141785,0.09435739368200302,0.03454379737377167,-0.1777944713830948,0.06643309444189072,-0.03877633064985275,-0.24055306613445282,0.030554551631212234,-0.12261945754289627,0.010646057315170765,0.19373345375061035,-0.973302960395813,-0.18294508755207062,-0.005478941835463047,0.3098890781402588,-0.932989776134491,0.23144784569740295,0.011480193585157394,-0.493367999792099,0.8383842706680298,-12.560531616210938,55.59962463378906,27.310546875,55.095703125,-7.703125,-46.5
703,0.07733605057001114,-0.10325117409229279,0.09435920417308807,0.03451886028051376,-0.1777845323085785,0.06642934679985046,-0.03887437283992767,-0.24051788449287415,0.030771028250455856,-0.12217442691326141,0.010568523779511452,0.19340640306472778,-0.9734247922897339,-0.18295282125473022,-0.005597460549324751,0.3099593222141266,-0.9329642057418823,0.23252810537815094,0.013131032697856426,-0.4945920705795288,0.8373393416404724,-12.560531616210938,55.59962463378906,27.22265625,55.095703125,-7.703125,-46.5
704,0.07732734084129333,-0.10325261205434799,0.09435971826314926,0.03427734971046448,-0.1778760403394699,0.0667361244559288,-0.03891946002840996,-0.2404922991991043,0.030772889032959938,-0.12218888103961945,0.010524238459765911,0.1934211254119873,-0.9734204411506653,-0.18685561418533325,0.0022797314450144768,0.3108628988265991,-0.9319034814834595,0.23261329531669617,0.013073218986392021,-0.49467241764068604,0.8372690081596375,-12.560531616210938,55.51173400878906,27.22265625,55.095703125,-7.703125,-46.412109375
705,0.07731128484010696,-0.1032700389623642,0.09435568749904633,0.03426177799701691,-0.17786864936351776,0.06673429906368256,-0.038949061185121536,-0.24047018587589264,0.030771903693675995,-0.12248942255973816,0.01061373669654131,0.19368615746498108,-0.9733290076255798,-0.18674573302268982,0.002224978292360902,0.31088632345199585,-0.9319177865982056,0.23260387778282166,0.013077128678560257,-0.49463316798210144,0.8372948169708252,-12.560531616210938,55.51173400878906,27.22265625,55.095703125,-7.703125,-46.412109375
706,0.07730996608734131,-0.10326255112886429,0.09435442835092545,0.03424916788935661,-0.17786669731140137,0.06673107296228409,-0.03896951675415039,-0.24045901000499725,0.030768416821956635,-0.12245460599660873,0.01059802807867527,0.1935454159975052,-0.9733615517616272,-0.1868564486503601,0.0022504921071231365,0.31093552708625793,-0.9318792223930359,0.23266063630580902,0.013128979131579399,-0.4947025775909424,0.8372372388839722,-12.560531616210938,55.51173400878906,27.22265625,55.095703125,-7.615234375,-46.5
707,0.07731083035469055,-0.10325472801923752,0.09435446560382843,0.03424631059169769,-0.17786437273025513,0.06672613322734833,-0.03897092863917351,-0.24045585095882416,0.030759744346141815,-0.12225411832332611,0.01057538203895092,0.19347776472568512,-0.9734004735946655,-0.18686224520206451,0.00220834044739604,0.31089478731155396,-0.931891679763794,0.23266854882240295,0.013146592304110527,-0.494631290435791,0.837276816368103,-12.560531616210938,55.59962463378906,27.22265625,55.095703125,-7.703125,-46.5
708,0.0773199200630188,-0.10324832797050476,0.09435228258371353,0.03425203636288643,-0.17787183821201324,0.06672440469264984,-0.03901742771267891,-0.2404862940311432,0.030730189755558968,-0.12208978086709976,0.010488093830645084,0.19327130913734436,-0.9734631180763245,-0.1869220733642578,0.0022702619899064302,0.31094130873680115,-0.9318639636039734,0.23365963995456696,0.01253979280591011,-0.4953126907348633,0.8366070985794067,-12.560531616210938,55.59962463378906,27.310546875,55.0078125,-7.615234375,-46.412109375
709,0.0772995874285698,-0.1033070981502533,0.09434125572443008,0.03426816314458847,-0.1778724044561386,0.06672308593988419,-0.0389285571873188,-0.240473672747612,0.030742503702640533,-0.12309332191944122,0.010808616876602173,0.19427569210529327,-0.9731332063674927,-0.18678995966911316,0.002316199243068695,0.3108297884464264,-0.9319276213645935,0.23255522549152374,0.013159987516701221,-0.49458587169647217,0.8373348712921143,-12.560531616210938,55.51173400878906,27.22265625,55.095703125,-7.615234375,-46.412109375
710,0.07732896506786346,-0.10326085984706879,0.09435243159532547,0.034501828253269196,-0.17778179049491882,0.06641113758087158,-0.03889741003513336,-0.24050092697143555,0.03073428012430668,-0.12220889329910278,0.01056387834250927,0.19339513778686523,-0.9734227657318115,-0.18290749192237854,-0.005533558316528797,0.30993932485580444,-0.9329801797866821,0.23264430463314056,0.013086270540952682,-0.49458229541778564,0.8373134732246399,-12.560531616210938,55.51173400878906,27.310546875,55.095703125,-7.703125,-46.5
711,0.07733757048845291,-0.10325946658849716,0.09435153752565384,0.03452268987894058,-0.17778952419757843,0.06641066074371338,-0.03879769518971443,-0.24052391946315765,0.030513158068060875,-0.12222906947135925,0.010620535351336002,0.1933842897415161,-0.9734217524528503,-0.18299832940101624,-0.005424876697361469,0.3098430037498474,-0.9329949021339417,0.23141074180603027,0.011476370505988598,-0.49319830536842346,0.8384943604469299,-12.560531616210938,55.51173400878906,27.310546875,55.095703125,-7.703125,-46.5
712,0.07733837515115738,-0.10327533632516861,0.09434907138347626,0.03454635292291641,-0.17779868841171265,0.06641140580177307,-0.03873859718441963,-0.24055349826812744,0.03049696609377861,-0.12250113487243652,0.010756769217550755,0.19356532394886017,-0.9733499884605408,-0.18300825357437134,-0.005302198231220245,0.30975964665412903,-0.9330214262008667,0.2313634753227234,0.011499113403260708,-0.4930657744407654,0.8385849595069885,-12.560531616210938,55.51173400878906,27.22265625,55.0078125,-7.703125,-46.412109375
713,0.07735150307416916,-0.10328079015016556,0.09434881061315536,0.034572940319776535,-0.17780758440494537,0.06641257554292679,-0.038735754787921906,-0.24058635532855988,0.030691388994455338,-0.12252697348594666,0.01077935378998518,0.19360819458961487,-0.9733380675315857,-0.18296225368976593,-0.005207164213061333,0.3096920847892761,-0.9330533742904663,0.2326139360666275,0.012984143570065498,-0.4942108690738678,0.8375427722930908,-12.560531616210938,55.51173400878906,27.22265625,55.095703125,-7.703125,-46.412109375
714,0.07737210392951965,-0.10326098650693893,0.09435329586267471,0.03460027649998665,-0.1778164952993393,0.0664152055978775,-0.03868727385997772,-0.24061733484268188,0.030680019408464432,-0.12214268743991852,0.01073229219764471,0.19319897890090942,-0.9734681248664856,-0.18291886150836945,-0.005154408048838377,0.30958041548728943,-0.9330992102622986,0.23255276679992676,0.012995323166251183,-0.4941539168357849,0.837593138217926,-12.560531616210938,55.51173400878906,27.22265625,55.095703125,-7.703125,-46.412109375
715,0.07738400250673294,-0.10325869172811508,0.09435370564460754,0.03462032228708267,-0.17782340943813324,0.06641855090856552,-0.03864450380206108,-0.2406466007232666,0.03066830150783062,-0.12212643027305603,0.010699492879211903,0.19317688047885895,-0.9734749794006348,-0.18304204940795898,-0.0050317952409386635,0.30952489376068115,-0.9330940842628479,0.23261232674121857,0.012996961362659931,-0.49411633610725403,0.8375988602638245,-12.560531616210938,55.51173400878906,27.22265625,55.095703125,-7.703125,-46.5
716,0.07736906409263611,-0.1033029779791832,0.09434420615434647,0.03464125841856003,-0.17783144116401672,0.06642140448093414,-0.03861306980252266,-0.24067242443561554,0.03065975196659565,-0.12285376340150833,0.010934331454336643,0.19392745196819305,-0.9732314944267273,-0.18297840654850006,-0.00504012405872345,0.3094666302204132,-0.9331259727478027,0.23269373178482056,0.012986472807824612,-0.49408939480781555,0.8375921845436096,-12.560531616210938,55.42384338378906,27.22265625,55.095703125,-7.703125,-46.412109375
717,0.07739785313606262,-0.1032678410410881,0.094354048371315,0.03465629741549492,-0.17783939838409424,0.06642388552427292,-0.038611192256212234,-0.24070271849632263,0.03064531274139881,-0.12214430421590805,0.010742554441094398,0.19314582645893097,-0.973478376865387,-0.18291036784648895,-0.005000640172511339,0.3094567060470581,-0.9331427216529846,0.23307405412197113,0.012747073546051979,-0.494284451007843,0.8373749852180481,-12.560531616210938,55.42384338378906,27.310546875,55.0078125,-7.615234375,-46.412109375
718,0.07739842683076859,-0.10326987504959106,0.09435881674289703,0.034665677696466446,-0.17784398794174194,0.06642821431159973,-0.03856843337416649,-0.24070557951927185,0.030656835064291954,-0.12221284210681915,0.010814100503921509,0.1932128667831421,-0.9734557271003723,-0.18295958638191223,-0.004920802544802427,0.3094044029712677,-0.9331508278846741,0.23267820477485657,0.012935539707541466,-0.4940788745880127,0.8376035690307617,-12.560531616210938,55.42384338378906,27.22265625,55.095703125,-7.703125,-46.412109375
719,0.07739853858947754,-0.1032722219824791,0.0943552702665329,0.03467174246907234,-0.1778486669063568,0.06642597168684006,-0.03859885036945343,-0.24072685837745667,0.030645053833723068,-0.12223127484321594,0.010849706828594208,0.1932758390903473,-0.973440408706665,-0.1829640418291092,-0.004992182366549969,0.3094245195388794,-0.9331429600715637,0.2333223670721054,0.012594479136168957,-0.4944489896297455,0.837211012840271,-12.560531616210938,55.33595275878906,27.22265625,55.0078125,-7.703125,-46.5
720,0.07738837599754333,-0.10329102724790573,0.09434965997934341,0.03467118367552757,-0.17784756422042847,0.06642908602952957,-0.03857174515724182,-0.24071480333805084,0.030664008110761642,-0.12258481979370117,0.010890627279877663,0.1936236023902893,-0.9733264446258545,-0.18292100727558136,-0.005021441727876663,0.3093899190425873,-0.9331626892089844,0.23276464641094208,0.012938073836266994,-0.4941251277923584,0.8375521302223206,-12.560531616210938,55.33595275878906,27.22265625,55.095703125,-7.703125,-46.412109375
721,0.07739996910095215,-0.10326754301786423,0.09435740858316422,0.034664612263441086,-0.1778465062379837,0.06643009930849075,-0.03858945891261101,-0.24071237444877625,0.030672656372189522,-0.12211120128631592,0.010726818814873695,0.19320116937160492,-0.9734717011451721,-0.18295036256313324,-0.005028347950428724,0.3093918263912201,-0.9331563115119934,0.23281140625476837,0.012892873957753181,-0.49413615465164185,0.8375333547592163,-12.560531616210938,55.33595275878906,27.22265625,55.0078125,-7.703125,-46.412109375
722,0.07739009708166122,-0.10327771306037903,0.09435911476612091,0.03465306758880615,-0.1778452843427658,0.06643673032522202,-0.03859288990497589,-0.240698903799057,0.030689707025885582,-0.12229172140359879,0.010814077220857143,0.1933249533176422,-0.9734235405921936,-0.1829317808151245,-0.00503699341788888,0.3094119727611542,-0.9331532120704651,0.23256459832191467,0.01302647590637207,-0.4940139055252075,0.8376719951629639,-12.560531616210938,55.24806213378906,27.310546875,55.0078125,-7.703125,-46.412109375
723,0.07738636434078217,-0.10327499359846115,0.0943562388420105,0.034639958292245865,-0.17784318327903748,0.06643658876419067,-0.03862093761563301,-0.2406880408525467,0.030702941119670868,-0.1222037747502327,0.010702225379645824,0.19321972131729126,-0.9734566807746887,-0.1829468160867691,-0.005104975774884224,0.3094868063926697,-0.9331250786781311,0.23259735107421875,0.013010778464376926,-0.4941040277481079,0.8376100659370422,-12.560531616210938,55.16017150878906,27.22265625,55.0078125,-7.703125,-46.412109375
724,0.07738002389669418,-0.10326933860778809,0.0943564921617508,0.03462499752640724,-0.17783820629119873,0.06643562018871307,-0.03865078091621399,-0.24067574739456177,0.030713722109794617,-0.12216450273990631,0.010675870813429356,0.19327816367149353,-0.9734503626823425,-0.18295173346996307,-0.00518896384164691,0.30949902534484863,-0.9331196546554565,0.23263141512870789,0.013014004565775394,-0.4941103458404541,0.8375967144966125,-12.560531616210938,55.16017150878906,27.22265625,55.0078125,-7.703125,-46.412109375
725,0.07737848907709122,-0.10326389223337173,0.09435664117336273,0.03461100906133652,-0.17783613502979279,0.06643648445606232,-0.03868391364812851,-0.24066205322742462,0.030727427452802658,-0.12208539247512817,0.010607306845486164,0.19317825138568878,-0.9734808206558228,-0.18297752737998962,-0.005242076236754656,0.3095582127571106,-0.9330946207046509,0.2326861470937729,0.012962505221366882,-0.4941551387310028,0.8375558853149414,-12.560531616210938,55.07228088378906,27.22265625,54.919921875,-7.703125,-46.412109375
726,0.07737378031015396,-0.10326267778873444,0.09436073899269104,0.03459858149290085,-0.17783145606517792,0.06644142419099808,-0.03870118781924248,-0.24064472317695618,0.030744899064302444,-0.12199966609477997,0.01055933441966772,0.19314561784267426,-0.9734985828399658,-0.18285803496837616,-0.005284155253320932,0.30956241488456726,-0.9331163763999939,0.23248638212680817,0.013043971732258797,-0.49412471055984497,0.8376281261444092,-12.560531616210938,55.07228088378906,27.22265625,54.919921875,-7.703125,-46.412109375
727,0.07736584544181824,-0.10326753556728363,0.09436005353927612,0.03458942472934723,-0.1778278350830078,0.06644358485937119,-0.03865663334727287,-0.24062758684158325,0.030555851757526398,-0.12214584648609161,0.010569777339696884,0.1931915581226349,-0.9734709858894348,-0.18278729915618896,-0.005377355497330427,0.30958661437034607,-0.9331217408180237,0.23112823069095612,0.011469274759292603,-0.4926535487174988,0.8388925790786743,-12.560531616210938,55.07228088378906,27.22265625,54.919921875,-7.703125,-46.412109375
728,0.07736580073833466,-0.1032586321234703,0.0943649634718895,0.03457791358232498,-0.1778256893157959,0.06644470989704132,-0.0386977419257164,-0.24062390625476837,0.030566930770874023,-0.12199147790670395,0.010535413399338722,0.19314146041870117,-0.9735007286071777,-0.1829165667295456,-0.0053601861000061035,0.3096052408218384,-0.933090329170227,0.23116353154182434,0.011540363542735577,-0.4929366111755371,0.8387155532836914,-12.472640991210938,54.98439025878906,27.310546875,54.919921875,-7.615234375,-46.412109375
729,0.07735921442508698,-0.10326360911130905,0.09436136484146118,0.034575145691633224,-0.17782357335090637,0.06645137071609497,-0.03871060535311699,-0.2406214475631714,0.03058011084794998,-0.12210197001695633,0.010536419227719307,0.19323007762432098,-0.9734691977500916,-0.1828003078699112,-0.0054161022417247295,0.30961838364601135,-0.933108389377594,0.23127050697803497,0.011543693952262402,-0.49300792813301086,0.8386440873146057,-12.560531616210938,54.98439025878906,27.310546875,54.83203125,-7.703125,-46.412109375
730,0.07736224681138992,-0.1032603532075882,0.09436552971601486,0.0345747172832489,-0.1778256893157959,0.06645406037569046,-0.03876359760761261,-0.24064721167087555,0.030563395470380783,-0.12204302847385406,0.010512285865843296,0.1931455135345459,-0.9734936356544495,-0.1828620582818985,-0.005444081034511328,0.3096194565296173,-0.9330957531929016,0.2321898192167282,0.011055360548198223,-0.49361667037010193,0.8380383253097534,-12.472640991210938,54.98439025878906,27.310546875,54.83203125,-7.703125,-46.412109375
731,0.07736135274171829,-0.10326716303825378,0.09436905384063721,0.034578390419483185,-0.17782822251319885,0.06646266579627991,-0.038711559027433395,-0.24063599109649658,0.03059742972254753,-0.12208225578069687,0.010547565296292305,0.19322441518306732,-0.9734727144241333,-0.1828606277704239,-0.005419512279331684,0.3096369206905365,-0.9330904483795166,0.23129789531230927,0.011491844430565834,-0.49302902817726135,0.8386248350143433,-12.472640991210938,54.89649963378906,27.22265625,54.744140625,-7.703125,-46.412109375
732,0.07736577838659286,-0.10326364636421204,0.09436964988708496,0.03458667919039726,-0.17783379554748535,0.06646254658699036,-0.038687609136104584,-0.24064479768276215,0.03059728816151619,-0.12205620855093002,0.010546468198299408,0.19315586984157562,-0.9734896421432495,-0.1828291118144989,-0.0054582031443715096,0.30962011218070984,-0.9331019520759583,0.23134887218475342,0.011394393630325794,-0.4929048717021942,0.8386850953102112,-12.472640991210938,54.89649963378906,27.22265625,54.744140625,-7.703125,-46.32421875
733,0.07736997306346893,-0.10326230525970459,0.09436992555856705,0.03459691256284714,-0.1778372824192047,0.06646566838026047,-0.03875986114144325,-0.24067732691764832,0.03079138696193695,-0.12205840647220612,0.010541941970586777,0.19316725432872772,-0.9734870791435242,-0.18285658955574036,-0.005426314193755388,0.30958569049835205,-0.9331082105636597,0.2331298291683197,0.01267946232110262,-0.4943869411945343,0.8373000025749207,-12.472640991210938,54.80860900878906,27.22265625,54.65625,-7.703125,-46.32421875
734,0.07736764848232269,-0.10328340530395508,0.0943664088845253,0.034611571580171585,-0.17784415185451508,0.06646721810102463,-0.038688674569129944,-0.24067749083042145,0.030813762918114662,-0.12239351868629456,0.010647663846611977,0.19347070157527924,-0.9733835458755493,-0.1828557699918747,-0.005418934393674135,0.30953437089920044,-0.9331254363059998,0.23235468566417694,0.013111335225403309,-0.49401864409446716,0.8377260565757751,-12.384750366210938,54.72071838378906,27.22265625,54.568359375,-7.703125,-46.32421875
735,0.07736891508102417,-0.10329867154359818,0.09436485916376114,0.03462480381131172,-0.1778540313243866,0.06647288799285889,-0.03865866735577583,-0.24070017039775848,0.030813496559858322,-0.12257380783557892,0.010640162043273449,0.19352276623249054,-0.9733506441116333,-0.18284867703914642,-0.005350375082343817,0.3095055818557739,-0.9331367611885071,0.23232685029506683,0.013135449960827827,-0.49399009346961975,0.837750256061554,-12.472640991210938,54.72071838378906,27.22265625,54.48046875,-7.703125,-46.236328125
736,0.07738549262285233,-0.10328003019094467,0.09437244385480881,0.034641630947589874,-0.17786043882369995,0.06647579371929169,-0.038630884140729904,-0.24072177708148956,0.030810227617621422,-0.12223683297634125,0.010642702691257,0.19324657320976257,-0.973447859287262,-0.18280620872974396,-0.005343056283891201,0.30945706367492676,-0.9331611394882202,0.23235392570495605,0.013104664161801338,-0.49392834305763245,0.8377796411514282,-12.384750366210938,54.63282775878906,27.22265625,54.48046875,-7.703125,-46.236328125
737,0.07739247381687164,-0.1032734215259552,0.09437120705842972,0.03465466946363449,-0.177864670753479,0.06647290289402008,-0.03859781473875046,-0.24073722958564758,0.03080589883029461,-0.12212973833084106,0.010630476288497448,0.193146750330925,-0.9734812378883362,-0.18291649222373962,-0.0052702706307172775,0.3093946576118469,-0.9331606030464172,0.23225589096546173,0.013158042915165424,-0.4938476085662842,0.8378536105155945,-12.384750366210938,54.63282775878906,27.22265625,54.48046875,-7.703125,-46.236328125
738,0.07738921791315079,-0.10329338908195496,0.09436208754777908,0.03466641902923584,-0.1778711974620819,0.06647537648677826,-0.03858495131134987,-0.24076080322265625,0.030791154131293297,-0.12242632359266281,0.010673894546926022,0.19345836341381073,-0.9733816385269165,-0.18295341730117798,-0.005185460671782494,0.3093431293964386,-0.9331710338592529,0.23246198892593384,0.013096224516630173,-0.49392902851104736,0.8377494812011719,-12.384750366210938,54.63282775878906,27.22265625,54.392578125,-7.615234375,-46.236328125
739,0.07740266621112823,-0.10328009724617004,0.09436754882335663,0.03467945754528046,-0.17787471413612366,0.06647346913814545,-0.03856344148516655,-0.24077384173870087,0.030782489106059074,-0.12215464562177658,0.010639062151312828,0.19316552579402924,-0.9734743237495422,-0.18284443020820618,-0.005168560426682234,0.30929669737815857,-0.9332078695297241,0.232501819729805,0.013057037256658077,-0.493969589471817,0.8377150297164917,-12.384750366210938,54.54493713378906,27.22265625,54.392578125,-7.703125,-46.1484375
740,0.07740050554275513,-0.10329282283782959,0.09436270594596863,0.03468481823801994,-0.1778784692287445,0.06647031754255295,-0.038545940071344376,-0.24078157544136047,0.030773097649216652,-0.12232246994972229,0.010661396197974682,0.1933203935623169,-0.9734222292900085,-0.18288081884384155,-0.005106028169393539,0.3093031048774719,-0.9331989884376526,0.2324572056531906,0.013053462840616703,-0.4939427673816681,0.83774334192276,-12.384750366210938,54.54493713378906,27.22265625,54.3046875,-7.615234375,-46.1484375
741,0.07738933712244034,-0.10331430286169052,0.09435657411813736,0.034690748900175095,-0.17787949740886688,0.06646736711263657,-0.03852967172861099,-0.24078324437141418,0.03076162189245224,-0.12275540828704834,0.0108675891533494,0.19369985163211823,-0.973289966583252,-0.18285952508449554,-0.005119935143738985,0.3092662990093231,-0.9332151412963867,0.23241470754146576,0.013090914115309715,-0.4938149154186249,0.8378299474716187,-12.384750366210938,54.45704650878906,27.22265625,54.216796875,-7.615234375,-46.1484375
742,0.07740838080644608,-0.10327719897031784,0.09436160326004028,0.03469043970108032,-0.17787910997867584,0.06646300852298737,-0.038532692939043045,-0.2407834827899933,0.030748389661312103,-0.12210613489151001,0.010666991584002972,0.1930660754442215,-0.9734997749328613,-0.18285998702049255,-0.005066830199211836,0.3092282712459564,-0.9332279562950134,0.23249801993370056,0.013038226403295994,-0.49387457966804504,0.8377724289894104,-12.384750366210938,54.45704650878906,27.22265625,54.216796875,-7.615234375,-46.060546875
743,0.07740779221057892,-0.10327835381031036,0.09436110407114029,0.03468820080161095,-0.1778780072927475,0.0664602741599083,-0.038543324917554855,-0.24078398942947388,0.030732113867998123,-0.12211834639310837,0.010659114457666874,0.19309240579605103,-0.9734930992126465,-0.18290738761425018,-0.00501644192263484,0.30923834443092346,-0.9332156181335449,0.2327016144990921,0.01294016931205988,-0.49397188425064087,0.8376601338386536,-12.384750366210938,54.28126525878906,27.22265625,54.12889099121094,-7.615234375,-45.97265625
744,0.07740776985883713,-0.10327159613370895,0.09436450898647308,0.0346856452524662,-0.17787419259548187,0.06646094471216202,-0.038537975400686264,-0.24077053368091583,0.030731435865163803,-0.12197950482368469,0.010680535808205605,0.19297213852405548,-0.973534107208252,-0.18285596370697021,-0.005028311163187027,0.3092425465583801,-0.9332242012023926,0.23246730864048004,0.01303807832300663,-0.4938567280769348,0.8377915024757385,-12.384750366210938,54.28126525878906,27.22265625,54.12889099121094,-7.615234375,-45.97265625
745,0.07740025967359543,-0.10328086465597153,0.09436282515525818,0.0346793457865715,-0.17787109315395355,0.06645596772432327,-0.038556378334760666,-0.2407640665769577,0.03072548843920231,-0.12211544811725616,0.010733545757830143,0.19313785433769226,-0.973483681678772,-0.18285509943962097,-0.005040911491960287,0.3092482089996338,-0.9332225322723389,0.23260319232940674,0.012982966378331184,-0.4939301311969757,0.8377112746238708,-12.296875,54.19337463378906,27.22265625,54.04100036621094,-7.615234375,-45.884765625
746,0.0773821696639061,-0.10330848395824432,0.09435299783945084,0.03467252105474472,-0.17786824703216553,0.06645390391349792,-0.038571666926145554,-0.24075129628181458,0.03072575107216835,-0.12273316085338593,0.010859470814466476,0.19365194439888,-0.9733024835586548,-0.1828947812318802,-0.005078069865703583,0.309269517660141,-0.9332075119018555,0.2325938642024994,0.012968816794455051,-0.49395424127578735,0.8377000093460083,-12.296875,54.19337463378906,27.22265625,54.04100036621094,-7.615234375,-45.884765625
747,0.077399343252182,-0.1032743752002716,0.09436224400997162,0.03466653451323509,-0.1778673380613327,0.06645439565181732,-0.03858519345521927,-0.24074317514896393,0.03072497248649597,-0.12206688523292542,0.010686271823942661,0.19304542243480682,-0.9735085964202881,-0.1828947812318802,-0.0050826286897063255,0.3092961013317108,-0.9331986308097839,0.23262470960617065,0.012995748780667782,-0.493981271982193,0.8376749753952026,-12.296875,54.10548400878906,27.22265625,54.04100036621094,-7.615234375,-45.884765625
748,0.07739276438951492,-0.10328369587659836,0.09436586499214172,0.034661099314689636,-0.17786405980587006,0.06646058708429337,-0.03859443962574005,-0.24073593318462372,0.03073648363351822,-0.1221691370010376,0.010734100826084614,0.19318263232707977,-0.9734680652618408,-0.1827266663312912,-0.0051155840046703815,0.3092534840106964,-0.9332455396652222,0.2325354516506195,0.012997804209589958,-0.4939868748188019,0.8376964926719666,-12.296875,54.10548400878906,27.134765625,53.95310974121094,-7.52734375,-45.884765625
749,0.07739458233118057,-0.10328014940023422,0.09437049925327301,0.03465824946761131,-0.17786765098571777,0.06646666675806046,-0.03859787434339523,-0.24073131382465363,0.030748745426535606,-0.12207864224910736,0.010695405304431915,0.19312721490859985,-0.973490834236145,-0.18274541199207306,-0.005142907612025738,0.3092997372150421,-0.9332262873649597,0.23244334757328033,0.012993964366614819,-0.49386996030807495,0.8377910256385803,-12.296875,54.01759338378906,27.134765625,53.86521911621094,-7.52734375,-45.796875
750,0.0773918628692627,-0.10328309237957001,0.09437418729066849,0.03465386852622032,-0.17787067592144012,0.06647554039955139,-0.038606349378824234,-0.2407369762659073,0.030760429799556732,-0.12207825481891632,0.010672666132450104,0.19315728545188904,-0.9734851121902466,-0.18281161785125732,-0.005105386488139629,0.3093210458755493,-0.9332065582275391,0.2324734926223755,0.012976075522601604,-0.49388203024864197,0.8377758860588074,-12.296875,53.92970275878906,27.134765625,53.86521911621094,-7.52734375,-45.796875
751,0.07739400118589401,-0.10328001528978348,0.09437282383441925,0.03465650603175163,-0.17787696421146393,0.06648436933755875,-0.038602594286203384,-0.24074240028858185,0.030781850218772888,-0.12199486047029495,0.010636337101459503,0.19305342435836792,-0.973516583442688,-0.18278172612190247,-0.00515187531709671,0.30929824709892273,-0.9332197308540344,0.23236238956451416,0.01302774902433157,-0.4938311278820038,0.8378357887268066,-12.296875,53.92970275878906,27.046875,53.77732849121094,-7.52734375,-45.708984375
752,0.07739761471748352,-0.1032848209142685,0.09437594562768936,0.034663062542676926,-0.17788395285606384,0.06649253517389297,-0.03859812766313553,-0.24075907468795776,0.030800625681877136,-0.1219680905342102,0.010636880062520504,0.19297680258750916,-0.9735351204872131,-0.18267694115638733,-0.005189570598304272,0.3092350959777832,-0.9332608580589294,0.23237688839435577,0.013055081479251385,-0.4938284456729889,0.8378329277038574,-12.296875,53.84181213378906,27.046875,53.77732849121094,-7.52734375,-45.708984375
753,0.07740189880132675,-0.10328958928585052,0.09437961131334305,0.034671928733587265,-0.17789311707019806,0.06650398671627045,-0.03858986496925354,-0.24077686667442322,0.030825387686491013,-0.12197007983922958,0.010575173422694206,0.19305869936943054,-0.9735193252563477,-0.18269921839237213,-0.005180237349122763,0.3092332184314728,-0.9332572221755981,0.23233871161937714,0.013012218289077282,-0.49383825063705444,0.8378385305404663,-12.296875,53.75392150878906,27.046875,53.68943786621094,-7.615234375,-45.62109375
754,0.07740531116724014,-0.10329844057559967,0.09438389539718628,0.03468279913067818,-0.1779075264930725,0.0665162205696106,-0.03857199102640152,-0.2407982349395752,0.030855920165777206,-0.12200476974248886,0.010577797889709473,0.19298942387104034,-0.9735286235809326,-0.1826706826686859,-0.005194253753870726,0.30917367339134216,-0.9332824945449829,0.23217399418354034,0.013060017488896847,-0.49378976225852966,0.8379120230674744,-12.296875,53.75392150878906,27.046875,53.68943786621094,-7.52734375,-45.62109375
755,0.07740986347198486,-0.10329868644475937,0.09439051151275635,0.034696437418460846,-0.1779206246137619,0.06653206795454025,-0.03855200484395027,-0.240831196308136,0.03088037669658661,-0.12188557535409927,0.010584063827991486,0.19296205043792725,-0.973548948764801,-0.18266402184963226,-0.005225430242717266,0.3091484010219574,-0.933292031288147,0.23221035301685333,0.013074294663965702,-0.4937468469142914,0.837926983833313,-12.296875,53.66603088378906,27.046875,53.68943786621094,-7.615234375,-45.533203125
756,0.07742314040660858,-0.10330160707235336,0.09439526498317719,0.03471307456493378,-0.17794162034988403,0.06654477119445801,-0.03852488473057747,-0.24086275696754456,0.030908063054084778,-0.12178179621696472,0.010522161610424519,0.19277675449848175,-0.973599374294281,-0.1827666312456131,-0.005178059451282024,0.3091159760951996,-0.9332828521728516,0.23213349282741547,0.013042024336755276,-0.4937058091163635,0.8379729390144348,-12.208984375,53.66603088378906,26.958984375,53.60154724121094,-7.615234375,-45.4453125
757,0.07743379473686218,-0.10331317782402039,0.09439787268638611,0.034737829118967056,-0.17795978486537933,0.06656371057033539,-0.038477081805467606,-0.24089771509170532,0.030944250524044037,-0.12174395471811295,0.01046088058501482,0.1926964372396469,-0.9736206531524658,-0.18270497024059296,-0.00519214104861021,0.30903512239456177,-0.9333216547966003,0.23184369504451752,0.013116631656885147,-0.4934743046760559,0.8381883502006531,-12.296875,53.57814025878906,26.958984375,53.51365661621094,-7.52734375,-45.4453125
758,0.07744120806455612,-0.10332006216049194,0.09440863877534866,0.034758832305669785,-0.17798158526420593,0.06658054888248444,-0.038442835211753845,-0.24094149470329285,0.03097303956747055,-0.12169630080461502,0.010501593351364136,0.19267745316028595,-0.9736299514770508,-0.18276762962341309,-0.005155069287866354,0.30896225571632385,-0.933333694934845,0.23181365430355072,0.013053465634584427,-0.49338892102241516,0.8382479548454285,-12.208984375,53.40234375,26.87109375,53.33787536621094,-7.439453125,-45.357421875
759,0.07744443416595459,-0.10333745181560516,0.09440992027521133,0.03478298336267471,-0.17799963057041168,0.0665990486741066,-0.038422953337430954,-0.24099968373775482,0.030988937243819237,-0.12188933789730072,0.01053139753639698,0.19283072650432587,-0.9735750555992126,-0.18272453546524048,-0.005110266152769327,0.3088594079017639,-0.9333764314651489,0.23214781284332275,0.012784000486135483,-0.49349451065063477,0.838097333908081,-12.208984375,53.40234375,26.87109375,53.33787536621094,-7.439453125,-45.357421875
760,0.07746478915214539,-0.10332759469747543,0.09442327916622162,0.034808818250894547,-0.17802150547504425,0.06661436706781387,-0.038353439420461655,-0.24103963375091553,0.0310275349766016,-0.12146160751581192,0.010504876263439655,0.1924455612897873,-0.9737050533294678,-0.18274079263210297,-0.005058895330876112,0.3087609112262726,-0.9334061145782471,0.23153260350227356,0.012990129180252552,-0.4930530786514282,0.8385240435600281,-12.296875,53.314453125,26.87109375,53.24998474121094,-7.439453125,-45.26953125
761,0.07747512310743332,-0.10333443433046341,0.09442997723817825,0.03483148664236069,-0.17804059386253357,0.06662868708372116,-0.03829842805862427,-0.2411085069179535,0.031036507338285446,-0.1213863343000412,0.010490273125469685,0.19241048395633698,-0.9737215042114258,-0.1826779991388321,-0.00509083503857255,0.3086768388748169,-0.9334459900856018,0.2311791181564331,0.01272306777536869,-0.49252140522003174,0.8389380574226379,-12.296875,53.314453125,26.87109375,53.24998474121094,-7.439453125,-45.26953125
762,0.07748466730117798,-0.10333533585071564,0.09443524479866028,0.034848954528570175,-0.17805215716362,0.06664633005857468,-0.03824473172426224,-0.24116471409797668,0.031065812334418297,-0.1212385967373848,0.010440539568662643,0.19221913814544678,-0.9737781882286072,-0.1826464682817459,-0.004976846743375063,0.30857643485069275,-0.9334861040115356,0.23088501393795013,0.01278025284409523,-0.49227121472358704,0.8391649723052979,-12.208984375,53.314453125,26.87109375,53.24998474121094,-7.52734375,-45.181640625
763,0.07750638574361801,-0.10330484807491302,0.09445033967494965,0.034865982830524445,-0.1780657023191452,0.06666366010904312,-0.03823152929544449,-0.2412475347518921,0.0310754906386137,-0.12058067321777344,0.010336482897400856,0.19160196185112,-0.973982572555542,-0.1825716197490692,-0.004937360063195229,0.30846482515335083,-0.9335377216339111,0.231318861246109,0.012421992607414722,-0.49234771728515625,0.8390059471130371,-12.296875,53.2265625,26.87109375,53.16209411621094,-7.439453125,-45.181640625
764,0.07749441266059875,-0.10334619134664536,0.09445087611675262,0.0348832830786705,-0.17808309197425842,0.06668435782194138,-0.03815281391143799,-0.24130107462406158,0.03111249767243862,-0.12120901048183441,0.010549694299697876,0.19216413795948029,-0.9737916588783264,-0.18258310854434967,-0.004842557478696108,0.30840104818344116,-0.9335570335388184,0.23064249753952026,0.012730928137898445,-0.4918302297592163,0.8394909501075745,-12.208984375,53.138671875,26.783203125,53.07420349121094,-7.439453125,-45.181640625
765,0.07750474661588669,-0.1033557876944542,0.09445955604314804,0.034909047186374664,-0.1780983954668045,0.06670591235160828,-0.03808765485882759,-0.2413637489080429,0.031146345660090446,-0.12107130885124207,0.01053269486874342,0.19213461875915527,-0.9738147854804993,-0.1823507696390152,-0.0048169842921197414,0.3081889748573303,-0.9336727261543274,0.23027420043945312,0.012795107439160347,-0.4914514124393463,0.8398128747940063,-12.296875,53.138671875,26.783203125,53.07420349121094,-7.52734375,-45.09375
766,0.07748309522867203,-0.10343191027641296,0.09445485472679138,0.03493386134505272,-0.17812204360961914,0.06672774255275726,-0.03803040832281113,-0.24143286049365997,0.03117622248828411,-0.12226010859012604,0.01091235876083374,0.19321146607398987,-0.9734489321708679,-0.18238361179828644,-0.004740114789456129,0.3081094026565552,-0.9336928725242615,0.2300914078950882,0.012753811664879322,-0.49118635058403015,0.840018630027771,-12.208984375,53.05078125,26.783203125,52.98634338378906,-7.439453125,-45.09375
767,0.07750378549098969,-0.10341159254312515,0.09446653723716736,0.034958984702825546,-0.1781385987997055,0.06674571335315704,-0.03798967972397804,-0.24150477349758148,0.031202539801597595,-0.12173595279455185,0.010762855410575867,0.1926850527524948,-0.973620593547821,-0.1822139024734497,-0.004724074155092239,0.3079472482204437,-0.9337796568870544,0.23013487458229065,0.012684117071330547,-0.4910169839859009,0.8401067852973938,-12.208984375,52.962890625,26.6953125,52.98634338378906,-7.52734375,-45.005859375
768,0.07753477245569229,-0.10336878895759583,0.0944775864481926,0.034982290118932724,-0.17815543711185455,0.06676716357469559,-0.03793429210782051,-0.24157968163490295,0.031231341883540154,-0.1208619549870491,0.010508094914257526,0.1918194591999054,-0.9739031195640564,-0.18222357332706451,-0.004699302837252617,0.3078117072582245,-0.933822512626648,0.23000679910182953,0.012809031642973423,-0.4906617999076843,0.840347409248352,-12.208984375,52.962890625,26.6953125,52.89845275878906,-7.439453125,-45.005859375
769,0.07754059135913849,-0.10337498039007187,0.0944829136133194,0.03500978276133537,-0.17818453907966614,0.0667664110660553,-0.03789561614394188,-0.24166658520698547,0.031261712312698364,-0.12082026898860931,0.010455373674631119,0.1918308138847351,-0.9739066362380981,-0.18204566836357117,-0.005113575141876936,0.307882696390152,-0.9338316321372986,0.23005574941635132,0.012709633447229862,-0.49042993783950806,0.8404709100723267,-12.208984375,52.875,26.6953125,52.81056213378906,-7.439453125,-44.91796875
770,0.0775444507598877,-0.1033795028924942,0.09449196606874466,0.03502276539802551,-0.17820453643798828,0.06679273396730423,-0.03783776983618736,-0.24175557494163513,0.03129667043685913,-0.12072328478097916,0.010488178580999374,0.19170495867729187,-0.9739431142807007,-0.18194665014743805,-0.005020443815737963,0.3077550232410431,-0.9338935017585754,0.22990131378173828,0.012648900970816612,-0.4900716245174408,0.8407230377197266,-12.208984375,52.875,26.6953125,52.81056213378906,-7.439453125,-44.830078125
771,0.07755984365940094,-0.10335829854011536,0.09450400620698929,0.03503338247537613,-0.17821963131427765,0.06681958585977554,-0.037759918719530106,-0.2418534755706787,0.031313955783843994,-0.12019125372171402,0.010351331904530525,0.1913272589445114,-0.9740846157073975,-0.18176724016666412,-0.00491907587274909,0.30755624175071716,-0.933994472026825,0.22925424575805664,0.012528386898338795,-0.48928990960121155,0.841356635093689,-12.208984375,52.787109375,26.607421875,52.72267150878906,-7.439453125,-44.830078125
772,0.07752814143896103,-0.10340949147939682,0.09449706226587296,0.035038821399211884,-0.17823822796344757,0.06684810668230057,-0.03769779950380325,-0.24195002019405365,0.031348276883363724,-0.12094035744667053,0.010567553341388702,0.19210535287857056,-0.9738364219665527,-0.18159474432468414,-0.004881954751908779,0.30735450983047485,-0.9340946674346924,0.22906796634197235,0.012463183142244816,-0.4887612462043762,0.8417155742645264,-12.12109375,52.69921875,26.607421875,52.72267150878906,-7.439453125,-44.7421875
773,0.07753525674343109,-0.10339333862066269,0.09450994431972504,0.03504360467195511,-0.17826056480407715,0.06687992811203003,-0.03766483813524246,-0.24206015467643738,0.03138422220945358,-0.12049330025911331,0.010491280816495419,0.19175772368907928,-0.9739611744880676,-0.1813967078924179,-0.004759246949106455,0.30712127685546875,-0.9342104196548462,0.22911673784255981,0.012230820022523403,-0.488688200712204,0.8417481184005737,-12.12109375,52.611328125,26.607421875,52.54689025878906,-7.439453125,-44.654296875
774,0.07753308862447739,-0.1034064069390297,0.09451429545879364,0.03505919128656387,-0.17828422784805298,0.06691981852054596,-0.03762369975447655,-0.24215468764305115,0.031427569687366486,-0.12052448838949203,0.010509449057281017,0.1919155865907669,-0.9739260673522949,-0.1811109185218811,-0.004704075399786234,0.3069418966770172,-0.9343251585960388,0.2290671020746231,0.011967006139457226,-0.48845961689949036,0.8418980240821838,-12.12109375,52.611328125,26.607421875,52.54689025878906,-7.439453125,-44.654296875
775,0.07754046469926834,-0.10340263694524765,0.09452476352453232,0.03507658839225769,-0.1783054769039154,0.06695444136857986,-0.03760087490081787,-0.2422395646572113,0.0315202921628952,-0.12038195878267288,0.010458825156092644,0.1916910856962204,-0.97398841381073,-0.18086737394332886,-0.004687315318733454,0.30670973658561707,-0.9344486594200134,0.2295435667037964,0.01222161017358303,-0.48863300681114197,0.8416639566421509,-12.12109375,52.435546875,26.51953125,52.45899963378906,-7.439453125,-44.56640625
776,0.07755658030509949,-0.10338350385427475,0.09453223645687103,0.03509920835494995,-0.178324356675148,0.06698223948478699,-0.03754126653075218,-0.24233271181583405,0.03156977519392967,-0.11993229389190674,0.010385052300989628,0.191355362534523,-0.9741106033325195,-0.18054303526878357,-0.004654340445995331,0.30645182728767395,-0.9345961213111877,0.2293497771024704,0.01214524544775486,-0.4882053732872009,0.8419660329818726,-12.12109375,52.435546875,26.51953125,52.37110900878906,-7.439453125,-44.56640625
777,0.0775456354022026,-0.10341068357229233,0.09453125298023224,0.035115715116262436,-0.17834307253360748,0.06700483709573746,-0.03749105706810951,-0.24243006110191345,0.031611353158950806,-0.12033586949110031,0.010501003824174404,0.19176362454891205,-0.9739793539047241,-0.18041479587554932,-0.004602495580911636,0.30625075101852417,-0.9346870183944702,0.2290893793106079,0.012211289256811142,-0.4878370761871338,0.84224933385849,-12.12109375,52.435546875,26.51953125,52.37110900878906,-7.439453125,-44.56640625
778,0.07753939926624298,-0.1034211814403534,0.09453149139881134,0.03512005880475044,-0.1783587634563446,0.0670308768749237,-0.037390995770692825,-0.24253752827644348,0.03163918852806091,-0.1203700453042984,0.010488046333193779,0.19186289608478546,-0.9739556908607483,-0.18013347685337067,-0.004597383085638285,0.30607762932777405,-0.934798002243042,0.22792953252792358,0.01219452265650034,-0.4866267144680023,0.8432638049125671,-12.12109375,52.259765625,26.431640625,52.28321838378906,-7.439453125,-44.478515625
779,0.0775570347905159,-0.10338407754898071,0.0945470780134201,0.03512328490614891,-0.17838197946548462,0.06706129014492035,-0.03734811022877693,-0.24266020953655243,0.03168630227446556,-0.11954294890165329,0.010303108021616936,0.19115449488162994,-0.9741988182067871,-0.17985619604587555,-0.0045089926570653915,0.30588415265083313,-0.9349151849746704,0.22778403759002686,0.012090813368558884,-0.4863106906414032,0.8434869050979614,-12.12109375,52.259765625,26.431640625,52.28321838378906,-7.439453125,-44.478515625
780,0.07754029333591461,-0.10340392589569092,0.09455209970474243,0.03512660041451454,-0.1784128099679947,0.06710533052682877,-0.03730402886867523,-0.24278594553470612,0.03174755722284317,-0.11962280422449112,0.010404027067124844,0.19142110645771027,-0.9741355776786804,-0.17959058284759521,-0.004451219458132982,0.3056865334510803,-0.9350311756134033,0.2276879996061325,0.011838071048259735,-0.4859614074230194,0.8437176942825317,-12.12109375,52.259765625,26.431640625,52.28321838378906,-7.3515625,-44.390625
781,0.0775209441781044,-0.10342413932085037,0.09456519782543182,0.0351354256272316,-0.17844828963279724,0.06716606020927429,-0.037240833044052124,-0.24289925396442413,0.03182724863290787,-0.11978989094495773,0.010521255433559418,0.19169753789901733,-0.9740594625473022,-0.1792481392621994,-0.0043621123768389225,0.3054679334163666,-0.9351686835289001,0.22737963497638702,0.011676776222884655,-0.48560774326324463,0.8440067172050476,-12.033203125,52.171875,26.34375,52.10743713378906,-7.3515625,-44.21484375
782,0.07752388715744019,-0.10344129800796509,0.09458248317241669,0.03515913709998131,-0.1784866899251938,0.06722612679004669,-0.03716650977730751,-0.24300804734230042,0.03191513568162918,-0.1197369396686554,0.01047949492931366,0.19175340235233307,-0.9740554094314575,-0.17880813777446747,-0.004356172401458025,0.305154025554657,-0.9353553652763367,0.22709929943084717,0.01169617846608162,-0.4852508008480072,0.8442871570587158,-12.033203125,52.171875,26.34375,52.10743713378906,-7.3515625,-44.21484375
783,0.07754804939031601,-0.10341928899288177,0.09460601955652237,0.03518719971179962,-0.17852835357189178,0.06728016585111618,-0.037106454372406006,-0.24312669038772583,0.03200598433613777,-0.11908674240112305,0.010375797748565674,0.19117029011249542,-0.974250853061676,-0.17860877513885498,-0.004317244049161673,0.3049544394016266,-0.9354588389396667,0.22704048454761505,0.011553638614714146,-0.48507949709892273,0.8444033265113831,-12.033203125,52.083984375,26.34375,52.10743713378906,-7.3515625,-44.21484375
784,0.07755780220031738,-0.10343001782894135,0.09462026506662369,0.035228800028562546,-0.17856965959072113,0.06732850521802902,-0.03698428347706795,-0.2432432323694229,0.03208351135253906,-0.11903145164251328,0.010369912721216679,0.19115464389324188,-0.9742607474327087,-0.17831900715827942,-0.0043326010927557945,0.3046551048755646,-0.9356115460395813,0.22611024975776672,0.011465881019830704,-0.48409971594810486,0.8452160954475403,-12.033203125,51.99609375,26.34375,51.93165588378906,-7.263671875,-44.126953125
785,0.077564537525177,-0.1034419909119606,0.09463173896074295,0.035268478095531464,-0.17861023545265198,0.06737793236970901,-0.036896899342536926,-0.24337181448936462,0.03217945247888565,-0.11898759007453918,0.010330881923437119,0.19121207296848297,-0.9742552638053894,-0.17808900773525238,-0.004334870260208845,0.30436453223228455,-0.935749888420105,0.22577346861362457,0.011485855095088482,-0.48367586731910706,0.8455483317375183,-12.033203125,51.99609375,26.34375,51.93165588378906,-7.3515625,-44.126953125
786,0.07757387310266495,-0.10345180332660675,0.09464458376169205,0.03530309349298477,-0.17865024507045746,0.06742727756500244,-0.03681234270334244,-0.24350932240486145,0.03227280080318451,-0.11897946894168854,0.010332614183425903,0.19109991192817688,-0.9742781519889832,-0.17791053652763367,-0.004293056670576334,0.30404770374298096,-0.9358870387077332,0.22546496987342834,0.0114280479028821,-0.48335546255111694,0.8458147644996643,-12.033203125,51.908203125,26.34375,51.84376525878906,-7.3515625,-44.126953125
787,0.07758259773254395,-0.10345879942178726,0.09465958923101425,0.03534570336341858,-0.17868953943252563,0.06748359650373459,-0.03671157732605934,-0.2436402291059494,0.03236527368426323,-0.11883358657360077,0.010329260490834713,0.19100427627563477,-0.97431480884552,-0.1776486039161682,-0.004188165534287691,0.30364710092544556,-0.9360672831535339,0.22520072758197784,0.011413888074457645,-0.48304271697998047,0.8460639119148254,-12.033203125,51.908203125,26.34375,51.84376525878906,-7.3515625,-44.0390625
788,0.07759697735309601,-0.10347103327512741,0.09467525035142899,0.03539716824889183,-0.17873762547969818,0.06752808392047882,-0.03663066774606705,-0.2437634915113449,0.03245728090405464,-0.11878693848848343,0.010247529484331608,0.19086012244224548,-0.9743496775627136,-0.1773131936788559,-0.004226457327604294,0.3032768964767456,-0.9362506866455078,0.2249455600976944,0.01139590609818697,-0.48285022377967834,0.8462420105934143,-11.9453125,51.732421875,26.255859375,51.66798400878906,-7.263671875,-43.951171875
789,0.07761435210704803,-0.10347670316696167,0.09468688070774078,0.03545178472995758,-0.17877982556819916,0.06757660955190659,-0.03653787076473236,-0.24388056993484497,0.03255192190408707,-0.11867690086364746,0.010213152505457401,0.19059701263904572,-0.9744148850440979,-0.1769963800907135,-0.004344132263213396,0.3029135763645172,-0.9364277124404907,0.22463233768939972,0.011600958183407784,-0.48251858353614807,0.8465114235877991,-11.9453125,51.732421875,26.255859375,51.66798400878906,-7.263671875,-43.951171875
790,0.077635757625103,-0.10349030047655106,0.09470175951719284,0.03551070764660835,-0.1788230687379837,0.06763148307800293,-0.03644200414419174,-0.244003564119339,0.03264045715332031,-0.11855199187994003,0.010149684734642506,0.1905384510755539,-0.974442183971405,-0.1766611933708191,-0.004328983370214701,0.30256184935569763,-0.9366047978401184,0.224436953663826,0.011605232954025269,-0.48214462399482727,0.8467763066291809,-11.9453125,51.732421875,26.255859375,51.66798400878906,-7.263671875,-43.951171875
791,0.07764460891485214,-0.10352160781621933,0.09471412748098373,0.035566411912441254,-0.17886735498905182,0.06769003719091415,-0.03632709011435509,-0.24413128197193146,0.03271446377038956,-0.11873292922973633,0.010150974616408348,0.19070285558700562,-0.9743880033493042,-0.1762493997812271,-0.004294632468372583,0.30217844247817993,-0.936806321144104,0.22396865487098694,0.01158872526139021,-0.4814464747905731,0.8472974896430969,-11.9453125,51.64453125,26.16796875,51.58009338378906,-7.263671875,-43.86328125
792,0.07766143232584,-0.10351110994815826,0.09473668783903122,0.035607341676950455,-0.17891065776348114,0.06774831563234329,-0.03624897822737694,-0.24427086114883423,0.032799866050481796,-0.11820685118436813,0.010071451775729656,0.1902826875448227,-0.9745348691940308,-0.17588162422180176,-0.004145563114434481,0.3017462491989136,-0.9370154142379761,0.22384263575077057,0.01127374917268753,-0.481290727853775,0.8474234938621521,-11.9453125,51.64453125,26.16796875,51.49220275878906,-7.263671875,-43.86328125
793,0.07767301052808762,-0.10350137203931808,0.0947553962469101,0.03565036132931709,-0.17895422875881195,0.06779637187719345,-0.03613792732357979,-0.24439412355422974,0.03288206085562706,-0.11782877892255783,0.009999999776482582,0.18986424803733826,-0.9746630191802979,-0.17551477253437042,-0.004021279513835907,0.30133694410324097,-0.9372164011001587,0.2232816070318222,0.011167583055794239,-0.4808076024055481,0.8478471040725708,-11.9453125,51.556640625,26.16796875,51.49220275878906,-7.263671875,-43.775390625
794,0.07766801863908768,-0.10354479402303696,0.09475839138031006,0.035696450620889664,-0.1789892464876175,0.06783252954483032,-0.0360395647585392,-0.2445167750120163,0.03294973820447922,-0.11836852878332138,0.010216636583209038,0.19045424461364746,-0.9744802713394165,-0.17525961995124817,-0.004000658169388771,0.3009609580039978,-0.9373849630355835,0.22289006412029266,0.0111826928332448,-0.48030441999435425,0.8482350707054138,-11.857421875,51.46875,26.080078125,51.40431213378906,-7.17578125,-43.6875
795,0.07768572121858597,-0.10354001820087433,0.09475792199373245,0.035740140825510025,-0.1790277659893036,0.06784145534038544,-0.035941269248723984,-0.2446478307247162,0.03300737962126732,-0.11807923763990402,0.010136651806533337,0.19005456566810608,-0.974594235420227,-0.17521725594997406,-0.004066937603056431,0.30068302154541016,-0.9374818801879883,0.2226615995168686,0.011176800355315208,-0.47974637150764465,0.8486108183860779,-11.857421875,51.29296875,25.9921875,51.31642150878906,-7.17578125,-43.599609375
796,0.07769808173179626,-0.10354660451412201,0.09476050734519958,0.03579435870051384,-0.17906570434570312,0.06785701960325241,-0.03583734482526779,-0.24478061497211456,0.03305858373641968,-0.11806058138608932,0.010125214233994484,0.18987782299518585,-0.9746310114860535,-0.17502911388874054,-0.004118963144719601,0.30035877227783203,-0.9376206398010254,0.22234028577804565,0.011302479542791843,-0.4794377386569977,0.8488678336143494,-11.857421875,51.29296875,25.9921875,51.31642150878906,-7.17578125,-43.599609375
797,0.07771879434585571,-0.10355392843484879,0.09477069228887558,0.03584669157862663,-0.17910975217819214,0.06788628548383713,-0.03574066236615181,-0.24491462111473083,0.033115532249212265,-0.117900550365448,0.010081480257213116,0.18967205286026,-0.9746909141540527,-0.17488956451416016,-0.00404474139213562,0.30000579357147217,-0.9377599954605103,0.22207073867321014,0.01120746973901987,-0.47917503118515015,0.8490878939628601,-11.857421875,51.29296875,25.9921875,51.22853088378906,-7.263671875,-43.599609375
798,0.07772057503461838,-0.10360000282526016,0.09478100389242172,0.03590666130185127,-0.17915931344032288,0.06792557239532471,-0.03561602532863617,-0.24504098296165466,0.033183664083480835,-0.11839165538549423,0.010303298942744732,0.1900656372308731,-0.9745523929595947,-0.17476992309093475,-0.003971283324062824,0.29977947473526,-0.9378550052642822,0.22157002985477448,0.01127768773585558,-0.4789245128631592,0.8493590950965881,-11.857421875,51.29296875,25.9921875,51.22853088378906,-7.263671875,-43.51171875
799,0.07775691151618958,-0.1036042645573616,0.09480128437280655,0.035985831171274185,-0.17920814454555511,0.0679682269692421,-0.035490911453962326,-0.24515129625797272,0.03325773403048515,-0.11817021667957306,0.010254369117319584,0.1897069215774536,-0.9746496677398682,-0.1745564043521881,-0.003985673189163208,0.29947608709335327,-0.9379916191101074,0.22115111351013184,0.011358363553881645,-0.4784506857395172,0.8497341871261597,-11.857421875,51.205078125,25.904296875,51.14064025878906,-7.263671875,-43.423828125
800,0.07779116928577423,-0.10362301766872406,0.09480936080217361,0.03605931997299194,-0.17926210165023804,0.06800343096256256,-0.03536619246006012,-0.24526828527450562,0.03332430124282837,-0.11803922057151794,0.010150196962058544,0.18952594697475433,-0.9747019410133362,-0.1744554042816162,-0.00405527651309967,0.2991733253002167,-0.9381067752838135,0.22090257704257965,0.011438868939876556,-0.4779704511165619,0.8500680327415466,-11.857421875,51.205078125,25.904296875,51.14064025878906,-7.263671875,-43.423828125
801,0.07781471312046051,-0.10363513231277466,0.09481803327798843,0.03613690286874771,-0.17932426929473877,0.0680399090051651,-0.03524719178676605,-0.2453925460577011,0.0333968922495842,-0.11797241866588593,0.010111664421856403,0.18925750255584717,-0.974762499332428,-0.17433305084705353,-0.004052470903843641,0.2987600862979889,-0.9382611513137817,0.22064484655857086,0.011409477330744267,-0.4776120185852051,0.8503366708755493,-11.76953125,51.029296875,25.81640625,51.05274963378906,-7.17578125,-43.3359375
802,0.07784175872802734,-0.10364951938390732,0.09483424574136734,0.03620651736855507,-0.17937391996383667,0.06808004528284073,-0.03513717278838158,-0.245524600148201,0.03345851972699165,-0.11794478446245193,0.01009455043822527,0.18907272815704346,-0.9748018383979797,-0.1742757111787796,-0.0039890543557703495,0.2984120547771454,-0.9383828639984131,0.22046694159507751,0.011448501609265804,-0.477287232875824,0.8505645990371704,-11.76953125,51.029296875,25.81640625,50.96485900878906,-7.17578125,-43.3359375
803,0.07786289602518082,-0.10366697609424591,0.09484074264764786,0.0362730547785759,-0.17941606044769287,0.0681147351861,-0.03501325100660324,-0.24566127359867096,0.03351067751646042,-0.11797270178794861,0.010087897069752216,0.18897868692874908,-0.9748168587684631,-0.1740184724330902,-0.003988906741142273,0.29809942841529846,-0.9385299682617188,0.22030000388622284,0.011431117542088032,-0.4767757058143616,0.8508949279785156,-11.76953125,51.029296875,25.81640625,50.96485900878906,-7.17578125,-43.3359375
804,0.07788840681314468,-0.10366351157426834,0.09485746175050735,0.03632810711860657,-0.17945845425128937,0.06815601885318756,-0.034905437380075455,-0.24580538272857666,0.033576320856809616,-0.1175156757235527,0.009997181594371796,0.18854859471321106,-0.9749561548233032,-0.17378154397010803,-0.0038537909276783466,0.2977563142776489,-0.938683271408081,0.21992149949073792,0.011302873492240906,-0.47643786668777466,0.8511837124824524,-11.76953125,51.029296875,25.81640625,50.96485900878906,-7.17578125,-43.3359375
805,0.07789401710033417,-0.10368319600820541,0.09486494958400726,0.03638910502195358,-0.17950119078159332,0.06820307672023773,-0.034814298152923584,-0.24596455693244934,0.03363236039876938,-0.11758508533239365,0.01009492389857769,0.18855491280555725,-0.974945604801178,-0.17327269911766052,-0.0037892325781285763,0.29735907912254333,-0.9389035105705261,0.21995128691196442,0.010942461900413036,-0.47638216614723206,0.8512119650840759,-11.76953125,51.029296875,25.81640625,50.96485900878906,-7.17578125,-43.3359375
806,0.07790759205818176,-0.10368255525827408,0.09488106518983841,0.036444734781980515,-0.1795431524515152,0.06824249774217606,-0.03469191864132881,-0.24611352384090424,0.03369519114494324,-0.11736678332090378,0.010108488611876965,0.1883612424135208,-0.9750092625617981,-0.17300879955291748,-0.003683954942971468,0.2970389723777771,-0.9390539526939392,0.2196769416332245,0.011062615551054478,-0.4762240946292877,0.8513696789741516,-11.76953125,50.853515625,25.728515625,50.78907775878906,-7.087890625,-43.16015625
807,0.07792574912309647,-0.1037052795290947,0.09489268064498901,0.036512237042188644,-0.17958810925483704,0.06828510761260986,-0.034543897956609726,-0.24624355137348175,0.03378184512257576,-0.11751800775527954,0.010193723253905773,0.18839776515960693,-0.9749830961227417,-0.17283494770526886,-0.0035985892172902822,0.2967572808265686,-0.9391753673553467,0.2191779613494873,0.011218074709177017,-0.4757283329963684,0.8517733216285706,-11.76953125,50.765625,25.728515625,50.78907775878906,-7.087890625,-43.16015625
808,0.07796330004930496,-0.10371420532464981,0.09491261839866638,0.03659498691558838,-0.1796383112668991,0.06832846254110336,-0.034413620829582214,-0.24636833369731903,0.03386692330241203,-0.11740800738334656,0.01022796705365181,0.18815350532531738,-0.9750430583953857,-0.1727128028869629,-0.003572130808606744,0.2965576946735382,-0.9392609000205994,0.21895480155944824,0.011244604364037514,-0.4754498302936554,0.8519858121871948,-11.76953125,50.765625,25.728515625,50.70118713378906,-7.087890625,-43.16015625
809,0.07801389694213867,-0.10370912402868271,0.09493917226791382,0.0366876944899559,-0.17968912422657013,0.06837744265794754,-0.03427733853459358,-0.24647434055805206,0.033961158245801926,-0.11704546958208084,0.010195162147283554,0.1876930296421051,-0.9751757979393005,-0.17266859114170074,-0.0035563816782087088,0.2963382601737976,-0.9393383860588074,0.21853645145893097,0.011426853947341442,-0.47521379590034485,0.8522224426269531,-11.76953125,50.765625,25.640625,50.70118713378906,-7.17578125,-43.072265625
810,0.07804380357265472,-0.10374502092599869,0.09495814889669418,0.03677451238036156,-0.1797417551279068,0.06843136250972748,-0.03415706008672714,-0.24657587707042694,0.034054577350616455,-0.11718294024467468,0.010278606787323952,0.18777257204055786,-0.9751430749893188,-0.1724386215209961,-0.0036116885021328926,0.2960835099220276,-0.939460813999176,0.21823051571846008,0.01134064793586731,-0.47491762042045593,0.8524670600891113,-11.76953125,50.765625,25.640625,50.70118713378906,-7.087890625,-43.072265625
811,0.07807986438274384,-0.1037568747997284,0.09497416019439697,0.03685232624411583,-0.17980466783046722,0.06847812980413437,-0.0340634286403656,-0.2466781735420227,0.03413528576493263,-0.117082878947258,0.010158402845263481,0.18741527199745178,-0.9752250909805298,-0.17234574258327484,-0.0035726886708289385,0.29570531845092773,-0.9395970702171326,0.21803537011146545,0.011229570023715496,-0.4745252728462219,0.8527370095252991,-11.681640625,50.58984375,25.640625,50.52540588378906,-7.087890625,-42.89646911621094
812,0.07809218764305115,-0.10377387702465057,0.09498453885316849,0.0369102768599987,-0.17985084652900696,0.06851306557655334,-0.033991649746894836,-0.2467893362045288,0.03420756012201309,-0.11707169562578201,0.01023331843316555,0.18739554286003113,-0.9752295017242432,-0.17216096818447113,-0.003557133488357067,0.2952533960342407,-0.9397730827331543,0.21772640943527222,0.011206941679120064,-0.4742867648601532,0.8529488444328308,-11.681640625,50.58984375,25.640625,50.52540588378906,-7.087890625,-42.89646911621094
813,0.07809706032276154,-0.10379217565059662,0.09498095512390137,0.03693730756640434,-0.17988820374011993,0.06853576004505157,-0.03393561393022537,-0.24691340327262878,0.03427736461162567,-0.11710246652364731,0.010156077332794666,0.18727727234363556,-0.9752492904663086,-0.17207174003124237,-0.0035746751818805933,0.2950107753276825,-0.9398655891418457,0.21734559535980225,0.011388463899493217,-0.47375553846359253,0.8533387780189514,-11.681640625,50.501953125,25.552734375,50.43751525878906,-7.087890625,-42.89646911621094
814,0.07809720188379288,-0.10377475619316101,0.09498979896306992,0.03693126514554024,-0.17991013824939728,0.06856130063533783,-0.03388321027159691,-0.2470581829547882,0.03434301167726517,-0.11657989025115967,0.009994319640100002,0.18682390451431274,-0.975400447845459,-0.17192141711711884,-0.003548580454662442,0.29480883479118347,-0.939956545829773,0.21704258024692535,0.011291179805994034,-0.4730382561683655,0.853814959526062,-11.681640625,50.326171875,25.46484375,50.26173400878906,-7.087890625,-42.72068786621094
815,0.07806607335805893,-0.10379111766815186,0.0949939489364624,0.03692200407385826,-0.1799311488866806,0.06858830153942108,-0.033823784440755844,-0.2472110241651535,0.03441639617085457,-0.11671460419893265,0.010076913982629776,0.18698665499687195,-0.9753523468971252,-0.17184102535247803,-0.0035706202033907175,0.2946050763130188,-0.9400350451469421,0.21665456891059875,0.011256400495767593,-0.4723067581653595,0.8543186783790588,-11.681640625,50.326171875,25.46484375,50.26173400878906,-7.087890625,-42.72068786621094
816,0.07805995643138885,-0.10377205908298492,0.09500396996736526,0.036926183849573135,-0.17996062338352203,0.06861824542284012,-0.0337640717625618,-0.24737006425857544,0.034483976662158966,-0.11616101861000061,0.009985677897930145,0.18639658391475677,-0.9755323529243469,-0.17177096009254456,-0.0035474246833473444,0.29434770345687866,-0.9401285648345947,0.21639882028102875,0.011141786351799965,-0.47186559438705444,0.8546287417411804,-11.59375,50.150390625,25.46484375,50.08595275878906,-7.087890625,-42.63279724121094
817,0.07805780321359634,-0.10380793362855911,0.0950092300772667,0.03695906326174736,-0.1799992173910141,0.06866048276424408,-0.03365008160471916,-0.24752436578273773,0.034566931426525116,-0.11642260104417801,0.009978351183235645,0.1866605430841446,-0.9754507541656494,-0.1716986447572708,-0.003472348675131798,0.2940095067024231,-0.9402478933334351,0.21596696972846985,0.01126826647669077,-0.47126534581184387,0.8550674319267273,-11.59375,50.150390625,25.46484375,50.08595275878906,-7.087890625,-42.63279724121094
818,0.07808835059404373,-0.10379363596439362,0.09502612054347992,0.037035465240478516,-0.18005231022834778,0.06871681660413742,-0.03354335576295853,-0.24769379198551178,0.034640148282051086,-0.11573735624551773,0.009816021658480167,0.18598973751068115,-0.9756619930267334,-0.17130760848522186,-0.0034945025108754635,0.2935803234577179,-0.9404531717300415,0.2162502557039261,0.011043490841984749,-0.4711515009403229,0.8550615906715393,-11.59375,50.150390625,25.376953125,50.08595275878906,-7.0,-42.63279724121094
819,0.07813452184200287,-0.10380799323320389,0.0950545072555542,0.0371360257267952,-0.18011035025119781,0.06879153102636337,-0.03338788077235222,-0.2478403002023697,0.03473180904984474,-0.11554722487926483,0.009781169705092907,0.18573302030563354,-0.9757338762283325,-0.17090678215026855,-0.0035100814420729876,0.2931329309940338,-0.940665602684021,0.21618014574050903,0.011071482673287392,-0.47072362899780273,0.8553146123886108,-11.59375,50.150390625,25.2890625,49.99806213378906,-7.0,-42.544921875
820,0.07817781716585159,-0.10382987558841705,0.09508762508630753,0.037238866090774536,-0.1801791936159134,0.06887053698301315,-0.03317864611744881,-0.24796608090400696,0.034838274121284485,-0.11546426266431808,0.009843346662819386,0.1855105757713318,-0.9757853150367737,-0.17066499590873718,-0.003526633605360985,0.29273709654808044,-0.9408326745033264,0.2154989093542099,0.011263747699558735,-0.4698118567466736,0.8559849858283997,-11.59375,49.974609375,25.376953125,49.99806213378906,-7.0,-42.45703125
821,0.07822893559932709,-0.1038396805524826,0.09511211514472961,0.037339963018894196,-0.18024423718452454,0.06893857568502426,-0.033015765249729156,-0.24811476469039917,0.034930743277072906,-0.11506994813680649,0.00973920151591301,0.18500685691833496,-0.975928544998169,-0.17030948400497437,-0.0034433486871421337,0.2922839820384979,-0.9410383105278015,0.21524226665496826,0.011044238694012165,-0.4694708287715912,0.8562394380569458,-11.505859375,49.88671875,25.201171875,49.91015625,-7.0,-42.369140625
822,0.07824227958917618,-0.10389746725559235,0.09511842578649521,0.03743946552276611,-0.180315300822258,0.06898950785398483,-0.03286315128207207,-0.24828778207302094,0.035008504986763,-0.11565229296684265,0.009983105584979057,0.18540696799755096,-0.9757813215255737,-0.16992217302322388,-0.003354958025738597,0.2917057275772095,-0.9412879943847656,0.21515651047229767,0.01088594552129507,-0.46923911571502686,0.856390118598938,-11.505859375,49.88671875,25.201171875,49.91015625,-7.0,-42.369140625
823,0.07829577475786209,-0.10387124866247177,0.09513257443904877,0.037530649453401566,-0.18037548661231995,0.06903154402971268,-0.032698631286621094,-0.24847452342510223,0.03507288545370102,-0.11489900201559067,0.009702193550765514,0.1843602955341339,-0.9760714769363403,-0.16968443989753723,-0.0033786918502300978,0.2911912500858307,-0.941490113735199,0.21519266068935394,0.010766657069325447,-0.468872994184494,0.8565829396247864,-11.505859375,49.7109375,25.201171875,49.646484375,-7.0,-42.28125
824,0.07832899689674377,-0.1038784459233284,0.095146544277668,0.037621356546878815,-0.1804305762052536,0.0690695121884346,-0.032518547028303146,-0.24864785373210907,0.035127487033605576,-0.1147807165980339,0.009690346196293831,0.18401575088500977,-0.9761504530906677,-0.1694469004869461,-0.0033680370543152094,0.29078835248947144,-0.9416573643684387,0.21502183377742767,0.01080026663839817,-0.4682346284389496,0.8569744825363159,-11.505859375,49.7109375,25.201171875,49.646484375,-7.0,-42.28125
825,0.07836742699146271,-0.10389324277639389,0.09515714645385742,0.03771272674202919,-0.18048621714115143,0.06911235302686691,-0.03234229236841202,-0.2488107830286026,0.03519957885146141,-0.1147032156586647,0.009704302065074444,0.1837281733751297,-0.9762136340141296,-0.16942273080348969,-0.003311379812657833,0.2904374897480011,-0.9417701363563538,0.21448543667793274,0.010810337029397488,-0.4675651490688324,0.8574742674827576,-11.505859375,49.623046875,25.11328125,49.55859375,-7.0,-42.193359375
826,0.07839863747358322,-0.10390128940343857,0.09517399221658707,0.037798922508955,-0.18054203689098358,0.06915617734193802,-0.032160159200429916,-0.2489791065454483,0.03527584671974182,-0.11451411992311478,0.009724903851747513,0.18342269957065582,-0.9762930274009705,-0.1691211462020874,-0.003283990081399679,0.2900460958480835,-0.9419451355934143,0.2139131724834442,0.010854806751012802,-0.4669096767902374,0.8579736351966858,-11.505859375,49.623046875,25.11328125,49.55859375,-7.0,-42.10546875
827,0.07843185216188431,-0.10390503704547882,0.09518954902887344,0.037888817489147186,-0.18060515820980072,0.06921037286520004,-0.031982943415641785,-0.2491665929555893,0.03534294664859772,-0.11425680667161942,0.009723450988531113,0.18297196924686432,-0.9764078259468079,-0.16890862584114075,-0.0031896980945020914,0.2896561920642853,-0.9421035647392273,0.21360422670841217,0.010847455821931362,-0.4665105640888214,0.8582678437232971,-11.505859375,49.623046875,25.025390625,49.55859375,-7.0,-42.10546875
828,0.07847022265195847,-0.1039162129163742,0.09520968794822693,0.037989579141139984,-0.18066641688346863,0.06927502900362015,-0.03182025998830795,-0.24934673309326172,0.035397741943597794,-0.11408428102731705,0.009700184687972069,0.1826520711183548,-0.9764881134033203,-0.16860413551330566,-0.003115867730230093,0.2893019914627075,-0.9422671794891357,0.2138756513595581,0.010658939369022846,-0.4660665988922119,0.8584437370300293,-11.505859375,49.623046875,25.025390625,49.55859375,-7.0,-42.10546875
829,0.07851697504520416,-0.10392655432224274,0.09523185342550278,0.03809967637062073,-0.18074004352092743,0.06933054327964783,-0.03160715475678444,-0.24949856102466583,0.03548787534236908,-0.1139015257358551,0.009694460779428482,0.1821841150522232,-0.9765968918800354,-0.16844722628593445,-0.003100252477452159,0.2889072299003601,-0.9424164295196533,0.21340754628181458,0.010535197332501411,-0.4653080999851227,0.85897296667099,-11.505859375,49.447265625,25.025390625,49.470703125,-7.0,-42.017578125
830,0.07856187224388123,-0.1039491519331932,0.09524768590927124,0.03821614012122154,-0.1808057576417923,0.06938589364290237,-0.03141481429338455,-0.24965743720531464,0.03557873144745827,-0.11386370658874512,0.00963704101741314,0.1820821464061737,-0.9766208529472351,-0.16799966990947723,-0.003104720963165164,0.28838035464286804,-0.9426575899124146,0.21307693421840668,0.010393496602773666,-0.4647814631462097,0.8593418598175049,-11.41796875,49.447265625,25.025390625,49.3828125,-7.0,-41.9296875
831,0.07858584821224213,-0.10401257127523422,0.09525412321090698,0.03832663223147392,-0.18087026476860046,0.06944131851196289,-0.03122963197529316,-0.24982070922851562,0.035674549639225006,-0.1145835593342781,0.009909204207360744,0.1825275868177414,-0.9764508008956909,-0.16772407293319702,-0.0030765566043555737,0.28786933422088623,-0.9428629279136658,0.2128159999847412,0.010437767021358013,-0.4643775224685669,0.8596243858337402,-11.41796875,49.447265625,25.025390625,49.3828125,-7.0,-41.9296875
832,0.07864487916231155,-0.10398375988006592,0.09528595209121704,0.03842976689338684,-0.18093731999397278,0.06950825452804565,-0.031041420996189117,-0.24998606741428375,0.03577420487999916,-0.11366117000579834,0.009690565057098866,0.18155403435230255,-0.9767422676086426,-0.16737376153469086,-0.002950455527752638,0.2873617112636566,-0.9430804252624512,0.21245107054710388,0.0103800930082798,-0.46387210488319397,0.8599881529808044,-11.41796875,49.359375,24.9375,49.294921875,-6.912109375,-41.9296875
833,0.07869508117437363,-0.10396043211221695,0.09531810134649277,0.038516972213983536,-0.18099944293498993,0.06959198415279388,-0.03086869791150093,-0.2501499354839325,0.03587748110294342,-0.11280930042266846,0.009538544341921806,0.1808154582977295,-0.9769794940948486,-0.16693267226219177,-0.0028498379979282618,0.2868873178958893,-0.9433033466339111,0.21219636499881744,0.010412260890007019,-0.4633185565471649,0.8603489995002747,-11.41796875,49.18359375,24.849609375,49.119140625,-6.912109375,-41.75390625
834,0.07871810346841812,-0.10396526753902435,0.09534388780593872,0.03858846053481102,-0.18106324970722198,0.06966796517372131,-0.030685853213071823,-0.2503083050251007,0.03598625957965851,-0.11245614290237427,0.009537515230476856,0.1804276704788208,-0.977091908454895,-0.16664272546768188,-0.0027652268763631582,0.2865355610847473,-0.9434617161750793,0.21179117262363434,0.010241939686238766,-0.4623548686504364,0.860969066619873,-11.41796875,49.18359375,24.849609375,49.119140625,-6.912109375,-41.75390625
835,0.07874145358800888,-0.1039889007806778,0.09536798298358917,0.03866218030452728,-0.18112464249134064,0.0697304829955101,-0.030534757301211357,-0.2504812777042389,0.03608535975217819,-0.11232169717550278,0.00953689031302929,0.18033325672149658,-0.9771247506141663,-0.16644257307052612,-0.0027058632113039494,0.2861613929271698,-0.9436107277870178,0.21154317259788513,0.010086370632052422,-0.4618615508079529,0.8612965941429138,-11.330078125,49.095703125,24.849609375,49.03125,-6.912109375,-41.666015625
836,0.07877284288406372,-0.10409855097532272,0.09533609449863434,0.03874349221587181,-0.18118391931056976,0.06977765262126923,-0.030406219884753227,-0.2506583333015442,0.03616728633642197,-0.11411228775978088,0.008884225971996784,0.18146389722824097,-0.9767140746116638,-0.16630376875400543,-0.0027539492584764957,0.28583213686943054,-0.943734884262085,0.2116459161043167,0.009896795265376568,-0.46158313751220703,0.8614227175712585,-11.330078125,49.095703125,24.849609375,49.03125,-6.912109375,-41.666015625
837,0.07881239801645279,-0.10400265455245972,0.095403753221035,0.038829293102025986,-0.1812334954738617,0.06982792168855667,-0.03026275709271431,-0.2508193850517273,0.03626198321580887,-0.11172178387641907,0.009361005388200283,0.1795853227376938,-0.9773330688476562,-0.1661369353532791,-0.0028533260338008404,0.2854694426059723,-0.9438737034797668,0.2114417403936386,0.010130081325769424,-0.46115750074386597,0.8616980910301208,-11.330078125,49.095703125,24.849609375,48.943359375,-6.912109375,-41.666015625
838,0.07885292172431946,-0.10400976985692978,0.09543303400278091,0.038922760635614395,-0.18128924071788788,0.06989903748035431,-0.030107663944363594,-0.2509669065475464,0.03636271506547928,-0.1113305538892746,0.009380540810525417,0.1792237013578415,-0.9774438738822937,-0.16584670543670654,-0.0028013396076858044,0.28507426381111145,-0.9440443515777588,0.21108555793762207,0.010278294794261456,-0.46074092388153076,0.862006425857544,-11.330078125,49.095703125,24.76171875,48.943359375,-6.912109375,-41.666015625
839,0.078898124396801,-0.10402344167232513,0.09546755999326706,0.03901708498597145,-0.1813436597585678,0.06999288499355316,-0.029937343671917915,-0.2510943114757538,0.03648773580789566,-0.11096431314945221,0.009279572404921055,0.17892643809318542,-0.977540910243988,-0.16537153720855713,-0.0027211615815758705,0.2846161723136902,-0.9442662000656128,0.21039214730262756,0.010263077914714813,-0.45991307497024536,0.862618088722229,-11.330078125,48.919921875,24.76171875,48.85546875,-6.912109375,-41.490234375
840,0.07893170416355133,-0.10402888059616089,0.09549763798713684,0.03909578174352646,-0.18140468001365662,0.0700886994600296,-0.02978418953716755,-0.2512281835079193,0.03661138191819191,-0.11048578470945358,0.009131917729973793,0.17857037484645844,-0.9776616096496582,-0.16503268480300903,-0.002629674971103668,0.28422030806541443,-0.9444449543952942,0.20985808968544006,0.01031328085809946,-0.459213525056839,0.8631200194358826,-11.330078125,48.83203125,24.673828125,48.767578125,-6.82421875,-41.490234375
841,0.07895087450742722,-0.10404334962368011,0.09552893787622452,0.03917412832379341,-0.18145690858364105,0.0701676532626152,-0.029659641906619072,-0.2513910233974457,0.03673173487186432,-0.11027727276086807,0.00922100804746151,0.1783509999513626,-0.9777243137359619,-0.16456742584705353,-0.0026854861062020063,0.283847838640213,-0.9446379542350769,0.20971521735191345,0.010161198675632477,-0.45889660716056824,0.8633251190185547,-11.330078125,48.83203125,24.673828125,48.767578125,-6.82421875,-41.490234375
842,0.07897202670574188,-0.1040642261505127,0.09554360806941986,0.03924543410539627,-0.18150858581066132,0.07023067027330399,-0.02954927645623684,-0.2515469193458557,0.03684700280427933,-0.11017629504203796,0.009093353524804115,0.17814552783966064,-0.9777743220329285,-0.16430816054344177,-0.002668804954737425,0.28350844979286194,-0.9447849988937378,0.20964768528938293,0.009924162179231644,-0.4586024582386017,0.8635005950927734,-11.2421875,48.83203125,24.673828125,48.767578125,-6.82421875,-41.40234375
843,0.07899874448776245,-0.10406920313835144,0.09556076675653458,0.039317939430475235,-0.18156370520591736,0.07028914242982864,-0.029432915151119232,-0.25170138478279114,0.03695714473724365,-0.10992760211229324,0.008977193385362625,0.1778038889169693,-0.9778656363487244,-0.16410717368125916,-0.0027499026618897915,0.28321346640586853,-0.9449082016944885,0.20976650714874268,0.009734979830682278,-0.4582754969596863,0.8636474609375,-11.2421875,48.744140625,24.673828125,48.6796875,-6.82421875,-41.40234375
844,0.07903538644313812,-0.1040741577744484,0.09557988494634628,0.03938395529985428,-0.1816226691007614,0.07034111022949219,-0.02929527871310711,-0.25184544920921326,0.037075236439704895,-0.10964931547641754,0.00884106196463108,0.17744086682796478,-0.9779640436172485,-0.16407912969589233,-0.0026558011304587126,0.2829323410987854,-0.9449975490570068,0.20928703248500824,0.009670819155871868,-0.4577125310897827,0.864063024520874,-11.2421875,48.65625,24.5859375,48.591796875,-6.82421875,-41.314453125
845,0.07905600965023041,-0.10409769415855408,0.09559628367424011,0.039458632469177246,-0.181664377450943,0.07038914412260056,-0.02913091704249382,-0.2519875764846802,0.03718940541148186,-0.10972834378480911,0.008872679434716702,0.17734140157699585,-0.9779729247093201,-0.1636042594909668,-0.002715527545660734,0.28262782096862793,-0.9451708197593689,0.20864810049533844,0.009755083359777927,-0.45666250586509705,0.8647717237472534,-11.2421875,48.568359375,24.5859375,48.591796875,-6.82421875,-41.314453125
846,0.07906772941350937,-0.10412180423736572,0.09560974687337875,0.03952260687947273,-0.18171468377113342,0.07044103741645813,-0.028997140005230904,-0.252149373292923,0.03728469833731651,-0.10989941656589508,0.00892566330730915,0.17735853791236877,-0.9779500961303711,-0.16339562833309174,-0.0027430325280874968,0.28232404589653015,-0.9452975988388062,0.20826531946659088,0.009837178513407707,-0.45626139640808105,0.865074872970581,-11.2421875,48.48046875,24.498046875,48.50390625,-6.82421875,-41.2265625
847,0.07910316437482834,-0.10411309450864792,0.09562622010707855,0.039591945707798004,-0.18176895380020142,0.07049374282360077,-0.02885419689118862,-0.2523016929626465,0.03738265484571457,-0.10940609127283096,0.008828742429614067,0.17683249711990356,-0.9781015515327454,-0.16321462392807007,-0.002726652892306447,0.281960129737854,-0.9454375505447388,0.20778702199459076,0.00989482831209898,-0.4558088779449463,0.8654276132583618,-11.2421875,48.48046875,24.498046875,48.416015625,-6.82421875,-41.138671875
848,0.07913466542959213,-0.10411358624696732,0.09564536809921265,0.039666615426540375,-0.18182481825351715,0.07055835425853729,-0.028687626123428345,-0.252445787191391,0.03749123960733414,-0.1089421808719635,0.008760998956859112,0.17634573578834534,-0.9782418012619019,-0.16301049292087555,-0.0026582195423543453,0.28159642219543457,-0.945581316947937,0.2071608155965805,0.010112754069268703,-0.4552542567253113,0.8658669590950012,-11.2421875,48.48046875,24.498046875,48.416015625,-6.82421875,-41.138671875
849,0.0791635662317276,-0.10414473712444305,0.09566674381494522,0.03975670039653778,-0.18188363313674927,0.07062187045812607,-0.02852308563888073,-0.25258487462997437,0.037592943757772446,-0.10911139100790024,0.008846505545079708,0.17625117301940918,-0.9782392382621765,-0.16274602711200714,-0.0025782284792512655,0.28114861249923706,-0.9457603693008423,0.20667557418346405,0.010180015116930008,-0.4546635150909424,0.8662925362586975,-11.154296875,48.3046875,24.41015625,48.328125,-6.82421875,-41.05078125
850,0.07919652760028839,-0.10416155308485031,0.09568850696086884,0.03984476998448372,-0.1819421350955963,0.070679672062397,-0.028393356129527092,-0.2527391016483307,0.03767924755811691,-0.10892437398433685,0.008828392252326012,0.17602793872356415,-0.9783005118370056,-0.1625097095966339,-0.0026077302172780037,0.2807978093624115,-0.9459051489830017,0.20669443905353546,0.009982294403016567,-0.45444241166114807,0.8664063811302185,-11.154296875,48.216796875,24.41015625,48.240234375,-6.82421875,-40.962890625
851,0.07924044132232666,-0.10417129844427109,0.09570405632257462,0.03992953896522522,-0.18199704587459564,0.0707239881157875,-0.028255265206098557,-0.25289079546928406,0.03775564953684807,-0.10874027758836746,0.008738212287425995,0.175652414560318,-0.9783892035484314,-0.16243790090084076,-0.0027129892259836197,0.280516117811203,-0.9460006952285767,0.2067069113254547,0.009915604256093502,-0.45406076312065125,0.8666042685508728,-11.154296875,48.216796875,24.41015625,48.240234375,-6.82421875,-40.962890625
852,0.07926129549741745,-0.10419028997421265,0.09571848064661026,0.04001101106405258,-0.18204443156719208,0.07077660411596298,-0.028102757409214973,-0.25303149223327637,0.037834085524082184,-0.10870123654603958,0.008813992142677307,0.17552608251571655,-0.9784156084060669,-0.1620369255542755,-0.0027569711674004793,0.28015777468681335,-0.9461755156517029,0.2063814401626587,0.009811355732381344,-0.45347461104393005,0.8669898509979248,-11.154296875,48.216796875,24.41015625,48.15234375,-6.82421875,-40.962890625
853,0.07928641140460968,-0.1042078360915184,0.0957418903708458,0.040082454681396484,-0.18209409713745117,0.0708385780453682,-0.027980055660009384,-0.2531815469264984,0.03791651874780655,-0.10855970531702042,0.008841204456984997,0.17529501020908356,-0.9784725308418274,-0.16174611449241638,-0.00271194102242589,0.27984926104545593,-0.946316659450531,0.2062245011329651,0.009728120639920235,-0.4532325267791748,0.867154598236084,-11.154296875,48.04100036621094,24.322265625,48.064453125,-6.7363128662109375,-40.787109375
854,0.07930724322795868,-0.10421380400657654,0.09576204419136047,0.04015118628740311,-0.18214239180088043,0.07090915739536285,-0.027837134897708893,-0.25332483649253845,0.03800813853740692,-0.10828743129968643,0.00884290225803852,0.1748584806919098,-0.9785807728767395,-0.16128189861774445,-0.0027521143201738596,0.2795000970363617,-0.9464989900588989,0.20583802461624146,0.009745148941874504,-0.4526640474796295,0.8675432205200195,-11.154296875,48.04100036621094,24.234375,47.9765625,-6.82421875,-40.875
855,0.07932521402835846,-0.10424652695655823,0.09577847272157669,0.040229566395282745,-0.18218788504600525,0.07096919417381287,-0.027688931673765182,-0.25345945358276367,0.03810122609138489,-0.10849251598119736,0.00893001165241003,0.17502392828464508,-0.9785276651382446,-0.16090497374534607,-0.002728039864450693,0.2790801525115967,-0.9466871619224548,0.20547901093959808,0.00956902839243412,-0.45193466544151306,0.868010401725769,-11.154296875,48.04100036621094,24.234375,47.9765625,-6.82421875,-40.875
856,0.07935686409473419,-0.10423710942268372,0.09579632431268692,0.04030909761786461,-0.18224012851715088,0.07101573795080185,-0.02754184417426586,-0.25360172986984253,0.03817856311798096,-0.10801433771848679,0.008738849312067032,0.17435109615325928,-0.9787023663520813,-0.16054952144622803,-0.002790086669847369,0.27859729528427124,-0.9468894600868225,0.20517808198928833,0.009686445817351341,-0.4513300359249115,0.8683947324752808,-11.06640625,47.95310974121094,24.234375,47.888671875,-6.7363128662109375,-40.69921875
857,0.07938247174024582,-0.1042560264468193,0.09580118209123611,0.04038430377840996,-0.182284876704216,0.07104625552892685,-0.027390718460083008,-0.253743976354599,0.03824928402900696,-0.10810206085443497,0.008730258792638779,0.174268439412117,-0.978707492351532,-0.16025429964065552,-0.0029073830228298903,0.2781965732574463,-0.9470570087432861,0.2048923373222351,0.009739258326590061,-0.4507688581943512,0.8687530755996704,-11.06640625,47.86521911621094,24.234375,47.888671875,-6.7363128662109375,-40.69921875
858,0.07941435277462006,-0.10426883399486542,0.09581352025270462,0.040467895567417145,-0.18233411014080048,0.07108956575393677,-0.02726416103541851,-0.25389376282691956,0.03831663727760315,-0.10802266001701355,0.0087512182071805,0.17396008968353271,-0.9787709712982178,-0.15997588634490967,-0.002919680206105113,0.2777777910232544,-0.947226881980896,0.20484888553619385,0.009504382498562336,-0.45045867562294006,0.8689267635345459,-11.06640625,47.86521911621094,24.234375,47.888671875,-6.7363128662109375,-40.69921875
859,0.07944424450397491,-0.10426854342222214,0.0958322063088417,0.040544185787439346,-0.18238547444343567,0.071137934923172,-0.027135105803608894,-0.25404319167137146,0.038383156061172485,-0.10765037685632706,0.008742527104914188,0.17351891100406647,-0.9788902997970581,-0.15967810153961182,-0.002862462541088462,0.2773054242134094,-0.9474156498908997,0.20492151379585266,0.009326320141553879,-0.45015397667884827,0.8690693378448486,-11.06640625,47.77732849121094,24.146484375,47.712890625,-6.7363128662109375,-40.5234375
860,0.07947290688753128,-0.10427892953157425,0.09585484862327576,0.04062092304229736,-0.1824408769607544,0.07119597494602203,-0.026975223794579506,-0.2541879713535309,0.03845962509512901,-0.10740678012371063,0.008776062168180943,0.1732294261455536,-0.97896808385849,-0.15945005416870117,-0.002771106781437993,0.27697500586509705,-0.9475510120391846,0.20470775663852692,0.009188545867800713,-0.4496102035045624,0.8694027066230774,-11.06640625,47.77732849121094,24.146484375,47.712890625,-6.7363128662109375,-40.5234375
861,0.07951418310403824,-0.10428629070520401,0.09587651491165161,0.04070427268743515,-0.18249964714050293,0.0712532326579094,-0.02683125250041485,-0.2543323040008545,0.03853100165724754,-0.10709454119205475,0.008718055672943592,0.17283223569393158,-0.9790729284286499,-0.15933991968631744,-0.002617140533402562,0.27663278579711914,-0.9476699829101562,0.20466649532318115,0.009022047743201256,-0.4490929841995239,0.8696814179420471,-11.06640625,47.68943786621094,24.146484375,47.625,-6.7363128662109375,-40.5234375
862,0.0795561820268631,-0.10429191589355469,0.09589580446481705,0.0407906211912632,-0.1825549304485321,0.07129363715648651,-0.026676945388317108,-0.25447317957878113,0.03860864043235779,-0.1067458987236023,0.008615500293672085,0.17233432829380035,-0.9791996479034424,-0.15926121175289154,-0.0026827955152839422,0.27634918689727783,-0.9477657079696655,0.20438481867313385,0.00917019322514534,-0.44864627718925476,0.8699766993522644,-11.06640625,47.60154724121094,24.05859375,47.625,-6.7363128662109375,-40.435546875
863,0.07959575206041336,-0.1042950227856636,0.09591367095708847,0.040875714272260666,-0.1826070100069046,0.07133650779724121,-0.02650691755115986,-0.25461485981941223,0.03869057446718216,-0.10641951858997345,0.008498541079461575,0.17189407348632812,-0.9793136119842529,-0.15917055308818817,-0.002698197728022933,0.27601683139801025,-0.9478777647018433,0.20384581387043,0.009197697043418884,-0.44808048009872437,0.8703942894935608,-11.06640625,47.60154724121094,24.05859375,47.537109375,-6.6484222412109375,-40.435546875
864,0.07962477952241898,-0.10431870073080063,0.0959196463227272,0.040958285331726074,-0.18265382945537567,0.0713711753487587,-0.02635808289051056,-0.25475940108299255,0.038766562938690186,-0.10654132068157196,0.0084062609821558,0.1718442142009735,-0.9793099164962769,-0.15903256833553314,-0.002706117695197463,0.2756870985031128,-0.9479968547821045,0.2035149782896042,0.009293892420828342,-0.4476695954799652,0.8706820607185364,-10.978515625,47.51365661621094,23.970703125,47.44921875,-6.7363128662109375,-40.34765625
865,0.07965957373380661,-0.10431704670190811,0.09594009071588516,0.04103391617536545,-0.18270371854305267,0.07142990827560425,-0.026217367500066757,-0.25490567088127136,0.03885015845298767,-0.10613038390874863,0.008284034207463264,0.17135627567768097,-0.9794410467147827,-0.1589323878288269,-0.002705271588638425,0.2753942906856537,-0.9480987787246704,0.20352208614349365,0.009267899207770824,-0.4472457766532898,0.870898425579071,-10.978515625,47.42576599121094,24.05859375,47.44921875,-6.6484222412109375,-40.34765625
866,0.07969643175601959,-0.1043187603354454,0.09596943855285645,0.041116125881671906,-0.18275900185108185,0.07149619609117508,-0.026066603139042854,-0.2550566792488098,0.038931429386138916,-0.10571108013391495,0.00822686217725277,0.17091624438762665,-0.97956383228302,-0.15872114896774292,-0.00257236510515213,0.27506205439567566,-0.9482309818267822,0.20354817807674408,0.008971895091235638,-0.4467204809188843,0.8711650371551514,-10.978515625,47.42576599121094,23.970703125,47.361328125,-6.7363128662109375,-40.259765625
867,0.07973338663578033,-0.10431656241416931,0.09599927812814713,0.041207022964954376,-0.18281535804271698,0.07156619429588318,-0.025913620367646217,-0.25519391894340515,0.039020512253046036,-0.10525014251470566,0.008200772106647491,0.17048758268356323,-0.9796883463859558,-0.15856052935123444,-0.002458094386383891,0.27478164434432983,-0.9483394026756287,0.20323000848293304,0.008995868265628815,-0.44631943106651306,0.871444582939148,-10.978515625,47.33787536621094,23.970703125,47.2734375,-6.6484222412109375,-40.259765625
868,0.07976431399583817,-0.10434392094612122,0.0960170179605484,0.04129475727677345,-0.18286816775798798,0.07162869721651077,-0.025761237367987633,-0.25532329082489014,0.039103202521800995,-0.1053747832775116,0.00825810618698597,0.1705109179019928,-0.9796704053878784,-0.15825054049491882,-0.00262482394464314,0.2744593620300293,-0.9484841227531433,0.20278318226337433,0.009086011908948421,-0.4458426237106323,0.8717917799949646,-10.978515625,47.33787536621094,23.8828125,47.2734375,-6.6484222412109375,-40.171875
869,0.07980230450630188,-0.10434462875127792,0.09603963792324066,0.041387464851140976,-0.1829262673854828,0.07167132198810577,-0.02559960074722767,-0.2554590106010437,0.03918156027793884,-0.10494757443666458,0.008145730942487717,0.16994956135749817,-0.9798147678375244,-0.1581701785326004,-0.002741288859397173,0.2740832567214966,-0.9486058354377747,0.20248301327228546,0.009075965732336044,-0.44529473781585693,0.8721416592597961,-10.890625,47.16209411621094,23.8828125,47.185546875,-6.6484222412109375,-40.083984375
870,0.07983077317476273,-0.10436774790287018,0.09605817496776581,0.041475120931863785,-0.1829829216003418,0.07171422988176346,-0.025447841733694077,-0.25559958815574646,0.03925225883722305,-0.10489317029714584,0.008152147755026817,0.16991136968135834,-0.9798271059989929,-0.1579904407262802,-0.002792101353406906,0.27364885807037354,-0.9487611651420593,0.20228338241577148,0.009262180887162685,-0.44499671459198,0.8723379969596863,-10.978515625,47.16209411621094,23.8828125,47.09765625,-6.6484222412109375,-40.083984375
871,0.0798669308423996,-0.10436142235994339,0.09607888758182526,0.04155038297176361,-0.1830281764268875,0.07176508754491806,-0.025292955338954926,-0.2557385563850403,0.03933419659733772,-0.10434113442897797,0.00805024802684784,0.1693885624408722,-0.9799773693084717,-0.15767358243465424,-0.0028064583893865347,0.2732435464859009,-0.9489305019378662,0.20197226107120514,0.00919108185917139,-0.4444212317466736,0.8727042078971863,-10.890625,47.16209411621094,23.794921875,47.009765625,-6.5605316162109375,-39.99609375
872,0.0798904076218605,-0.10438021272420883,0.09609968960285187,0.041054848581552505,-0.1832507848739624,0.07160273939371109,-0.025142727419734,-0.2558799088001251,0.03941245749592781,-0.10424252599477768,0.008075641468167305,0.1692710667848587,-0.9800079464912415,-0.16835330426692963,0.008821135386824608,0.27282553911209106,-0.9471777081489563,0.2017727792263031,0.009033793583512306,-0.4439030885696411,0.8730155825614929,-10.890625,46.98634338378906,23.794921875,47.009765625,-6.5605316162109375,-39.908203125
873,0.07992295175790787,-0.10438831895589828,0.09612678736448288,0.04112868383526802,-0.18329523503780365,0.07165887206792831,-0.025008825585246086,-0.25601574778556824,0.03949243947863579,-0.10401537269353867,0.00809511635452509,0.1690569519996643,-0.9800688624382019,-0.16817718744277954,0.009007405489683151,0.27245181798934937,-0.9473147988319397,0.2016899734735489,0.008861669339239597,-0.4436092972755432,0.8731857538223267,-10.890625,46.98634338378906,23.794921875,47.009765625,-6.5605316162109375,-39.908203125
874,0.0799538865685463,-0.10439877212047577,0.09614338725805283,0.0412105917930603,-0.1833394467830658,0.0717177763581276,-0.024863580241799355,-0.2561458647251129,0.03957929089665413,-0.1038205623626709,0.008090687915682793,0.1687692254781723,-0.9801391959190369,-0.16782958805561066,0.00902588665485382,0.2721066176891327,-0.9474754333496094,0.20145495235919952,0.00875844620168209,-0.4429074227809906,0.8735973238945007,-10.890625,46.89845275878906,23.70703125,46.921875,-6.6484222412109375,-39.908203125
875,0.07998521625995636,-0.10440874099731445,0.09616163372993469,0.041279785335063934,-0.18339307606220245,0.07177110016345978,-0.024726806208491325,-0.2562965452671051,0.0396750345826149,-0.10357747226953506,0.008065033704042435,0.16836626827716827,-0.9802343845367432,-0.1677650362253189,0.00915620569139719,0.2718697786331177,-0.9475536942481995,0.201174795627594,0.00866620521992445,-0.44242414832115173,0.8739076852798462,-10.890625,46.89845275878906,23.70703125,46.833984375,-6.5605316162109375,-39.8203125
876,0.08000693470239639,-0.10441964119672775,0.09618093818426132,0.041346147656440735,-0.18344800174236298,0.07181957364082336,-0.024584107100963593,-0.2564338743686676,0.03977236896753311,-0.10342370718717575,0.008050191216170788,0.1681373417377472,-0.9802901148796082,-0.16771148145198822,0.009221973828971386,0.271528959274292,-0.9476602077484131,0.20072343945503235,0.008651770651340485,-0.4417712986469269,0.8743416666984558,-10.890625,46.81056213378906,23.70703125,46.833984375,-6.5605316162109375,-39.8203125
877,0.08003094792366028,-0.10443183034658432,0.09619393944740295,0.04142696037888527,-0.18348431587219238,0.07186316698789597,-0.024427613243460655,-0.25655829906463623,0.03986996412277222,-0.10336326062679291,0.008095383644104004,0.16783298552036285,-0.9803482890129089,-0.16724061965942383,0.00918634794652462,0.2711704671382904,-0.9478464126586914,0.20013085007667542,0.008650862611830235,-0.44109290838241577,0.8748198747634888,-10.802734375,46.81056213378906,23.70703125,46.833984375,-6.5605316162109375,-39.732421875
878,0.08006679266691208,-0.10445459932088852,0.09621059894561768,0.0415184423327446,-0.18354064226150513,0.07190753519535065,-0.024287596344947815,-0.2566978335380554,0.03995005786418915,-0.10335832089185715,0.00808433722704649,0.16763080656528473,-0.9803834557533264,-0.16715538501739502,0.009149397723376751,0.2709733545780182,-0.947918176651001,0.19998502731323242,0.00889501627534628,-0.44064974784851074,0.8750740885734558,-10.802734375,46.72267150878906,23.619140625,46.658203125,-6.5605316162109375,-39.64453125
879,0.0800912156701088,-0.10449165850877762,0.09622413665056229,0.04160218685865402,-0.18359263241291046,0.07195737212896347,-0.024131974205374718,-0.2568376064300537,0.04004301503300667,-0.10361840575933456,0.008184419944882393,0.1675928682088852,-0.9803617000579834,-0.16697043180465698,0.009134002961218357,0.2706640958786011,-0.9480392336845398,0.199557363986969,0.008809464983642101,-0.4399948716163635,0.8755021095275879,-10.802734375,46.63478088378906,23.619140625,46.658203125,-6.5605316162109375,-39.64453125
880,0.08011610060930252,-0.10449483245611191,0.09625124931335449,0.04167526960372925,-0.18364562094211578,0.07201464474201202,-0.024009203538298607,-0.25699442625045776,0.04012957215309143,-0.10330261290073395,0.00815599039196968,0.167262464761734,-0.9804515838623047,-0.16684359312057495,0.009168349206447601,0.27038994431495667,-0.948139488697052,0.19949650764465332,0.008607806637883186,-0.4398036301136017,0.8756140470504761,-10.802734375,46.63478088378906,23.619140625,46.5703125,-6.6484222412109375,-39.64453125
881,0.08015338331460953,-0.1044900119304657,0.09627576917409897,0.04175865650177002,-0.18369697034358978,0.07208607345819473,-0.023863598704338074,-0.2571447193622589,0.04022886976599693,-0.10272279381752014,0.008071618154644966,0.16664764285087585,-0.980617880821228,-0.16653123497962952,0.009180527180433273,0.27004697918891907,-0.9482920169830322,0.1994466632604599,0.008499550633132458,-0.439256876707077,0.8759008049964905,-10.890625,46.54689025878906,23.531265258789062,46.482421875,-6.5605316162109375,-39.556640625
882,0.0801752507686615,-0.10451525449752808,0.09630356729030609,0.041832298040390015,-0.18374814093112946,0.07215795665979385,-0.023716209456324577,-0.257284551858902,0.04033171758055687,-0.10271185636520386,0.008147485554218292,0.16656622290611267,-0.9806323051452637,-0.16643014550209045,0.00929322186857462,0.26966413855552673,-0.9484176635742188,0.19931308925151825,0.008266877382993698,-0.43861496448516846,0.8762550354003906,-10.802734375,46.54689025878906,23.531265258789062,46.482421875,-6.5605316162109375,-39.556640625
883,0.0802166536450386,-0.10450829565525055,0.09633533656597137,0.04193353280425072,-0.1838088482618332,0.07222877442836761,-0.02356184460222721,-0.2574236989021301,0.0404348224401474,-0.10202445834875107,0.007996478118002415,0.16576160490512848,-0.9808415770530701,-0.16608276963233948,0.009335111826658249,0.2691202163696289,-0.9486325979232788,0.19887933135032654,0.008338767103850842,-0.4381173551082611,0.8766018748283386,-10.71484375,46.37110900878906,23.531265258789062,46.306640625,-6.5605316162109375,-39.380859375
884,0.08025132119655609,-0.10453641414642334,0.09636028856039047,0.04203660413622856,-0.183866485953331,0.0722857341170311,-0.023399902507662773,-0.25757336616516113,0.04052305221557617,-0.1020088791847229,0.008005659095942974,0.1656126081943512,-0.9808682799339294,-0.1657928228378296,0.009318629279732704,0.2686288058757782,-0.9488227367401123,0.1984524428844452,0.008533208630979061,-0.4377899169921875,0.8768602609634399,-10.71484375,46.37110900878906,23.531265258789062,46.306640625,-6.5605316162109375,-39.380859375
885,0.08029873669147491,-0.10453522205352783,0.09638579934835434,0.04212808981537819,-0.18391959369182587,0.07233796268701553,-0.023251276463270187,-0.25772789120674133,0.04061736539006233,-0.10166384279727936,0.007882261648774147,0.1650545597076416,-0.980999231338501,-0.16556750237941742,0.00923555064946413,0.26825225353240967,-0.9489694237709045,0.19819453358650208,0.008594954386353493,-0.43759801983833313,0.8770136833190918,-10.71484375,46.37110900878906,23.531265258789062,46.306640625,-6.5605316162109375,-39.380859375
886,0.08033004403114319,-0.1045532301068306,0.09641017764806747,0.042214471846818924,-0.18396641314029694,0.07240057736635208,-0.023097366094589233,-0.2578803598880768,0.040712349116802216,-0.10157382488250732,0.00791520532220602,0.16482150554656982,-0.9810473918914795,-0.1651165932416916,0.009241452440619469,0.2678918242454529,-0.9491496682167053,0.1979849934577942,0.008627712726593018,-0.4370608329772949,0.8773285150527954,-10.71484375,46.19532775878906,23.531265258789062,46.21875,-6.4726409912109375,-39.29296875
887,0.08035790920257568,-0.1045638769865036,0.09644222259521484,0.04228205606341362,-0.18402673304080963,0.07247910648584366,-0.022937621921300888,-0.25802671909332275,0.04082944989204407,-0.10126941651105881,0.007963552139699459,0.16452163457870483,-0.9811288714408875,-0.16495183110237122,0.009370307438075542,0.26759347319602966,-0.9492612481117249,0.1975177377462387,0.008617464452981949,-0.43632957339286804,0.8777979016304016,-10.71484375,46.19532775878906,23.531265258789062,46.21875,-6.4726409912109375,-39.29296875
888,0.0803874060511589,-0.10456816852092743,0.09647062420845032,0.042354073375463486,-0.18408428132534027,0.07256750762462616,-0.02281845360994339,-0.25819194316864014,0.04093993455171585,-0.1008516475558281,0.007884634658694267,0.16407139599323273,-0.9812478423118591,-0.16457757353782654,0.009405065327882767,0.26729151606559753,-0.9494109749794006,0.19773021340370178,0.008359404280781746,-0.43600890040397644,0.8779119253158569,-10.71484375,46.19532775878906,23.443374633789062,46.130859375,-6.5605316162109375,-39.205078125
889,0.08041566610336304,-0.10457335412502289,0.09650734066963196,0.04242933541536331,-0.18413570523262024,0.07264282554388046,-0.02267363667488098,-0.2583429515361786,0.04106192663311958,-0.10056546330451965,0.007876631803810596,0.16371189057826996,-0.9813374280929565,-0.16436712443828583,0.009460343047976494,0.26700910925865173,-0.949526309967041,0.19741801917552948,0.008175190538167953,-0.43546628952026367,0.8782530426979065,-10.626953125,46.10743713378906,23.443374633789062,46.04296875,-6.4726409912109375,-39.1171875
890,0.08044557273387909,-0.10458304733037949,0.09653432667255402,0.04251302033662796,-0.18418455123901367,0.07270924746990204,-0.022521568462252617,-0.2585108280181885,0.04116246476769447,-0.10030753910541534,0.007862254977226257,0.16340652108192444,-0.9814147353172302,-0.1641540378332138,0.009509900584816933,0.26669177412986755,-0.9496517777442932,0.19724437594413757,0.008054831996560097,-0.4348258972167969,0.878610372543335,-10.626953125,45.93165588378906,23.355484008789062,45.8671875,-6.5605316162109375,-39.029296875
891,0.08047885447740555,-0.10460005700588226,0.09654741734266281,0.04259943962097168,-0.1842278391122818,0.07275386154651642,-0.02234518527984619,-0.2586608827114105,0.041267767548561096,-0.1002940908074379,0.007816538214683533,0.16322612762451172,-0.9814465641975403,-0.16401389241218567,0.00946988258510828,0.2663350999355316,-0.9497765898704529,0.19668790698051453,0.008245651610195637,-0.43401145935058594,0.8791359663009644,-10.626953125,45.93165588378906,23.355484008789062,45.8671875,-6.5605316162109375,-39.029296875
892,0.08052543550729752,-0.10459114611148834,0.09656540304422379,0.04269842430949211,-0.18428923189640045,0.07280334830284119,-0.022157879546284676,-0.2588081955909729,0.041364483535289764,-0.09984787553548813,0.007755642756819725,0.16256476938724518,-0.9816022515296936,-0.164051353931427,0.009478116407990456,0.26607897877693176,-0.9498417973518372,0.19628265500068665,0.008136563934385777,-0.4333186447620392,0.8795691728591919,-10.626953125,45.93165588378906,23.267593383789062,45.8671875,-6.4726409912109375,-38.94140625
893,0.0805724561214447,-0.10460318624973297,0.09659266471862793,0.042799726128578186,-0.18434931337833405,0.07286331802606583,-0.021974459290504456,-0.2589382529258728,0.04146308824419975,-0.09957634657621384,0.007751671131700277,0.1622336208820343,-0.981684684753418,-0.1639893800020218,0.009539781138300896,0.2658131718635559,-0.9499262571334839,0.19549188017845154,0.008222680538892746,-0.43278586864471436,0.8800066709518433,-10.626953125,45.93165588378906,23.267593383789062,45.8671875,-6.4726409912109375,-38.94140625
894,0.08061453700065613,-0.10462025552988052,0.09661664813756943,0.04290670156478882,-0.18440940976142883,0.07292433083057404,-0.021803133189678192,-0.25909528136253357,0.041543710976839066,-0.09938039630651474,0.007749565877020359,0.16188928484916687,-0.9817613959312439,-0.1637120395898819,0.00945848599076271,0.2654629647731781,-0.9500728249549866,0.19534534215927124,0.008212563581764698,-0.4323851764202118,0.8802363276481628,-10.626953125,45.75587463378906,23.179702758789062,45.69142150878906,-6.4726409912109375,-38.853515625
895,0.08066187798976898,-0.10463118553161621,0.09664148837327957,0.043014150112867355,-0.18446557223796844,0.07298333197832108,-0.02163500338792801,-0.2592450678348541,0.04164521023631096,-0.09913578629493713,0.007702501956373453,0.16151642799377441,-0.9818479418754578,-0.16332489252090454,0.009331545792520046,0.2650474011898041,-0.9502567648887634,0.1950436532497406,0.007968267425894737,-0.4317556917667389,0.8806142807006836,-10.626953125,45.66798400878906,23.091812133789062,45.69142150878906,-6.4726409912109375,-38.765625
896,0.08071102201938629,-0.10462971031665802,0.09666109085083008,0.04312288388609886,-0.1845237910747528,0.07303044945001602,-0.021451441571116447,-0.2593972980976105,0.041737038642168045,-0.09870155900716782,0.007559110410511494,0.16098378598690033,-0.9819802641868591,-0.16311900317668915,0.009237823076546192,0.26464030146598816,-0.9504064917564392,0.19481663405895233,0.007847669534385204,-0.4311259388923645,0.8809741139411926,-10.5390625,45.66798400878906,23.091812133789062,45.60353088378906,-6.3847503662109375,-38.765625
897,0.0807558223605156,-0.10464160144329071,0.09667631983757019,0.04322630539536476,-0.18457797169685364,0.07308166474103928,-0.021291613578796387,-0.2595510184764862,0.041816581040620804,-0.09844246506690979,0.007428545504808426,0.16059823334217072,-0.9820703864097595,-0.16275642812252045,0.00919018778949976,0.2642010450363159,-0.9505912661552429,0.19460344314575195,0.0077195423655211926,-0.43077629804611206,0.8811933994293213,-10.5390625,45.58009338378906,23.003921508789062,45.60353088378906,-6.3847503662109375,-38.765625
898,0.08079761266708374,-0.1046489030122757,0.09669197350740433,0.04333622381091118,-0.18463291227817535,0.07313952594995499,-0.021119248121976852,-0.25969386100769043,0.04189739748835564,-0.09815309941768646,0.007377611007541418,0.1601724922657013,-0.9821692109107971,-0.16223545372486115,0.009081325493752956,0.2636489272117615,-0.9508345723152161,0.19422684609889984,0.00797963235527277,-0.43022996187210083,0.8815409541130066,-10.5390625,45.49220275878906,23.003921508789062,45.51564025878906,-6.3847503662109375,-38.677734375
899,0.08081619441509247,-0.10468000173568726,0.0967044085264206,0.04342547431588173,-0.1846936047077179,0.07321081310510635,-0.020945554599165916,-0.259853333234787,0.04199659079313278,-0.09834911674261093,0.007353153545409441,0.16021670401096344,-0.9821426272392273,-0.1618339568376541,0.009067026898264885,0.2631165087223053,-0.9510506987571716,0.19392606616020203,0.008067718707025051,-0.42971768975257874,0.8818562626838684,-10.5390625,45.49220275878906,23.003921508789062,45.42774963378906,-6.3847503662109375,-38.58984375
900,0.08085893094539642,-0.10465648025274277,0.09673453122377396,0.04350893571972847,-0.1847504824399948,0.07327711582183838,-0.020779449492692947,-0.26001057028770447,0.042092159390449524,-0.09761560708284378,0.007273973897099495,0.15936943888664246,-0.9823542237281799,-0.16163270175457,0.00918920524418354,0.26275867223739624,-0.9511826038360596,0.1935356855392456,0.007624448277056217,-0.42914459109306335,0.8822249174118042,-10.5390625,45.40431213378906,23.003921508789062,45.33985900878906,-6.4726409912109375,-38.501953125
901,0.08088772743940353,-0.10466841608285904,0.09675373882055283,0.04358835518360138,-0.18480266630649567,0.07333926111459732,-0.020608047023415565,-0.2601736783981323,0.042198676615953445,-0.097408227622509,0.0071829394437372684,0.15909478068351746,-0.9824199080467224,-0.16138315200805664,0.009080917574465275,0.2623436748981476,-0.9513405561447144,0.193311408162117,0.00768048781901598,-0.42848554253578186,0.8825939297676086,-10.5390625,45.40431213378906,22.916015625,45.33985900878906,-6.3847503662109375,-38.501953125
902,0.08092351257801056,-0.10467297583818436,0.096769779920578,0.0436801053583622,-0.1848602443933487,0.0734008252620697,-0.02044624835252762,-0.26033204793930054,0.042303070425987244,-0.09719887375831604,0.007095659617334604,0.15863028168678284,-0.9825164079666138,-0.16129787266254425,0.00903334654867649,0.26206135749816895,-0.9514333605766296,0.1931150257587433,0.007695737294852734,-0.4280068576335907,0.8828690052032471,-10.5390625,45.31642150878906,22.916015625,45.25196838378906,-6.3847503662109375,-38.501953125
903,0.08096636831760406,-0.10468116402626038,0.09679913520812988,0.04378407448530197,-0.1849193423986435,0.07345996797084808,-0.020272955298423767,-0.2604796886444092,0.042400456964969635,-0.09694280475378036,0.007076125126332045,0.15828274190425873,-0.9825979471206665,-0.1612137258052826,0.008977320045232773,0.2617292106151581,-0.9515395164489746,0.19316701591014862,0.007660397794097662,-0.4275211691856384,0.8830931186676025,-10.5390625,45.31642150878906,22.916015625,45.25196838378906,-6.3847503662109375,-38.501953125
904,0.08101815730333328,-0.10469487309455872,0.09682739526033401,0.04389863833785057,-0.18498316407203674,0.07352893799543381,-0.020091457292437553,-0.26061388850212097,0.042519111186265945,-0.09667211771011353,0.006983787752687931,0.15793298184871674,-0.9826815724372864,-0.16114173829555511,0.00894252210855484,0.2613827884197235,-0.9516472220420837,0.19282105565071106,0.00768063822761178,-0.4270119071006775,0.8834149837493896,-10.451171875,45.22853088378906,22.828125,45.16407775878906,-6.3847503662109375,-38.4140625
905,0.08107176423072815,-0.10470318794250488,0.09685994684696198,0.04402102530002594,-0.18504680693149567,0.07360952347517014,-0.01989929750561714,-0.26076072454452515,0.04263724759221077,-0.09633023291826248,0.00693419249728322,0.15746089816093445,-0.9827912449836731,-0.16087645292282104,0.008878586813807487,0.2609560489654541,-0.951809823513031,0.19244475662708282,0.007860609330236912,-0.4266136586666107,0.8836878538131714,-10.451171875,45.14064025878906,22.828125,45.076171875,-6.3847503662109375,-38.326171875
906,0.08111178129911423,-0.10471589118242264,0.0968906432390213,0.044127605855464935,-0.18510723114013672,0.07369009405374527,-0.019701508805155754,-0.2609091103076935,0.04275279864668846,-0.0959787592291832,0.006970092188566923,0.1570880115032196,-0.9828850030899048,-0.1604623645544052,0.008961786516010761,0.2605452537536621,-0.9519915580749512,0.19206492602825165,0.0077844299376010895,-0.426087886095047,0.8840246796607971,-10.451171875,45.05274963378906,22.828125,45.076171875,-6.3847503662109375,-38.326171875
907,0.08114954084157944,-0.10473135113716125,0.09691670536994934,0.04422961175441742,-0.18516743183135986,0.07376870512962341,-0.019542479887604713,-0.26104244589805603,0.04285378009080887,-0.09575562924146652,0.006950232200324535,0.15673428773880005,-0.9829633831977844,-0.1600622683763504,0.008990379981696606,0.260122686624527,-0.9521741271018982,0.19170160591602325,0.0075874365866184235,-0.4255355894565582,0.8843712210655212,-10.451171875,45.05274963378906,22.740234375,44.98828125,-6.3847503662109375,-38.23828125
908,0.08118242770433426,-0.10475334525108337,0.09693454205989838,0.04432633891701698,-0.1852199286222458,0.07383015006780624,-0.019380543380975723,-0.26119565963745117,0.042957205325365067,-0.09565293043851852,0.007031685207039118,0.1565295159816742,-0.9830054640769958,-0.1596665233373642,0.008965600281953812,0.25969281792640686,-0.952358067035675,0.19147555530071259,0.007373746484518051,-0.4250149428844452,0.8846723437309265,-10.451171875,45.05274963378906,22.740234375,44.98828125,-6.3847503662109375,-38.23828125
909,0.08122282475233078,-0.10474865883588791,0.0969478115439415,0.044416699558496475,-0.18527278304100037,0.07387283444404602,-0.019224289804697037,-0.26135292649269104,0.04305749759078026,-0.0952872708439827,0.006876327097415924,0.15589725971221924,-0.9831425547599792,-0.15939266979694366,0.008844196796417236,0.2592599391937256,-0.9525229930877686,0.19122283160686493,0.007354181259870529,-0.42443907260894775,0.8850035667419434,-10.451171875,44.87696838378906,22.65234375,44.900390625,-6.3847503662109375,-38.06248474121094
910,0.08126280456781387,-0.10473771393299103,0.09695430099964142,0.0445052832365036,-0.18532973527908325,0.0739067792892456,-0.01905602402985096,-0.2615140676498413,0.043154358863830566,-0.09450440108776093,0.006590133998543024,0.15504960715770721,-0.9833540320396423,-0.1591595560312271,0.00867458526045084,0.2588762044906616,-0.9526678919792175,0.19086574018001556,0.007635447196662426,-0.4238162040710449,0.8853766322135925,-10.451171875,44.87696838378906,22.65234375,44.8125,-6.3847503662109375,-38.06248474121094
911,0.0812835544347763,-0.10476762056350708,0.09697085618972778,0.04458670690655708,-0.18537120521068573,0.07395520061254501,-0.018887629732489586,-0.2616632282733917,0.04325898736715317,-0.09480808675289154,0.006683198269456625,0.15510410070419312,-0.9833155870437622,-0.15888285636901855,0.008560490794479847,0.25845128297805786,-0.9528305530548096,0.19044923782348633,0.0077192410826683044,-0.42313796281814575,0.8857899308204651,-10.451171875,44.87696838378906,22.65234375,44.8125,-6.3847503662109375,-38.06248474121094
912,0.08131831139326096,-0.10476799309253693,0.09699258953332901,0.04467003047466278,-0.18542008101940155,0.07401461899280548,-0.01874563656747341,-0.2618176341056824,0.043360576033592224,-0.09448651224374771,0.006517061498016119,0.15465158224105835,-0.9834189414978027,-0.1585877537727356,0.008510633371770382,0.2580566108226776,-0.9529871344566345,0.19008025527000427,0.007688257377594709,-0.4227834641933441,0.8860387206077576,-10.451171875,44.78907775878906,22.65234375,44.8125,-6.3847503662109375,-38.06248474121094
913,0.08133870363235474,-0.10478959232568741,0.09701772779226303,0.0447518415749073,-0.18546780943870544,0.07408075034618378,-0.018566232174634933,-0.26196742057800293,0.04347587749361992,-0.09453337639570236,0.006600717548280954,0.15455842018127441,-0.9834285378456116,-0.1582832634449005,0.008551891893148422,0.25769829750061035,-0.953134298324585,0.18963000178337097,0.007686029653996229,-0.42197492718696594,0.886520504951477,-10.36328125,44.70118713378906,22.65234375,44.724609375,-6.3847503662109375,-38.06248474121094
914,0.08137571066617966,-0.10478433221578598,0.09704505652189255,0.04483666643500328,-0.1855195313692093,0.07414807379245758,-0.018409520387649536,-0.26211827993392944,0.04357162490487099,-0.09403452277183533,0.0065152607858181,0.15397287905216217,-0.9835687875747681,-0.1581399291753769,0.008642411790788174,0.25734323263168335,-0.9532531499862671,0.18960310518741608,0.007585014216601849,-0.421359658241272,0.8868197798728943,-10.36328125,44.70118713378906,22.564453125,44.63671875,-6.296875,-37.97459411621094
915,0.08141642063856125,-0.1047973781824112,0.09707166254520416,0.04493026062846184,-0.18557234108448029,0.07421337813138962,-0.01825818419456482,-0.26226669549942017,0.043664392083883286,-0.09377302974462509,0.006487373262643814,0.1536472588777542,-0.9836448431015015,-0.15802927315235138,0.008684036321938038,0.25704506039619446,-0.9533515572547913,0.18959107995033264,0.007307111285626888,-0.4208656847476959,0.8870591521263123,-10.36328125,44.52540588378906,22.4765625,44.548828125,-6.296875,-37.97459411621094
916,0.08145327121019363,-0.10480448603630066,0.09709804505109787,0.0450262688100338,-0.18562808632850647,0.0742739662528038,-0.01808023452758789,-0.2624080181121826,0.043771278113126755,-0.09346397966146469,0.00653985096141696,0.15317633748054504,-0.9837473034858704,-0.15774047374725342,0.00860047060996294,0.2567388713359833,-0.9534826874732971,0.18927018344402313,0.0071336193941533566,-0.42016634345054626,0.8874605298042297,-10.36328125,44.52540588378906,22.4765625,44.548828125,-6.296875,-37.88670349121094
917,0.08147943019866943,-0.10484357923269272,0.097116619348526,0.04511840641498566,-0.1856861412525177,0.07433192431926727,-0.017921490594744682,-0.2625586688518524,0.04386376962065697,-0.0936775803565979,0.006594045553356409,0.1533118188381195,-0.9837055206298828,-0.1576458066701889,0.008623751811683178,0.25639545917510986,-0.9535905122756958,0.18905994296073914,0.006757067516446114,-0.4196276366710663,0.8877631425857544,-10.36328125,44.43751525878906,22.4765625,44.4609375,-6.296875,-37.798828125
918,0.08151806890964508,-0.10483750700950623,0.09714043885469437,0.0452050119638443,-0.1857321411371231,0.07438064366579056,-0.017733940854668617,-0.26269295811653137,0.04395454376935959,-0.09321765601634979,0.006555701140314341,0.15274953842163086,-0.9838370084762573,-0.15734630823135376,0.008592315949499607,0.2560257315635681,-0.953739583492279,0.18846678733825684,0.006970094982534647,-0.4186778664588928,0.8883359432220459,-10.275390625,44.43751525878906,22.388671875,44.373046875,-6.208984375,-37.7109375
919,0.08153828978538513,-0.10485232621431351,0.09714643657207489,0.045281000435352325,-0.1857798844575882,0.07442370057106018,-0.017578642815351486,-0.26284468173980713,0.044022336602211,-0.09320143610239029,0.006574302911758423,0.1525244116783142,-0.9838733077049255,-0.15706127882003784,0.008582599461078644,0.25559577345848083,-0.953902006149292,0.18830130994319916,0.0070981127209961414,-0.4179666042327881,0.8887048959732056,-10.275390625,44.34962463378906,22.388671875,44.28515625,-6.296875,-37.7109375
920,0.08155608177185059,-0.10485858470201492,0.09716484695672989,0.045346759259700775,-0.18582797050476074,0.07446613907814026,-0.01741866208612919,-0.2630069851875305,0.04409682750701904,-0.09300369024276733,0.006612053606659174,0.15227282047271729,-0.983930766582489,-0.15689821541309357,0.008668972179293633,0.2552681565284729,-0.9540157914161682,0.18790388107299805,0.0070509654469788074,-0.41730818152427673,0.889098584651947,-10.275390625,44.26173400878906,22.388671875,44.197265625,-6.296875,-37.623046875
921,0.08157416433095932,-0.10486237704753876,0.09717860817909241,0.04541423171758652,-0.18587015569210052,0.07451720535755157,-0.017248574644327164,-0.2631699740886688,0.044182512909173965,-0.09281248599290848,0.006615172140300274,0.15191228687763214,-0.9840044379234314,-0.15653793513774872,0.008698692545294762,0.2548065781593323,-0.9541980624198914,0.18775835633277893,0.007032060995697975,-0.41664034128189087,0.8894426226615906,-10.275390625,44.26173400878906,22.30078125,44.197265625,-6.296875,-37.623046875
922,0.08159689605236053,-0.10487131774425507,0.09719979017972946,0.04549892991781235,-0.1859198361635208,0.07458397001028061,-0.017118891701102257,-0.26333799958229065,0.044268783181905746,-0.09263052046298981,0.006632552016526461,0.151681050658226,-0.9840572476387024,-0.15619109570980072,0.008692869916558266,0.25435060262680054,-0.9543765783309937,0.1879778951406479,0.006669847760349512,-0.416327565908432,0.8895455002784729,-10.275390625,44.17384338378906,22.30078125,44.109375,-6.208984375,-37.53515625
923,0.08163207769393921,-0.10489210486412048,0.0972248986363411,0.04559909552335739,-0.1859697550535202,0.07465837895870209,-0.016945375129580498,-0.2634771168231964,0.04436206817626953,-0.09255823493003845,0.006752434186637402,0.15155194699764252,-0.9840829968452454,-0.15581636130809784,0.008692002855241299,0.25402146577835083,-0.9545255303382874,0.18771719932556152,0.006551339756697416,-0.41570138931274414,0.8898943066596985,-10.275390625,44.08595275878906,22.30078125,44.021484375,-6.208984375,-37.447265625
924,0.08168132603168488,-0.10489504039287567,0.09725302457809448,0.04570723697543144,-0.18601422011852264,0.07472139596939087,-0.016778985038399696,-0.26361626386642456,0.04444247856736183,-0.09230568259954453,0.00672526378184557,0.15114451944828033,-0.984169602394104,-0.1554931402206421,0.008648794144392014,0.2536645829677582,-0.9546735286712646,0.18747256696224213,0.006463217083364725,-0.4151674807071686,0.8901957273483276,-10.275390625,44.08595275878906,22.30078125,44.021484375,-6.208984375,-37.447265625
925,0.08171945810317993,-0.10490971803665161,0.09726723283529282,0.04581905156373978,-0.18606112897396088,0.07477058470249176,-0.016603611409664154,-0.26376089453697205,0.044523224234580994,-0.09227065742015839,0.006775135640054941,0.15088938176631927,-0.9842116832733154,-0.1552208513021469,0.008537663146853447,0.25334465503692627,-0.9548037648200989,0.18718482553958893,0.006624946370720863,-0.41475552320480347,0.8904469609260559,-10.275390625,44.08595275878906,22.30078125,44.021484375,-6.208984375,-37.447265625
926,0.08174636214971542,-0.1049603596329689,0.09727519750595093,0.04591676592826843,-0.18610955774784088,0.0748126432299614,-0.0163891464471817,-0.2638845145702362,0.044609155505895615,-0.09281539171934128,0.006873097270727158,0.15128397941589355,-0.9840992093086243,-0.1551629900932312,0.008418870158493519,0.2530132830142975,-0.9549021124839783,0.18661554157733917,0.006803981494158506,-0.41369372606277466,0.8910589218139648,-10.275390625,43.99806213378906,22.212890625,43.93359375,-6.208984375,-37.359375
927,0.08179052919149399,-0.10493700951337814,0.09729859977960587,0.04599969834089279,-0.18615956604480743,0.07486888766288757,-0.016222212463617325,-0.2640296220779419,0.044707633554935455,-0.09207228571176529,0.006731288507580757,0.15041106939315796,-0.9843038320541382,-0.15492457151412964,0.008369439281523228,0.2526388466358185,-0.9550403952598572,0.1863066852092743,0.006570299621671438,-0.4130255877971649,0.8914351463317871,-10.275390625,43.822265625,22.212890625,43.845703125,-6.208984375,-37.271484375
928,0.08181368559598923,-0.10494443774223328,0.09732010215520859,0.04607396945357323,-0.18622027337551117,0.07494363188743591,-0.0160689614713192,-0.2641977071762085,0.04482069984078407,-0.09177709370851517,0.006679172161966562,0.1501622349023819,-0.984369695186615,-0.15483470261096954,0.008486601524055004,0.2522500455379486,-0.9551566243171692,0.18596810102462769,0.006558904889971018,-0.41272667050361633,0.8916443586349487,-10.275390625,43.822265625,22.125,43.7578125,-6.208984375,-37.271484375
929,0.08183389157056808,-0.10495492070913315,0.09734750539064407,0.04615534842014313,-0.1862751543521881,0.07503273338079453,-0.015909317880868912,-0.26434382796287537,0.04493700712919235,-0.09160415083169937,0.006670139264315367,0.14990179240703583,-0.9844255447387695,-0.15455882251262665,0.008543509989976883,0.25175905227661133,-0.9553303718566895,0.18584641814231873,0.006312104873359203,-0.4120716452598572,0.8919743895530701,-10.275390625,43.734375,22.125,43.7578125,-6.208984375,-37.18359375
930,0.0818515419960022,-0.10498250275850296,0.09736967086791992,0.046236105263233185,-0.18632632493972778,0.0750984251499176,-0.015740206465125084,-0.26448214054107666,0.045044127851724625,-0.09167278558015823,0.006647868547588587,0.14997217059135437,-0.9844086766242981,-0.15439924597740173,0.0085216723382473,0.2513214945793152,-0.9554715156555176,0.18557243049144745,0.006334809586405754,-0.4113648235797882,0.8923575282096863,-10.099609375,43.734375,22.037109375,43.669921875,-6.208984375,-37.18359375
931,0.08189848810434341,-0.1049632877111435,0.09739745408296585,0.046331118792295456,-0.18637889623641968,0.07515767961740494,-0.015555918216705322,-0.26461565494537354,0.04514094442129135,-0.09100937843322754,0.006477894727140665,0.14922557771205902,-0.9845847487449646,-0.15418851375579834,0.008508269675076008,0.25093764066696167,-0.9556065201759338,0.1851341873407364,0.006518536247313023,-0.41072094440460205,0.8927435874938965,-10.099609375,43.646484375,22.037109375,43.58203125,-6.208984375,-37.095703125
932,0.08194325864315033,-0.10496723651885986,0.09741120785474777,0.04642987996339798,-0.1864359974861145,0.07521457970142365,-0.015389993786811829,-0.2647436261177063,0.04524568095803261,-0.09060461819171906,0.006342282984405756,0.1487714946269989,-0.9846916198730469,-0.15411996841430664,0.008478277362883091,0.2505444586277008,-0.9557210206985474,0.18467332422733307,0.006663875188678503,-0.4102001190185547,0.8930774331092834,-10.099609375,43.646484375,22.037109375,43.58203125,-6.208984375,-37.095703125
933,0.08197657018899918,-0.10497493296861649,0.09743725508451462,0.046522438526153564,-0.1864767074584961,0.07527265697717667,-0.015222233720123768,-0.2648877799510956,0.04534423351287842,-0.09044457972049713,0.0063370345160365105,0.1484936773777008,-0.984748363494873,-0.15377922356128693,0.008444220758974552,0.2502000033855438,-0.9558664560317993,0.1843922883272171,0.006826532538980246,-0.4099554717540741,0.8932465314865112,-10.099609375,43.55859375,21.94921875,43.494140625,-6.208984375,-37.0078125
934,0.08200322836637497,-0.10498637706041336,0.09746402502059937,0.0466160848736763,-0.18652310967445374,0.07534829527139664,-0.015078840777277946,-0.26503297686576843,0.0454370453953743,-0.09025132656097412,0.00639001838862896,0.14821936190128326,-0.9848070740699768,-0.1532231867313385,0.008409733884036541,0.24972839653491974,-0.9560793042182922,0.1844121664762497,0.00661900220438838,-0.40962639451026917,0.893394947052002,-10.099609375,43.55859375,21.94921875,43.494140625,-6.208984375,-37.0078125
935,0.08203268051147461,-0.1049986183643341,0.0974850133061409,0.0467042475938797,-0.18657128512859344,0.07542193681001663,-0.014916501007974148,-0.26516416668891907,0.04554099962115288,-0.08998643606901169,0.006393423303961754,0.14801576733589172,-0.9848618507385254,-0.15286895632743835,0.008446461521089077,0.24934695661067963,-0.9562353491783142,0.18417641520500183,0.006527857854962349,-0.40894392132759094,0.8937568664550781,-10.099609375,43.3828125,21.94921875,43.40625,-6.12109375,-36.919921875
936,0.08206088095903397,-0.1050109714269638,0.09750768542289734,0.046792011708021164,-0.1866166591644287,0.07549677789211273,-0.01473559346050024,-0.2652852237224579,0.04565184935927391,-0.08985035866498947,0.006418608594685793,0.14778997004032135,-0.9849081039428711,-0.15245620906352997,0.008420654572546482,0.24885228276252747,-0.956430196762085,0.1836555004119873,0.006473680958151817,-0.40793004631996155,0.8943276405334473,-10.099609375,43.3828125,21.94921875,43.318359375,-6.12109375,-36.83203125
937,0.08207999914884567,-0.10502778738737106,0.09753012657165527,0.046881187707185745,-0.1866661161184311,0.07555356621742249,-0.014605313539505005,-0.26542341709136963,0.04574936255812645,-0.08975908160209656,0.006415585055947304,0.14759087562561035,-0.9849462509155273,-0.1521664559841156,0.00840782094746828,0.2484034299850464,-0.9565932154655457,0.183638796210289,0.006286086514592171,-0.4075644314289093,0.8944990634918213,-10.099609375,43.3828125,21.94921875,43.318359375,-6.12109375,-36.83203125
938,0.0821174681186676,-0.1050243228673935,0.09754592180252075,0.04695916920900345,-0.18671542406082153,0.075606569647789,-0.014443951658904552,-0.2655565142631531,0.0458429753780365,-0.089292973279953,0.006274130195379257,0.14718368649482727,-0.9850504994392395,-0.15205159783363342,0.00845008809119463,0.24799366295337677,-0.9567173719406128,0.18322168290615082,0.006409063935279846,-0.4071246385574341,0.8947839140892029,-10.01171875,43.294921875,21.861328125,43.23046875,-6.12109375,-36.744140625
939,0.08214835822582245,-0.10502985864877701,0.09756484627723694,0.047048117965459824,-0.18676450848579407,0.07566091418266296,-0.014286811463534832,-0.26568838953971863,0.04593627527356148,-0.08906973898410797,0.006282228510826826,0.1468069851398468,-0.9851269125938416,-0.15189264714717865,0.008419839665293694,0.24757450819015503,-0.9568514227867126,0.18296468257904053,0.006392182782292366,-0.40676212310791016,0.8950015902519226,-10.01171875,43.20703125,21.861328125,43.142578125,-6.12109375,-36.744140625
940,0.08215644955635071,-0.1051240861415863,0.09757763147354126,0.047136593610048294,-0.1868181973695755,0.07572385668754578,-0.014135642908513546,-0.26581594347953796,0.04604155197739601,-0.09021608531475067,0.006557141896337271,0.1478651762008667,-0.9848625063896179,-0.15168824791908264,0.008447985164821148,0.24712631106376648,-0.9569994807243347,0.1827974021434784,0.00619861064478755,-0.40625184774398804,0.8952687382698059,-10.01171875,43.20703125,21.861328125,43.142578125,-6.12109375,-36.744140625
941,0.08220509439706802,-0.1050533726811409,0.09760348498821259,0.04722993075847626,-0.18688438832759857,0.07579829543828964,-0.013961081393063068,-0.2659466862678528,0.046145953238010406,-0.08867910504341125,0.006247613579034805,0.14633508026599884,-0.9852325320243835,-0.15139485895633698,0.008370540104806423,0.24663597345352173,-0.9571731090545654,0.18236078321933746,0.006310070399194956,-0.4055805206298828,0.8956612944602966,-10.01171875,43.119140625,21.7734375,43.0546875,-6.12109375,-36.65625
942,0.08222454786300659,-0.10505429655313492,0.0976257473230362,0.0472857803106308,-0.186919704079628,0.07584825158119202,-0.013818647712469101,-0.26609179377555847,0.04624604061245918,-0.08840478211641312,0.0062133194878697395,0.1460278183221817,-0.9853029847145081,-0.151234969496727,0.008413868956267834,0.24633319675922394,-0.957275927066803,0.18238219618797302,0.006087456364184618,-0.40522250533103943,0.8958205580711365,-10.01171875,43.03125,21.7734375,42.966796875,-6.12109375,-36.568359375
943,0.08224992454051971,-0.10505707561969757,0.09764522314071655,0.047366950660943985,-0.18696296215057373,0.07591291517019272,-0.01368808839470148,-0.2662108838558197,0.04634116217494011,-0.0881541445851326,0.006168814841657877,0.14565712213516235,-0.9853805899620056,-0.15112796425819397,0.008348623290657997,0.24599233269691467,-0.957381010055542,0.18226781487464905,0.0059747640043497086,-0.40443113446235657,0.8962022066116333,-10.01171875,43.03125,21.685546875,42.87890625,-6.033203125,-36.568359375
944,0.08229217678308487,-0.10502882301807404,0.0976637601852417,0.04744100570678711,-0.18700005114078522,0.0759686604142189,-0.013533464632928371,-0.2663372755050659,0.04644375666975975,-0.08704479783773422,0.0057708038948476315,0.1446738839149475,-0.9856264591217041,-0.15097995102405548,0.008355283178389072,0.24563755095005035,-0.9574954509735107,0.18190883100032806,0.006008726544678211,-0.4038935601711273,0.8965172171592712,-9.923828125,42.943359375,21.685546875,42.87890625,-6.12109375,-36.48046875
945,0.08232370764017105,-0.10503583401441574,0.09768528491258621,0.04752899706363678,-0.1870460957288742,0.07602857053279877,-0.013389956206083298,-0.2664644122123718,0.046534016728401184,-0.08679923415184021,0.005712464917451143,0.14428870379924774,-0.9857048392295837,-0.15065547823905945,0.008373902179300785,0.2452278435230255,-0.9576514363288879,0.1816270500421524,0.005742086563259363,-0.40343746542930603,0.8967813849449158,-9.923828125,42.943359375,21.685546875,42.791015625,-6.12109375,-36.48046875
946,0.08236213028430939,-0.10504617542028427,0.09770308434963226,0.047618318349123,-0.18708515167236328,0.0760711207985878,-0.013243132270872593,-0.2665877044200897,0.046615902334451675,-0.08676272630691528,0.00575029943138361,0.14399845898151398,-0.9857502579689026,-0.15046682953834534,0.00841626338660717,0.2448815107345581,-0.9577693343162537,0.18148578703403473,0.005660397466272116,-0.40292105078697205,0.8970426917076111,-9.923828125,42.85546875,21.59765625,42.791015625,-6.033203125,-36.48046875
947,0.08239329606294632,-0.10506930947303772,0.09771395474672318,0.04771094769239426,-0.18713077902793884,0.07611865550279617,-0.013102661818265915,-0.26671338081359863,0.0466856025159359,-0.08687051385641098,0.005818018224090338,0.1439432054758072,-0.9857484698295593,-0.15019042789936066,0.008302580565214157,0.24458430707454681,-0.9578896164894104,0.1813296675682068,0.005682661198079586,-0.4026658236980438,0.8971887826919556,-9.923828125,42.767578125,21.59765625,42.703125,-6.12109375,-36.392578125
948,0.08242585510015488,-0.10506880283355713,0.09772922843694687,0.04778863862156868,-0.18717804551124573,0.07616722583770752,-0.012932255864143372,-0.2668275237083435,0.04676472768187523,-0.08655562996864319,0.0057625179179012775,0.1434788703918457,-0.9858441948890686,-0.14993682503700256,0.008253173902630806,0.2442813664674759,-0.9580070376396179,0.18072399497032166,0.00576396007090807,-0.4018533229827881,0.8976745009422302,-9.923828125,42.6796875,21.59765625,42.615234375,-6.033203125,-36.3046875
949,0.0824427381157875,-0.10507610440254211,0.09774618595838547,0.0478639118373394,-0.1872282326221466,0.07622669637203217,-0.012780246324837208,-0.26695793867111206,0.046845443546772,-0.08636030554771423,0.005770415998995304,0.1431688666343689,-0.9859064221382141,-0.14959098398685455,0.008278165012598038,0.24387209117412567,-0.958165168762207,0.18038544058799744,0.005742375738918781,-0.40128061175346375,0.8979989290237427,-9.923828125,42.6796875,21.59765625,42.615234375,-6.033203125,-36.3046875
950,0.08246099948883057,-0.1050986722111702,0.09777040779590607,0.047943226993083954,-0.18728385865688324,0.07628104835748672,-0.012625012546777725,-0.2670880854129791,0.046931661665439606,-0.08641186356544495,0.005862357094883919,0.14306649565696716,-0.9859161972999573,-0.14941583573818207,0.008241173811256886,0.24354374408721924,-0.9582762718200684,0.1802259385585785,0.0056005604565143585,-0.40062952041625977,0.8983224034309387,-9.923828125,42.6796875,21.59765625,42.615234375,-6.033203125,-36.3046875
951,0.08247850835323334,-0.10511534661054611,0.09778386354446411,0.04802272468805313,-0.18734301626682281,0.07632774859666824,-0.012479325756430626,-0.26722463965415955,0.047010984271764755,-0.0862971767783165,0.005859795492142439,0.14281949400901794,-0.9859620332717896,-0.14929921925067902,0.008247935213148594,0.24312783777713776,-0.9584000110626221,0.18001364171504974,0.005428133998066187,-0.4001380503177643,0.8985851407051086,-9.923828125,42.6796875,21.59765625,42.615234375,-6.033203125,-36.3046875
952,0.08251140266656876,-0.10512616485357285,0.09779831767082214,0.04811684414744377,-0.18739153444766998,0.07637305557727814,-0.012347393669188023,-0.2673850357532501,0.047074608504772186,-0.08620602637529373,0.005871955305337906,0.1426386833190918,-0.9859960675239563,-0.14908663928508759,0.008240907453000546,0.24269866943359375,-0.9585419297218323,0.18042825162410736,0.004938346799463034,-0.40001294016838074,0.8985604643821716,-9.923828125,42.6796875,21.59765625,42.615234375,-6.033203125,-36.3046875
953,0.08252200484275818,-0.10515978932380676,0.09780596196651459,0.04820096120238304,-0.18743515014648438,0.07641373574733734,-0.012135518714785576,-0.26750117540359497,0.047174401581287384,-0.08660665899515152,0.005990559235215187,0.14276720583438873,-0.9859417080879211,-0.1487991362810135,0.00825525727123022,0.24224071204662323,-0.9587023854255676,0.17934519052505493,0.0054517448879778385,-0.3993346095085144,0.899075984954834,-9.8359375,42.50390625,21.509765625,42.52734375,-6.033203125,-36.12890625
954,0.08254685997962952,-0.10519297420978546,0.09781881421804428,0.04830215498805046,-0.18748226761817932,0.07647358626127243,-0.011953216977417469,-0.267618328332901,0.047279924154281616,-0.08685947954654694,0.006087169982492924,0.1428563892841339,-0.9859059453010559,-0.14870914816856384,0.00829730462282896,0.24185138940811157,-0.9588142037391663,0.1789812445640564,0.0054626744240522385,-0.3989277482032776,0.8993289470672607,-9.8359375,42.50390625,21.509765625,42.439453125,-5.9453125,-36.041015625
955,0.0826123058795929,-0.10514876991510391,0.09785301983356476,0.04841135814785957,-0.18752485513687134,0.07654115557670593,-0.011746597476303577,-0.2677128314971924,0.047391120344400406,-0.08589920401573181,0.0059369890950620174,0.14176416397094727,-0.9861485958099365,-0.14850106835365295,0.008335803635418415,0.24151228368282318,-0.958931565284729,0.17829696834087372,0.005573188420385122,-0.3982858955860138,0.8997486233711243,-9.8359375,42.50390625,21.421875,42.439453125,-5.9453125,-36.12890625
956,0.0826602578163147,-0.10515301674604416,0.09788301587104797,0.04852491244673729,-0.18757249414920807,0.07660627365112305,-0.011585754342377186,-0.26782017946243286,0.04748982936143875,-0.0857539102435112,0.005969994235783815,0.14143876731395721,-0.9862077832221985,-0.14835187792778015,0.008299336768686771,0.2412136197090149,-0.9590301513671875,0.1783621609210968,0.005420204717665911,-0.39805179834365845,0.899840235710144,-9.8359375,42.50390625,21.509765625,42.439453125,-6.033203125,-36.041015625
957,0.08270912617444992,-0.10515408217906952,0.09790364652872086,0.048632316291332245,-0.1876060664653778,0.07666362076997757,-0.011446117423474789,-0.2679387629032135,0.047577403485774994,-0.08546001464128494,0.005866903346031904,0.14103330671787262,-0.9862920045852661,-0.14803752303123474,0.008176001720130444,0.24087969958782196,-0.9591637849807739,0.1786181479692459,0.005339198280125856,-0.39804351329803467,0.8997935652732849,-9.8359375,42.416015625,21.421875,42.3515625,-5.9453125,-36.041015625
958,0.0827401801943779,-0.10518160462379456,0.09792055189609528,0.04873257502913475,-0.18765319883823395,0.07673227787017822,-0.011294065974652767,-0.26803579926490784,0.04767138883471489,-0.0854744017124176,0.005967290140688419,0.14097976684570312,-0.9862977266311646,-0.14763319492340088,0.008164693601429462,0.24038073420524597,-0.9593513011932373,0.17845933139324188,0.005340337287634611,-0.3975355327129364,0.9000495672225952,-9.8359375,42.240234375,21.333984375,42.17578125,-5.9453125,-35.953125
959,0.08276660740375519,-0.10519629716873169,0.09794770926237106,0.04881727695465088,-0.1877029836177826,0.0768006443977356,-0.011155369691550732,-0.26813140511512756,0.0477764792740345,-0.08535934239625931,0.0059254891239106655,0.14072667062282562,-0.9863440990447998,-0.1473512351512909,0.008121006190776825,0.2399129420518875,-0.9595121145248413,0.1779312640428543,0.005411399994045496,-0.3968903720378876,0.9004383683204651,-9.8359375,42.240234375,21.24609375,42.17578125,-5.9453125,-35.953125
960,0.08277855813503265,-0.10519348084926605,0.09797438979148865,0.048867419362068176,-0.18774162232875824,0.07687092572450638,-0.011063029058277607,-0.2682547867298126,0.047859881073236465,-0.08485269546508789,0.005825433414429426,0.14029860496520996,-0.9864494204521179,-0.1470106989145279,0.008122301660478115,0.23948420584201813,-0.9596714377403259,0.17775858938694,0.005368298850953579,-0.39618074893951416,0.9007852673530579,-9.748046875,42.064453125,21.24609375,42.0,-5.9453125,-35.865234375
961,0.08276264369487762,-0.10519683361053467,0.09798905998468399,0.0488748736679554,-0.18777236342430115,0.07692646980285645,-0.010976552031934261,-0.2684080898761749,0.04794110730290413,-0.08462395519018173,0.0058760023675858974,0.14010396599769592,-0.9864964485168457,-0.14679312705993652,0.008163725025951862,0.23915809392929077,-0.9597856402397156,0.17765678465366364,0.005339506547898054,-0.39568498730659485,0.9010233879089355,-9.748046875,42.064453125,21.24609375,42.0,-5.9453125,-35.77734375
962,0.08274621516466141,-0.10520234704017639,0.09800317883491516,0.0488898791372776,-0.18780264258384705,0.07697902619838715,-0.01086751651018858,-0.2685585916042328,0.048028524965047836,-0.08437398821115494,0.005874765571206808,0.1400221437215805,-0.9865294694900513,-0.14640283584594727,0.0082356296479702,0.23879316449165344,-0.9599356055259705,0.1772557497024536,0.005319917108863592,-0.39505720138549805,0.90137779712677,-9.748046875,41.9765625,21.158203125,41.912109375,-5.9453125,-35.689453125
963,0.08274983614683151,-0.10521852970123291,0.09800969064235687,0.048936326056718826,-0.18784049153327942,0.07703390717506409,-0.010750950314104557,-0.26871001720428467,0.0481174997985363,-0.08438941091299057,0.005871065892279148,0.13996155560016632,-0.9865368008613586,-0.14611905813217163,0.00813561026006937,0.23844103515148163,-0.9600671529769897,0.17713332176208496,0.0055211796425282955,-0.3943345546722412,0.9017171263694763,-9.748046875,41.80078125,21.158203125,41.82421875,-5.857421875,-35.6015625
964,0.08276011794805527,-0.10523264855146408,0.09802309423685074,0.048995211720466614,-0.18788395822048187,0.0770876556634903,-0.010618624277412891,-0.26886069774627686,0.048205964267253876,-0.08429673314094543,0.0058691794984042645,0.13989496231079102,-0.9865541458129883,-0.14583896100521088,0.008052258752286434,0.23800049722194672,-0.9602197408676147,0.17712192237377167,0.005570560228079557,-0.3939341604709625,0.9018939733505249,-9.748046875,41.80078125,21.158203125,41.82421875,-5.857421875,-35.6015625
965,0.0827990248799324,-0.10523773729801178,0.09805314987897873,0.04909325763583183,-0.18793730437755585,0.07716108858585358,-0.010430959053337574,-0.2689768671989441,0.04832181707024574,-0.08407019823789597,0.005830136127769947,0.13955630362033844,-0.986621618270874,-0.14566023647785187,0.008026725612580776,0.2375943660736084,-0.9603477120399475,0.17657743394374847,0.005460431799292564,-0.3930385410785675,0.9023920893669128,-9.66015625,41.712890625,21.0703125,41.6484375,-5.857421875,-35.513671875
966,0.08284419029951096,-0.10523583739995956,0.09807678312063217,0.04920836165547371,-0.18799887597560883,0.07723040878772736,-0.010266341269016266,-0.2691102921962738,0.04844263941049576,-0.08360569179058075,0.00575021980330348,0.13903282582759857,-0.9867355227470398,-0.1451992243528366,0.007879733107984066,0.23713548481464386,-0.9605320692062378,0.17641352117061615,0.005270559806376696,-0.3925551474094391,0.9026355743408203,-9.66015625,41.712890625,21.0703125,41.6484375,-5.857421875,-35.42578125
967,0.08288984000682831,-0.1052476093173027,0.09810324758291245,0.04931254684925079,-0.18805034458637238,0.07730003446340561,-0.010092752985656261,-0.2692590057849884,0.048543691635131836,-0.08342953026294708,0.005689135752618313,0.13871939480304718,-0.9867948889732361,-0.14481155574321747,0.0077699110843241215,0.23675303161144257,-0.9606859087944031,0.1764243245124817,0.005257403012365103,-0.3920641243457794,0.9028469324111938,-9.66015625,41.625,21.0703125,41.560546875,-5.857421875,-35.42578125
968,0.082933209836483,-0.10524946451187134,0.09812302887439728,0.04942014440894127,-0.1881033033132553,0.07736417651176453,-0.009921245276927948,-0.26941442489624023,0.04864012077450752,-0.08310269564390182,0.005570907611399889,0.13830699026584625,-0.9868810772895813,-0.14450757205486298,0.007688137236982584,0.23641367256641388,-0.9608158469200134,0.17637759447097778,0.004965844098478556,-0.39159727096557617,0.9030603766441345,-9.66015625,41.537109375,20.89453125,41.47265625,-5.857421875,-35.337890625
969,0.08297573029994965,-0.1052631288766861,0.09814582765102386,0.04952388256788254,-0.18815143406391144,0.07742461562156677,-0.009736314415931702,-0.26956233382225037,0.04871872812509537,-0.08292244374752045,0.005536756012588739,0.13798487186431885,-0.9869414567947388,-0.14420878887176514,0.007806496229022741,0.23609083890914917,-0.9609391689300537,0.17575615644454956,0.004821945913136005,-0.3908182382583618,0.9035195708274841,-9.66015625,41.537109375,20.982421875,41.47265625,-5.857421875,-35.337890625
970,0.0830083116889,-0.10526753216981888,0.09815149754285812,0.04960770532488823,-0.18818983435630798,0.0774533599615097,-0.009537476114928722,-0.26970627903938293,0.04881364852190018,-0.08279440551996231,0.00557278748601675,0.1376301795244217,-0.9870015382766724,-0.14406929910182953,0.007781741209328175,0.23578156530857086,-0.9610361456871033,0.17509451508522034,0.004990039858967066,-0.3898591101169586,0.9040613770484924,-9.572265625,41.44921875,20.89453125,41.384765625,-5.857421875,-35.25
971,0.08302594721317291,-0.10528931021690369,0.0981498584151268,0.0496935099363327,-0.1882299780845642,0.07747620344161987,-0.009352696128189564,-0.26987844705581665,0.048890963196754456,-0.08298951387405396,0.005578757729381323,0.13756507635116577,-0.9869941473007202,-0.14393873512744904,0.007733562495559454,0.2353854924440384,-0.9611532688140869,0.17470744252204895,0.0050115748308598995,-0.38926488161087036,0.9043921828269958,-9.572265625,41.44921875,20.89453125,41.384765625,-5.857421875,-35.25
972,0.08305706828832626,-0.10528790950775146,0.09816572070121765,0.049781251698732376,-0.18827423453330994,0.07751916348934174,-0.009165370836853981,-0.27004116773605347,0.04897572100162506,-0.08264834433794022,0.005577215924859047,0.137218177318573,-0.98707115650177,-0.14371471107006073,0.007799121085554361,0.2350209355354309,-0.9612753987312317,0.174402117729187,0.005017211195081472,-0.38865211606025696,0.9047145843505859,-9.572265625,41.361328125,20.89453125,41.296875,-5.857421875,-35.162109375
973,0.08309269696474075,-0.10529842972755432,0.09819231182336807,0.049888305366039276,-0.18832404911518097,0.07759249955415726,-0.00898317713290453,-0.27020323276519775,0.04906923696398735,-0.08246804773807526,0.005612468812614679,0.13693232834339142,-0.9871256351470947,-0.14345254004001617,0.007814495824277401,0.2346772402524948,-0.9613984227180481,0.1747000813484192,0.004614229314029217,-0.38820862770080566,0.9048495292663574,-9.572265625,41.2734375,20.806640625,41.208984375,-5.857421875,-35.07421875
974,0.08314935117959976,-0.10529820621013641,0.09822743386030197,0.05001913756132126,-0.18837805092334747,0.07768165320158005,-0.008736594580113888,-0.27030566334724426,0.04919731616973877,-0.08205055445432663,0.005613579414784908,0.13643518090248108,-0.9872292876243591,-0.14301516115665436,0.007695249281823635,0.23432260751724243,-0.9615510106086731,0.1738501340150833,0.004834294784814119,-0.3870646059513092,0.9055019021034241,-9.66015625,41.2734375,20.806640625,41.208984375,-5.76953125,-35.07421875
975,0.08319731056690216,-0.10530129075050354,0.09826526045799255,0.05013997107744217,-0.18843302130699158,0.0777706727385521,-0.008529572747647762,-0.27043676376342773,0.049317773431539536,-0.081545889377594,0.005580868571996689,0.13600216805934906,-0.9873310923576355,-0.1425876021385193,0.007582010235637426,0.23390041291713715,-0.9617182612419128,0.1734955757856369,0.004921390675008297,-0.38653916120529175,0.9057939052581787,-9.572265625,41.185546875,20.806640625,41.12109375,-5.76953125,-34.986328125
976,0.08323099464178085,-0.1053333654999733,0.0982922688126564,0.050254546105861664,-0.188486710190773,0.07785503566265106,-0.00832825805991888,-0.2705810070037842,0.049435343593358994,-0.0816764160990715,0.005690122023224831,0.13595877587795258,-0.9873256683349609,-0.1421363651752472,0.00758039765059948,0.23348021507263184,-0.9618871212005615,0.17339524626731873,0.004924858454614878,-0.3861215114593506,0.9059911966323853,-9.572265625,41.185546875,20.71875,41.12109375,-5.857421875,-34.986328125
977,0.08328049629926682,-0.10532605648040771,0.0983242392539978,0.05036935210227966,-0.18854154646396637,0.07793372869491577,-0.008151330053806305,-0.27073174715042114,0.049544788897037506,-0.08108330518007278,0.005635469686239958,0.13530302047729492,-0.9874649047851562,-0.14175385236740112,0.00761809479445219,0.23292197287082672,-0.9620786309242249,0.17353226244449615,0.004590183962136507,-0.38553425669670105,0.9062167406082153,-9.572265625,41.09765625,20.71875,41.033203125,-5.76953125,-34.8984375
978,0.08331111073493958,-0.10534623265266418,0.0983467698097229,0.05046655982732773,-0.18858271837234497,0.07799842208623886,-0.00796749908477068,-0.2708737850189209,0.04964032024145126,-0.08111140877008438,0.005671875085681677,0.13517726957798004,-0.987479567527771,-0.14133399724960327,0.0076379915699362755,0.23245050013065338,-0.9622542262077332,0.17349658906459808,0.004473578650504351,-0.38485825061798096,0.9065114855766296,-9.484375,41.009765625,20.630859375,40.94532775878906,-5.76953125,-34.810546875
979,0.08333921432495117,-0.10534058511257172,0.09836030751466751,0.05055200681090355,-0.18862801790237427,0.07804183661937714,-0.007801824249327183,-0.2710264027118683,0.0497342087328434,-0.08069083094596863,0.00556965870782733,0.1345730423927307,-0.9875971078872681,-0.1411684900522232,0.0076585994102060795,0.23198267817497253,-0.962391197681427,0.17326131463050842,0.004376922734081745,-0.3843250870704651,0.9067831039428711,-9.484375,41.009765625,20.71875,40.94532775878906,-5.857421875,-34.810546875
980,0.08338767290115356,-0.10531148314476013,0.09837014973163605,0.0506410077214241,-0.18867963552474976,0.0780847817659378,-0.007620565127581358,-0.2711562216281891,0.049827173352241516,-0.07955890893936157,0.005249861627817154,0.13345810770988464,-0.9878419637680054,-0.14125066995620728,0.007687286473810673,0.23163928091526031,-0.9624616503715515,0.17258760333061218,0.004516419023275375,-0.38362833857536316,0.9072058200836182,-9.484375,40.921875,20.630859375,40.76954650878906,-5.76953125,-34.72265625
981,0.08342469483613968,-0.10531448572874069,0.09838464856147766,0.05073342099785805,-0.1887219250202179,0.07813354581594467,-0.007450482342392206,-0.2712891101837158,0.0499209426343441,-0.07933294028043747,0.005232909694314003,0.13305270671844482,-0.9879149198532104,-0.14108096063137054,0.007680768612772226,0.23131780326366425,-0.9625639319419861,0.17226743698120117,0.0045892177149653435,-0.38315337896347046,0.9074671268463135,-9.484375,40.921875,20.630859375,40.76954650878906,-5.76953125,-34.72265625
982,0.0834481418132782,-0.10535243153572083,0.09840122610330582,0.050823409110307693,-0.1887630969285965,0.07818603515625,-0.007286679930984974,-0.271427720785141,0.050018422305583954,-0.07964229583740234,0.005367927253246307,0.13316583633422852,-0.9878740906715393,-0.14086847007274628,0.007704002782702446,0.23100200295448303,-0.9626706838607788,0.17222534120082855,0.004351036623120308,-0.3826729953289032,0.9076788425445557,-9.484375,40.921875,20.630859375,40.76954650878906,-5.76953125,-34.72265625
983,0.08348456770181656,-0.10534124076366425,0.09842868894338608,0.050919122993946075,-0.1888016015291214,0.07825931906700134,-0.007102453149855137,-0.2715439796447754,0.05011196807026863,-0.0791243314743042,0.00541695486754179,0.13255088031291962,-0.9879981279373169,-0.14044345915317535,0.0077638584189116955,0.23057116568088531,-0.9628356099128723,0.17182786762714386,0.004281735047698021,-0.3817176818847656,0.90815669298172,-9.484375,40.921875,20.630859375,40.76954650878906,-5.76953125,-34.72265625
984,0.08352269977331161,-0.1053427904844284,0.0984569638967514,0.05101489648222923,-0.18884408473968506,0.0783274695277214,-0.006947072222828865,-0.2716747522354126,0.050208721309900284,-0.0787561908364296,0.00531878974288702,0.13209925591945648,-0.9880885481834412,-0.1401245892047882,0.007697351276874542,0.23015059530735016,-0.9629831910133362,0.17166288197040558,0.00425118999555707,-0.3814504146575928,0.9083003401756287,-9.484375,40.921875,20.630859375,40.76954650878906,-5.76953125,-34.72265625
985,0.0835539773106575,-0.10534986108541489,0.09847957640886307,0.05110587552189827,-0.18888914585113525,0.07838809490203857,-0.00679613184183836,-0.2718025743961334,0.05030081793665886,-0.07854495197534561,0.005304898135364056,0.13173316419124603,-0.9881543517112732,-0.13985422253608704,0.007731758523732424,0.22976797819137573,-0.9631136059761047,0.17147241532802582,0.004023734480142593,-0.3811849355697632,0.9084486961364746,-9.484375,40.921875,20.630859375,40.76954650878906,-5.76953125,-34.72265625
986,0.08358383923768997,-0.10535342991352081,0.0984979122877121,0.05119390785694122,-0.18892568349838257,0.07844114303588867,-0.00662997318431735,-0.2719112038612366,0.05040670186281204,-0.0783214271068573,0.005332502070814371,0.1313810795545578,-0.9882188439369202,-0.13953740894794464,0.007756487932056189,0.2293485701084137,-0.9632592797279358,0.17104236781597137,0.0041384766809642315,-0.3807949125766754,0.9086928367614746,-9.396484375,40.658203125,20.54296875,40.59376525878906,-5.76953125,-34.546875
987,0.08361902832984924,-0.10535510629415512,0.0985218957066536,0.05128602311015129,-0.18895354866981506,0.07849355787038803,-0.006454413291066885,-0.2720213830471039,0.05050158500671387,-0.07813729345798492,0.005289385560899973,0.13110433518886566,-0.9882704019546509,-0.13929787278175354,0.007766416762024164,0.2289891391992569,-0.963379442691803,0.17080268263816833,0.0042846472933888435,-0.3804226219654083,0.9088932275772095,-9.396484375,40.658203125,20.54296875,40.59376525878906,-5.76953125,-34.546875
988,0.08365695178508759,-0.10537455230951309,0.0985412523150444,0.05137988552451134,-0.18898358941078186,0.07854530215263367,-0.006277583073824644,-0.27211135625839233,0.05059000477194786,-0.07823581993579865,0.005306074861437082,0.13105271756649017,-0.9882692694664001,-0.13893049955368042,0.007683237083256245,0.2286316156387329,-0.963517963886261,0.17058217525482178,0.004420825280249119,-0.37989386916160583,0.909155011177063,-9.396484375,40.658203125,20.54296875,40.59376525878906,-5.76953125,-34.546875
989,0.08370466530323029,-0.10537730157375336,0.09856700897216797,0.05147404223680496,-0.18901832401752472,0.07860340178012848,-0.006134215276688337,-0.2722068428993225,0.05066804215312004,-0.07797782868146896,0.005277449265122414,0.130743145942688,-0.9883309006690979,-0.13870738446712494,0.0076972199603915215,0.22833119332790375,-0.9636212587356567,0.170596182346344,0.004489799961447716,-0.37970784306526184,0.9092298150062561,-9.396484375,40.658203125,20.54296875,40.59376525878906,-5.76953125,-34.546875
990,0.08374078571796417,-0.10538225620985031,0.09859225898981094,0.051571596413850784,-0.18904832005500793,0.07866591960191727,-0.006009782198816538,-0.27228081226348877,0.050756338983774185,-0.0777234360575676,0.005275672301650047,0.13032478094100952,-0.988406240940094,-0.13809455931186676,0.007589030545204878,0.22797206044197083,-0.9637951254844666,0.17036038637161255,0.004427690524607897,-0.37947946786880493,0.9093695878982544,-9.396484375,40.658203125,20.54296875,40.59376525878906,-5.76953125,-34.546875
991,0.08377333730459213,-0.10537203401327133,0.09861491620540619,0.051639072597026825,-0.18907521665096283,0.07871199399232864,-0.005897974595427513,-0.27236518263816833,0.05083504691720009,-0.07733282446861267,0.005237500183284283,0.12998643517494202,-0.9884815216064453,-0.137934148311615,0.007556314114481211,0.22781985998153687,-0.9638543128967285,0.17038987576961517,0.004198948387056589,-0.3793892562389374,0.9094029068946838,-9.396484375,40.5703125,20.455078125,40.50587463378906,-5.76953125,-34.458984375
992,0.08378482609987259,-0.10539203882217407,0.09862421452999115,0.05169282853603363,-0.18909648060798645,0.07874646782875061,-0.005796607583761215,-0.27243635058403015,0.05090552568435669,-0.07752616703510284,0.00526274461299181,0.1299939751625061,-0.9884652495384216,-0.13776418566703796,0.0075676110573112965,0.22758366167545319,-0.9639343023300171,0.1702120155096054,0.004182120319455862,-0.3791770040988922,0.90952467918396,-9.396484375,40.5703125,20.455078125,40.50587463378906,-5.76953125,-34.37109375
993,0.08380208909511566,-0.10540207475423813,0.09863483905792236,0.051740724593400955,-0.18911737203598022,0.07877963036298752,-0.005701443646103144,-0.2724894881248474,0.05097217112779617,-0.07758828997612,0.005238751880824566,0.1299154907464981,-0.9884709119796753,-0.1376490294933319,0.007499690633267164,0.22740232944488525,-0.9639941453933716,0.16976922750473022,0.004345842637121677,-0.37885886430740356,0.9097393155097961,-9.396484375,40.482421875,20.455078125,40.50587463378906,-5.76953125,-34.37109375
994,0.08382424712181091,-0.10539241880178452,0.09864728897809982,0.0517873615026474,-0.1891341358423233,0.07881397008895874,-0.005633002612739801,-0.27253788709640503,0.05103254318237305,-0.07724562287330627,0.005162186920642853,0.12951314449310303,-0.9885509610176086,-0.1375337690114975,0.007490313611924648,0.22722360491752625,-0.9640527963638306,0.16964058578014374,0.004395475145429373,-0.3786940276622772,0.9098317623138428,-9.396484375,40.482421875,20.455078125,40.41798400878906,-5.681640625,-34.37109375
995,0.08384700119495392,-0.10539315640926361,0.0986628457903862,0.0518413707613945,-0.1891600787639618,0.07885511964559555,-0.0055908621288836,-0.27257445454597473,0.051076143980026245,-0.07692529261112213,0.00516582140699029,0.12922900915145874,-0.9886130690574646,-0.13726919889450073,0.007407775614410639,0.227011576294899,-0.9641411900520325,0.1695060133934021,0.00438540056347847,-0.3784453272819519,0.9099602699279785,-9.396484375,40.482421875,20.3671875,40.41798400878906,-5.681640625,-34.283203125
996,0.08386240899562836,-0.1053992360830307,0.09867960959672928,0.0518687441945076,-0.18918055295944214,0.07888233661651611,-0.005559997167438269,-0.2726157009601593,0.05111775919795036,-0.07681494206190109,0.005139277316629887,0.12904854118824005,-0.9886453151702881,-0.13718917965888977,0.007446081377565861,0.2268545925617218,-0.9641891717910767,0.1692899912595749,0.004300667438656092,-0.3780456781387329,0.9101670384407043,-9.396484375,40.39453125,20.3671875,40.330078125,-5.76953125,-34.283203125
997,0.08384420722723007,-0.10545259714126587,0.0986727923154831,0.0518835224211216,-0.18919777870178223,0.07889283448457718,-0.0055535114370286465,-0.2726692259311676,0.051144786179065704,-0.07755625247955322,0.005266270600259304,0.12961864471435547,-0.9885121583938599,-0.13710862398147583,0.0073690530844032764,0.22671033442020416,-0.9642351865768433,0.16909657418727875,0.004298436921089888,-0.3775971233844757,0.9103891849517822,-9.30859375,40.21875,20.279296875,40.2421875,-5.681640625,-34.1953125
998,0.08383488655090332,-0.10542718321084976,0.09867510199546814,0.05186380818486214,-0.1892080008983612,0.07889289408922195,-0.005572236143052578,-0.27275609970092773,0.05114510655403137,-0.07696007192134857,0.005156105384230614,0.12907898426055908,-0.9886299967765808,-0.13699379563331604,0.00736248167231679,0.22651706635951996,-0.9642969965934753,0.16938737034797668,0.0041779084131121635,-0.3772347867488861,0.9104858636856079,-9.30859375,40.21875,20.279296875,40.154296875,-5.681640625,-34.1953125
999,0.08379831165075302,-0.10543347150087357,0.09867709130048752,0.05182363837957382,-0.1892501562833786,0.07888774573802948,-0.005551107693463564,-0.272826224565506,0.05117149278521538,-0.07700195908546448,0.005271011497825384,0.12896285951137543,-0.9886412620544434,-0.13768914341926575,0.007484323810786009,0.22630244493484497,-0.9642473459243774,0.16873732209205627,0.004315943922847509,-0.3763520121574402,0.9109711050987244,-9.30859375,40.04296875,20.19140625,40.06640625,-5.681640625,-34.107421875
1000,0.08377249538898468,-0.10542776435613632,0.09866850823163986,0.05180277302861214,-0.18926985561847687,0.0788881927728653,-0.0055440678261220455,-0.2729382812976837,0.05117855966091156,-0.0766812413930893,0.005234866868704557,0.12868478894233704,-0.988702654838562,-0.13731373846530914,0.007507976144552231,0.2258806675672531,-0.9643995761871338,0.16896770894527435,0.003990324679762125,-0.3759194314479828,0.9111084938049316,-9.30859375,39.955078125,20.19140625,39.978515625,-5.681640625,-34.01953125
